ISO-10303-21;
HEADER;
FILE_DESCRIPTION(('KiCad electronic assembly'),'2;1');
FILE_NAME('Hydra_Encoder.step','2026-05-24T18:01:15',('Pcbnew'),('Kicad'
    ),'Open CASCADE STEP processor 7.9','KiCad to STEP converter',
  'Unknown');
FILE_SCHEMA(('AUTOMOTIVE_DESIGN { 1 0 10303 214 1 1 1 1 }'));
ENDSEC;
DATA;
#1 = APPLICATION_PROTOCOL_DEFINITION('international standard',
  'automotive_design',2000,#2);
#2 = APPLICATION_CONTEXT(
  'core data for automotive mechanical design processes');
#3 = SHAPE_DEFINITION_REPRESENTATION(#4,#10);
#4 = PRODUCT_DEFINITION_SHAPE('','',#5);
#5 = PRODUCT_DEFINITION('design','',#6,#9);
#6 = PRODUCT_DEFINITION_FORMATION('','',#7);
#7 = PRODUCT('Hydra_Encoder 1','Hydra_Encoder 1','',(#8));
#8 = PRODUCT_CONTEXT('',#2,'mechanical');
#9 = PRODUCT_DEFINITION_CONTEXT('part definition',#2,'design');
#10 = SHAPE_REPRESENTATION('',(#11,#15,#19,#23,#27,#31,#35,#39,#43,#47,
    #51),#55);
#11 = AXIS2_PLACEMENT_3D('',#12,#13,#14);
#12 = CARTESIAN_POINT('',(0.,0.,0.));
#13 = DIRECTION('',(0.,0.,1.));
#14 = DIRECTION('',(1.,0.,-0.));
#15 = AXIS2_PLACEMENT_3D('',#16,#17,#18);
#16 = CARTESIAN_POINT('',(0.,0.,1.595));
#17 = DIRECTION('',(0.,0.,1.));
#18 = DIRECTION('',(1.,0.,0.));
#19 = AXIS2_PLACEMENT_3D('',#20,#21,#22);
#20 = CARTESIAN_POINT('',(2.7125,12.,1.595));
#21 = DIRECTION('',(0.,0.,1.));
#22 = DIRECTION('',(1.,0.,0.));
#23 = AXIS2_PLACEMENT_3D('',#24,#25,#26);
#24 = CARTESIAN_POINT('',(0.,-12.,1.595));
#25 = DIRECTION('',(0.,0.,1.));
#26 = DIRECTION('',(1.,0.,0.));
#27 = AXIS2_PLACEMENT_3D('',#28,#29,#30);
#28 = CARTESIAN_POINT('',(5.5,-4.5,1.595));
#29 = DIRECTION('',(0.,0.,1.));
#30 = DIRECTION('',(-1.,1.224646799147E-16,0.));
#31 = AXIS2_PLACEMENT_3D('',#32,#33,#34);
#32 = CARTESIAN_POINT('',(-5.75,2.,1.595));
#33 = DIRECTION('',(0.,0.,1.));
#34 = DIRECTION('',(-1.,1.224646799147E-16,0.));
#35 = AXIS2_PLACEMENT_3D('',#36,#37,#38);
#36 = CARTESIAN_POINT('',(0.,12.,1.595));
#37 = DIRECTION('',(0.,0.,1.));
#38 = DIRECTION('',(-1.,1.224646799147E-16,0.));
#39 = AXIS2_PLACEMENT_3D('',#40,#41,#42);
#40 = CARTESIAN_POINT('',(5.,2.,1.595));
#41 = DIRECTION('',(0.,0.,1.));
#42 = DIRECTION('',(-1.,1.224646799147E-16,0.));
#43 = AXIS2_PLACEMENT_3D('',#44,#45,#46);
#44 = CARTESIAN_POINT('',(3.25,-4.5,1.595));
#45 = DIRECTION('',(0.,0.,1.));
#46 = DIRECTION('',(1.,0.,0.));
#47 = AXIS2_PLACEMENT_3D('',#48,#49,#50);
#48 = CARTESIAN_POINT('',(-5.,0.25,1.595));
#49 = DIRECTION('',(0.,0.,1.));
#50 = DIRECTION('',(-1.,1.224646799147E-16,0.));
#51 = AXIS2_PLACEMENT_3D('',#52,#53,#54);
#52 = CARTESIAN_POINT('',(0.,0.,0.));
#53 = DIRECTION('',(0.,0.,1.));
#54 = DIRECTION('',(1.,0.,-0.));
#55 = ( GEOMETRIC_REPRESENTATION_CONTEXT(3) 
GLOBAL_UNCERTAINTY_ASSIGNED_CONTEXT((#59)) GLOBAL_UNIT_ASSIGNED_CONTEXT(
(#56,#57,#58)) REPRESENTATION_CONTEXT('Context #1',
  '3D Context with UNIT and UNCERTAINTY') );
#56 = ( LENGTH_UNIT() NAMED_UNIT(*) SI_UNIT(.MILLI.,.METRE.) );
#57 = ( NAMED_UNIT(*) PLANE_ANGLE_UNIT() SI_UNIT($,.RADIAN.) );
#58 = ( NAMED_UNIT(*) SI_UNIT($,.STERADIAN.) SOLID_ANGLE_UNIT() );
#59 = UNCERTAINTY_MEASURE_WITH_UNIT(LENGTH_MEASURE(1.E-07),#56,
  'distance_accuracy_value','confusion accuracy');
#60 = PRODUCT_RELATED_PRODUCT_CATEGORY('part',$,(#7));
#61 = SHAPE_DEFINITION_REPRESENTATION(#62,#68);
#62 = PRODUCT_DEFINITION_SHAPE('','',#63);
#63 = PRODUCT_DEFINITION('design','',#64,#67);
#64 = PRODUCT_DEFINITION_FORMATION('','',#65);
#65 = PRODUCT('SOIC-8_3.9x4.9mm_P1.27mm','SOIC-8_3.9x4.9mm_P1.27mm','',(
    #66));
#66 = PRODUCT_CONTEXT('',#2,'mechanical');
#67 = PRODUCT_DEFINITION_CONTEXT('part definition',#2,'design');
#68 = ADVANCED_BREP_SHAPE_REPRESENTATION('',(#11,#69),#4537);
#69 = MANIFOLD_SOLID_BREP('',#70);
#70 = CLOSED_SHELL('',(#71,#109,#172,#195,#224,#247,#334,#421,#444,#467,
    #484,#507,#595,#611,#641,#672,#703,#734,#765,#796,#827,#858,#875,
    #892,#923,#954,#985,#1016,#1047,#1078,#1109,#1139,#1162,#1185,#1202,
    #1247,#1333,#1356,#1379,#1402,#1489,#1527,#1576,#1668,#1693,#1777,
    #1799,#1891,#1916,#2000,#2022,#2114,#2139,#2223,#2240,#2325,#2350,
    #2427,#2512,#2537,#2614,#2631,#2723,#2748,#2832,#2854,#2946,#2971,
    #3055,#3077,#3169,#3194,#3278,#3295,#3314,#3333,#3352,#3398,#3414,
    #3433,#3452,#3471,#3487,#3504,#3516,#3533,#3550,#3567,#3584,#3601,
    #3618,#3635,#3647,#3664,#3681,#3698,#3715,#3732,#3749,#3766,#3778,
    #3795,#3812,#3829,#3846,#3863,#3880,#3897,#3909,#3926,#3943,#3960,
    #3977,#3994,#4011,#4023,#4040,#4057,#4074,#4091,#4108,#4125,#4137,
    #4154,#4171,#4188,#4205,#4222,#4239,#4256,#4268,#4285,#4302,#4319,
    #4336,#4353,#4370,#4387,#4399,#4416,#4433,#4450,#4467,#4484,#4501,
    #4518,#4530));
#71 = ADVANCED_FACE('',(#72),#104,.F.);
#72 = FACE_BOUND('',#73,.F.);
#73 = EDGE_LOOP('',(#74,#84,#91,#99));
#74 = ORIENTED_EDGE('',*,*,#75,.T.);
#75 = EDGE_CURVE('',#76,#78,#80,.T.);
#76 = VERTEX_POINT('',#77);
#77 = CARTESIAN_POINT('',(-1.717585640382,2.335171280765,0.1));
#78 = VERTEX_POINT('',#79);
#79 = CARTESIAN_POINT('',(1.717585640382,2.335171280765,0.1));
#80 = LINE('',#81,#82);
#81 = CARTESIAN_POINT('',(-1.717585640382,2.335171280765,0.1));
#82 = VECTOR('',#83,1.);
#83 = DIRECTION('',(1.,1.110223024625E-16,0.));
#84 = ORIENTED_EDGE('',*,*,#85,.T.);
#85 = EDGE_CURVE('',#78,#86,#88,.T.);
#86 = VERTEX_POINT('',#87);
#87 = CARTESIAN_POINT('',(1.775,2.45,0.825));
#88 = B_SPLINE_CURVE_WITH_KNOTS('',1,(#89,#90),.UNSPECIFIED.,.F.,.F.,(2,
    2),(0.,1.),.PIECEWISE_BEZIER_KNOTS.);
#89 = CARTESIAN_POINT('',(1.717585640382,2.335171280765,0.1));
#90 = CARTESIAN_POINT('',(1.775,2.45,0.825));
#91 = ORIENTED_EDGE('',*,*,#92,.F.);
#92 = EDGE_CURVE('',#93,#86,#95,.T.);
#93 = VERTEX_POINT('',#94);
#94 = CARTESIAN_POINT('',(-1.775,2.45,0.825));
#95 = LINE('',#96,#97);
#96 = CARTESIAN_POINT('',(-1.775,2.45,0.825));
#97 = VECTOR('',#98,1.);
#98 = DIRECTION('',(1.,1.110223024625E-16,0.));
#99 = ORIENTED_EDGE('',*,*,#100,.F.);
#100 = EDGE_CURVE('',#76,#93,#101,.T.);
#101 = B_SPLINE_CURVE_WITH_KNOTS('',1,(#102,#103),.UNSPECIFIED.,.F.,.F.,
  (2,2),(0.,1.),.PIECEWISE_BEZIER_KNOTS.);
#102 = CARTESIAN_POINT('',(-1.717585640382,2.335171280765,0.1));
#103 = CARTESIAN_POINT('',(-1.775,2.45,0.825));
#104 = B_SPLINE_SURFACE_WITH_KNOTS('',1,1,(
    (#105,#106)
    ,(#107,#108
    )),.UNSPECIFIED.,.F.,.F.,.F.,(2,2),(2,2),(0.,3.55),(0.,1.),
  .PIECEWISE_BEZIER_KNOTS.);
#105 = CARTESIAN_POINT('',(-1.717585640382,2.335171280765,0.1));
#106 = CARTESIAN_POINT('',(-1.775,2.45,0.825));
#107 = CARTESIAN_POINT('',(1.717585640382,2.335171280765,0.1));
#108 = CARTESIAN_POINT('',(1.775,2.45,0.825));
#109 = ADVANCED_FACE('',(#110),#167,.F.);
#110 = FACE_BOUND('',#111,.T.);
#111 = EDGE_LOOP('',(#112,#113,#121,#129,#137,#145,#153,#161));
#112 = ORIENTED_EDGE('',*,*,#75,.T.);
#113 = ORIENTED_EDGE('',*,*,#114,.T.);
#114 = EDGE_CURVE('',#78,#115,#117,.T.);
#115 = VERTEX_POINT('',#116);
#116 = CARTESIAN_POINT('',(1.835171280765,2.217585640382,0.1));
#117 = LINE('',#118,#119);
#118 = CARTESIAN_POINT('',(1.717585640382,2.335171280765,0.1));
#119 = VECTOR('',#120,1.);
#120 = DIRECTION('',(0.707106781187,-0.707106781187,0.));
#121 = ORIENTED_EDGE('',*,*,#122,.T.);
#122 = EDGE_CURVE('',#115,#123,#125,.T.);
#123 = VERTEX_POINT('',#124);
#124 = CARTESIAN_POINT('',(1.835171280765,-2.217585640382,0.1));
#125 = LINE('',#126,#127);
#126 = CARTESIAN_POINT('',(1.835171280765,2.217585640382,0.1));
#127 = VECTOR('',#128,1.);
#128 = DIRECTION('',(1.110223024625E-16,-1.,0.));
#129 = ORIENTED_EDGE('',*,*,#130,.T.);
#130 = EDGE_CURVE('',#123,#131,#133,.T.);
#131 = VERTEX_POINT('',#132);
#132 = CARTESIAN_POINT('',(1.717585640382,-2.335171280765,0.1));
#133 = LINE('',#134,#135);
#134 = CARTESIAN_POINT('',(1.835171280765,-2.217585640382,0.1));
#135 = VECTOR('',#136,1.);
#136 = DIRECTION('',(-0.707106781187,-0.707106781187,0.));
#137 = ORIENTED_EDGE('',*,*,#138,.T.);
#138 = EDGE_CURVE('',#131,#139,#141,.T.);
#139 = VERTEX_POINT('',#140);
#140 = CARTESIAN_POINT('',(-1.717585640382,-2.335171280765,0.1));
#141 = LINE('',#142,#143);
#142 = CARTESIAN_POINT('',(1.717585640382,-2.335171280765,0.1));
#143 = VECTOR('',#144,1.);
#144 = DIRECTION('',(-1.,-1.110223024625E-16,0.));
#145 = ORIENTED_EDGE('',*,*,#146,.T.);
#146 = EDGE_CURVE('',#139,#147,#149,.T.);
#147 = VERTEX_POINT('',#148);
#148 = CARTESIAN_POINT('',(-1.835171280765,-2.217585640382,0.1));
#149 = LINE('',#150,#151);
#150 = CARTESIAN_POINT('',(-1.717585640382,-2.335171280765,0.1));
#151 = VECTOR('',#152,1.);
#152 = DIRECTION('',(-0.707106781187,0.707106781187,0.));
#153 = ORIENTED_EDGE('',*,*,#154,.T.);
#154 = EDGE_CURVE('',#147,#155,#157,.T.);
#155 = VERTEX_POINT('',#156);
#156 = CARTESIAN_POINT('',(-1.835171280765,2.217585640382,0.1));
#157 = LINE('',#158,#159);
#158 = CARTESIAN_POINT('',(-1.835171280765,-2.217585640382,0.1));
#159 = VECTOR('',#160,1.);
#160 = DIRECTION('',(-1.110223024625E-16,1.,0.));
#161 = ORIENTED_EDGE('',*,*,#162,.T.);
#162 = EDGE_CURVE('',#155,#76,#163,.T.);
#163 = LINE('',#164,#165);
#164 = CARTESIAN_POINT('',(-1.835171280765,2.217585640382,0.1));
#165 = VECTOR('',#166,1.);
#166 = DIRECTION('',(0.707106781187,0.707106781187,0.));
#167 = PLANE('',#168);
#168 = AXIS2_PLACEMENT_3D('',#169,#170,#171);
#169 = CARTESIAN_POINT('',(-1.717585640382,2.335171280765,0.1));
#170 = DIRECTION('',(0.,0.,1.));
#171 = DIRECTION('',(0.592513131498,-0.805560791625,0.));
#172 = ADVANCED_FACE('',(#173),#190,.F.);
#173 = FACE_BOUND('',#174,.F.);
#174 = EDGE_LOOP('',(#175,#176,#183,#189));
#175 = ORIENTED_EDGE('',*,*,#114,.T.);
#176 = ORIENTED_EDGE('',*,*,#177,.T.);
#177 = EDGE_CURVE('',#115,#178,#180,.T.);
#178 = VERTEX_POINT('',#179);
#179 = CARTESIAN_POINT('',(1.95,2.275,0.825));
#180 = B_SPLINE_CURVE_WITH_KNOTS('',1,(#181,#182),.UNSPECIFIED.,.F.,.F.,
  (2,2),(0.,1.),.PIECEWISE_BEZIER_KNOTS.);
#181 = CARTESIAN_POINT('',(1.835171280765,2.217585640382,0.1));
#182 = CARTESIAN_POINT('',(1.95,2.275,0.825));
#183 = ORIENTED_EDGE('',*,*,#184,.F.);
#184 = EDGE_CURVE('',#86,#178,#185,.T.);
#185 = LINE('',#186,#187);
#186 = CARTESIAN_POINT('',(1.775,2.45,0.825));
#187 = VECTOR('',#188,1.);
#188 = DIRECTION('',(0.707106781187,-0.707106781187,0.));
#189 = ORIENTED_EDGE('',*,*,#85,.F.);
#190 = B_SPLINE_SURFACE_WITH_KNOTS('',1,1,(
    (#191,#192)
    ,(#193,#194
    )),.UNSPECIFIED.,.F.,.F.,.F.,(2,2),(2,2),(0.,0.247487373415),(0.,1.)
  ,.PIECEWISE_BEZIER_KNOTS.);
#191 = CARTESIAN_POINT('',(1.717585640382,2.335171280765,0.1));
#192 = CARTESIAN_POINT('',(1.775,2.45,0.825));
#193 = CARTESIAN_POINT('',(1.835171280765,2.217585640382,0.1));
#194 = CARTESIAN_POINT('',(1.95,2.275,0.825));
#195 = ADVANCED_FACE('',(#196),#219,.F.);
#196 = FACE_BOUND('',#197,.F.);
#197 = EDGE_LOOP('',(#198,#199,#206,#214));
#198 = ORIENTED_EDGE('',*,*,#92,.T.);
#199 = ORIENTED_EDGE('',*,*,#200,.T.);
#200 = EDGE_CURVE('',#86,#201,#203,.T.);
#201 = VERTEX_POINT('',#202);
#202 = CARTESIAN_POINT('',(1.775,2.45,1.025));
#203 = B_SPLINE_CURVE_WITH_KNOTS('',1,(#204,#205),.UNSPECIFIED.,.F.,.F.,
  (2,2),(0.,1.),.PIECEWISE_BEZIER_KNOTS.);
#204 = CARTESIAN_POINT('',(1.775,2.45,0.825));
#205 = CARTESIAN_POINT('',(1.775,2.45,1.025));
#206 = ORIENTED_EDGE('',*,*,#207,.F.);
#207 = EDGE_CURVE('',#208,#201,#210,.T.);
#208 = VERTEX_POINT('',#209);
#209 = CARTESIAN_POINT('',(-1.775,2.45,1.025));
#210 = LINE('',#211,#212);
#211 = CARTESIAN_POINT('',(-1.775,2.45,1.025));
#212 = VECTOR('',#213,1.);
#213 = DIRECTION('',(1.,1.110223024625E-16,0.));
#214 = ORIENTED_EDGE('',*,*,#215,.F.);
#215 = EDGE_CURVE('',#93,#208,#216,.T.);
#216 = B_SPLINE_CURVE_WITH_KNOTS('',1,(#217,#218),.UNSPECIFIED.,.F.,.F.,
  (2,2),(0.,1.),.PIECEWISE_BEZIER_KNOTS.);
#217 = CARTESIAN_POINT('',(-1.775,2.45,0.825));
#218 = CARTESIAN_POINT('',(-1.775,2.45,1.025));
#219 = PLANE('',#220);
#220 = AXIS2_PLACEMENT_3D('',#221,#222,#223);
#221 = CARTESIAN_POINT('',(-1.775,2.45,1.025));
#222 = DIRECTION('',(1.110223024625E-16,-1.,0.));
#223 = DIRECTION('',(1.,1.110223024625E-16,0.));
#224 = ADVANCED_FACE('',(#225),#242,.F.);
#225 = FACE_BOUND('',#226,.F.);
#226 = EDGE_LOOP('',(#227,#228,#229,#237));
#227 = ORIENTED_EDGE('',*,*,#162,.T.);
#228 = ORIENTED_EDGE('',*,*,#100,.T.);
#229 = ORIENTED_EDGE('',*,*,#230,.F.);
#230 = EDGE_CURVE('',#231,#93,#233,.T.);
#231 = VERTEX_POINT('',#232);
#232 = CARTESIAN_POINT('',(-1.95,2.275,0.825));
#233 = LINE('',#234,#235);
#234 = CARTESIAN_POINT('',(-1.95,2.275,0.825));
#235 = VECTOR('',#236,1.);
#236 = DIRECTION('',(0.707106781187,0.707106781187,0.));
#237 = ORIENTED_EDGE('',*,*,#238,.F.);
#238 = EDGE_CURVE('',#155,#231,#239,.T.);
#239 = B_SPLINE_CURVE_WITH_KNOTS('',1,(#240,#241),.UNSPECIFIED.,.F.,.F.,
  (2,2),(0.,1.),.PIECEWISE_BEZIER_KNOTS.);
#240 = CARTESIAN_POINT('',(-1.835171280765,2.217585640382,0.1));
#241 = CARTESIAN_POINT('',(-1.95,2.275,0.825));
#242 = B_SPLINE_SURFACE_WITH_KNOTS('',1,1,(
    (#243,#244)
    ,(#245,#246
    )),.UNSPECIFIED.,.F.,.F.,.F.,(2,2),(2,2),(0.,0.247487373415),(0.,1.)
  ,.PIECEWISE_BEZIER_KNOTS.);
#243 = CARTESIAN_POINT('',(-1.835171280765,2.217585640382,0.1));
#244 = CARTESIAN_POINT('',(-1.95,2.275,0.825));
#245 = CARTESIAN_POINT('',(-1.717585640382,2.335171280765,0.1));
#246 = CARTESIAN_POINT('',(-1.775,2.45,0.825));
#247 = ADVANCED_FACE('',(#248),#329,.F.);
#248 = FACE_BOUND('',#249,.F.);
#249 = EDGE_LOOP('',(#250,#251,#252,#260,#268,#276,#284,#292,#300,#308,
    #316,#324));
#250 = ORIENTED_EDGE('',*,*,#154,.T.);
#251 = ORIENTED_EDGE('',*,*,#238,.T.);
#252 = ORIENTED_EDGE('',*,*,#253,.F.);
#253 = EDGE_CURVE('',#254,#231,#256,.T.);
#254 = VERTEX_POINT('',#255);
#255 = CARTESIAN_POINT('',(-1.95,2.11,0.825));
#256 = LINE('',#257,#258);
#257 = CARTESIAN_POINT('',(-1.95,-2.275,0.825));
#258 = VECTOR('',#259,1.);
#259 = DIRECTION('',(-1.110223024625E-16,1.,0.));
#260 = ORIENTED_EDGE('',*,*,#261,.F.);
#261 = EDGE_CURVE('',#262,#254,#264,.T.);
#262 = VERTEX_POINT('',#263);
#263 = CARTESIAN_POINT('',(-1.95,1.7,0.825));
#264 = LINE('',#265,#266);
#265 = CARTESIAN_POINT('',(-1.95,-2.275,0.825));
#266 = VECTOR('',#267,1.);
#267 = DIRECTION('',(-1.110223024625E-16,1.,0.));
#268 = ORIENTED_EDGE('',*,*,#269,.F.);
#269 = EDGE_CURVE('',#270,#262,#272,.T.);
#270 = VERTEX_POINT('',#271);
#271 = CARTESIAN_POINT('',(-1.95,0.84,0.825));
#272 = LINE('',#273,#274);
#273 = CARTESIAN_POINT('',(-1.95,-2.275,0.825));
#274 = VECTOR('',#275,1.);
#275 = DIRECTION('',(-1.110223024625E-16,1.,0.));
#276 = ORIENTED_EDGE('',*,*,#277,.F.);
#277 = EDGE_CURVE('',#278,#270,#280,.T.);
#278 = VERTEX_POINT('',#279);
#279 = CARTESIAN_POINT('',(-1.95,0.43,0.825));
#280 = LINE('',#281,#282);
#281 = CARTESIAN_POINT('',(-1.95,-2.275,0.825));
#282 = VECTOR('',#283,1.);
#283 = DIRECTION('',(-1.110223024625E-16,1.,0.));
#284 = ORIENTED_EDGE('',*,*,#285,.F.);
#285 = EDGE_CURVE('',#286,#278,#288,.T.);
#286 = VERTEX_POINT('',#287);
#287 = CARTESIAN_POINT('',(-1.95,-0.43,0.825));
#288 = LINE('',#289,#290);
#289 = CARTESIAN_POINT('',(-1.95,-2.275,0.825));
#290 = VECTOR('',#291,1.);
#291 = DIRECTION('',(-1.110223024625E-16,1.,0.));
#292 = ORIENTED_EDGE('',*,*,#293,.F.);
#293 = EDGE_CURVE('',#294,#286,#296,.T.);
#294 = VERTEX_POINT('',#295);
#295 = CARTESIAN_POINT('',(-1.95,-0.84,0.825));
#296 = LINE('',#297,#298);
#297 = CARTESIAN_POINT('',(-1.95,-2.275,0.825));
#298 = VECTOR('',#299,1.);
#299 = DIRECTION('',(-1.110223024625E-16,1.,0.));
#300 = ORIENTED_EDGE('',*,*,#301,.F.);
#301 = EDGE_CURVE('',#302,#294,#304,.T.);
#302 = VERTEX_POINT('',#303);
#303 = CARTESIAN_POINT('',(-1.95,-1.7,0.825));
#304 = LINE('',#305,#306);
#305 = CARTESIAN_POINT('',(-1.95,-2.275,0.825));
#306 = VECTOR('',#307,1.);
#307 = DIRECTION('',(-1.110223024625E-16,1.,0.));
#308 = ORIENTED_EDGE('',*,*,#309,.F.);
#309 = EDGE_CURVE('',#310,#302,#312,.T.);
#310 = VERTEX_POINT('',#311);
#311 = CARTESIAN_POINT('',(-1.95,-2.11,0.825));
#312 = LINE('',#313,#314);
#313 = CARTESIAN_POINT('',(-1.95,-2.275,0.825));
#314 = VECTOR('',#315,1.);
#315 = DIRECTION('',(-1.110223024625E-16,1.,0.));
#316 = ORIENTED_EDGE('',*,*,#317,.F.);
#317 = EDGE_CURVE('',#318,#310,#320,.T.);
#318 = VERTEX_POINT('',#319);
#319 = CARTESIAN_POINT('',(-1.95,-2.275,0.825));
#320 = LINE('',#321,#322);
#321 = CARTESIAN_POINT('',(-1.95,-2.275,0.825));
#322 = VECTOR('',#323,1.);
#323 = DIRECTION('',(-1.110223024625E-16,1.,0.));
#324 = ORIENTED_EDGE('',*,*,#325,.F.);
#325 = EDGE_CURVE('',#147,#318,#326,.T.);
#326 = B_SPLINE_CURVE_WITH_KNOTS('',1,(#327,#328),.UNSPECIFIED.,.F.,.F.,
  (2,2),(0.,1.),.PIECEWISE_BEZIER_KNOTS.);
#327 = CARTESIAN_POINT('',(-1.835171280765,-2.217585640382,0.1));
#328 = CARTESIAN_POINT('',(-1.95,-2.275,0.825));
#329 = B_SPLINE_SURFACE_WITH_KNOTS('',1,1,(
    (#330,#331)
    ,(#332,#333
    )),.UNSPECIFIED.,.F.,.F.,.F.,(2,2),(2,2),(0.,4.55),(0.,1.),
  .PIECEWISE_BEZIER_KNOTS.);
#330 = CARTESIAN_POINT('',(-1.835171280765,-2.217585640382,0.1));
#331 = CARTESIAN_POINT('',(-1.95,-2.275,0.825));
#332 = CARTESIAN_POINT('',(-1.835171280765,2.217585640382,0.1));
#333 = CARTESIAN_POINT('',(-1.95,2.275,0.825));
#334 = ADVANCED_FACE('',(#335),#416,.F.);
#335 = FACE_BOUND('',#336,.F.);
#336 = EDGE_LOOP('',(#337,#338,#345,#353,#361,#369,#377,#385,#393,#401,
    #409,#415));
#337 = ORIENTED_EDGE('',*,*,#122,.T.);
#338 = ORIENTED_EDGE('',*,*,#339,.T.);
#339 = EDGE_CURVE('',#123,#340,#342,.T.);
#340 = VERTEX_POINT('',#341);
#341 = CARTESIAN_POINT('',(1.95,-2.275,0.825));
#342 = B_SPLINE_CURVE_WITH_KNOTS('',1,(#343,#344),.UNSPECIFIED.,.F.,.F.,
  (2,2),(0.,1.),.PIECEWISE_BEZIER_KNOTS.);
#343 = CARTESIAN_POINT('',(1.835171280765,-2.217585640382,0.1));
#344 = CARTESIAN_POINT('',(1.95,-2.275,0.825));
#345 = ORIENTED_EDGE('',*,*,#346,.F.);
#346 = EDGE_CURVE('',#347,#340,#349,.T.);
#347 = VERTEX_POINT('',#348);
#348 = CARTESIAN_POINT('',(1.95,-2.11,0.825));
#349 = LINE('',#350,#351);
#350 = CARTESIAN_POINT('',(1.95,2.275,0.825));
#351 = VECTOR('',#352,1.);
#352 = DIRECTION('',(1.110223024625E-16,-1.,0.));
#353 = ORIENTED_EDGE('',*,*,#354,.F.);
#354 = EDGE_CURVE('',#355,#347,#357,.T.);
#355 = VERTEX_POINT('',#356);
#356 = CARTESIAN_POINT('',(1.95,-1.7,0.825));
#357 = LINE('',#358,#359);
#358 = CARTESIAN_POINT('',(1.95,2.275,0.825));
#359 = VECTOR('',#360,1.);
#360 = DIRECTION('',(1.110223024625E-16,-1.,0.));
#361 = ORIENTED_EDGE('',*,*,#362,.F.);
#362 = EDGE_CURVE('',#363,#355,#365,.T.);
#363 = VERTEX_POINT('',#364);
#364 = CARTESIAN_POINT('',(1.95,-0.84,0.825));
#365 = LINE('',#366,#367);
#366 = CARTESIAN_POINT('',(1.95,2.275,0.825));
#367 = VECTOR('',#368,1.);
#368 = DIRECTION('',(1.110223024625E-16,-1.,0.));
#369 = ORIENTED_EDGE('',*,*,#370,.F.);
#370 = EDGE_CURVE('',#371,#363,#373,.T.);
#371 = VERTEX_POINT('',#372);
#372 = CARTESIAN_POINT('',(1.95,-0.43,0.825));
#373 = LINE('',#374,#375);
#374 = CARTESIAN_POINT('',(1.95,2.275,0.825));
#375 = VECTOR('',#376,1.);
#376 = DIRECTION('',(1.110223024625E-16,-1.,0.));
#377 = ORIENTED_EDGE('',*,*,#378,.F.);
#378 = EDGE_CURVE('',#379,#371,#381,.T.);
#379 = VERTEX_POINT('',#380);
#380 = CARTESIAN_POINT('',(1.95,0.43,0.825));
#381 = LINE('',#382,#383);
#382 = CARTESIAN_POINT('',(1.95,2.275,0.825));
#383 = VECTOR('',#384,1.);
#384 = DIRECTION('',(1.110223024625E-16,-1.,0.));
#385 = ORIENTED_EDGE('',*,*,#386,.F.);
#386 = EDGE_CURVE('',#387,#379,#389,.T.);
#387 = VERTEX_POINT('',#388);
#388 = CARTESIAN_POINT('',(1.95,0.84,0.825));
#389 = LINE('',#390,#391);
#390 = CARTESIAN_POINT('',(1.95,2.275,0.825));
#391 = VECTOR('',#392,1.);
#392 = DIRECTION('',(1.110223024625E-16,-1.,0.));
#393 = ORIENTED_EDGE('',*,*,#394,.F.);
#394 = EDGE_CURVE('',#395,#387,#397,.T.);
#395 = VERTEX_POINT('',#396);
#396 = CARTESIAN_POINT('',(1.95,1.7,0.825));
#397 = LINE('',#398,#399);
#398 = CARTESIAN_POINT('',(1.95,2.275,0.825));
#399 = VECTOR('',#400,1.);
#400 = DIRECTION('',(1.110223024625E-16,-1.,0.));
#401 = ORIENTED_EDGE('',*,*,#402,.F.);
#402 = EDGE_CURVE('',#403,#395,#405,.T.);
#403 = VERTEX_POINT('',#404);
#404 = CARTESIAN_POINT('',(1.95,2.11,0.825));
#405 = LINE('',#406,#407);
#406 = CARTESIAN_POINT('',(1.95,2.275,0.825));
#407 = VECTOR('',#408,1.);
#408 = DIRECTION('',(1.110223024625E-16,-1.,0.));
#409 = ORIENTED_EDGE('',*,*,#410,.F.);
#410 = EDGE_CURVE('',#178,#403,#411,.T.);
#411 = LINE('',#412,#413);
#412 = CARTESIAN_POINT('',(1.95,2.275,0.825));
#413 = VECTOR('',#414,1.);
#414 = DIRECTION('',(1.110223024625E-16,-1.,0.));
#415 = ORIENTED_EDGE('',*,*,#177,.F.);
#416 = B_SPLINE_SURFACE_WITH_KNOTS('',1,1,(
    (#417,#418)
    ,(#419,#420
    )),.UNSPECIFIED.,.F.,.F.,.F.,(2,2),(2,2),(0.,4.55),(0.,1.),
  .PIECEWISE_BEZIER_KNOTS.);
#417 = CARTESIAN_POINT('',(1.835171280765,2.217585640382,0.1));
#418 = CARTESIAN_POINT('',(1.95,2.275,0.825));
#419 = CARTESIAN_POINT('',(1.835171280765,-2.217585640382,0.1));
#420 = CARTESIAN_POINT('',(1.95,-2.275,0.825));
#421 = ADVANCED_FACE('',(#422),#439,.F.);
#422 = FACE_BOUND('',#423,.F.);
#423 = EDGE_LOOP('',(#424,#425,#426,#434));
#424 = ORIENTED_EDGE('',*,*,#146,.T.);
#425 = ORIENTED_EDGE('',*,*,#325,.T.);
#426 = ORIENTED_EDGE('',*,*,#427,.F.);
#427 = EDGE_CURVE('',#428,#318,#430,.T.);
#428 = VERTEX_POINT('',#429);
#429 = CARTESIAN_POINT('',(-1.775,-2.45,0.825));
#430 = LINE('',#431,#432);
#431 = CARTESIAN_POINT('',(-1.775,-2.45,0.825));
#432 = VECTOR('',#433,1.);
#433 = DIRECTION('',(-0.707106781187,0.707106781187,0.));
#434 = ORIENTED_EDGE('',*,*,#435,.F.);
#435 = EDGE_CURVE('',#139,#428,#436,.T.);
#436 = B_SPLINE_CURVE_WITH_KNOTS('',1,(#437,#438),.UNSPECIFIED.,.F.,.F.,
  (2,2),(0.,1.),.PIECEWISE_BEZIER_KNOTS.);
#437 = CARTESIAN_POINT('',(-1.717585640382,-2.335171280765,0.1));
#438 = CARTESIAN_POINT('',(-1.775,-2.45,0.825));
#439 = B_SPLINE_SURFACE_WITH_KNOTS('',1,1,(
    (#440,#441)
    ,(#442,#443
    )),.UNSPECIFIED.,.F.,.F.,.F.,(2,2),(2,2),(0.,0.247487373415),(0.,1.)
  ,.PIECEWISE_BEZIER_KNOTS.);
#440 = CARTESIAN_POINT('',(-1.717585640382,-2.335171280765,0.1));
#441 = CARTESIAN_POINT('',(-1.775,-2.45,0.825));
#442 = CARTESIAN_POINT('',(-1.835171280765,-2.217585640382,0.1));
#443 = CARTESIAN_POINT('',(-1.95,-2.275,0.825));
#444 = ADVANCED_FACE('',(#445),#462,.F.);
#445 = FACE_BOUND('',#446,.F.);
#446 = EDGE_LOOP('',(#447,#448,#455,#461));
#447 = ORIENTED_EDGE('',*,*,#130,.T.);
#448 = ORIENTED_EDGE('',*,*,#449,.T.);
#449 = EDGE_CURVE('',#131,#450,#452,.T.);
#450 = VERTEX_POINT('',#451);
#451 = CARTESIAN_POINT('',(1.775,-2.45,0.825));
#452 = B_SPLINE_CURVE_WITH_KNOTS('',1,(#453,#454),.UNSPECIFIED.,.F.,.F.,
  (2,2),(0.,1.),.PIECEWISE_BEZIER_KNOTS.);
#453 = CARTESIAN_POINT('',(1.717585640382,-2.335171280765,0.1));
#454 = CARTESIAN_POINT('',(1.775,-2.45,0.825));
#455 = ORIENTED_EDGE('',*,*,#456,.F.);
#456 = EDGE_CURVE('',#340,#450,#457,.T.);
#457 = LINE('',#458,#459);
#458 = CARTESIAN_POINT('',(1.95,-2.275,0.825));
#459 = VECTOR('',#460,1.);
#460 = DIRECTION('',(-0.707106781187,-0.707106781187,0.));
#461 = ORIENTED_EDGE('',*,*,#339,.F.);
#462 = B_SPLINE_SURFACE_WITH_KNOTS('',1,1,(
    (#463,#464)
    ,(#465,#466
    )),.UNSPECIFIED.,.F.,.F.,.F.,(2,2),(2,2),(0.,0.247487373415),(0.,1.)
  ,.PIECEWISE_BEZIER_KNOTS.);
#463 = CARTESIAN_POINT('',(1.835171280765,-2.217585640382,0.1));
#464 = CARTESIAN_POINT('',(1.95,-2.275,0.825));
#465 = CARTESIAN_POINT('',(1.717585640382,-2.335171280765,0.1));
#466 = CARTESIAN_POINT('',(1.775,-2.45,0.825));
#467 = ADVANCED_FACE('',(#468),#479,.F.);
#468 = FACE_BOUND('',#469,.F.);
#469 = EDGE_LOOP('',(#470,#471,#472,#478));
#470 = ORIENTED_EDGE('',*,*,#138,.T.);
#471 = ORIENTED_EDGE('',*,*,#435,.T.);
#472 = ORIENTED_EDGE('',*,*,#473,.F.);
#473 = EDGE_CURVE('',#450,#428,#474,.T.);
#474 = LINE('',#475,#476);
#475 = CARTESIAN_POINT('',(1.775,-2.45,0.825));
#476 = VECTOR('',#477,1.);
#477 = DIRECTION('',(-1.,-1.110223024625E-16,0.));
#478 = ORIENTED_EDGE('',*,*,#449,.F.);
#479 = B_SPLINE_SURFACE_WITH_KNOTS('',1,1,(
    (#480,#481)
    ,(#482,#483
    )),.UNSPECIFIED.,.F.,.F.,.F.,(2,2),(2,2),(0.,3.55),(0.,1.),
  .PIECEWISE_BEZIER_KNOTS.);
#480 = CARTESIAN_POINT('',(1.717585640382,-2.335171280765,0.1));
#481 = CARTESIAN_POINT('',(1.775,-2.45,0.825));
#482 = CARTESIAN_POINT('',(-1.717585640382,-2.335171280765,0.1));
#483 = CARTESIAN_POINT('',(-1.775,-2.45,0.825));
#484 = ADVANCED_FACE('',(#485),#502,.F.);
#485 = FACE_BOUND('',#486,.F.);
#486 = EDGE_LOOP('',(#487,#488,#495,#501));
#487 = ORIENTED_EDGE('',*,*,#184,.T.);
#488 = ORIENTED_EDGE('',*,*,#489,.T.);
#489 = EDGE_CURVE('',#178,#490,#492,.T.);
#490 = VERTEX_POINT('',#491);
#491 = CARTESIAN_POINT('',(1.95,2.275,1.025));
#492 = B_SPLINE_CURVE_WITH_KNOTS('',1,(#493,#494),.UNSPECIFIED.,.F.,.F.,
  (2,2),(0.,1.),.PIECEWISE_BEZIER_KNOTS.);
#493 = CARTESIAN_POINT('',(1.95,2.275,0.825));
#494 = CARTESIAN_POINT('',(1.95,2.275,1.025));
#495 = ORIENTED_EDGE('',*,*,#496,.F.);
#496 = EDGE_CURVE('',#201,#490,#497,.T.);
#497 = LINE('',#498,#499);
#498 = CARTESIAN_POINT('',(1.775,2.45,1.025));
#499 = VECTOR('',#500,1.);
#500 = DIRECTION('',(0.707106781187,-0.707106781187,0.));
#501 = ORIENTED_EDGE('',*,*,#200,.F.);
#502 = PLANE('',#503);
#503 = AXIS2_PLACEMENT_3D('',#504,#505,#506);
#504 = CARTESIAN_POINT('',(1.775,2.45,1.025));
#505 = DIRECTION('',(-0.707106781187,-0.707106781187,0.));
#506 = DIRECTION('',(0.707106781187,-0.707106781187,0.));
#507 = ADVANCED_FACE('',(#508),#590,.F.);
#508 = FACE_BOUND('',#509,.F.);
#509 = EDGE_LOOP('',(#510,#518,#519,#520,#528,#536,#544,#552,#560,#568,
    #576,#584));
#510 = ORIENTED_EDGE('',*,*,#511,.T.);
#511 = EDGE_CURVE('',#512,#208,#514,.T.);
#512 = VERTEX_POINT('',#513);
#513 = CARTESIAN_POINT('',(-1.95,2.275,1.025));
#514 = LINE('',#515,#516);
#515 = CARTESIAN_POINT('',(-1.95,2.275,1.025));
#516 = VECTOR('',#517,1.);
#517 = DIRECTION('',(0.707106781187,0.707106781187,0.));
#518 = ORIENTED_EDGE('',*,*,#207,.T.);
#519 = ORIENTED_EDGE('',*,*,#496,.T.);
#520 = ORIENTED_EDGE('',*,*,#521,.T.);
#521 = EDGE_CURVE('',#490,#522,#524,.T.);
#522 = VERTEX_POINT('',#523);
#523 = CARTESIAN_POINT('',(1.95,2.11,1.025));
#524 = LINE('',#525,#526);
#525 = CARTESIAN_POINT('',(1.95,2.275,1.025));
#526 = VECTOR('',#527,1.);
#527 = DIRECTION('',(1.110223024625E-16,-1.,0.));
#528 = ORIENTED_EDGE('',*,*,#529,.T.);
#529 = EDGE_CURVE('',#522,#530,#532,.T.);
#530 = VERTEX_POINT('',#531);
#531 = CARTESIAN_POINT('',(1.875,2.11,1.025));
#532 = LINE('',#533,#534);
#533 = CARTESIAN_POINT('',(2.25,2.11,1.025));
#534 = VECTOR('',#535,1.);
#535 = DIRECTION('',(-1.,-1.110223024625E-16,0.));
#536 = ORIENTED_EDGE('',*,*,#537,.F.);
#537 = EDGE_CURVE('',#538,#530,#540,.T.);
#538 = VERTEX_POINT('',#539);
#539 = CARTESIAN_POINT('',(1.875,2.2375,1.025));
#540 = LINE('',#541,#542);
#541 = CARTESIAN_POINT('',(1.875,2.2375,1.025));
#542 = VECTOR('',#543,1.);
#543 = DIRECTION('',(1.110223024625E-16,-1.,0.));
#544 = ORIENTED_EDGE('',*,*,#545,.F.);
#545 = EDGE_CURVE('',#546,#538,#548,.T.);
#546 = VERTEX_POINT('',#547);
#547 = CARTESIAN_POINT('',(1.7375,2.375,1.025));
#548 = LINE('',#549,#550);
#549 = CARTESIAN_POINT('',(1.7375,2.375,1.025));
#550 = VECTOR('',#551,1.);
#551 = DIRECTION('',(0.707106781187,-0.707106781187,0.));
#552 = ORIENTED_EDGE('',*,*,#553,.F.);
#553 = EDGE_CURVE('',#554,#546,#556,.T.);
#554 = VERTEX_POINT('',#555);
#555 = CARTESIAN_POINT('',(-1.7375,2.375,1.025));
#556 = LINE('',#557,#558);
#557 = CARTESIAN_POINT('',(-1.7375,2.375,1.025));
#558 = VECTOR('',#559,1.);
#559 = DIRECTION('',(1.,1.110223024625E-16,0.));
#560 = ORIENTED_EDGE('',*,*,#561,.F.);
#561 = EDGE_CURVE('',#562,#554,#564,.T.);
#562 = VERTEX_POINT('',#563);
#563 = CARTESIAN_POINT('',(-1.875,2.2375,1.025));
#564 = LINE('',#565,#566);
#565 = CARTESIAN_POINT('',(-1.875,2.2375,1.025));
#566 = VECTOR('',#567,1.);
#567 = DIRECTION('',(0.707106781187,0.707106781187,0.));
#568 = ORIENTED_EDGE('',*,*,#569,.F.);
#569 = EDGE_CURVE('',#570,#562,#572,.T.);
#570 = VERTEX_POINT('',#571);
#571 = CARTESIAN_POINT('',(-1.875,2.11,1.025));
#572 = LINE('',#573,#574);
#573 = CARTESIAN_POINT('',(-1.875,-2.2375,1.025));
#574 = VECTOR('',#575,1.);
#575 = DIRECTION('',(-1.110223024625E-16,1.,0.));
#576 = ORIENTED_EDGE('',*,*,#577,.F.);
#577 = EDGE_CURVE('',#578,#570,#580,.T.);
#578 = VERTEX_POINT('',#579);
#579 = CARTESIAN_POINT('',(-1.95,2.11,1.025));
#580 = LINE('',#581,#582);
#581 = CARTESIAN_POINT('',(-2.25,2.11,1.025));
#582 = VECTOR('',#583,1.);
#583 = DIRECTION('',(1.,-1.144237745222E-17,0.));
#584 = ORIENTED_EDGE('',*,*,#585,.T.);
#585 = EDGE_CURVE('',#578,#512,#586,.T.);
#586 = LINE('',#587,#588);
#587 = CARTESIAN_POINT('',(-1.95,-2.275,1.025));
#588 = VECTOR('',#589,1.);
#589 = DIRECTION('',(-1.110223024625E-16,1.,0.));
#590 = PLANE('',#591);
#591 = AXIS2_PLACEMENT_3D('',#592,#593,#594);
#592 = CARTESIAN_POINT('',(-3.027078129022E-16,2.4125,1.025));
#593 = DIRECTION('',(2.007919022429E-31,-7.713306628828E-27,-1.));
#594 = DIRECTION('',(1.,1.112083013911E-16,2.00791902242E-31));
#595 = ADVANCED_FACE('',(#596),#606,.F.);
#596 = FACE_BOUND('',#597,.F.);
#597 = EDGE_LOOP('',(#598,#599,#600,#601));
#598 = ORIENTED_EDGE('',*,*,#230,.T.);
#599 = ORIENTED_EDGE('',*,*,#215,.T.);
#600 = ORIENTED_EDGE('',*,*,#511,.F.);
#601 = ORIENTED_EDGE('',*,*,#602,.F.);
#602 = EDGE_CURVE('',#231,#512,#603,.T.);
#603 = B_SPLINE_CURVE_WITH_KNOTS('',1,(#604,#605),.UNSPECIFIED.,.F.,.F.,
  (2,2),(0.,1.),.PIECEWISE_BEZIER_KNOTS.);
#604 = CARTESIAN_POINT('',(-1.95,2.275,0.825));
#605 = CARTESIAN_POINT('',(-1.95,2.275,1.025));
#606 = PLANE('',#607);
#607 = AXIS2_PLACEMENT_3D('',#608,#609,#610);
#608 = CARTESIAN_POINT('',(-1.95,2.275,1.025));
#609 = DIRECTION('',(0.707106781187,-0.707106781187,0.));
#610 = DIRECTION('',(0.707106781187,0.707106781187,0.));
#611 = ADVANCED_FACE('',(#612),#636,.F.);
#612 = FACE_BOUND('',#613,.F.);
#613 = EDGE_LOOP('',(#614,#621,#622,#630));
#614 = ORIENTED_EDGE('',*,*,#615,.F.);
#615 = EDGE_CURVE('',#318,#616,#618,.T.);
#616 = VERTEX_POINT('',#617);
#617 = CARTESIAN_POINT('',(-1.95,-2.275,1.025));
#618 = B_SPLINE_CURVE_WITH_KNOTS('',1,(#619,#620),.UNSPECIFIED.,.F.,.F.,
  (2,2),(0.,1.),.PIECEWISE_BEZIER_KNOTS.);
#619 = CARTESIAN_POINT('',(-1.95,-2.275,0.825));
#620 = CARTESIAN_POINT('',(-1.95,-2.275,1.025));
#621 = ORIENTED_EDGE('',*,*,#317,.T.);
#622 = ORIENTED_EDGE('',*,*,#623,.T.);
#623 = EDGE_CURVE('',#310,#624,#626,.T.);
#624 = VERTEX_POINT('',#625);
#625 = CARTESIAN_POINT('',(-1.95,-2.11,1.025));
#626 = LINE('',#627,#628);
#627 = CARTESIAN_POINT('',(-1.95,-2.11,0.786976568901));
#628 = VECTOR('',#629,1.);
#629 = DIRECTION('',(0.,0.,1.));
#630 = ORIENTED_EDGE('',*,*,#631,.F.);
#631 = EDGE_CURVE('',#616,#624,#632,.T.);
#632 = LINE('',#633,#634);
#633 = CARTESIAN_POINT('',(-1.95,-2.275,1.025));
#634 = VECTOR('',#635,1.);
#635 = DIRECTION('',(-1.110223024625E-16,1.,0.));
#636 = PLANE('',#637);
#637 = AXIS2_PLACEMENT_3D('',#638,#639,#640);
#638 = CARTESIAN_POINT('',(-1.95,-2.275,1.025));
#639 = DIRECTION('',(1.,1.110223024625E-16,0.));
#640 = DIRECTION('',(-1.110223024625E-16,1.,0.));
#641 = ADVANCED_FACE('',(#642),#667,.F.);
#642 = FACE_BOUND('',#643,.F.);
#643 = EDGE_LOOP('',(#644,#652,#653,#661));
#644 = ORIENTED_EDGE('',*,*,#645,.F.);
#645 = EDGE_CURVE('',#310,#646,#648,.T.);
#646 = VERTEX_POINT('',#647);
#647 = CARTESIAN_POINT('',(-2.25,-2.11,0.825));
#648 = LINE('',#649,#650);
#649 = CARTESIAN_POINT('',(-1.8,-2.11,0.825));
#650 = VECTOR('',#651,1.);
#651 = DIRECTION('',(-1.,1.144237745222E-17,0.));
#652 = ORIENTED_EDGE('',*,*,#309,.T.);
#653 = ORIENTED_EDGE('',*,*,#654,.T.);
#654 = EDGE_CURVE('',#302,#655,#657,.T.);
#655 = VERTEX_POINT('',#656);
#656 = CARTESIAN_POINT('',(-2.25,-1.7,0.825));
#657 = LINE('',#658,#659);
#658 = CARTESIAN_POINT('',(-1.8,-1.7,0.825));
#659 = VECTOR('',#660,1.);
#660 = DIRECTION('',(-1.,1.144237745222E-17,0.));
#661 = ORIENTED_EDGE('',*,*,#662,.F.);
#662 = EDGE_CURVE('',#646,#655,#663,.T.);
#663 = LINE('',#664,#665);
#664 = CARTESIAN_POINT('',(-2.25,-2.11,0.825));
#665 = VECTOR('',#666,1.);
#666 = DIRECTION('',(1.144237745222E-17,1.,0.));
#667 = PLANE('',#668);
#668 = AXIS2_PLACEMENT_3D('',#669,#670,#671);
#669 = CARTESIAN_POINT('',(-1.8,-2.11,0.825));
#670 = DIRECTION('',(0.,0.,1.));
#671 = DIRECTION('',(-1.,1.144237745222E-17,0.));
#672 = ADVANCED_FACE('',(#673),#698,.F.);
#673 = FACE_BOUND('',#674,.F.);
#674 = EDGE_LOOP('',(#675,#683,#684,#692));
#675 = ORIENTED_EDGE('',*,*,#676,.F.);
#676 = EDGE_CURVE('',#302,#677,#679,.T.);
#677 = VERTEX_POINT('',#678);
#678 = CARTESIAN_POINT('',(-1.95,-1.7,1.025));
#679 = LINE('',#680,#681);
#680 = CARTESIAN_POINT('',(-1.95,-1.7,0.786976568901));
#681 = VECTOR('',#682,1.);
#682 = DIRECTION('',(0.,0.,1.));
#683 = ORIENTED_EDGE('',*,*,#301,.T.);
#684 = ORIENTED_EDGE('',*,*,#685,.T.);
#685 = EDGE_CURVE('',#294,#686,#688,.T.);
#686 = VERTEX_POINT('',#687);
#687 = CARTESIAN_POINT('',(-1.95,-0.84,1.025));
#688 = LINE('',#689,#690);
#689 = CARTESIAN_POINT('',(-1.95,-0.84,0.786976568901));
#690 = VECTOR('',#691,1.);
#691 = DIRECTION('',(0.,0.,1.));
#692 = ORIENTED_EDGE('',*,*,#693,.F.);
#693 = EDGE_CURVE('',#677,#686,#694,.T.);
#694 = LINE('',#695,#696);
#695 = CARTESIAN_POINT('',(-1.95,-2.275,1.025));
#696 = VECTOR('',#697,1.);
#697 = DIRECTION('',(-1.110223024625E-16,1.,0.));
#698 = PLANE('',#699);
#699 = AXIS2_PLACEMENT_3D('',#700,#701,#702);
#700 = CARTESIAN_POINT('',(-1.95,-2.275,1.025));
#701 = DIRECTION('',(1.,1.110223024625E-16,0.));
#702 = DIRECTION('',(-1.110223024625E-16,1.,0.));
#703 = ADVANCED_FACE('',(#704),#729,.F.);
#704 = FACE_BOUND('',#705,.F.);
#705 = EDGE_LOOP('',(#706,#714,#715,#723));
#706 = ORIENTED_EDGE('',*,*,#707,.F.);
#707 = EDGE_CURVE('',#294,#708,#710,.T.);
#708 = VERTEX_POINT('',#709);
#709 = CARTESIAN_POINT('',(-2.25,-0.84,0.825));
#710 = LINE('',#711,#712);
#711 = CARTESIAN_POINT('',(-1.8,-0.84,0.825));
#712 = VECTOR('',#713,1.);
#713 = DIRECTION('',(-1.,1.144237745222E-17,0.));
#714 = ORIENTED_EDGE('',*,*,#293,.T.);
#715 = ORIENTED_EDGE('',*,*,#716,.T.);
#716 = EDGE_CURVE('',#286,#717,#719,.T.);
#717 = VERTEX_POINT('',#718);
#718 = CARTESIAN_POINT('',(-2.25,-0.43,0.825));
#719 = LINE('',#720,#721);
#720 = CARTESIAN_POINT('',(-1.8,-0.43,0.825));
#721 = VECTOR('',#722,1.);
#722 = DIRECTION('',(-1.,1.144237745222E-17,0.));
#723 = ORIENTED_EDGE('',*,*,#724,.F.);
#724 = EDGE_CURVE('',#708,#717,#725,.T.);
#725 = LINE('',#726,#727);
#726 = CARTESIAN_POINT('',(-2.25,-0.84,0.825));
#727 = VECTOR('',#728,1.);
#728 = DIRECTION('',(1.144237745222E-17,1.,0.));
#729 = PLANE('',#730);
#730 = AXIS2_PLACEMENT_3D('',#731,#732,#733);
#731 = CARTESIAN_POINT('',(-1.8,-0.84,0.825));
#732 = DIRECTION('',(0.,0.,1.));
#733 = DIRECTION('',(-1.,1.144237745222E-17,0.));
#734 = ADVANCED_FACE('',(#735),#760,.F.);
#735 = FACE_BOUND('',#736,.F.);
#736 = EDGE_LOOP('',(#737,#745,#746,#754));
#737 = ORIENTED_EDGE('',*,*,#738,.F.);
#738 = EDGE_CURVE('',#286,#739,#741,.T.);
#739 = VERTEX_POINT('',#740);
#740 = CARTESIAN_POINT('',(-1.95,-0.43,1.025));
#741 = LINE('',#742,#743);
#742 = CARTESIAN_POINT('',(-1.95,-0.43,0.786976568901));
#743 = VECTOR('',#744,1.);
#744 = DIRECTION('',(0.,0.,1.));
#745 = ORIENTED_EDGE('',*,*,#285,.T.);
#746 = ORIENTED_EDGE('',*,*,#747,.T.);
#747 = EDGE_CURVE('',#278,#748,#750,.T.);
#748 = VERTEX_POINT('',#749);
#749 = CARTESIAN_POINT('',(-1.95,0.43,1.025));
#750 = LINE('',#751,#752);
#751 = CARTESIAN_POINT('',(-1.95,0.43,0.786976568901));
#752 = VECTOR('',#753,1.);
#753 = DIRECTION('',(0.,0.,1.));
#754 = ORIENTED_EDGE('',*,*,#755,.F.);
#755 = EDGE_CURVE('',#739,#748,#756,.T.);
#756 = LINE('',#757,#758);
#757 = CARTESIAN_POINT('',(-1.95,-2.275,1.025));
#758 = VECTOR('',#759,1.);
#759 = DIRECTION('',(-1.110223024625E-16,1.,0.));
#760 = PLANE('',#761);
#761 = AXIS2_PLACEMENT_3D('',#762,#763,#764);
#762 = CARTESIAN_POINT('',(-1.95,-2.275,1.025));
#763 = DIRECTION('',(1.,1.110223024625E-16,0.));
#764 = DIRECTION('',(-1.110223024625E-16,1.,0.));
#765 = ADVANCED_FACE('',(#766),#791,.F.);
#766 = FACE_BOUND('',#767,.F.);
#767 = EDGE_LOOP('',(#768,#776,#777,#785));
#768 = ORIENTED_EDGE('',*,*,#769,.F.);
#769 = EDGE_CURVE('',#278,#770,#772,.T.);
#770 = VERTEX_POINT('',#771);
#771 = CARTESIAN_POINT('',(-2.25,0.43,0.825));
#772 = LINE('',#773,#774);
#773 = CARTESIAN_POINT('',(-1.8,0.43,0.825));
#774 = VECTOR('',#775,1.);
#775 = DIRECTION('',(-1.,1.144237745222E-17,0.));
#776 = ORIENTED_EDGE('',*,*,#277,.T.);
#777 = ORIENTED_EDGE('',*,*,#778,.T.);
#778 = EDGE_CURVE('',#270,#779,#781,.T.);
#779 = VERTEX_POINT('',#780);
#780 = CARTESIAN_POINT('',(-2.25,0.84,0.825));
#781 = LINE('',#782,#783);
#782 = CARTESIAN_POINT('',(-1.8,0.84,0.825));
#783 = VECTOR('',#784,1.);
#784 = DIRECTION('',(-1.,1.144237745222E-17,0.));
#785 = ORIENTED_EDGE('',*,*,#786,.F.);
#786 = EDGE_CURVE('',#770,#779,#787,.T.);
#787 = LINE('',#788,#789);
#788 = CARTESIAN_POINT('',(-2.25,0.43,0.825));
#789 = VECTOR('',#790,1.);
#790 = DIRECTION('',(1.144237745222E-17,1.,0.));
#791 = PLANE('',#792);
#792 = AXIS2_PLACEMENT_3D('',#793,#794,#795);
#793 = CARTESIAN_POINT('',(-1.8,0.43,0.825));
#794 = DIRECTION('',(0.,0.,1.));
#795 = DIRECTION('',(-1.,1.144237745222E-17,0.));
#796 = ADVANCED_FACE('',(#797),#822,.F.);
#797 = FACE_BOUND('',#798,.F.);
#798 = EDGE_LOOP('',(#799,#807,#808,#816));
#799 = ORIENTED_EDGE('',*,*,#800,.F.);
#800 = EDGE_CURVE('',#270,#801,#803,.T.);
#801 = VERTEX_POINT('',#802);
#802 = CARTESIAN_POINT('',(-1.95,0.84,1.025));
#803 = LINE('',#804,#805);
#804 = CARTESIAN_POINT('',(-1.95,0.84,0.786976568901));
#805 = VECTOR('',#806,1.);
#806 = DIRECTION('',(0.,0.,1.));
#807 = ORIENTED_EDGE('',*,*,#269,.T.);
#808 = ORIENTED_EDGE('',*,*,#809,.T.);
#809 = EDGE_CURVE('',#262,#810,#812,.T.);
#810 = VERTEX_POINT('',#811);
#811 = CARTESIAN_POINT('',(-1.95,1.7,1.025));
#812 = LINE('',#813,#814);
#813 = CARTESIAN_POINT('',(-1.95,1.7,0.786976568901));
#814 = VECTOR('',#815,1.);
#815 = DIRECTION('',(0.,0.,1.));
#816 = ORIENTED_EDGE('',*,*,#817,.F.);
#817 = EDGE_CURVE('',#801,#810,#818,.T.);
#818 = LINE('',#819,#820);
#819 = CARTESIAN_POINT('',(-1.95,-2.275,1.025));
#820 = VECTOR('',#821,1.);
#821 = DIRECTION('',(-1.110223024625E-16,1.,0.));
#822 = PLANE('',#823);
#823 = AXIS2_PLACEMENT_3D('',#824,#825,#826);
#824 = CARTESIAN_POINT('',(-1.95,-2.275,1.025));
#825 = DIRECTION('',(1.,1.110223024625E-16,0.));
#826 = DIRECTION('',(-1.110223024625E-16,1.,0.));
#827 = ADVANCED_FACE('',(#828),#853,.F.);
#828 = FACE_BOUND('',#829,.F.);
#829 = EDGE_LOOP('',(#830,#838,#839,#847));
#830 = ORIENTED_EDGE('',*,*,#831,.F.);
#831 = EDGE_CURVE('',#262,#832,#834,.T.);
#832 = VERTEX_POINT('',#833);
#833 = CARTESIAN_POINT('',(-2.25,1.7,0.825));
#834 = LINE('',#835,#836);
#835 = CARTESIAN_POINT('',(-1.8,1.7,0.825));
#836 = VECTOR('',#837,1.);
#837 = DIRECTION('',(-1.,1.144237745222E-17,0.));
#838 = ORIENTED_EDGE('',*,*,#261,.T.);
#839 = ORIENTED_EDGE('',*,*,#840,.T.);
#840 = EDGE_CURVE('',#254,#841,#843,.T.);
#841 = VERTEX_POINT('',#842);
#842 = CARTESIAN_POINT('',(-2.25,2.11,0.825));
#843 = LINE('',#844,#845);
#844 = CARTESIAN_POINT('',(-1.8,2.11,0.825));
#845 = VECTOR('',#846,1.);
#846 = DIRECTION('',(-1.,1.144237745222E-17,0.));
#847 = ORIENTED_EDGE('',*,*,#848,.F.);
#848 = EDGE_CURVE('',#832,#841,#849,.T.);
#849 = LINE('',#850,#851);
#850 = CARTESIAN_POINT('',(-2.25,1.7,0.825));
#851 = VECTOR('',#852,1.);
#852 = DIRECTION('',(1.144237745222E-17,1.,0.));
#853 = PLANE('',#854);
#854 = AXIS2_PLACEMENT_3D('',#855,#856,#857);
#855 = CARTESIAN_POINT('',(-1.8,1.7,0.825));
#856 = DIRECTION('',(0.,0.,1.));
#857 = DIRECTION('',(-1.,1.144237745222E-17,0.));
#858 = ADVANCED_FACE('',(#859),#870,.F.);
#859 = FACE_BOUND('',#860,.F.);
#860 = EDGE_LOOP('',(#861,#867,#868,#869));
#861 = ORIENTED_EDGE('',*,*,#862,.F.);
#862 = EDGE_CURVE('',#254,#578,#863,.T.);
#863 = LINE('',#864,#865);
#864 = CARTESIAN_POINT('',(-1.95,2.11,0.786976568901));
#865 = VECTOR('',#866,1.);
#866 = DIRECTION('',(0.,0.,1.));
#867 = ORIENTED_EDGE('',*,*,#253,.T.);
#868 = ORIENTED_EDGE('',*,*,#602,.T.);
#869 = ORIENTED_EDGE('',*,*,#585,.F.);
#870 = PLANE('',#871);
#871 = AXIS2_PLACEMENT_3D('',#872,#873,#874);
#872 = CARTESIAN_POINT('',(-1.95,-2.275,1.025));
#873 = DIRECTION('',(1.,1.110223024625E-16,0.));
#874 = DIRECTION('',(-1.110223024625E-16,1.,0.));
#875 = ADVANCED_FACE('',(#876),#887,.F.);
#876 = FACE_BOUND('',#877,.F.);
#877 = EDGE_LOOP('',(#878,#879,#880,#886));
#878 = ORIENTED_EDGE('',*,*,#489,.F.);
#879 = ORIENTED_EDGE('',*,*,#410,.T.);
#880 = ORIENTED_EDGE('',*,*,#881,.T.);
#881 = EDGE_CURVE('',#403,#522,#882,.T.);
#882 = LINE('',#883,#884);
#883 = CARTESIAN_POINT('',(1.95,2.11,0.786976568901));
#884 = VECTOR('',#885,1.);
#885 = DIRECTION('',(0.,0.,1.));
#886 = ORIENTED_EDGE('',*,*,#521,.F.);
#887 = PLANE('',#888);
#888 = AXIS2_PLACEMENT_3D('',#889,#890,#891);
#889 = CARTESIAN_POINT('',(1.95,2.275,1.025));
#890 = DIRECTION('',(-1.,-1.110223024625E-16,0.));
#891 = DIRECTION('',(1.110223024625E-16,-1.,0.));
#892 = ADVANCED_FACE('',(#893),#918,.F.);
#893 = FACE_BOUND('',#894,.F.);
#894 = EDGE_LOOP('',(#895,#903,#904,#912));
#895 = ORIENTED_EDGE('',*,*,#896,.F.);
#896 = EDGE_CURVE('',#403,#897,#899,.T.);
#897 = VERTEX_POINT('',#898);
#898 = CARTESIAN_POINT('',(2.25,2.11,0.825));
#899 = LINE('',#900,#901);
#900 = CARTESIAN_POINT('',(1.8,2.11,0.825));
#901 = VECTOR('',#902,1.);
#902 = DIRECTION('',(1.,1.110223024625E-16,0.));
#903 = ORIENTED_EDGE('',*,*,#402,.T.);
#904 = ORIENTED_EDGE('',*,*,#905,.T.);
#905 = EDGE_CURVE('',#395,#906,#908,.T.);
#906 = VERTEX_POINT('',#907);
#907 = CARTESIAN_POINT('',(2.25,1.7,0.825));
#908 = LINE('',#909,#910);
#909 = CARTESIAN_POINT('',(1.8,1.7,0.825));
#910 = VECTOR('',#911,1.);
#911 = DIRECTION('',(1.,1.110223024625E-16,0.));
#912 = ORIENTED_EDGE('',*,*,#913,.F.);
#913 = EDGE_CURVE('',#897,#906,#914,.T.);
#914 = LINE('',#915,#916);
#915 = CARTESIAN_POINT('',(2.25,2.11,0.825));
#916 = VECTOR('',#917,1.);
#917 = DIRECTION('',(1.110223024625E-16,-1.,0.));
#918 = PLANE('',#919);
#919 = AXIS2_PLACEMENT_3D('',#920,#921,#922);
#920 = CARTESIAN_POINT('',(1.8,2.11,0.825));
#921 = DIRECTION('',(0.,0.,1.));
#922 = DIRECTION('',(1.,1.110223024625E-16,-0.));
#923 = ADVANCED_FACE('',(#924),#949,.F.);
#924 = FACE_BOUND('',#925,.F.);
#925 = EDGE_LOOP('',(#926,#934,#935,#943));
#926 = ORIENTED_EDGE('',*,*,#927,.F.);
#927 = EDGE_CURVE('',#395,#928,#930,.T.);
#928 = VERTEX_POINT('',#929);
#929 = CARTESIAN_POINT('',(1.95,1.7,1.025));
#930 = LINE('',#931,#932);
#931 = CARTESIAN_POINT('',(1.95,1.7,0.786976568901));
#932 = VECTOR('',#933,1.);
#933 = DIRECTION('',(0.,0.,1.));
#934 = ORIENTED_EDGE('',*,*,#394,.T.);
#935 = ORIENTED_EDGE('',*,*,#936,.T.);
#936 = EDGE_CURVE('',#387,#937,#939,.T.);
#937 = VERTEX_POINT('',#938);
#938 = CARTESIAN_POINT('',(1.95,0.84,1.025));
#939 = LINE('',#940,#941);
#940 = CARTESIAN_POINT('',(1.95,0.84,0.786976568901));
#941 = VECTOR('',#942,1.);
#942 = DIRECTION('',(0.,0.,1.));
#943 = ORIENTED_EDGE('',*,*,#944,.F.);
#944 = EDGE_CURVE('',#928,#937,#945,.T.);
#945 = LINE('',#946,#947);
#946 = CARTESIAN_POINT('',(1.95,2.275,1.025));
#947 = VECTOR('',#948,1.);
#948 = DIRECTION('',(1.110223024625E-16,-1.,0.));
#949 = PLANE('',#950);
#950 = AXIS2_PLACEMENT_3D('',#951,#952,#953);
#951 = CARTESIAN_POINT('',(1.95,2.275,1.025));
#952 = DIRECTION('',(-1.,-1.110223024625E-16,0.));
#953 = DIRECTION('',(1.110223024625E-16,-1.,0.));
#954 = ADVANCED_FACE('',(#955),#980,.F.);
#955 = FACE_BOUND('',#956,.F.);
#956 = EDGE_LOOP('',(#957,#965,#966,#974));
#957 = ORIENTED_EDGE('',*,*,#958,.F.);
#958 = EDGE_CURVE('',#387,#959,#961,.T.);
#959 = VERTEX_POINT('',#960);
#960 = CARTESIAN_POINT('',(2.25,0.84,0.825));
#961 = LINE('',#962,#963);
#962 = CARTESIAN_POINT('',(1.8,0.84,0.825));
#963 = VECTOR('',#964,1.);
#964 = DIRECTION('',(1.,1.110223024625E-16,0.));
#965 = ORIENTED_EDGE('',*,*,#386,.T.);
#966 = ORIENTED_EDGE('',*,*,#967,.T.);
#967 = EDGE_CURVE('',#379,#968,#970,.T.);
#968 = VERTEX_POINT('',#969);
#969 = CARTESIAN_POINT('',(2.25,0.43,0.825));
#970 = LINE('',#971,#972);
#971 = CARTESIAN_POINT('',(1.8,0.43,0.825));
#972 = VECTOR('',#973,1.);
#973 = DIRECTION('',(1.,1.110223024625E-16,0.));
#974 = ORIENTED_EDGE('',*,*,#975,.F.);
#975 = EDGE_CURVE('',#959,#968,#976,.T.);
#976 = LINE('',#977,#978);
#977 = CARTESIAN_POINT('',(2.25,0.84,0.825));
#978 = VECTOR('',#979,1.);
#979 = DIRECTION('',(1.110223024625E-16,-1.,0.));
#980 = PLANE('',#981);
#981 = AXIS2_PLACEMENT_3D('',#982,#983,#984);
#982 = CARTESIAN_POINT('',(1.8,0.84,0.825));
#983 = DIRECTION('',(0.,0.,1.));
#984 = DIRECTION('',(1.,1.110223024625E-16,-0.));
#985 = ADVANCED_FACE('',(#986),#1011,.F.);
#986 = FACE_BOUND('',#987,.F.);
#987 = EDGE_LOOP('',(#988,#996,#997,#1005));
#988 = ORIENTED_EDGE('',*,*,#989,.F.);
#989 = EDGE_CURVE('',#379,#990,#992,.T.);
#990 = VERTEX_POINT('',#991);
#991 = CARTESIAN_POINT('',(1.95,0.43,1.025));
#992 = LINE('',#993,#994);
#993 = CARTESIAN_POINT('',(1.95,0.43,0.786976568901));
#994 = VECTOR('',#995,1.);
#995 = DIRECTION('',(0.,0.,1.));
#996 = ORIENTED_EDGE('',*,*,#378,.T.);
#997 = ORIENTED_EDGE('',*,*,#998,.T.);
#998 = EDGE_CURVE('',#371,#999,#1001,.T.);
#999 = VERTEX_POINT('',#1000);
#1000 = CARTESIAN_POINT('',(1.95,-0.43,1.025));
#1001 = LINE('',#1002,#1003);
#1002 = CARTESIAN_POINT('',(1.95,-0.43,0.786976568901));
#1003 = VECTOR('',#1004,1.);
#1004 = DIRECTION('',(0.,0.,1.));
#1005 = ORIENTED_EDGE('',*,*,#1006,.F.);
#1006 = EDGE_CURVE('',#990,#999,#1007,.T.);
#1007 = LINE('',#1008,#1009);
#1008 = CARTESIAN_POINT('',(1.95,2.275,1.025));
#1009 = VECTOR('',#1010,1.);
#1010 = DIRECTION('',(1.110223024625E-16,-1.,0.));
#1011 = PLANE('',#1012);
#1012 = AXIS2_PLACEMENT_3D('',#1013,#1014,#1015);
#1013 = CARTESIAN_POINT('',(1.95,2.275,1.025));
#1014 = DIRECTION('',(-1.,-1.110223024625E-16,0.));
#1015 = DIRECTION('',(1.110223024625E-16,-1.,0.));
#1016 = ADVANCED_FACE('',(#1017),#1042,.F.);
#1017 = FACE_BOUND('',#1018,.F.);
#1018 = EDGE_LOOP('',(#1019,#1027,#1028,#1036));
#1019 = ORIENTED_EDGE('',*,*,#1020,.F.);
#1020 = EDGE_CURVE('',#371,#1021,#1023,.T.);
#1021 = VERTEX_POINT('',#1022);
#1022 = CARTESIAN_POINT('',(2.25,-0.43,0.825));
#1023 = LINE('',#1024,#1025);
#1024 = CARTESIAN_POINT('',(1.8,-0.43,0.825));
#1025 = VECTOR('',#1026,1.);
#1026 = DIRECTION('',(1.,1.110223024625E-16,0.));
#1027 = ORIENTED_EDGE('',*,*,#370,.T.);
#1028 = ORIENTED_EDGE('',*,*,#1029,.T.);
#1029 = EDGE_CURVE('',#363,#1030,#1032,.T.);
#1030 = VERTEX_POINT('',#1031);
#1031 = CARTESIAN_POINT('',(2.25,-0.84,0.825));
#1032 = LINE('',#1033,#1034);
#1033 = CARTESIAN_POINT('',(1.8,-0.84,0.825));
#1034 = VECTOR('',#1035,1.);
#1035 = DIRECTION('',(1.,1.110223024625E-16,0.));
#1036 = ORIENTED_EDGE('',*,*,#1037,.F.);
#1037 = EDGE_CURVE('',#1021,#1030,#1038,.T.);
#1038 = LINE('',#1039,#1040);
#1039 = CARTESIAN_POINT('',(2.25,-0.43,0.825));
#1040 = VECTOR('',#1041,1.);
#1041 = DIRECTION('',(1.110223024625E-16,-1.,0.));
#1042 = PLANE('',#1043);
#1043 = AXIS2_PLACEMENT_3D('',#1044,#1045,#1046);
#1044 = CARTESIAN_POINT('',(1.8,-0.43,0.825));
#1045 = DIRECTION('',(0.,0.,1.));
#1046 = DIRECTION('',(1.,1.110223024625E-16,-0.));
#1047 = ADVANCED_FACE('',(#1048),#1073,.F.);
#1048 = FACE_BOUND('',#1049,.F.);
#1049 = EDGE_LOOP('',(#1050,#1058,#1059,#1067));
#1050 = ORIENTED_EDGE('',*,*,#1051,.F.);
#1051 = EDGE_CURVE('',#363,#1052,#1054,.T.);
#1052 = VERTEX_POINT('',#1053);
#1053 = CARTESIAN_POINT('',(1.95,-0.84,1.025));
#1054 = LINE('',#1055,#1056);
#1055 = CARTESIAN_POINT('',(1.95,-0.84,0.786976568901));
#1056 = VECTOR('',#1057,1.);
#1057 = DIRECTION('',(0.,0.,1.));
#1058 = ORIENTED_EDGE('',*,*,#362,.T.);
#1059 = ORIENTED_EDGE('',*,*,#1060,.T.);
#1060 = EDGE_CURVE('',#355,#1061,#1063,.T.);
#1061 = VERTEX_POINT('',#1062);
#1062 = CARTESIAN_POINT('',(1.95,-1.7,1.025));
#1063 = LINE('',#1064,#1065);
#1064 = CARTESIAN_POINT('',(1.95,-1.7,0.786976568901));
#1065 = VECTOR('',#1066,1.);
#1066 = DIRECTION('',(0.,0.,1.));
#1067 = ORIENTED_EDGE('',*,*,#1068,.F.);
#1068 = EDGE_CURVE('',#1052,#1061,#1069,.T.);
#1069 = LINE('',#1070,#1071);
#1070 = CARTESIAN_POINT('',(1.95,2.275,1.025));
#1071 = VECTOR('',#1072,1.);
#1072 = DIRECTION('',(1.110223024625E-16,-1.,0.));
#1073 = PLANE('',#1074);
#1074 = AXIS2_PLACEMENT_3D('',#1075,#1076,#1077);
#1075 = CARTESIAN_POINT('',(1.95,2.275,1.025));
#1076 = DIRECTION('',(-1.,-1.110223024625E-16,0.));
#1077 = DIRECTION('',(1.110223024625E-16,-1.,0.));
#1078 = ADVANCED_FACE('',(#1079),#1104,.F.);
#1079 = FACE_BOUND('',#1080,.F.);
#1080 = EDGE_LOOP('',(#1081,#1089,#1090,#1098));
#1081 = ORIENTED_EDGE('',*,*,#1082,.F.);
#1082 = EDGE_CURVE('',#355,#1083,#1085,.T.);
#1083 = VERTEX_POINT('',#1084);
#1084 = CARTESIAN_POINT('',(2.25,-1.7,0.825));
#1085 = LINE('',#1086,#1087);
#1086 = CARTESIAN_POINT('',(1.8,-1.7,0.825));
#1087 = VECTOR('',#1088,1.);
#1088 = DIRECTION('',(1.,1.110223024625E-16,0.));
#1089 = ORIENTED_EDGE('',*,*,#354,.T.);
#1090 = ORIENTED_EDGE('',*,*,#1091,.T.);
#1091 = EDGE_CURVE('',#347,#1092,#1094,.T.);
#1092 = VERTEX_POINT('',#1093);
#1093 = CARTESIAN_POINT('',(2.25,-2.11,0.825));
#1094 = LINE('',#1095,#1096);
#1095 = CARTESIAN_POINT('',(1.8,-2.11,0.825));
#1096 = VECTOR('',#1097,1.);
#1097 = DIRECTION('',(1.,1.110223024625E-16,0.));
#1098 = ORIENTED_EDGE('',*,*,#1099,.F.);
#1099 = EDGE_CURVE('',#1083,#1092,#1100,.T.);
#1100 = LINE('',#1101,#1102);
#1101 = CARTESIAN_POINT('',(2.25,-1.7,0.825));
#1102 = VECTOR('',#1103,1.);
#1103 = DIRECTION('',(1.110223024625E-16,-1.,0.));
#1104 = PLANE('',#1105);
#1105 = AXIS2_PLACEMENT_3D('',#1106,#1107,#1108);
#1106 = CARTESIAN_POINT('',(1.8,-1.7,0.825));
#1107 = DIRECTION('',(0.,0.,1.));
#1108 = DIRECTION('',(1.,1.110223024625E-16,-0.));
#1109 = ADVANCED_FACE('',(#1110),#1134,.F.);
#1110 = FACE_BOUND('',#1111,.F.);
#1111 = EDGE_LOOP('',(#1112,#1120,#1121,#1128));
#1112 = ORIENTED_EDGE('',*,*,#1113,.F.);
#1113 = EDGE_CURVE('',#347,#1114,#1116,.T.);
#1114 = VERTEX_POINT('',#1115);
#1115 = CARTESIAN_POINT('',(1.95,-2.11,1.025));
#1116 = LINE('',#1117,#1118);
#1117 = CARTESIAN_POINT('',(1.95,-2.11,0.786976568901));
#1118 = VECTOR('',#1119,1.);
#1119 = DIRECTION('',(0.,0.,1.));
#1120 = ORIENTED_EDGE('',*,*,#346,.T.);
#1121 = ORIENTED_EDGE('',*,*,#1122,.T.);
#1122 = EDGE_CURVE('',#340,#1123,#1125,.T.);
#1123 = VERTEX_POINT('',#1124);
#1124 = CARTESIAN_POINT('',(1.95,-2.275,1.025));
#1125 = B_SPLINE_CURVE_WITH_KNOTS('',1,(#1126,#1127),.UNSPECIFIED.,.F.,
  .F.,(2,2),(0.,1.),.PIECEWISE_BEZIER_KNOTS.);
#1126 = CARTESIAN_POINT('',(1.95,-2.275,0.825));
#1127 = CARTESIAN_POINT('',(1.95,-2.275,1.025));
#1128 = ORIENTED_EDGE('',*,*,#1129,.F.);
#1129 = EDGE_CURVE('',#1114,#1123,#1130,.T.);
#1130 = LINE('',#1131,#1132);
#1131 = CARTESIAN_POINT('',(1.95,2.275,1.025));
#1132 = VECTOR('',#1133,1.);
#1133 = DIRECTION('',(1.110223024625E-16,-1.,0.));
#1134 = PLANE('',#1135);
#1135 = AXIS2_PLACEMENT_3D('',#1136,#1137,#1138);
#1136 = CARTESIAN_POINT('',(1.95,2.275,1.025));
#1137 = DIRECTION('',(-1.,-1.110223024625E-16,0.));
#1138 = DIRECTION('',(1.110223024625E-16,-1.,0.));
#1139 = ADVANCED_FACE('',(#1140),#1157,.F.);
#1140 = FACE_BOUND('',#1141,.F.);
#1141 = EDGE_LOOP('',(#1142,#1143,#1144,#1152));
#1142 = ORIENTED_EDGE('',*,*,#427,.T.);
#1143 = ORIENTED_EDGE('',*,*,#615,.T.);
#1144 = ORIENTED_EDGE('',*,*,#1145,.F.);
#1145 = EDGE_CURVE('',#1146,#616,#1148,.T.);
#1146 = VERTEX_POINT('',#1147);
#1147 = CARTESIAN_POINT('',(-1.775,-2.45,1.025));
#1148 = LINE('',#1149,#1150);
#1149 = CARTESIAN_POINT('',(-1.775,-2.45,1.025));
#1150 = VECTOR('',#1151,1.);
#1151 = DIRECTION('',(-0.707106781187,0.707106781187,0.));
#1152 = ORIENTED_EDGE('',*,*,#1153,.F.);
#1153 = EDGE_CURVE('',#428,#1146,#1154,.T.);
#1154 = B_SPLINE_CURVE_WITH_KNOTS('',1,(#1155,#1156),.UNSPECIFIED.,.F.,
  .F.,(2,2),(0.,1.),.PIECEWISE_BEZIER_KNOTS.);
#1155 = CARTESIAN_POINT('',(-1.775,-2.45,0.825));
#1156 = CARTESIAN_POINT('',(-1.775,-2.45,1.025));
#1157 = PLANE('',#1158);
#1158 = AXIS2_PLACEMENT_3D('',#1159,#1160,#1161);
#1159 = CARTESIAN_POINT('',(-1.775,-2.45,1.025));
#1160 = DIRECTION('',(0.707106781187,0.707106781187,0.));
#1161 = DIRECTION('',(-0.707106781187,0.707106781187,0.));
#1162 = ADVANCED_FACE('',(#1163),#1180,.F.);
#1163 = FACE_BOUND('',#1164,.F.);
#1164 = EDGE_LOOP('',(#1165,#1166,#1173,#1179));
#1165 = ORIENTED_EDGE('',*,*,#456,.T.);
#1166 = ORIENTED_EDGE('',*,*,#1167,.T.);
#1167 = EDGE_CURVE('',#450,#1168,#1170,.T.);
#1168 = VERTEX_POINT('',#1169);
#1169 = CARTESIAN_POINT('',(1.775,-2.45,1.025));
#1170 = B_SPLINE_CURVE_WITH_KNOTS('',1,(#1171,#1172),.UNSPECIFIED.,.F.,
  .F.,(2,2),(0.,1.),.PIECEWISE_BEZIER_KNOTS.);
#1171 = CARTESIAN_POINT('',(1.775,-2.45,0.825));
#1172 = CARTESIAN_POINT('',(1.775,-2.45,1.025));
#1173 = ORIENTED_EDGE('',*,*,#1174,.F.);
#1174 = EDGE_CURVE('',#1123,#1168,#1175,.T.);
#1175 = LINE('',#1176,#1177);
#1176 = CARTESIAN_POINT('',(1.95,-2.275,1.025));
#1177 = VECTOR('',#1178,1.);
#1178 = DIRECTION('',(-0.707106781187,-0.707106781187,0.));
#1179 = ORIENTED_EDGE('',*,*,#1122,.F.);
#1180 = PLANE('',#1181);
#1181 = AXIS2_PLACEMENT_3D('',#1182,#1183,#1184);
#1182 = CARTESIAN_POINT('',(1.95,-2.275,1.025));
#1183 = DIRECTION('',(-0.707106781187,0.707106781187,0.));
#1184 = DIRECTION('',(-0.707106781187,-0.707106781187,0.));
#1185 = ADVANCED_FACE('',(#1186),#1197,.F.);
#1186 = FACE_BOUND('',#1187,.F.);
#1187 = EDGE_LOOP('',(#1188,#1189,#1190,#1196));
#1188 = ORIENTED_EDGE('',*,*,#473,.T.);
#1189 = ORIENTED_EDGE('',*,*,#1153,.T.);
#1190 = ORIENTED_EDGE('',*,*,#1191,.F.);
#1191 = EDGE_CURVE('',#1168,#1146,#1192,.T.);
#1192 = LINE('',#1193,#1194);
#1193 = CARTESIAN_POINT('',(1.775,-2.45,1.025));
#1194 = VECTOR('',#1195,1.);
#1195 = DIRECTION('',(-1.,-1.110223024625E-16,0.));
#1196 = ORIENTED_EDGE('',*,*,#1167,.F.);
#1197 = PLANE('',#1198);
#1198 = AXIS2_PLACEMENT_3D('',#1199,#1200,#1201);
#1199 = CARTESIAN_POINT('',(1.775,-2.45,1.025));
#1200 = DIRECTION('',(-1.110223024625E-16,1.,0.));
#1201 = DIRECTION('',(-1.,-1.110223024625E-16,0.));
#1202 = ADVANCED_FACE('',(#1203),#1242,.F.);
#1203 = FACE_BOUND('',#1204,.F.);
#1204 = EDGE_LOOP('',(#1205,#1213,#1221,#1227,#1228,#1236));
#1205 = ORIENTED_EDGE('',*,*,#1206,.F.);
#1206 = EDGE_CURVE('',#1207,#810,#1209,.T.);
#1207 = VERTEX_POINT('',#1208);
#1208 = CARTESIAN_POINT('',(-2.25,1.7,1.025));
#1209 = LINE('',#1210,#1211);
#1210 = CARTESIAN_POINT('',(-2.25,1.7,1.025));
#1211 = VECTOR('',#1212,1.);
#1212 = DIRECTION('',(1.,-1.144237745222E-17,0.));
#1213 = ORIENTED_EDGE('',*,*,#1214,.T.);
#1214 = EDGE_CURVE('',#1207,#1215,#1217,.T.);
#1215 = VERTEX_POINT('',#1216);
#1216 = CARTESIAN_POINT('',(-2.25,2.11,1.025));
#1217 = LINE('',#1218,#1219);
#1218 = CARTESIAN_POINT('',(-2.25,1.7,1.025));
#1219 = VECTOR('',#1220,1.);
#1220 = DIRECTION('',(1.144237745222E-17,1.,0.));
#1221 = ORIENTED_EDGE('',*,*,#1222,.T.);
#1222 = EDGE_CURVE('',#1215,#578,#1223,.T.);
#1223 = LINE('',#1224,#1225);
#1224 = CARTESIAN_POINT('',(-2.25,2.11,1.025));
#1225 = VECTOR('',#1226,1.);
#1226 = DIRECTION('',(1.,-1.144237745222E-17,0.));
#1227 = ORIENTED_EDGE('',*,*,#577,.T.);
#1228 = ORIENTED_EDGE('',*,*,#1229,.F.);
#1229 = EDGE_CURVE('',#1230,#570,#1232,.T.);
#1230 = VERTEX_POINT('',#1231);
#1231 = CARTESIAN_POINT('',(-1.875,1.7,1.025));
#1232 = LINE('',#1233,#1234);
#1233 = CARTESIAN_POINT('',(-1.875,-2.2375,1.025));
#1234 = VECTOR('',#1235,1.);
#1235 = DIRECTION('',(-1.110223024625E-16,1.,0.));
#1236 = ORIENTED_EDGE('',*,*,#1237,.F.);
#1237 = EDGE_CURVE('',#810,#1230,#1238,.T.);
#1238 = LINE('',#1239,#1240);
#1239 = CARTESIAN_POINT('',(-2.25,1.7,1.025));
#1240 = VECTOR('',#1241,1.);
#1241 = DIRECTION('',(1.,-1.144237745222E-17,0.));
#1242 = PLANE('',#1243);
#1243 = AXIS2_PLACEMENT_3D('',#1244,#1245,#1246);
#1244 = CARTESIAN_POINT('',(-2.25,1.7,1.025));
#1245 = DIRECTION('',(0.,0.,-1.));
#1246 = DIRECTION('',(1.,-1.144237745222E-17,0.));
#1247 = ADVANCED_FACE('',(#1248),#1328,.F.);
#1248 = FACE_BOUND('',#1249,.F.);
#1249 = EDGE_LOOP('',(#1250,#1260,#1268,#1276,#1284,#1292,#1300,#1306,
    #1307,#1308,#1315,#1323));
#1250 = ORIENTED_EDGE('',*,*,#1251,.T.);
#1251 = EDGE_CURVE('',#1252,#1254,#1256,.T.);
#1252 = VERTEX_POINT('',#1253);
#1253 = CARTESIAN_POINT('',(-1.875,-2.2375,1.025));
#1254 = VERTEX_POINT('',#1255);
#1255 = CARTESIAN_POINT('',(-1.875,-2.11,1.025));
#1256 = LINE('',#1257,#1258);
#1257 = CARTESIAN_POINT('',(-1.875,-2.2375,1.025));
#1258 = VECTOR('',#1259,1.);
#1259 = DIRECTION('',(-1.110223024625E-16,1.,0.));
#1260 = ORIENTED_EDGE('',*,*,#1261,.T.);
#1261 = EDGE_CURVE('',#1254,#1262,#1264,.T.);
#1262 = VERTEX_POINT('',#1263);
#1263 = CARTESIAN_POINT('',(-1.875,-1.7,1.025));
#1264 = LINE('',#1265,#1266);
#1265 = CARTESIAN_POINT('',(-1.875,-2.2375,1.025));
#1266 = VECTOR('',#1267,1.);
#1267 = DIRECTION('',(-1.110223024625E-16,1.,0.));
#1268 = ORIENTED_EDGE('',*,*,#1269,.T.);
#1269 = EDGE_CURVE('',#1262,#1270,#1272,.T.);
#1270 = VERTEX_POINT('',#1271);
#1271 = CARTESIAN_POINT('',(-1.875,-0.84,1.025));
#1272 = LINE('',#1273,#1274);
#1273 = CARTESIAN_POINT('',(-1.875,-2.2375,1.025));
#1274 = VECTOR('',#1275,1.);
#1275 = DIRECTION('',(-1.110223024625E-16,1.,0.));
#1276 = ORIENTED_EDGE('',*,*,#1277,.T.);
#1277 = EDGE_CURVE('',#1270,#1278,#1280,.T.);
#1278 = VERTEX_POINT('',#1279);
#1279 = CARTESIAN_POINT('',(-1.875,-0.43,1.025));
#1280 = LINE('',#1281,#1282);
#1281 = CARTESIAN_POINT('',(-1.875,-2.2375,1.025));
#1282 = VECTOR('',#1283,1.);
#1283 = DIRECTION('',(-1.110223024625E-16,1.,0.));
#1284 = ORIENTED_EDGE('',*,*,#1285,.T.);
#1285 = EDGE_CURVE('',#1278,#1286,#1288,.T.);
#1286 = VERTEX_POINT('',#1287);
#1287 = CARTESIAN_POINT('',(-1.875,0.43,1.025));
#1288 = LINE('',#1289,#1290);
#1289 = CARTESIAN_POINT('',(-1.875,-2.2375,1.025));
#1290 = VECTOR('',#1291,1.);
#1291 = DIRECTION('',(-1.110223024625E-16,1.,0.));
#1292 = ORIENTED_EDGE('',*,*,#1293,.T.);
#1293 = EDGE_CURVE('',#1286,#1294,#1296,.T.);
#1294 = VERTEX_POINT('',#1295);
#1295 = CARTESIAN_POINT('',(-1.875,0.84,1.025));
#1296 = LINE('',#1297,#1298);
#1297 = CARTESIAN_POINT('',(-1.875,-2.2375,1.025));
#1298 = VECTOR('',#1299,1.);
#1299 = DIRECTION('',(-1.110223024625E-16,1.,0.));
#1300 = ORIENTED_EDGE('',*,*,#1301,.T.);
#1301 = EDGE_CURVE('',#1294,#1230,#1302,.T.);
#1302 = LINE('',#1303,#1304);
#1303 = CARTESIAN_POINT('',(-1.875,-2.2375,1.025));
#1304 = VECTOR('',#1305,1.);
#1305 = DIRECTION('',(-1.110223024625E-16,1.,0.));
#1306 = ORIENTED_EDGE('',*,*,#1229,.T.);
#1307 = ORIENTED_EDGE('',*,*,#569,.T.);
#1308 = ORIENTED_EDGE('',*,*,#1309,.T.);
#1309 = EDGE_CURVE('',#562,#1310,#1312,.T.);
#1310 = VERTEX_POINT('',#1311);
#1311 = CARTESIAN_POINT('',(-1.760171280765,2.180085640382,1.75));
#1312 = B_SPLINE_CURVE_WITH_KNOTS('',1,(#1313,#1314),.UNSPECIFIED.,.F.,
  .F.,(2,2),(0.,1.),.PIECEWISE_BEZIER_KNOTS.);
#1313 = CARTESIAN_POINT('',(-1.875,2.2375,1.025));
#1314 = CARTESIAN_POINT('',(-1.760171280765,2.180085640382,1.75));
#1315 = ORIENTED_EDGE('',*,*,#1316,.F.);
#1316 = EDGE_CURVE('',#1317,#1310,#1319,.T.);
#1317 = VERTEX_POINT('',#1318);
#1318 = CARTESIAN_POINT('',(-1.760171280765,-2.180085640382,1.75));
#1319 = LINE('',#1320,#1321);
#1320 = CARTESIAN_POINT('',(-1.760171280765,-2.180085640382,1.75));
#1321 = VECTOR('',#1322,1.);
#1322 = DIRECTION('',(-1.110223024625E-16,1.,0.));
#1323 = ORIENTED_EDGE('',*,*,#1324,.F.);
#1324 = EDGE_CURVE('',#1252,#1317,#1325,.T.);
#1325 = B_SPLINE_CURVE_WITH_KNOTS('',1,(#1326,#1327),.UNSPECIFIED.,.F.,
  .F.,(2,2),(0.,1.),.PIECEWISE_BEZIER_KNOTS.);
#1326 = CARTESIAN_POINT('',(-1.875,-2.2375,1.025));
#1327 = CARTESIAN_POINT('',(-1.760171280765,-2.180085640382,1.75));
#1328 = B_SPLINE_SURFACE_WITH_KNOTS('',1,1,(
    (#1329,#1330)
    ,(#1331,#1332
    )),.UNSPECIFIED.,.F.,.F.,.F.,(2,2),(2,2),(0.,4.475),(0.,1.),
  .PIECEWISE_BEZIER_KNOTS.);
#1329 = CARTESIAN_POINT('',(-1.875,-2.2375,1.025));
#1330 = CARTESIAN_POINT('',(-1.760171280765,-2.180085640382,1.75));
#1331 = CARTESIAN_POINT('',(-1.875,2.2375,1.025));
#1332 = CARTESIAN_POINT('',(-1.760171280765,2.180085640382,1.75));
#1333 = ADVANCED_FACE('',(#1334),#1351,.F.);
#1334 = FACE_BOUND('',#1335,.F.);
#1335 = EDGE_LOOP('',(#1336,#1337,#1344,#1350));
#1336 = ORIENTED_EDGE('',*,*,#561,.T.);
#1337 = ORIENTED_EDGE('',*,*,#1338,.T.);
#1338 = EDGE_CURVE('',#554,#1339,#1341,.T.);
#1339 = VERTEX_POINT('',#1340);
#1340 = CARTESIAN_POINT('',(-1.680085640382,2.260171280765,1.75));
#1341 = B_SPLINE_CURVE_WITH_KNOTS('',1,(#1342,#1343),.UNSPECIFIED.,.F.,
  .F.,(2,2),(0.,1.),.PIECEWISE_BEZIER_KNOTS.);
#1342 = CARTESIAN_POINT('',(-1.7375,2.375,1.025));
#1343 = CARTESIAN_POINT('',(-1.680085640382,2.260171280765,1.75));
#1344 = ORIENTED_EDGE('',*,*,#1345,.F.);
#1345 = EDGE_CURVE('',#1310,#1339,#1346,.T.);
#1346 = LINE('',#1347,#1348);
#1347 = CARTESIAN_POINT('',(-1.760171280765,2.180085640382,1.75));
#1348 = VECTOR('',#1349,1.);
#1349 = DIRECTION('',(0.707106781187,0.707106781187,0.));
#1350 = ORIENTED_EDGE('',*,*,#1309,.F.);
#1351 = B_SPLINE_SURFACE_WITH_KNOTS('',1,1,(
    (#1352,#1353)
    ,(#1354,#1355
    )),.UNSPECIFIED.,.F.,.F.,.F.,(2,2),(2,2),(0.,0.194454364826),(0.,1.)
  ,.PIECEWISE_BEZIER_KNOTS.);
#1352 = CARTESIAN_POINT('',(-1.875,2.2375,1.025));
#1353 = CARTESIAN_POINT('',(-1.760171280765,2.180085640382,1.75));
#1354 = CARTESIAN_POINT('',(-1.7375,2.375,1.025));
#1355 = CARTESIAN_POINT('',(-1.680085640382,2.260171280765,1.75));
#1356 = ADVANCED_FACE('',(#1357),#1374,.F.);
#1357 = FACE_BOUND('',#1358,.F.);
#1358 = EDGE_LOOP('',(#1359,#1360,#1367,#1373));
#1359 = ORIENTED_EDGE('',*,*,#553,.T.);
#1360 = ORIENTED_EDGE('',*,*,#1361,.T.);
#1361 = EDGE_CURVE('',#546,#1362,#1364,.T.);
#1362 = VERTEX_POINT('',#1363);
#1363 = CARTESIAN_POINT('',(1.680085640382,2.260171280765,1.75));
#1364 = B_SPLINE_CURVE_WITH_KNOTS('',1,(#1365,#1366),.UNSPECIFIED.,.F.,
  .F.,(2,2),(0.,1.),.PIECEWISE_BEZIER_KNOTS.);
#1365 = CARTESIAN_POINT('',(1.7375,2.375,1.025));
#1366 = CARTESIAN_POINT('',(1.680085640382,2.260171280765,1.75));
#1367 = ORIENTED_EDGE('',*,*,#1368,.F.);
#1368 = EDGE_CURVE('',#1339,#1362,#1369,.T.);
#1369 = LINE('',#1370,#1371);
#1370 = CARTESIAN_POINT('',(-1.680085640382,2.260171280765,1.75));
#1371 = VECTOR('',#1372,1.);
#1372 = DIRECTION('',(1.,1.110223024625E-16,0.));
#1373 = ORIENTED_EDGE('',*,*,#1338,.F.);
#1374 = B_SPLINE_SURFACE_WITH_KNOTS('',1,1,(
    (#1375,#1376)
    ,(#1377,#1378
    )),.UNSPECIFIED.,.F.,.F.,.F.,(2,2),(2,2),(0.,3.475),(0.,1.),
  .PIECEWISE_BEZIER_KNOTS.);
#1375 = CARTESIAN_POINT('',(-1.7375,2.375,1.025));
#1376 = CARTESIAN_POINT('',(-1.680085640382,2.260171280765,1.75));
#1377 = CARTESIAN_POINT('',(1.7375,2.375,1.025));
#1378 = CARTESIAN_POINT('',(1.680085640382,2.260171280765,1.75));
#1379 = ADVANCED_FACE('',(#1380),#1397,.F.);
#1380 = FACE_BOUND('',#1381,.F.);
#1381 = EDGE_LOOP('',(#1382,#1383,#1390,#1396));
#1382 = ORIENTED_EDGE('',*,*,#545,.T.);
#1383 = ORIENTED_EDGE('',*,*,#1384,.T.);
#1384 = EDGE_CURVE('',#538,#1385,#1387,.T.);
#1385 = VERTEX_POINT('',#1386);
#1386 = CARTESIAN_POINT('',(1.760171280765,2.180085640382,1.75));
#1387 = B_SPLINE_CURVE_WITH_KNOTS('',1,(#1388,#1389),.UNSPECIFIED.,.F.,
  .F.,(2,2),(0.,1.),.PIECEWISE_BEZIER_KNOTS.);
#1388 = CARTESIAN_POINT('',(1.875,2.2375,1.025));
#1389 = CARTESIAN_POINT('',(1.760171280765,2.180085640382,1.75));
#1390 = ORIENTED_EDGE('',*,*,#1391,.F.);
#1391 = EDGE_CURVE('',#1362,#1385,#1392,.T.);
#1392 = LINE('',#1393,#1394);
#1393 = CARTESIAN_POINT('',(1.680085640382,2.260171280765,1.75));
#1394 = VECTOR('',#1395,1.);
#1395 = DIRECTION('',(0.707106781187,-0.707106781187,0.));
#1396 = ORIENTED_EDGE('',*,*,#1361,.F.);
#1397 = B_SPLINE_SURFACE_WITH_KNOTS('',1,1,(
    (#1398,#1399)
    ,(#1400,#1401
    )),.UNSPECIFIED.,.F.,.F.,.F.,(2,2),(2,2),(0.,0.194454364826),(0.,1.)
  ,.PIECEWISE_BEZIER_KNOTS.);
#1398 = CARTESIAN_POINT('',(1.7375,2.375,1.025));
#1399 = CARTESIAN_POINT('',(1.680085640382,2.260171280765,1.75));
#1400 = CARTESIAN_POINT('',(1.875,2.2375,1.025));
#1401 = CARTESIAN_POINT('',(1.760171280765,2.180085640382,1.75));
#1402 = ADVANCED_FACE('',(#1403),#1484,.F.);
#1403 = FACE_BOUND('',#1404,.F.);
#1404 = EDGE_LOOP('',(#1405,#1406,#1414,#1422,#1430,#1438,#1446,#1454,
    #1462,#1470,#1477,#1483));
#1405 = ORIENTED_EDGE('',*,*,#537,.T.);
#1406 = ORIENTED_EDGE('',*,*,#1407,.T.);
#1407 = EDGE_CURVE('',#530,#1408,#1410,.T.);
#1408 = VERTEX_POINT('',#1409);
#1409 = CARTESIAN_POINT('',(1.875,1.7,1.025));
#1410 = LINE('',#1411,#1412);
#1411 = CARTESIAN_POINT('',(1.875,2.2375,1.025));
#1412 = VECTOR('',#1413,1.);
#1413 = DIRECTION('',(1.110223024625E-16,-1.,0.));
#1414 = ORIENTED_EDGE('',*,*,#1415,.T.);
#1415 = EDGE_CURVE('',#1408,#1416,#1418,.T.);
#1416 = VERTEX_POINT('',#1417);
#1417 = CARTESIAN_POINT('',(1.875,0.84,1.025));
#1418 = LINE('',#1419,#1420);
#1419 = CARTESIAN_POINT('',(1.875,2.2375,1.025));
#1420 = VECTOR('',#1421,1.);
#1421 = DIRECTION('',(1.110223024625E-16,-1.,0.));
#1422 = ORIENTED_EDGE('',*,*,#1423,.T.);
#1423 = EDGE_CURVE('',#1416,#1424,#1426,.T.);
#1424 = VERTEX_POINT('',#1425);
#1425 = CARTESIAN_POINT('',(1.875,0.43,1.025));
#1426 = LINE('',#1427,#1428);
#1427 = CARTESIAN_POINT('',(1.875,2.2375,1.025));
#1428 = VECTOR('',#1429,1.);
#1429 = DIRECTION('',(1.110223024625E-16,-1.,0.));
#1430 = ORIENTED_EDGE('',*,*,#1431,.T.);
#1431 = EDGE_CURVE('',#1424,#1432,#1434,.T.);
#1432 = VERTEX_POINT('',#1433);
#1433 = CARTESIAN_POINT('',(1.875,-0.43,1.025));
#1434 = LINE('',#1435,#1436);
#1435 = CARTESIAN_POINT('',(1.875,2.2375,1.025));
#1436 = VECTOR('',#1437,1.);
#1437 = DIRECTION('',(1.110223024625E-16,-1.,0.));
#1438 = ORIENTED_EDGE('',*,*,#1439,.T.);
#1439 = EDGE_CURVE('',#1432,#1440,#1442,.T.);
#1440 = VERTEX_POINT('',#1441);
#1441 = CARTESIAN_POINT('',(1.875,-0.84,1.025));
#1442 = LINE('',#1443,#1444);
#1443 = CARTESIAN_POINT('',(1.875,2.2375,1.025));
#1444 = VECTOR('',#1445,1.);
#1445 = DIRECTION('',(1.110223024625E-16,-1.,0.));
#1446 = ORIENTED_EDGE('',*,*,#1447,.T.);
#1447 = EDGE_CURVE('',#1440,#1448,#1450,.T.);
#1448 = VERTEX_POINT('',#1449);
#1449 = CARTESIAN_POINT('',(1.875,-1.7,1.025));
#1450 = LINE('',#1451,#1452);
#1451 = CARTESIAN_POINT('',(1.875,2.2375,1.025));
#1452 = VECTOR('',#1453,1.);
#1453 = DIRECTION('',(1.110223024625E-16,-1.,0.));
#1454 = ORIENTED_EDGE('',*,*,#1455,.T.);
#1455 = EDGE_CURVE('',#1448,#1456,#1458,.T.);
#1456 = VERTEX_POINT('',#1457);
#1457 = CARTESIAN_POINT('',(1.875,-2.11,1.025));
#1458 = LINE('',#1459,#1460);
#1459 = CARTESIAN_POINT('',(1.875,2.2375,1.025));
#1460 = VECTOR('',#1461,1.);
#1461 = DIRECTION('',(1.110223024625E-16,-1.,0.));
#1462 = ORIENTED_EDGE('',*,*,#1463,.T.);
#1463 = EDGE_CURVE('',#1456,#1464,#1466,.T.);
#1464 = VERTEX_POINT('',#1465);
#1465 = CARTESIAN_POINT('',(1.875,-2.2375,1.025));
#1466 = LINE('',#1467,#1468);
#1467 = CARTESIAN_POINT('',(1.875,2.2375,1.025));
#1468 = VECTOR('',#1469,1.);
#1469 = DIRECTION('',(1.110223024625E-16,-1.,0.));
#1470 = ORIENTED_EDGE('',*,*,#1471,.T.);
#1471 = EDGE_CURVE('',#1464,#1472,#1474,.T.);
#1472 = VERTEX_POINT('',#1473);
#1473 = CARTESIAN_POINT('',(1.760171280765,-2.180085640382,1.75));
#1474 = B_SPLINE_CURVE_WITH_KNOTS('',1,(#1475,#1476),.UNSPECIFIED.,.F.,
  .F.,(2,2),(0.,1.),.PIECEWISE_BEZIER_KNOTS.);
#1475 = CARTESIAN_POINT('',(1.875,-2.2375,1.025));
#1476 = CARTESIAN_POINT('',(1.760171280765,-2.180085640382,1.75));
#1477 = ORIENTED_EDGE('',*,*,#1478,.F.);
#1478 = EDGE_CURVE('',#1385,#1472,#1479,.T.);
#1479 = LINE('',#1480,#1481);
#1480 = CARTESIAN_POINT('',(1.760171280765,2.180085640382,1.75));
#1481 = VECTOR('',#1482,1.);
#1482 = DIRECTION('',(1.110223024625E-16,-1.,0.));
#1483 = ORIENTED_EDGE('',*,*,#1384,.F.);
#1484 = B_SPLINE_SURFACE_WITH_KNOTS('',1,1,(
    (#1485,#1486)
    ,(#1487,#1488
    )),.UNSPECIFIED.,.F.,.F.,.F.,(2,2),(2,2),(0.,4.475),(0.,1.),
  .PIECEWISE_BEZIER_KNOTS.);
#1485 = CARTESIAN_POINT('',(1.875,2.2375,1.025));
#1486 = CARTESIAN_POINT('',(1.760171280765,2.180085640382,1.75));
#1487 = CARTESIAN_POINT('',(1.875,-2.2375,1.025));
#1488 = CARTESIAN_POINT('',(1.760171280765,-2.180085640382,1.75));
#1489 = ADVANCED_FACE('',(#1490),#1522,.F.);
#1490 = FACE_BOUND('',#1491,.F.);
#1491 = EDGE_LOOP('',(#1492,#1500,#1508,#1514,#1520,#1521));
#1492 = ORIENTED_EDGE('',*,*,#1493,.F.);
#1493 = EDGE_CURVE('',#1494,#522,#1496,.T.);
#1494 = VERTEX_POINT('',#1495);
#1495 = CARTESIAN_POINT('',(2.25,2.11,1.025));
#1496 = LINE('',#1497,#1498);
#1497 = CARTESIAN_POINT('',(2.25,2.11,1.025));
#1498 = VECTOR('',#1499,1.);
#1499 = DIRECTION('',(-1.,-1.110223024625E-16,0.));
#1500 = ORIENTED_EDGE('',*,*,#1501,.T.);
#1501 = EDGE_CURVE('',#1494,#1502,#1504,.T.);
#1502 = VERTEX_POINT('',#1503);
#1503 = CARTESIAN_POINT('',(2.25,1.7,1.025));
#1504 = LINE('',#1505,#1506);
#1505 = CARTESIAN_POINT('',(2.25,2.11,1.025));
#1506 = VECTOR('',#1507,1.);
#1507 = DIRECTION('',(1.110223024625E-16,-1.,0.));
#1508 = ORIENTED_EDGE('',*,*,#1509,.T.);
#1509 = EDGE_CURVE('',#1502,#928,#1510,.T.);
#1510 = LINE('',#1511,#1512);
#1511 = CARTESIAN_POINT('',(2.25,1.7,1.025));
#1512 = VECTOR('',#1513,1.);
#1513 = DIRECTION('',(-1.,-1.110223024625E-16,0.));
#1514 = ORIENTED_EDGE('',*,*,#1515,.T.);
#1515 = EDGE_CURVE('',#928,#1408,#1516,.T.);
#1516 = LINE('',#1517,#1518);
#1517 = CARTESIAN_POINT('',(2.25,1.7,1.025));
#1518 = VECTOR('',#1519,1.);
#1519 = DIRECTION('',(-1.,-1.110223024625E-16,0.));
#1520 = ORIENTED_EDGE('',*,*,#1407,.F.);
#1521 = ORIENTED_EDGE('',*,*,#529,.F.);
#1522 = PLANE('',#1523);
#1523 = AXIS2_PLACEMENT_3D('',#1524,#1525,#1526);
#1524 = CARTESIAN_POINT('',(2.25,2.11,1.025));
#1525 = DIRECTION('',(0.,0.,-1.));
#1526 = DIRECTION('',(-1.,-1.110223024625E-16,-0.));
#1527 = ADVANCED_FACE('',(#1528),#1571,.F.);
#1528 = FACE_BOUND('',#1529,.F.);
#1529 = EDGE_LOOP('',(#1530,#1531,#1537,#1538,#1546,#1554,#1560,#1561,
    #1567,#1568,#1569,#1570));
#1530 = ORIENTED_EDGE('',*,*,#631,.T.);
#1531 = ORIENTED_EDGE('',*,*,#1532,.T.);
#1532 = EDGE_CURVE('',#624,#1254,#1533,.T.);
#1533 = LINE('',#1534,#1535);
#1534 = CARTESIAN_POINT('',(-2.25,-2.11,1.025));
#1535 = VECTOR('',#1536,1.);
#1536 = DIRECTION('',(1.,-1.144237745222E-17,0.));
#1537 = ORIENTED_EDGE('',*,*,#1251,.F.);
#1538 = ORIENTED_EDGE('',*,*,#1539,.F.);
#1539 = EDGE_CURVE('',#1540,#1252,#1542,.T.);
#1540 = VERTEX_POINT('',#1541);
#1541 = CARTESIAN_POINT('',(-1.7375,-2.375,1.025));
#1542 = LINE('',#1543,#1544);
#1543 = CARTESIAN_POINT('',(-1.7375,-2.375,1.025));
#1544 = VECTOR('',#1545,1.);
#1545 = DIRECTION('',(-0.707106781187,0.707106781187,0.));
#1546 = ORIENTED_EDGE('',*,*,#1547,.F.);
#1547 = EDGE_CURVE('',#1548,#1540,#1550,.T.);
#1548 = VERTEX_POINT('',#1549);
#1549 = CARTESIAN_POINT('',(1.7375,-2.375,1.025));
#1550 = LINE('',#1551,#1552);
#1551 = CARTESIAN_POINT('',(1.7375,-2.375,1.025));
#1552 = VECTOR('',#1553,1.);
#1553 = DIRECTION('',(-1.,-1.110223024625E-16,0.));
#1554 = ORIENTED_EDGE('',*,*,#1555,.F.);
#1555 = EDGE_CURVE('',#1464,#1548,#1556,.T.);
#1556 = LINE('',#1557,#1558);
#1557 = CARTESIAN_POINT('',(1.875,-2.2375,1.025));
#1558 = VECTOR('',#1559,1.);
#1559 = DIRECTION('',(-0.707106781187,-0.707106781187,0.));
#1560 = ORIENTED_EDGE('',*,*,#1463,.F.);
#1561 = ORIENTED_EDGE('',*,*,#1562,.F.);
#1562 = EDGE_CURVE('',#1114,#1456,#1563,.T.);
#1563 = LINE('',#1564,#1565);
#1564 = CARTESIAN_POINT('',(2.25,-2.11,1.025));
#1565 = VECTOR('',#1566,1.);
#1566 = DIRECTION('',(-1.,-1.110223024625E-16,0.));
#1567 = ORIENTED_EDGE('',*,*,#1129,.T.);
#1568 = ORIENTED_EDGE('',*,*,#1174,.T.);
#1569 = ORIENTED_EDGE('',*,*,#1191,.T.);
#1570 = ORIENTED_EDGE('',*,*,#1145,.T.);
#1571 = PLANE('',#1572);
#1572 = AXIS2_PLACEMENT_3D('',#1573,#1574,#1575);
#1573 = CARTESIAN_POINT('',(-3.027078129022E-16,2.4125,1.025));
#1574 = DIRECTION('',(2.007919022429E-31,-7.713306628828E-27,-1.));
#1575 = DIRECTION('',(1.,1.112083013911E-16,2.00791902242E-31));
#1576 = ADVANCED_FACE('',(#1577),#1663,.F.);
#1577 = FACE_BOUND('',#1578,.F.);
#1578 = EDGE_LOOP('',(#1579,#1580,#1581,#1590,#1598,#1607,#1615,#1623,
    #1631,#1640,#1648,#1657));
#1579 = ORIENTED_EDGE('',*,*,#623,.F.);
#1580 = ORIENTED_EDGE('',*,*,#645,.T.);
#1581 = ORIENTED_EDGE('',*,*,#1582,.T.);
#1582 = EDGE_CURVE('',#646,#1583,#1585,.T.);
#1583 = VERTEX_POINT('',#1584);
#1584 = CARTESIAN_POINT('',(-2.348480775301,-2.11,0.742364817767));
#1585 = CIRCLE('',#1586,0.1);
#1586 = AXIS2_PLACEMENT_3D('',#1587,#1588,#1589);
#1587 = CARTESIAN_POINT('',(-2.25,-2.11,0.725));
#1588 = DIRECTION('',(-1.144237745222E-17,-1.,3.284293275761E-47));
#1589 = DIRECTION('',(-4.440892098501E-15,5.081436361563E-32,1.));
#1590 = ORIENTED_EDGE('',*,*,#1591,.T.);
#1591 = EDGE_CURVE('',#1583,#1592,#1594,.T.);
#1592 = VERTEX_POINT('',#1593);
#1593 = CARTESIAN_POINT('',(-2.429496640897,-2.11,0.2479055467));
#1594 = LINE('',#1595,#1596);
#1595 = CARTESIAN_POINT('',(-2.348480775301,-2.11,0.742364817767));
#1596 = VECTOR('',#1597,1.);
#1597 = DIRECTION('',(-0.161691392282,1.85013394127E-18,-0.986841372087)
  );
#1598 = ORIENTED_EDGE('',*,*,#1599,.T.);
#1599 = EDGE_CURVE('',#1592,#1600,#1602,.T.);
#1600 = VERTEX_POINT('',#1601);
#1601 = CARTESIAN_POINT('',(-2.724938966801,-2.11,-1.665334536938E-16));
#1602 = CIRCLE('',#1603,0.3);
#1603 = AXIS2_PLACEMENT_3D('',#1604,#1605,#1606);
#1604 = CARTESIAN_POINT('',(-2.724938966801,-2.11,0.3));
#1605 = DIRECTION('',(1.144237745222E-17,1.,7.703719777549E-34));
#1606 = DIRECTION('',(0.984807753012,-1.126854202784E-17,-0.173648177667
    ));
#1607 = ORIENTED_EDGE('',*,*,#1608,.T.);
#1608 = EDGE_CURVE('',#1600,#1609,#1611,.T.);
#1609 = VERTEX_POINT('',#1610);
#1610 = CARTESIAN_POINT('',(-3.,-2.11,-1.665334536938E-16));
#1611 = LINE('',#1612,#1613);
#1612 = CARTESIAN_POINT('',(-2.724938966801,-2.11,-1.665334536938E-16));
#1613 = VECTOR('',#1614,1.);
#1614 = DIRECTION('',(-1.,1.144237745222E-17,0.));
#1615 = ORIENTED_EDGE('',*,*,#1616,.T.);
#1616 = EDGE_CURVE('',#1609,#1617,#1619,.T.);
#1617 = VERTEX_POINT('',#1618);
#1618 = CARTESIAN_POINT('',(-3.,-2.11,0.2));
#1619 = LINE('',#1620,#1621);
#1620 = CARTESIAN_POINT('',(-3.,-2.11,-1.665334536938E-16));
#1621 = VECTOR('',#1622,1.);
#1622 = DIRECTION('',(0.,0.,1.));
#1623 = ORIENTED_EDGE('',*,*,#1624,.T.);
#1624 = EDGE_CURVE('',#1617,#1625,#1627,.T.);
#1625 = VERTEX_POINT('',#1626);
#1626 = CARTESIAN_POINT('',(-2.724938966801,-2.11,0.2));
#1627 = LINE('',#1628,#1629);
#1628 = CARTESIAN_POINT('',(-3.,-2.11,0.2));
#1629 = VECTOR('',#1630,1.);
#1630 = DIRECTION('',(1.,-1.144237745222E-17,0.));
#1631 = ORIENTED_EDGE('',*,*,#1632,.T.);
#1632 = EDGE_CURVE('',#1625,#1633,#1635,.T.);
#1633 = VERTEX_POINT('',#1634);
#1634 = CARTESIAN_POINT('',(-2.6264581915,-2.11,0.282635182233));
#1635 = CIRCLE('',#1636,0.1);
#1636 = AXIS2_PLACEMENT_3D('',#1637,#1638,#1639);
#1637 = CARTESIAN_POINT('',(-2.724938966801,-2.11,0.3));
#1638 = DIRECTION('',(-1.144237745222E-17,-1.,-0.));
#1639 = DIRECTION('',(0.,0.,-1.));
#1640 = ORIENTED_EDGE('',*,*,#1641,.T.);
#1641 = EDGE_CURVE('',#1633,#1642,#1644,.T.);
#1642 = VERTEX_POINT('',#1643);
#1643 = CARTESIAN_POINT('',(-2.545442325904,-2.11,0.7770944533));
#1644 = LINE('',#1645,#1646);
#1645 = CARTESIAN_POINT('',(-2.6264581915,-2.11,0.282635182233));
#1646 = VECTOR('',#1647,1.);
#1647 = DIRECTION('',(0.161691392282,-1.85013394127E-18,0.986841372087)
  );
#1648 = ORIENTED_EDGE('',*,*,#1649,.T.);
#1649 = EDGE_CURVE('',#1642,#1650,#1652,.T.);
#1650 = VERTEX_POINT('',#1651);
#1651 = CARTESIAN_POINT('',(-2.25,-2.11,1.025));
#1652 = CIRCLE('',#1653,0.3);
#1653 = AXIS2_PLACEMENT_3D('',#1654,#1655,#1656);
#1654 = CARTESIAN_POINT('',(-2.25,-2.11,0.725));
#1655 = DIRECTION('',(1.144237745222E-17,1.,7.703719777549E-34));
#1656 = DIRECTION('',(-0.984807753012,1.126854202784E-17,0.173648177667)
  );
#1657 = ORIENTED_EDGE('',*,*,#1658,.T.);
#1658 = EDGE_CURVE('',#1650,#624,#1659,.T.);
#1659 = LINE('',#1660,#1661);
#1660 = CARTESIAN_POINT('',(-2.25,-2.11,1.025));
#1661 = VECTOR('',#1662,1.);
#1662 = DIRECTION('',(1.,-1.144237745222E-17,0.));
#1663 = PLANE('',#1664);
#1664 = AXIS2_PLACEMENT_3D('',#1665,#1666,#1667);
#1665 = CARTESIAN_POINT('',(-2.42560961319,-2.11,0.548953137803));
#1666 = DIRECTION('',(1.144237745222E-17,1.,0.));
#1667 = DIRECTION('',(0.,-0.,1.));
#1668 = ADVANCED_FACE('',(#1669),#1688,.F.);
#1669 = FACE_BOUND('',#1670,.F.);
#1670 = EDGE_LOOP('',(#1671,#1672,#1681,#1687));
#1671 = ORIENTED_EDGE('',*,*,#662,.T.);
#1672 = ORIENTED_EDGE('',*,*,#1673,.T.);
#1673 = EDGE_CURVE('',#655,#1674,#1676,.T.);
#1674 = VERTEX_POINT('',#1675);
#1675 = CARTESIAN_POINT('',(-2.348480775301,-1.7,0.742364817767));
#1676 = CIRCLE('',#1677,0.1);
#1677 = AXIS2_PLACEMENT_3D('',#1678,#1679,#1680);
#1678 = CARTESIAN_POINT('',(-2.25,-1.7,0.725));
#1679 = DIRECTION('',(-1.144237745222E-17,-1.,3.284293275761E-47));
#1680 = DIRECTION('',(-4.440892098501E-15,5.081436361563E-32,1.));
#1681 = ORIENTED_EDGE('',*,*,#1682,.F.);
#1682 = EDGE_CURVE('',#1583,#1674,#1683,.T.);
#1683 = LINE('',#1684,#1685);
#1684 = CARTESIAN_POINT('',(-2.348480775301,-2.11,0.742364817767));
#1685 = VECTOR('',#1686,1.);
#1686 = DIRECTION('',(1.144237745222E-17,1.,0.));
#1687 = ORIENTED_EDGE('',*,*,#1582,.F.);
#1688 = CYLINDRICAL_SURFACE('',#1689,0.1);
#1689 = AXIS2_PLACEMENT_3D('',#1690,#1691,#1692);
#1690 = CARTESIAN_POINT('',(-2.25,-2.11,0.725));
#1691 = DIRECTION('',(-1.144237745222E-17,-1.,0.));
#1692 = DIRECTION('',(-4.440892098501E-15,5.081436361563E-32,1.));
#1693 = ADVANCED_FACE('',(#1694),#1772,.T.);
#1694 = FACE_BOUND('',#1695,.T.);
#1695 = EDGE_LOOP('',(#1696,#1697,#1698,#1699,#1707,#1716,#1724,#1732,
    #1740,#1749,#1757,#1766));
#1696 = ORIENTED_EDGE('',*,*,#676,.F.);
#1697 = ORIENTED_EDGE('',*,*,#654,.T.);
#1698 = ORIENTED_EDGE('',*,*,#1673,.T.);
#1699 = ORIENTED_EDGE('',*,*,#1700,.T.);
#1700 = EDGE_CURVE('',#1674,#1701,#1703,.T.);
#1701 = VERTEX_POINT('',#1702);
#1702 = CARTESIAN_POINT('',(-2.429496640897,-1.7,0.2479055467));
#1703 = LINE('',#1704,#1705);
#1704 = CARTESIAN_POINT('',(-2.348480775301,-1.7,0.742364817767));
#1705 = VECTOR('',#1706,1.);
#1706 = DIRECTION('',(-0.161691392282,1.85013394127E-18,-0.986841372087)
  );
#1707 = ORIENTED_EDGE('',*,*,#1708,.T.);
#1708 = EDGE_CURVE('',#1701,#1709,#1711,.T.);
#1709 = VERTEX_POINT('',#1710);
#1710 = CARTESIAN_POINT('',(-2.724938966801,-1.7,-1.665334536938E-16));
#1711 = CIRCLE('',#1712,0.3);
#1712 = AXIS2_PLACEMENT_3D('',#1713,#1714,#1715);
#1713 = CARTESIAN_POINT('',(-2.724938966801,-1.7,0.3));
#1714 = DIRECTION('',(1.144237745222E-17,1.,7.703719777549E-34));
#1715 = DIRECTION('',(0.984807753012,-1.126854202784E-17,-0.173648177667
    ));
#1716 = ORIENTED_EDGE('',*,*,#1717,.T.);
#1717 = EDGE_CURVE('',#1709,#1718,#1720,.T.);
#1718 = VERTEX_POINT('',#1719);
#1719 = CARTESIAN_POINT('',(-3.,-1.7,-1.665334536938E-16));
#1720 = LINE('',#1721,#1722);
#1721 = CARTESIAN_POINT('',(-2.724938966801,-1.7,-1.665334536938E-16));
#1722 = VECTOR('',#1723,1.);
#1723 = DIRECTION('',(-1.,1.144237745222E-17,0.));
#1724 = ORIENTED_EDGE('',*,*,#1725,.T.);
#1725 = EDGE_CURVE('',#1718,#1726,#1728,.T.);
#1726 = VERTEX_POINT('',#1727);
#1727 = CARTESIAN_POINT('',(-3.,-1.7,0.2));
#1728 = LINE('',#1729,#1730);
#1729 = CARTESIAN_POINT('',(-3.,-1.7,-1.665334536938E-16));
#1730 = VECTOR('',#1731,1.);
#1731 = DIRECTION('',(0.,0.,1.));
#1732 = ORIENTED_EDGE('',*,*,#1733,.T.);
#1733 = EDGE_CURVE('',#1726,#1734,#1736,.T.);
#1734 = VERTEX_POINT('',#1735);
#1735 = CARTESIAN_POINT('',(-2.724938966801,-1.7,0.2));
#1736 = LINE('',#1737,#1738);
#1737 = CARTESIAN_POINT('',(-3.,-1.7,0.2));
#1738 = VECTOR('',#1739,1.);
#1739 = DIRECTION('',(1.,-1.144237745222E-17,0.));
#1740 = ORIENTED_EDGE('',*,*,#1741,.T.);
#1741 = EDGE_CURVE('',#1734,#1742,#1744,.T.);
#1742 = VERTEX_POINT('',#1743);
#1743 = CARTESIAN_POINT('',(-2.6264581915,-1.7,0.282635182233));
#1744 = CIRCLE('',#1745,0.1);
#1745 = AXIS2_PLACEMENT_3D('',#1746,#1747,#1748);
#1746 = CARTESIAN_POINT('',(-2.724938966801,-1.7,0.3));
#1747 = DIRECTION('',(-1.144237745222E-17,-1.,-0.));
#1748 = DIRECTION('',(0.,0.,-1.));
#1749 = ORIENTED_EDGE('',*,*,#1750,.T.);
#1750 = EDGE_CURVE('',#1742,#1751,#1753,.T.);
#1751 = VERTEX_POINT('',#1752);
#1752 = CARTESIAN_POINT('',(-2.545442325904,-1.7,0.7770944533));
#1753 = LINE('',#1754,#1755);
#1754 = CARTESIAN_POINT('',(-2.6264581915,-1.7,0.282635182233));
#1755 = VECTOR('',#1756,1.);
#1756 = DIRECTION('',(0.161691392282,-1.85013394127E-18,0.986841372087)
  );
#1757 = ORIENTED_EDGE('',*,*,#1758,.T.);
#1758 = EDGE_CURVE('',#1751,#1759,#1761,.T.);
#1759 = VERTEX_POINT('',#1760);
#1760 = CARTESIAN_POINT('',(-2.25,-1.7,1.025));
#1761 = CIRCLE('',#1762,0.3);
#1762 = AXIS2_PLACEMENT_3D('',#1763,#1764,#1765);
#1763 = CARTESIAN_POINT('',(-2.25,-1.7,0.725));
#1764 = DIRECTION('',(1.144237745222E-17,1.,7.703719777549E-34));
#1765 = DIRECTION('',(-0.984807753012,1.126854202784E-17,0.173648177667)
  );
#1766 = ORIENTED_EDGE('',*,*,#1767,.T.);
#1767 = EDGE_CURVE('',#1759,#677,#1768,.T.);
#1768 = LINE('',#1769,#1770);
#1769 = CARTESIAN_POINT('',(-2.25,-1.7,1.025));
#1770 = VECTOR('',#1771,1.);
#1771 = DIRECTION('',(1.,-1.144237745222E-17,0.));
#1772 = PLANE('',#1773);
#1773 = AXIS2_PLACEMENT_3D('',#1774,#1775,#1776);
#1774 = CARTESIAN_POINT('',(-2.42560961319,-1.7,0.548953137803));
#1775 = DIRECTION('',(1.144237745222E-17,1.,0.));
#1776 = DIRECTION('',(0.,-0.,1.));
#1777 = ADVANCED_FACE('',(#1778),#1794,.F.);
#1778 = FACE_BOUND('',#1779,.F.);
#1779 = EDGE_LOOP('',(#1780,#1781,#1787,#1788));
#1780 = ORIENTED_EDGE('',*,*,#693,.T.);
#1781 = ORIENTED_EDGE('',*,*,#1782,.T.);
#1782 = EDGE_CURVE('',#686,#1270,#1783,.T.);
#1783 = LINE('',#1784,#1785);
#1784 = CARTESIAN_POINT('',(-2.25,-0.84,1.025));
#1785 = VECTOR('',#1786,1.);
#1786 = DIRECTION('',(1.,-1.144237745222E-17,0.));
#1787 = ORIENTED_EDGE('',*,*,#1269,.F.);
#1788 = ORIENTED_EDGE('',*,*,#1789,.F.);
#1789 = EDGE_CURVE('',#677,#1262,#1790,.T.);
#1790 = LINE('',#1791,#1792);
#1791 = CARTESIAN_POINT('',(-2.25,-1.7,1.025));
#1792 = VECTOR('',#1793,1.);
#1793 = DIRECTION('',(1.,-1.144237745222E-17,0.));
#1794 = PLANE('',#1795);
#1795 = AXIS2_PLACEMENT_3D('',#1796,#1797,#1798);
#1796 = CARTESIAN_POINT('',(-3.027078129022E-16,2.4125,1.025));
#1797 = DIRECTION('',(2.007919022429E-31,-7.713306628828E-27,-1.));
#1798 = DIRECTION('',(1.,1.112083013911E-16,2.00791902242E-31));
#1799 = ADVANCED_FACE('',(#1800),#1886,.F.);
#1800 = FACE_BOUND('',#1801,.F.);
#1801 = EDGE_LOOP('',(#1802,#1803,#1804,#1813,#1821,#1830,#1838,#1846,
    #1854,#1863,#1871,#1880));
#1802 = ORIENTED_EDGE('',*,*,#685,.F.);
#1803 = ORIENTED_EDGE('',*,*,#707,.T.);
#1804 = ORIENTED_EDGE('',*,*,#1805,.T.);
#1805 = EDGE_CURVE('',#708,#1806,#1808,.T.);
#1806 = VERTEX_POINT('',#1807);
#1807 = CARTESIAN_POINT('',(-2.348480775301,-0.84,0.742364817767));
#1808 = CIRCLE('',#1809,0.1);
#1809 = AXIS2_PLACEMENT_3D('',#1810,#1811,#1812);
#1810 = CARTESIAN_POINT('',(-2.25,-0.84,0.725));
#1811 = DIRECTION('',(-1.144237745222E-17,-1.,3.284293275761E-47));
#1812 = DIRECTION('',(-4.440892098501E-15,5.081436361563E-32,1.));
#1813 = ORIENTED_EDGE('',*,*,#1814,.T.);
#1814 = EDGE_CURVE('',#1806,#1815,#1817,.T.);
#1815 = VERTEX_POINT('',#1816);
#1816 = CARTESIAN_POINT('',(-2.429496640897,-0.84,0.2479055467));
#1817 = LINE('',#1818,#1819);
#1818 = CARTESIAN_POINT('',(-2.348480775301,-0.84,0.742364817767));
#1819 = VECTOR('',#1820,1.);
#1820 = DIRECTION('',(-0.161691392282,1.85013394127E-18,-0.986841372087)
  );
#1821 = ORIENTED_EDGE('',*,*,#1822,.T.);
#1822 = EDGE_CURVE('',#1815,#1823,#1825,.T.);
#1823 = VERTEX_POINT('',#1824);
#1824 = CARTESIAN_POINT('',(-2.724938966801,-0.84,-1.665334536938E-16));
#1825 = CIRCLE('',#1826,0.3);
#1826 = AXIS2_PLACEMENT_3D('',#1827,#1828,#1829);
#1827 = CARTESIAN_POINT('',(-2.724938966801,-0.84,0.3));
#1828 = DIRECTION('',(1.144237745222E-17,1.,7.703719777549E-34));
#1829 = DIRECTION('',(0.984807753012,-1.126854202784E-17,-0.173648177667
    ));
#1830 = ORIENTED_EDGE('',*,*,#1831,.T.);
#1831 = EDGE_CURVE('',#1823,#1832,#1834,.T.);
#1832 = VERTEX_POINT('',#1833);
#1833 = CARTESIAN_POINT('',(-3.,-0.84,-1.665334536938E-16));
#1834 = LINE('',#1835,#1836);
#1835 = CARTESIAN_POINT('',(-2.724938966801,-0.84,-1.665334536938E-16));
#1836 = VECTOR('',#1837,1.);
#1837 = DIRECTION('',(-1.,1.144237745222E-17,0.));
#1838 = ORIENTED_EDGE('',*,*,#1839,.T.);
#1839 = EDGE_CURVE('',#1832,#1840,#1842,.T.);
#1840 = VERTEX_POINT('',#1841);
#1841 = CARTESIAN_POINT('',(-3.,-0.84,0.2));
#1842 = LINE('',#1843,#1844);
#1843 = CARTESIAN_POINT('',(-3.,-0.84,-1.665334536938E-16));
#1844 = VECTOR('',#1845,1.);
#1845 = DIRECTION('',(0.,0.,1.));
#1846 = ORIENTED_EDGE('',*,*,#1847,.T.);
#1847 = EDGE_CURVE('',#1840,#1848,#1850,.T.);
#1848 = VERTEX_POINT('',#1849);
#1849 = CARTESIAN_POINT('',(-2.724938966801,-0.84,0.2));
#1850 = LINE('',#1851,#1852);
#1851 = CARTESIAN_POINT('',(-3.,-0.84,0.2));
#1852 = VECTOR('',#1853,1.);
#1853 = DIRECTION('',(1.,-1.144237745222E-17,0.));
#1854 = ORIENTED_EDGE('',*,*,#1855,.T.);
#1855 = EDGE_CURVE('',#1848,#1856,#1858,.T.);
#1856 = VERTEX_POINT('',#1857);
#1857 = CARTESIAN_POINT('',(-2.6264581915,-0.84,0.282635182233));
#1858 = CIRCLE('',#1859,0.1);
#1859 = AXIS2_PLACEMENT_3D('',#1860,#1861,#1862);
#1860 = CARTESIAN_POINT('',(-2.724938966801,-0.84,0.3));
#1861 = DIRECTION('',(-1.144237745222E-17,-1.,-0.));
#1862 = DIRECTION('',(0.,0.,-1.));
#1863 = ORIENTED_EDGE('',*,*,#1864,.T.);
#1864 = EDGE_CURVE('',#1856,#1865,#1867,.T.);
#1865 = VERTEX_POINT('',#1866);
#1866 = CARTESIAN_POINT('',(-2.545442325904,-0.84,0.7770944533));
#1867 = LINE('',#1868,#1869);
#1868 = CARTESIAN_POINT('',(-2.6264581915,-0.84,0.282635182233));
#1869 = VECTOR('',#1870,1.);
#1870 = DIRECTION('',(0.161691392282,-1.85013394127E-18,0.986841372087)
  );
#1871 = ORIENTED_EDGE('',*,*,#1872,.T.);
#1872 = EDGE_CURVE('',#1865,#1873,#1875,.T.);
#1873 = VERTEX_POINT('',#1874);
#1874 = CARTESIAN_POINT('',(-2.25,-0.84,1.025));
#1875 = CIRCLE('',#1876,0.3);
#1876 = AXIS2_PLACEMENT_3D('',#1877,#1878,#1879);
#1877 = CARTESIAN_POINT('',(-2.25,-0.84,0.725));
#1878 = DIRECTION('',(1.144237745222E-17,1.,7.703719777549E-34));
#1879 = DIRECTION('',(-0.984807753012,1.126854202784E-17,0.173648177667)
  );
#1880 = ORIENTED_EDGE('',*,*,#1881,.T.);
#1881 = EDGE_CURVE('',#1873,#686,#1882,.T.);
#1882 = LINE('',#1883,#1884);
#1883 = CARTESIAN_POINT('',(-2.25,-0.84,1.025));
#1884 = VECTOR('',#1885,1.);
#1885 = DIRECTION('',(1.,-1.144237745222E-17,0.));
#1886 = PLANE('',#1887);
#1887 = AXIS2_PLACEMENT_3D('',#1888,#1889,#1890);
#1888 = CARTESIAN_POINT('',(-2.42560961319,-0.84,0.548953137803));
#1889 = DIRECTION('',(1.144237745222E-17,1.,0.));
#1890 = DIRECTION('',(0.,-0.,1.));
#1891 = ADVANCED_FACE('',(#1892),#1911,.F.);
#1892 = FACE_BOUND('',#1893,.F.);
#1893 = EDGE_LOOP('',(#1894,#1895,#1904,#1910));
#1894 = ORIENTED_EDGE('',*,*,#724,.T.);
#1895 = ORIENTED_EDGE('',*,*,#1896,.T.);
#1896 = EDGE_CURVE('',#717,#1897,#1899,.T.);
#1897 = VERTEX_POINT('',#1898);
#1898 = CARTESIAN_POINT('',(-2.348480775301,-0.43,0.742364817767));
#1899 = CIRCLE('',#1900,0.1);
#1900 = AXIS2_PLACEMENT_3D('',#1901,#1902,#1903);
#1901 = CARTESIAN_POINT('',(-2.25,-0.43,0.725));
#1902 = DIRECTION('',(-1.144237745222E-17,-1.,3.284293275761E-47));
#1903 = DIRECTION('',(-4.440892098501E-15,5.081436361563E-32,1.));
#1904 = ORIENTED_EDGE('',*,*,#1905,.F.);
#1905 = EDGE_CURVE('',#1806,#1897,#1906,.T.);
#1906 = LINE('',#1907,#1908);
#1907 = CARTESIAN_POINT('',(-2.348480775301,-0.84,0.742364817767));
#1908 = VECTOR('',#1909,1.);
#1909 = DIRECTION('',(1.144237745222E-17,1.,0.));
#1910 = ORIENTED_EDGE('',*,*,#1805,.F.);
#1911 = CYLINDRICAL_SURFACE('',#1912,0.1);
#1912 = AXIS2_PLACEMENT_3D('',#1913,#1914,#1915);
#1913 = CARTESIAN_POINT('',(-2.25,-0.84,0.725));
#1914 = DIRECTION('',(-1.144237745222E-17,-1.,0.));
#1915 = DIRECTION('',(-4.440892098501E-15,5.081436361563E-32,1.));
#1916 = ADVANCED_FACE('',(#1917),#1995,.T.);
#1917 = FACE_BOUND('',#1918,.T.);
#1918 = EDGE_LOOP('',(#1919,#1920,#1921,#1922,#1930,#1939,#1947,#1955,
    #1963,#1972,#1980,#1989));
#1919 = ORIENTED_EDGE('',*,*,#738,.F.);
#1920 = ORIENTED_EDGE('',*,*,#716,.T.);
#1921 = ORIENTED_EDGE('',*,*,#1896,.T.);
#1922 = ORIENTED_EDGE('',*,*,#1923,.T.);
#1923 = EDGE_CURVE('',#1897,#1924,#1926,.T.);
#1924 = VERTEX_POINT('',#1925);
#1925 = CARTESIAN_POINT('',(-2.429496640897,-0.43,0.2479055467));
#1926 = LINE('',#1927,#1928);
#1927 = CARTESIAN_POINT('',(-2.348480775301,-0.43,0.742364817767));
#1928 = VECTOR('',#1929,1.);
#1929 = DIRECTION('',(-0.161691392282,1.85013394127E-18,-0.986841372087)
  );
#1930 = ORIENTED_EDGE('',*,*,#1931,.T.);
#1931 = EDGE_CURVE('',#1924,#1932,#1934,.T.);
#1932 = VERTEX_POINT('',#1933);
#1933 = CARTESIAN_POINT('',(-2.724938966801,-0.43,-1.665334536938E-16));
#1934 = CIRCLE('',#1935,0.3);
#1935 = AXIS2_PLACEMENT_3D('',#1936,#1937,#1938);
#1936 = CARTESIAN_POINT('',(-2.724938966801,-0.43,0.3));
#1937 = DIRECTION('',(1.144237745222E-17,1.,7.703719777549E-34));
#1938 = DIRECTION('',(0.984807753012,-1.126854202784E-17,-0.173648177667
    ));
#1939 = ORIENTED_EDGE('',*,*,#1940,.T.);
#1940 = EDGE_CURVE('',#1932,#1941,#1943,.T.);
#1941 = VERTEX_POINT('',#1942);
#1942 = CARTESIAN_POINT('',(-3.,-0.43,-1.665334536938E-16));
#1943 = LINE('',#1944,#1945);
#1944 = CARTESIAN_POINT('',(-2.724938966801,-0.43,-1.665334536938E-16));
#1945 = VECTOR('',#1946,1.);
#1946 = DIRECTION('',(-1.,1.144237745222E-17,0.));
#1947 = ORIENTED_EDGE('',*,*,#1948,.T.);
#1948 = EDGE_CURVE('',#1941,#1949,#1951,.T.);
#1949 = VERTEX_POINT('',#1950);
#1950 = CARTESIAN_POINT('',(-3.,-0.43,0.2));
#1951 = LINE('',#1952,#1953);
#1952 = CARTESIAN_POINT('',(-3.,-0.43,-1.665334536938E-16));
#1953 = VECTOR('',#1954,1.);
#1954 = DIRECTION('',(0.,0.,1.));
#1955 = ORIENTED_EDGE('',*,*,#1956,.T.);
#1956 = EDGE_CURVE('',#1949,#1957,#1959,.T.);
#1957 = VERTEX_POINT('',#1958);
#1958 = CARTESIAN_POINT('',(-2.724938966801,-0.43,0.2));
#1959 = LINE('',#1960,#1961);
#1960 = CARTESIAN_POINT('',(-3.,-0.43,0.2));
#1961 = VECTOR('',#1962,1.);
#1962 = DIRECTION('',(1.,-1.144237745222E-17,0.));
#1963 = ORIENTED_EDGE('',*,*,#1964,.T.);
#1964 = EDGE_CURVE('',#1957,#1965,#1967,.T.);
#1965 = VERTEX_POINT('',#1966);
#1966 = CARTESIAN_POINT('',(-2.6264581915,-0.43,0.282635182233));
#1967 = CIRCLE('',#1968,0.1);
#1968 = AXIS2_PLACEMENT_3D('',#1969,#1970,#1971);
#1969 = CARTESIAN_POINT('',(-2.724938966801,-0.43,0.3));
#1970 = DIRECTION('',(-1.144237745222E-17,-1.,-0.));
#1971 = DIRECTION('',(0.,0.,-1.));
#1972 = ORIENTED_EDGE('',*,*,#1973,.T.);
#1973 = EDGE_CURVE('',#1965,#1974,#1976,.T.);
#1974 = VERTEX_POINT('',#1975);
#1975 = CARTESIAN_POINT('',(-2.545442325904,-0.43,0.7770944533));
#1976 = LINE('',#1977,#1978);
#1977 = CARTESIAN_POINT('',(-2.6264581915,-0.43,0.282635182233));
#1978 = VECTOR('',#1979,1.);
#1979 = DIRECTION('',(0.161691392282,-1.85013394127E-18,0.986841372087)
  );
#1980 = ORIENTED_EDGE('',*,*,#1981,.T.);
#1981 = EDGE_CURVE('',#1974,#1982,#1984,.T.);
#1982 = VERTEX_POINT('',#1983);
#1983 = CARTESIAN_POINT('',(-2.25,-0.43,1.025));
#1984 = CIRCLE('',#1985,0.3);
#1985 = AXIS2_PLACEMENT_3D('',#1986,#1987,#1988);
#1986 = CARTESIAN_POINT('',(-2.25,-0.43,0.725));
#1987 = DIRECTION('',(1.144237745222E-17,1.,7.703719777549E-34));
#1988 = DIRECTION('',(-0.984807753012,1.126854202784E-17,0.173648177667)
  );
#1989 = ORIENTED_EDGE('',*,*,#1990,.T.);
#1990 = EDGE_CURVE('',#1982,#739,#1991,.T.);
#1991 = LINE('',#1992,#1993);
#1992 = CARTESIAN_POINT('',(-2.25,-0.43,1.025));
#1993 = VECTOR('',#1994,1.);
#1994 = DIRECTION('',(1.,-1.144237745222E-17,0.));
#1995 = PLANE('',#1996);
#1996 = AXIS2_PLACEMENT_3D('',#1997,#1998,#1999);
#1997 = CARTESIAN_POINT('',(-2.42560961319,-0.43,0.548953137803));
#1998 = DIRECTION('',(1.144237745222E-17,1.,0.));
#1999 = DIRECTION('',(0.,-0.,1.));
#2000 = ADVANCED_FACE('',(#2001),#2017,.F.);
#2001 = FACE_BOUND('',#2002,.F.);
#2002 = EDGE_LOOP('',(#2003,#2004,#2010,#2011));
#2003 = ORIENTED_EDGE('',*,*,#755,.T.);
#2004 = ORIENTED_EDGE('',*,*,#2005,.T.);
#2005 = EDGE_CURVE('',#748,#1286,#2006,.T.);
#2006 = LINE('',#2007,#2008);
#2007 = CARTESIAN_POINT('',(-2.25,0.43,1.025));
#2008 = VECTOR('',#2009,1.);
#2009 = DIRECTION('',(1.,-1.144237745222E-17,0.));
#2010 = ORIENTED_EDGE('',*,*,#1285,.F.);
#2011 = ORIENTED_EDGE('',*,*,#2012,.F.);
#2012 = EDGE_CURVE('',#739,#1278,#2013,.T.);
#2013 = LINE('',#2014,#2015);
#2014 = CARTESIAN_POINT('',(-2.25,-0.43,1.025));
#2015 = VECTOR('',#2016,1.);
#2016 = DIRECTION('',(1.,-1.144237745222E-17,0.));
#2017 = PLANE('',#2018);
#2018 = AXIS2_PLACEMENT_3D('',#2019,#2020,#2021);
#2019 = CARTESIAN_POINT('',(-3.027078129022E-16,2.4125,1.025));
#2020 = DIRECTION('',(2.007919022429E-31,-7.713306628828E-27,-1.));
#2021 = DIRECTION('',(1.,1.112083013911E-16,2.00791902242E-31));
#2022 = ADVANCED_FACE('',(#2023),#2109,.F.);
#2023 = FACE_BOUND('',#2024,.F.);
#2024 = EDGE_LOOP('',(#2025,#2026,#2027,#2036,#2044,#2053,#2061,#2069,
    #2077,#2086,#2094,#2103));
#2025 = ORIENTED_EDGE('',*,*,#747,.F.);
#2026 = ORIENTED_EDGE('',*,*,#769,.T.);
#2027 = ORIENTED_EDGE('',*,*,#2028,.T.);
#2028 = EDGE_CURVE('',#770,#2029,#2031,.T.);
#2029 = VERTEX_POINT('',#2030);
#2030 = CARTESIAN_POINT('',(-2.348480775301,0.43,0.742364817767));
#2031 = CIRCLE('',#2032,0.1);
#2032 = AXIS2_PLACEMENT_3D('',#2033,#2034,#2035);
#2033 = CARTESIAN_POINT('',(-2.25,0.43,0.725));
#2034 = DIRECTION('',(-1.144237745222E-17,-1.,3.284293275761E-47));
#2035 = DIRECTION('',(-4.440892098501E-15,5.081436361563E-32,1.));
#2036 = ORIENTED_EDGE('',*,*,#2037,.T.);
#2037 = EDGE_CURVE('',#2029,#2038,#2040,.T.);
#2038 = VERTEX_POINT('',#2039);
#2039 = CARTESIAN_POINT('',(-2.429496640897,0.43,0.2479055467));
#2040 = LINE('',#2041,#2042);
#2041 = CARTESIAN_POINT('',(-2.348480775301,0.43,0.742364817767));
#2042 = VECTOR('',#2043,1.);
#2043 = DIRECTION('',(-0.161691392282,1.85013394127E-18,-0.986841372087)
  );
#2044 = ORIENTED_EDGE('',*,*,#2045,.T.);
#2045 = EDGE_CURVE('',#2038,#2046,#2048,.T.);
#2046 = VERTEX_POINT('',#2047);
#2047 = CARTESIAN_POINT('',(-2.724938966801,0.43,-1.665334536938E-16));
#2048 = CIRCLE('',#2049,0.3);
#2049 = AXIS2_PLACEMENT_3D('',#2050,#2051,#2052);
#2050 = CARTESIAN_POINT('',(-2.724938966801,0.43,0.3));
#2051 = DIRECTION('',(1.144237745222E-17,1.,7.703719777549E-34));
#2052 = DIRECTION('',(0.984807753012,-1.126854202784E-17,-0.173648177667
    ));
#2053 = ORIENTED_EDGE('',*,*,#2054,.T.);
#2054 = EDGE_CURVE('',#2046,#2055,#2057,.T.);
#2055 = VERTEX_POINT('',#2056);
#2056 = CARTESIAN_POINT('',(-3.,0.43,-1.665334536938E-16));
#2057 = LINE('',#2058,#2059);
#2058 = CARTESIAN_POINT('',(-2.724938966801,0.43,-1.665334536938E-16));
#2059 = VECTOR('',#2060,1.);
#2060 = DIRECTION('',(-1.,1.144237745222E-17,0.));
#2061 = ORIENTED_EDGE('',*,*,#2062,.T.);
#2062 = EDGE_CURVE('',#2055,#2063,#2065,.T.);
#2063 = VERTEX_POINT('',#2064);
#2064 = CARTESIAN_POINT('',(-3.,0.43,0.2));
#2065 = LINE('',#2066,#2067);
#2066 = CARTESIAN_POINT('',(-3.,0.43,-1.665334536938E-16));
#2067 = VECTOR('',#2068,1.);
#2068 = DIRECTION('',(0.,0.,1.));
#2069 = ORIENTED_EDGE('',*,*,#2070,.T.);
#2070 = EDGE_CURVE('',#2063,#2071,#2073,.T.);
#2071 = VERTEX_POINT('',#2072);
#2072 = CARTESIAN_POINT('',(-2.724938966801,0.43,0.2));
#2073 = LINE('',#2074,#2075);
#2074 = CARTESIAN_POINT('',(-3.,0.43,0.2));
#2075 = VECTOR('',#2076,1.);
#2076 = DIRECTION('',(1.,-1.144237745222E-17,0.));
#2077 = ORIENTED_EDGE('',*,*,#2078,.T.);
#2078 = EDGE_CURVE('',#2071,#2079,#2081,.T.);
#2079 = VERTEX_POINT('',#2080);
#2080 = CARTESIAN_POINT('',(-2.6264581915,0.43,0.282635182233));
#2081 = CIRCLE('',#2082,0.1);
#2082 = AXIS2_PLACEMENT_3D('',#2083,#2084,#2085);
#2083 = CARTESIAN_POINT('',(-2.724938966801,0.43,0.3));
#2084 = DIRECTION('',(-1.144237745222E-17,-1.,-0.));
#2085 = DIRECTION('',(0.,0.,-1.));
#2086 = ORIENTED_EDGE('',*,*,#2087,.T.);
#2087 = EDGE_CURVE('',#2079,#2088,#2090,.T.);
#2088 = VERTEX_POINT('',#2089);
#2089 = CARTESIAN_POINT('',(-2.545442325904,0.43,0.7770944533));
#2090 = LINE('',#2091,#2092);
#2091 = CARTESIAN_POINT('',(-2.6264581915,0.43,0.282635182233));
#2092 = VECTOR('',#2093,1.);
#2093 = DIRECTION('',(0.161691392282,-1.85013394127E-18,0.986841372087)
  );
#2094 = ORIENTED_EDGE('',*,*,#2095,.T.);
#2095 = EDGE_CURVE('',#2088,#2096,#2098,.T.);
#2096 = VERTEX_POINT('',#2097);
#2097 = CARTESIAN_POINT('',(-2.25,0.43,1.025));
#2098 = CIRCLE('',#2099,0.3);
#2099 = AXIS2_PLACEMENT_3D('',#2100,#2101,#2102);
#2100 = CARTESIAN_POINT('',(-2.25,0.43,0.725));
#2101 = DIRECTION('',(1.144237745222E-17,1.,7.703719777549E-34));
#2102 = DIRECTION('',(-0.984807753012,1.126854202784E-17,0.173648177667)
  );
#2103 = ORIENTED_EDGE('',*,*,#2104,.T.);
#2104 = EDGE_CURVE('',#2096,#748,#2105,.T.);
#2105 = LINE('',#2106,#2107);
#2106 = CARTESIAN_POINT('',(-2.25,0.43,1.025));
#2107 = VECTOR('',#2108,1.);
#2108 = DIRECTION('',(1.,-1.144237745222E-17,0.));
#2109 = PLANE('',#2110);
#2110 = AXIS2_PLACEMENT_3D('',#2111,#2112,#2113);
#2111 = CARTESIAN_POINT('',(-2.42560961319,0.43,0.548953137803));
#2112 = DIRECTION('',(1.144237745222E-17,1.,0.));
#2113 = DIRECTION('',(0.,-0.,1.));
#2114 = ADVANCED_FACE('',(#2115),#2134,.F.);
#2115 = FACE_BOUND('',#2116,.F.);
#2116 = EDGE_LOOP('',(#2117,#2118,#2127,#2133));
#2117 = ORIENTED_EDGE('',*,*,#786,.T.);
#2118 = ORIENTED_EDGE('',*,*,#2119,.T.);
#2119 = EDGE_CURVE('',#779,#2120,#2122,.T.);
#2120 = VERTEX_POINT('',#2121);
#2121 = CARTESIAN_POINT('',(-2.348480775301,0.84,0.742364817767));
#2122 = CIRCLE('',#2123,0.1);
#2123 = AXIS2_PLACEMENT_3D('',#2124,#2125,#2126);
#2124 = CARTESIAN_POINT('',(-2.25,0.84,0.725));
#2125 = DIRECTION('',(-1.144237745222E-17,-1.,3.284293275761E-47));
#2126 = DIRECTION('',(-4.440892098501E-15,5.081436361563E-32,1.));
#2127 = ORIENTED_EDGE('',*,*,#2128,.F.);
#2128 = EDGE_CURVE('',#2029,#2120,#2129,.T.);
#2129 = LINE('',#2130,#2131);
#2130 = CARTESIAN_POINT('',(-2.348480775301,0.43,0.742364817767));
#2131 = VECTOR('',#2132,1.);
#2132 = DIRECTION('',(1.144237745222E-17,1.,0.));
#2133 = ORIENTED_EDGE('',*,*,#2028,.F.);
#2134 = CYLINDRICAL_SURFACE('',#2135,0.1);
#2135 = AXIS2_PLACEMENT_3D('',#2136,#2137,#2138);
#2136 = CARTESIAN_POINT('',(-2.25,0.43,0.725));
#2137 = DIRECTION('',(-1.144237745222E-17,-1.,0.));
#2138 = DIRECTION('',(-4.440892098501E-15,5.081436361563E-32,1.));
#2139 = ADVANCED_FACE('',(#2140),#2218,.T.);
#2140 = FACE_BOUND('',#2141,.T.);
#2141 = EDGE_LOOP('',(#2142,#2143,#2144,#2145,#2153,#2162,#2170,#2178,
    #2186,#2195,#2203,#2212));
#2142 = ORIENTED_EDGE('',*,*,#800,.F.);
#2143 = ORIENTED_EDGE('',*,*,#778,.T.);
#2144 = ORIENTED_EDGE('',*,*,#2119,.T.);
#2145 = ORIENTED_EDGE('',*,*,#2146,.T.);
#2146 = EDGE_CURVE('',#2120,#2147,#2149,.T.);
#2147 = VERTEX_POINT('',#2148);
#2148 = CARTESIAN_POINT('',(-2.429496640897,0.84,0.2479055467));
#2149 = LINE('',#2150,#2151);
#2150 = CARTESIAN_POINT('',(-2.348480775301,0.84,0.742364817767));
#2151 = VECTOR('',#2152,1.);
#2152 = DIRECTION('',(-0.161691392282,1.85013394127E-18,-0.986841372087)
  );
#2153 = ORIENTED_EDGE('',*,*,#2154,.T.);
#2154 = EDGE_CURVE('',#2147,#2155,#2157,.T.);
#2155 = VERTEX_POINT('',#2156);
#2156 = CARTESIAN_POINT('',(-2.724938966801,0.84,-1.665334536938E-16));
#2157 = CIRCLE('',#2158,0.3);
#2158 = AXIS2_PLACEMENT_3D('',#2159,#2160,#2161);
#2159 = CARTESIAN_POINT('',(-2.724938966801,0.84,0.3));
#2160 = DIRECTION('',(1.144237745222E-17,1.,7.703719777549E-34));
#2161 = DIRECTION('',(0.984807753012,-1.126854202784E-17,-0.173648177667
    ));
#2162 = ORIENTED_EDGE('',*,*,#2163,.T.);
#2163 = EDGE_CURVE('',#2155,#2164,#2166,.T.);
#2164 = VERTEX_POINT('',#2165);
#2165 = CARTESIAN_POINT('',(-3.,0.84,-1.665334536938E-16));
#2166 = LINE('',#2167,#2168);
#2167 = CARTESIAN_POINT('',(-2.724938966801,0.84,-1.665334536938E-16));
#2168 = VECTOR('',#2169,1.);
#2169 = DIRECTION('',(-1.,1.144237745222E-17,0.));
#2170 = ORIENTED_EDGE('',*,*,#2171,.T.);
#2171 = EDGE_CURVE('',#2164,#2172,#2174,.T.);
#2172 = VERTEX_POINT('',#2173);
#2173 = CARTESIAN_POINT('',(-3.,0.84,0.2));
#2174 = LINE('',#2175,#2176);
#2175 = CARTESIAN_POINT('',(-3.,0.84,-1.665334536938E-16));
#2176 = VECTOR('',#2177,1.);
#2177 = DIRECTION('',(0.,0.,1.));
#2178 = ORIENTED_EDGE('',*,*,#2179,.T.);
#2179 = EDGE_CURVE('',#2172,#2180,#2182,.T.);
#2180 = VERTEX_POINT('',#2181);
#2181 = CARTESIAN_POINT('',(-2.724938966801,0.84,0.2));
#2182 = LINE('',#2183,#2184);
#2183 = CARTESIAN_POINT('',(-3.,0.84,0.2));
#2184 = VECTOR('',#2185,1.);
#2185 = DIRECTION('',(1.,-1.144237745222E-17,0.));
#2186 = ORIENTED_EDGE('',*,*,#2187,.T.);
#2187 = EDGE_CURVE('',#2180,#2188,#2190,.T.);
#2188 = VERTEX_POINT('',#2189);
#2189 = CARTESIAN_POINT('',(-2.6264581915,0.84,0.282635182233));
#2190 = CIRCLE('',#2191,0.1);
#2191 = AXIS2_PLACEMENT_3D('',#2192,#2193,#2194);
#2192 = CARTESIAN_POINT('',(-2.724938966801,0.84,0.3));
#2193 = DIRECTION('',(-1.144237745222E-17,-1.,-0.));
#2194 = DIRECTION('',(0.,0.,-1.));
#2195 = ORIENTED_EDGE('',*,*,#2196,.T.);
#2196 = EDGE_CURVE('',#2188,#2197,#2199,.T.);
#2197 = VERTEX_POINT('',#2198);
#2198 = CARTESIAN_POINT('',(-2.545442325904,0.84,0.7770944533));
#2199 = LINE('',#2200,#2201);
#2200 = CARTESIAN_POINT('',(-2.6264581915,0.84,0.282635182233));
#2201 = VECTOR('',#2202,1.);
#2202 = DIRECTION('',(0.161691392282,-1.85013394127E-18,0.986841372087)
  );
#2203 = ORIENTED_EDGE('',*,*,#2204,.T.);
#2204 = EDGE_CURVE('',#2197,#2205,#2207,.T.);
#2205 = VERTEX_POINT('',#2206);
#2206 = CARTESIAN_POINT('',(-2.25,0.84,1.025));
#2207 = CIRCLE('',#2208,0.3);
#2208 = AXIS2_PLACEMENT_3D('',#2209,#2210,#2211);
#2209 = CARTESIAN_POINT('',(-2.25,0.84,0.725));
#2210 = DIRECTION('',(1.144237745222E-17,1.,7.703719777549E-34));
#2211 = DIRECTION('',(-0.984807753012,1.126854202784E-17,0.173648177667)
  );
#2212 = ORIENTED_EDGE('',*,*,#2213,.T.);
#2213 = EDGE_CURVE('',#2205,#801,#2214,.T.);
#2214 = LINE('',#2215,#2216);
#2215 = CARTESIAN_POINT('',(-2.25,0.84,1.025));
#2216 = VECTOR('',#2217,1.);
#2217 = DIRECTION('',(1.,-1.144237745222E-17,0.));
#2218 = PLANE('',#2219);
#2219 = AXIS2_PLACEMENT_3D('',#2220,#2221,#2222);
#2220 = CARTESIAN_POINT('',(-2.42560961319,0.84,0.548953137803));
#2221 = DIRECTION('',(1.144237745222E-17,1.,0.));
#2222 = DIRECTION('',(0.,-0.,1.));
#2223 = ADVANCED_FACE('',(#2224),#2235,.F.);
#2224 = FACE_BOUND('',#2225,.F.);
#2225 = EDGE_LOOP('',(#2226,#2227,#2228,#2229));
#2226 = ORIENTED_EDGE('',*,*,#817,.T.);
#2227 = ORIENTED_EDGE('',*,*,#1237,.T.);
#2228 = ORIENTED_EDGE('',*,*,#1301,.F.);
#2229 = ORIENTED_EDGE('',*,*,#2230,.F.);
#2230 = EDGE_CURVE('',#801,#1294,#2231,.T.);
#2231 = LINE('',#2232,#2233);
#2232 = CARTESIAN_POINT('',(-2.25,0.84,1.025));
#2233 = VECTOR('',#2234,1.);
#2234 = DIRECTION('',(1.,-1.144237745222E-17,0.));
#2235 = PLANE('',#2236);
#2236 = AXIS2_PLACEMENT_3D('',#2237,#2238,#2239);
#2237 = CARTESIAN_POINT('',(-3.027078129022E-16,2.4125,1.025));
#2238 = DIRECTION('',(2.007919022429E-31,-7.713306628828E-27,-1.));
#2239 = DIRECTION('',(1.,1.112083013911E-16,2.00791902242E-31));
#2240 = ADVANCED_FACE('',(#2241),#2320,.F.);
#2241 = FACE_BOUND('',#2242,.F.);
#2242 = EDGE_LOOP('',(#2243,#2244,#2245,#2254,#2262,#2271,#2279,#2287,
    #2295,#2304,#2312,#2319));
#2243 = ORIENTED_EDGE('',*,*,#809,.F.);
#2244 = ORIENTED_EDGE('',*,*,#831,.T.);
#2245 = ORIENTED_EDGE('',*,*,#2246,.T.);
#2246 = EDGE_CURVE('',#832,#2247,#2249,.T.);
#2247 = VERTEX_POINT('',#2248);
#2248 = CARTESIAN_POINT('',(-2.348480775301,1.7,0.742364817767));
#2249 = CIRCLE('',#2250,0.1);
#2250 = AXIS2_PLACEMENT_3D('',#2251,#2252,#2253);
#2251 = CARTESIAN_POINT('',(-2.25,1.7,0.725));
#2252 = DIRECTION('',(-1.144237745222E-17,-1.,3.284293275761E-47));
#2253 = DIRECTION('',(-4.440892098501E-15,5.081436361563E-32,1.));
#2254 = ORIENTED_EDGE('',*,*,#2255,.T.);
#2255 = EDGE_CURVE('',#2247,#2256,#2258,.T.);
#2256 = VERTEX_POINT('',#2257);
#2257 = CARTESIAN_POINT('',(-2.429496640897,1.7,0.2479055467));
#2258 = LINE('',#2259,#2260);
#2259 = CARTESIAN_POINT('',(-2.348480775301,1.7,0.742364817767));
#2260 = VECTOR('',#2261,1.);
#2261 = DIRECTION('',(-0.161691392282,1.85013394127E-18,-0.986841372087)
  );
#2262 = ORIENTED_EDGE('',*,*,#2263,.T.);
#2263 = EDGE_CURVE('',#2256,#2264,#2266,.T.);
#2264 = VERTEX_POINT('',#2265);
#2265 = CARTESIAN_POINT('',(-2.724938966801,1.7,-1.665334536938E-16));
#2266 = CIRCLE('',#2267,0.3);
#2267 = AXIS2_PLACEMENT_3D('',#2268,#2269,#2270);
#2268 = CARTESIAN_POINT('',(-2.724938966801,1.7,0.3));
#2269 = DIRECTION('',(1.144237745222E-17,1.,7.703719777549E-34));
#2270 = DIRECTION('',(0.984807753012,-1.126854202784E-17,-0.173648177667
    ));
#2271 = ORIENTED_EDGE('',*,*,#2272,.T.);
#2272 = EDGE_CURVE('',#2264,#2273,#2275,.T.);
#2273 = VERTEX_POINT('',#2274);
#2274 = CARTESIAN_POINT('',(-3.,1.7,-1.665334536938E-16));
#2275 = LINE('',#2276,#2277);
#2276 = CARTESIAN_POINT('',(-2.724938966801,1.7,-1.665334536938E-16));
#2277 = VECTOR('',#2278,1.);
#2278 = DIRECTION('',(-1.,1.144237745222E-17,0.));
#2279 = ORIENTED_EDGE('',*,*,#2280,.T.);
#2280 = EDGE_CURVE('',#2273,#2281,#2283,.T.);
#2281 = VERTEX_POINT('',#2282);
#2282 = CARTESIAN_POINT('',(-3.,1.7,0.2));
#2283 = LINE('',#2284,#2285);
#2284 = CARTESIAN_POINT('',(-3.,1.7,-1.665334536938E-16));
#2285 = VECTOR('',#2286,1.);
#2286 = DIRECTION('',(0.,0.,1.));
#2287 = ORIENTED_EDGE('',*,*,#2288,.T.);
#2288 = EDGE_CURVE('',#2281,#2289,#2291,.T.);
#2289 = VERTEX_POINT('',#2290);
#2290 = CARTESIAN_POINT('',(-2.724938966801,1.7,0.2));
#2291 = LINE('',#2292,#2293);
#2292 = CARTESIAN_POINT('',(-3.,1.7,0.2));
#2293 = VECTOR('',#2294,1.);
#2294 = DIRECTION('',(1.,-1.144237745222E-17,0.));
#2295 = ORIENTED_EDGE('',*,*,#2296,.T.);
#2296 = EDGE_CURVE('',#2289,#2297,#2299,.T.);
#2297 = VERTEX_POINT('',#2298);
#2298 = CARTESIAN_POINT('',(-2.6264581915,1.7,0.282635182233));
#2299 = CIRCLE('',#2300,0.1);
#2300 = AXIS2_PLACEMENT_3D('',#2301,#2302,#2303);
#2301 = CARTESIAN_POINT('',(-2.724938966801,1.7,0.3));
#2302 = DIRECTION('',(-1.144237745222E-17,-1.,-0.));
#2303 = DIRECTION('',(0.,0.,-1.));
#2304 = ORIENTED_EDGE('',*,*,#2305,.T.);
#2305 = EDGE_CURVE('',#2297,#2306,#2308,.T.);
#2306 = VERTEX_POINT('',#2307);
#2307 = CARTESIAN_POINT('',(-2.545442325904,1.7,0.7770944533));
#2308 = LINE('',#2309,#2310);
#2309 = CARTESIAN_POINT('',(-2.6264581915,1.7,0.282635182233));
#2310 = VECTOR('',#2311,1.);
#2311 = DIRECTION('',(0.161691392282,-1.85013394127E-18,0.986841372087)
  );
#2312 = ORIENTED_EDGE('',*,*,#2313,.T.);
#2313 = EDGE_CURVE('',#2306,#1207,#2314,.T.);
#2314 = CIRCLE('',#2315,0.3);
#2315 = AXIS2_PLACEMENT_3D('',#2316,#2317,#2318);
#2316 = CARTESIAN_POINT('',(-2.25,1.7,0.725));
#2317 = DIRECTION('',(1.144237745222E-17,1.,7.703719777549E-34));
#2318 = DIRECTION('',(-0.984807753012,1.126854202784E-17,0.173648177667)
  );
#2319 = ORIENTED_EDGE('',*,*,#1206,.T.);
#2320 = PLANE('',#2321);
#2321 = AXIS2_PLACEMENT_3D('',#2322,#2323,#2324);
#2322 = CARTESIAN_POINT('',(-2.42560961319,1.7,0.548953137803));
#2323 = DIRECTION('',(1.144237745222E-17,1.,0.));
#2324 = DIRECTION('',(0.,-0.,1.));
#2325 = ADVANCED_FACE('',(#2326),#2345,.F.);
#2326 = FACE_BOUND('',#2327,.F.);
#2327 = EDGE_LOOP('',(#2328,#2329,#2338,#2344));
#2328 = ORIENTED_EDGE('',*,*,#848,.T.);
#2329 = ORIENTED_EDGE('',*,*,#2330,.T.);
#2330 = EDGE_CURVE('',#841,#2331,#2333,.T.);
#2331 = VERTEX_POINT('',#2332);
#2332 = CARTESIAN_POINT('',(-2.348480775301,2.11,0.742364817767));
#2333 = CIRCLE('',#2334,0.1);
#2334 = AXIS2_PLACEMENT_3D('',#2335,#2336,#2337);
#2335 = CARTESIAN_POINT('',(-2.25,2.11,0.725));
#2336 = DIRECTION('',(-1.144237745222E-17,-1.,3.284293275761E-47));
#2337 = DIRECTION('',(-4.440892098501E-15,5.081436361563E-32,1.));
#2338 = ORIENTED_EDGE('',*,*,#2339,.F.);
#2339 = EDGE_CURVE('',#2247,#2331,#2340,.T.);
#2340 = LINE('',#2341,#2342);
#2341 = CARTESIAN_POINT('',(-2.348480775301,1.7,0.742364817767));
#2342 = VECTOR('',#2343,1.);
#2343 = DIRECTION('',(1.144237745222E-17,1.,0.));
#2344 = ORIENTED_EDGE('',*,*,#2246,.F.);
#2345 = CYLINDRICAL_SURFACE('',#2346,0.1);
#2346 = AXIS2_PLACEMENT_3D('',#2347,#2348,#2349);
#2347 = CARTESIAN_POINT('',(-2.25,1.7,0.725));
#2348 = DIRECTION('',(-1.144237745222E-17,-1.,0.));
#2349 = DIRECTION('',(-4.440892098501E-15,5.081436361563E-32,1.));
#2350 = ADVANCED_FACE('',(#2351),#2422,.T.);
#2351 = FACE_BOUND('',#2352,.T.);
#2352 = EDGE_LOOP('',(#2353,#2354,#2355,#2356,#2364,#2373,#2381,#2389,
    #2397,#2406,#2414,#2421));
#2353 = ORIENTED_EDGE('',*,*,#862,.F.);
#2354 = ORIENTED_EDGE('',*,*,#840,.T.);
#2355 = ORIENTED_EDGE('',*,*,#2330,.T.);
#2356 = ORIENTED_EDGE('',*,*,#2357,.T.);
#2357 = EDGE_CURVE('',#2331,#2358,#2360,.T.);
#2358 = VERTEX_POINT('',#2359);
#2359 = CARTESIAN_POINT('',(-2.429496640897,2.11,0.2479055467));
#2360 = LINE('',#2361,#2362);
#2361 = CARTESIAN_POINT('',(-2.348480775301,2.11,0.742364817767));
#2362 = VECTOR('',#2363,1.);
#2363 = DIRECTION('',(-0.161691392282,1.85013394127E-18,-0.986841372087)
  );
#2364 = ORIENTED_EDGE('',*,*,#2365,.T.);
#2365 = EDGE_CURVE('',#2358,#2366,#2368,.T.);
#2366 = VERTEX_POINT('',#2367);
#2367 = CARTESIAN_POINT('',(-2.724938966801,2.11,-1.665334536938E-16));
#2368 = CIRCLE('',#2369,0.3);
#2369 = AXIS2_PLACEMENT_3D('',#2370,#2371,#2372);
#2370 = CARTESIAN_POINT('',(-2.724938966801,2.11,0.3));
#2371 = DIRECTION('',(1.144237745222E-17,1.,7.703719777549E-34));
#2372 = DIRECTION('',(0.984807753012,-1.126854202784E-17,-0.173648177667
    ));
#2373 = ORIENTED_EDGE('',*,*,#2374,.T.);
#2374 = EDGE_CURVE('',#2366,#2375,#2377,.T.);
#2375 = VERTEX_POINT('',#2376);
#2376 = CARTESIAN_POINT('',(-3.,2.11,-1.665334536938E-16));
#2377 = LINE('',#2378,#2379);
#2378 = CARTESIAN_POINT('',(-2.724938966801,2.11,-1.665334536938E-16));
#2379 = VECTOR('',#2380,1.);
#2380 = DIRECTION('',(-1.,1.144237745222E-17,0.));
#2381 = ORIENTED_EDGE('',*,*,#2382,.T.);
#2382 = EDGE_CURVE('',#2375,#2383,#2385,.T.);
#2383 = VERTEX_POINT('',#2384);
#2384 = CARTESIAN_POINT('',(-3.,2.11,0.2));
#2385 = LINE('',#2386,#2387);
#2386 = CARTESIAN_POINT('',(-3.,2.11,-1.665334536938E-16));
#2387 = VECTOR('',#2388,1.);
#2388 = DIRECTION('',(0.,0.,1.));
#2389 = ORIENTED_EDGE('',*,*,#2390,.T.);
#2390 = EDGE_CURVE('',#2383,#2391,#2393,.T.);
#2391 = VERTEX_POINT('',#2392);
#2392 = CARTESIAN_POINT('',(-2.724938966801,2.11,0.2));
#2393 = LINE('',#2394,#2395);
#2394 = CARTESIAN_POINT('',(-3.,2.11,0.2));
#2395 = VECTOR('',#2396,1.);
#2396 = DIRECTION('',(1.,-1.144237745222E-17,0.));
#2397 = ORIENTED_EDGE('',*,*,#2398,.T.);
#2398 = EDGE_CURVE('',#2391,#2399,#2401,.T.);
#2399 = VERTEX_POINT('',#2400);
#2400 = CARTESIAN_POINT('',(-2.6264581915,2.11,0.282635182233));
#2401 = CIRCLE('',#2402,0.1);
#2402 = AXIS2_PLACEMENT_3D('',#2403,#2404,#2405);
#2403 = CARTESIAN_POINT('',(-2.724938966801,2.11,0.3));
#2404 = DIRECTION('',(-1.144237745222E-17,-1.,-0.));
#2405 = DIRECTION('',(0.,0.,-1.));
#2406 = ORIENTED_EDGE('',*,*,#2407,.T.);
#2407 = EDGE_CURVE('',#2399,#2408,#2410,.T.);
#2408 = VERTEX_POINT('',#2409);
#2409 = CARTESIAN_POINT('',(-2.545442325904,2.11,0.7770944533));
#2410 = LINE('',#2411,#2412);
#2411 = CARTESIAN_POINT('',(-2.6264581915,2.11,0.282635182233));
#2412 = VECTOR('',#2413,1.);
#2413 = DIRECTION('',(0.161691392282,-1.85013394127E-18,0.986841372087)
  );
#2414 = ORIENTED_EDGE('',*,*,#2415,.T.);
#2415 = EDGE_CURVE('',#2408,#1215,#2416,.T.);
#2416 = CIRCLE('',#2417,0.3);
#2417 = AXIS2_PLACEMENT_3D('',#2418,#2419,#2420);
#2418 = CARTESIAN_POINT('',(-2.25,2.11,0.725));
#2419 = DIRECTION('',(1.144237745222E-17,1.,7.703719777549E-34));
#2420 = DIRECTION('',(-0.984807753012,1.126854202784E-17,0.173648177667)
  );
#2421 = ORIENTED_EDGE('',*,*,#1222,.T.);
#2422 = PLANE('',#2423);
#2423 = AXIS2_PLACEMENT_3D('',#2424,#2425,#2426);
#2424 = CARTESIAN_POINT('',(-2.42560961319,2.11,0.548953137803));
#2425 = DIRECTION('',(1.144237745222E-17,1.,0.));
#2426 = DIRECTION('',(0.,-0.,1.));
#2427 = ADVANCED_FACE('',(#2428),#2507,.F.);
#2428 = FACE_BOUND('',#2429,.F.);
#2429 = EDGE_LOOP('',(#2430,#2431,#2432,#2441,#2449,#2458,#2466,#2474,
    #2482,#2491,#2499,#2506));
#2430 = ORIENTED_EDGE('',*,*,#881,.F.);
#2431 = ORIENTED_EDGE('',*,*,#896,.T.);
#2432 = ORIENTED_EDGE('',*,*,#2433,.T.);
#2433 = EDGE_CURVE('',#897,#2434,#2436,.T.);
#2434 = VERTEX_POINT('',#2435);
#2435 = CARTESIAN_POINT('',(2.348480775301,2.11,0.742364817767));
#2436 = CIRCLE('',#2437,0.1);
#2437 = AXIS2_PLACEMENT_3D('',#2438,#2439,#2440);
#2438 = CARTESIAN_POINT('',(2.25,2.11,0.725));
#2439 = DIRECTION('',(-1.110223024625E-16,1.,0.));
#2440 = DIRECTION('',(4.440892098501E-15,4.930380657631E-31,1.));
#2441 = ORIENTED_EDGE('',*,*,#2442,.T.);
#2442 = EDGE_CURVE('',#2434,#2443,#2445,.T.);
#2443 = VERTEX_POINT('',#2444);
#2444 = CARTESIAN_POINT('',(2.429496640897,2.11,0.2479055467));
#2445 = LINE('',#2446,#2447);
#2446 = CARTESIAN_POINT('',(2.348480775301,2.11,0.742364817767));
#2447 = VECTOR('',#2448,1.);
#2448 = DIRECTION('',(0.161691392282,1.795135065956E-17,-0.986841372087)
  );
#2449 = ORIENTED_EDGE('',*,*,#2450,.T.);
#2450 = EDGE_CURVE('',#2443,#2451,#2453,.T.);
#2451 = VERTEX_POINT('',#2452);
#2452 = CARTESIAN_POINT('',(2.724938966801,2.11,-1.665334536938E-16));
#2453 = CIRCLE('',#2454,0.3);
#2454 = AXIS2_PLACEMENT_3D('',#2455,#2456,#2457);
#2455 = CARTESIAN_POINT('',(2.724938966801,2.11,0.3));
#2456 = DIRECTION('',(1.110223024625E-16,-1.,0.));
#2457 = DIRECTION('',(-0.984807753012,-1.093356242223E-16,
    -0.173648177667));
#2458 = ORIENTED_EDGE('',*,*,#2459,.T.);
#2459 = EDGE_CURVE('',#2451,#2460,#2462,.T.);
#2460 = VERTEX_POINT('',#2461);
#2461 = CARTESIAN_POINT('',(3.,2.11,-1.665334536938E-16));
#2462 = LINE('',#2463,#2464);
#2463 = CARTESIAN_POINT('',(2.724938966801,2.11,-1.665334536938E-16));
#2464 = VECTOR('',#2465,1.);
#2465 = DIRECTION('',(1.,1.110223024625E-16,0.));
#2466 = ORIENTED_EDGE('',*,*,#2467,.T.);
#2467 = EDGE_CURVE('',#2460,#2468,#2470,.T.);
#2468 = VERTEX_POINT('',#2469);
#2469 = CARTESIAN_POINT('',(3.,2.11,0.2));
#2470 = LINE('',#2471,#2472);
#2471 = CARTESIAN_POINT('',(3.,2.11,-1.665334536938E-16));
#2472 = VECTOR('',#2473,1.);
#2473 = DIRECTION('',(0.,0.,1.));
#2474 = ORIENTED_EDGE('',*,*,#2475,.T.);
#2475 = EDGE_CURVE('',#2468,#2476,#2478,.T.);
#2476 = VERTEX_POINT('',#2477);
#2477 = CARTESIAN_POINT('',(2.724938966801,2.11,0.2));
#2478 = LINE('',#2479,#2480);
#2479 = CARTESIAN_POINT('',(3.,2.11,0.2));
#2480 = VECTOR('',#2481,1.);
#2481 = DIRECTION('',(-1.,-1.110223024625E-16,0.));
#2482 = ORIENTED_EDGE('',*,*,#2483,.T.);
#2483 = EDGE_CURVE('',#2476,#2484,#2486,.T.);
#2484 = VERTEX_POINT('',#2485);
#2485 = CARTESIAN_POINT('',(2.6264581915,2.11,0.282635182233));
#2486 = CIRCLE('',#2487,0.1);
#2487 = AXIS2_PLACEMENT_3D('',#2488,#2489,#2490);
#2488 = CARTESIAN_POINT('',(2.724938966801,2.11,0.3));
#2489 = DIRECTION('',(-1.110223024625E-16,1.,0.));
#2490 = DIRECTION('',(0.,0.,-1.));
#2491 = ORIENTED_EDGE('',*,*,#2492,.T.);
#2492 = EDGE_CURVE('',#2484,#2493,#2495,.T.);
#2493 = VERTEX_POINT('',#2494);
#2494 = CARTESIAN_POINT('',(2.545442325904,2.11,0.7770944533));
#2495 = LINE('',#2496,#2497);
#2496 = CARTESIAN_POINT('',(2.6264581915,2.11,0.282635182233));
#2497 = VECTOR('',#2498,1.);
#2498 = DIRECTION('',(-0.161691392282,-1.795135065956E-17,0.986841372087
    ));
#2499 = ORIENTED_EDGE('',*,*,#2500,.T.);
#2500 = EDGE_CURVE('',#2493,#1494,#2501,.T.);
#2501 = CIRCLE('',#2502,0.3);
#2502 = AXIS2_PLACEMENT_3D('',#2503,#2504,#2505);
#2503 = CARTESIAN_POINT('',(2.25,2.11,0.725));
#2504 = DIRECTION('',(1.110223024625E-16,-1.,0.));
#2505 = DIRECTION('',(0.984807753012,1.093356242223E-16,0.173648177667)
  );
#2506 = ORIENTED_EDGE('',*,*,#1493,.T.);
#2507 = PLANE('',#2508);
#2508 = AXIS2_PLACEMENT_3D('',#2509,#2510,#2511);
#2509 = CARTESIAN_POINT('',(2.42560961319,2.11,0.548953137803));
#2510 = DIRECTION('',(1.110223024625E-16,-1.,0.));
#2511 = DIRECTION('',(0.,0.,1.));
#2512 = ADVANCED_FACE('',(#2513),#2532,.F.);
#2513 = FACE_BOUND('',#2514,.F.);
#2514 = EDGE_LOOP('',(#2515,#2516,#2525,#2531));
#2515 = ORIENTED_EDGE('',*,*,#913,.T.);
#2516 = ORIENTED_EDGE('',*,*,#2517,.T.);
#2517 = EDGE_CURVE('',#906,#2518,#2520,.T.);
#2518 = VERTEX_POINT('',#2519);
#2519 = CARTESIAN_POINT('',(2.348480775301,1.7,0.742364817767));
#2520 = CIRCLE('',#2521,0.1);
#2521 = AXIS2_PLACEMENT_3D('',#2522,#2523,#2524);
#2522 = CARTESIAN_POINT('',(2.25,1.7,0.725));
#2523 = DIRECTION('',(-1.110223024625E-16,1.,0.));
#2524 = DIRECTION('',(4.440892098501E-15,4.930380657631E-31,1.));
#2525 = ORIENTED_EDGE('',*,*,#2526,.F.);
#2526 = EDGE_CURVE('',#2434,#2518,#2527,.T.);
#2527 = LINE('',#2528,#2529);
#2528 = CARTESIAN_POINT('',(2.348480775301,2.11,0.742364817767));
#2529 = VECTOR('',#2530,1.);
#2530 = DIRECTION('',(1.110223024625E-16,-1.,0.));
#2531 = ORIENTED_EDGE('',*,*,#2433,.F.);
#2532 = CYLINDRICAL_SURFACE('',#2533,0.1);
#2533 = AXIS2_PLACEMENT_3D('',#2534,#2535,#2536);
#2534 = CARTESIAN_POINT('',(2.25,2.11,0.725));
#2535 = DIRECTION('',(-1.110223024625E-16,1.,0.));
#2536 = DIRECTION('',(4.440892098501E-15,4.930380657631E-31,1.));
#2537 = ADVANCED_FACE('',(#2538),#2609,.T.);
#2538 = FACE_BOUND('',#2539,.T.);
#2539 = EDGE_LOOP('',(#2540,#2541,#2542,#2543,#2551,#2560,#2568,#2576,
    #2584,#2593,#2601,#2608));
#2540 = ORIENTED_EDGE('',*,*,#927,.F.);
#2541 = ORIENTED_EDGE('',*,*,#905,.T.);
#2542 = ORIENTED_EDGE('',*,*,#2517,.T.);
#2543 = ORIENTED_EDGE('',*,*,#2544,.T.);
#2544 = EDGE_CURVE('',#2518,#2545,#2547,.T.);
#2545 = VERTEX_POINT('',#2546);
#2546 = CARTESIAN_POINT('',(2.429496640897,1.7,0.2479055467));
#2547 = LINE('',#2548,#2549);
#2548 = CARTESIAN_POINT('',(2.348480775301,1.7,0.742364817767));
#2549 = VECTOR('',#2550,1.);
#2550 = DIRECTION('',(0.161691392282,1.795135065956E-17,-0.986841372087)
  );
#2551 = ORIENTED_EDGE('',*,*,#2552,.T.);
#2552 = EDGE_CURVE('',#2545,#2553,#2555,.T.);
#2553 = VERTEX_POINT('',#2554);
#2554 = CARTESIAN_POINT('',(2.724938966801,1.7,-1.665334536938E-16));
#2555 = CIRCLE('',#2556,0.3);
#2556 = AXIS2_PLACEMENT_3D('',#2557,#2558,#2559);
#2557 = CARTESIAN_POINT('',(2.724938966801,1.7,0.3));
#2558 = DIRECTION('',(1.110223024625E-16,-1.,0.));
#2559 = DIRECTION('',(-0.984807753012,-1.093356242223E-16,
    -0.173648177667));
#2560 = ORIENTED_EDGE('',*,*,#2561,.T.);
#2561 = EDGE_CURVE('',#2553,#2562,#2564,.T.);
#2562 = VERTEX_POINT('',#2563);
#2563 = CARTESIAN_POINT('',(3.,1.7,-1.665334536938E-16));
#2564 = LINE('',#2565,#2566);
#2565 = CARTESIAN_POINT('',(2.724938966801,1.7,-1.665334536938E-16));
#2566 = VECTOR('',#2567,1.);
#2567 = DIRECTION('',(1.,1.110223024625E-16,0.));
#2568 = ORIENTED_EDGE('',*,*,#2569,.T.);
#2569 = EDGE_CURVE('',#2562,#2570,#2572,.T.);
#2570 = VERTEX_POINT('',#2571);
#2571 = CARTESIAN_POINT('',(3.,1.7,0.2));
#2572 = LINE('',#2573,#2574);
#2573 = CARTESIAN_POINT('',(3.,1.7,-1.665334536938E-16));
#2574 = VECTOR('',#2575,1.);
#2575 = DIRECTION('',(0.,0.,1.));
#2576 = ORIENTED_EDGE('',*,*,#2577,.T.);
#2577 = EDGE_CURVE('',#2570,#2578,#2580,.T.);
#2578 = VERTEX_POINT('',#2579);
#2579 = CARTESIAN_POINT('',(2.724938966801,1.7,0.2));
#2580 = LINE('',#2581,#2582);
#2581 = CARTESIAN_POINT('',(3.,1.7,0.2));
#2582 = VECTOR('',#2583,1.);
#2583 = DIRECTION('',(-1.,-1.110223024625E-16,0.));
#2584 = ORIENTED_EDGE('',*,*,#2585,.T.);
#2585 = EDGE_CURVE('',#2578,#2586,#2588,.T.);
#2586 = VERTEX_POINT('',#2587);
#2587 = CARTESIAN_POINT('',(2.6264581915,1.7,0.282635182233));
#2588 = CIRCLE('',#2589,0.1);
#2589 = AXIS2_PLACEMENT_3D('',#2590,#2591,#2592);
#2590 = CARTESIAN_POINT('',(2.724938966801,1.7,0.3));
#2591 = DIRECTION('',(-1.110223024625E-16,1.,0.));
#2592 = DIRECTION('',(0.,0.,-1.));
#2593 = ORIENTED_EDGE('',*,*,#2594,.T.);
#2594 = EDGE_CURVE('',#2586,#2595,#2597,.T.);
#2595 = VERTEX_POINT('',#2596);
#2596 = CARTESIAN_POINT('',(2.545442325904,1.7,0.7770944533));
#2597 = LINE('',#2598,#2599);
#2598 = CARTESIAN_POINT('',(2.6264581915,1.7,0.282635182233));
#2599 = VECTOR('',#2600,1.);
#2600 = DIRECTION('',(-0.161691392282,-1.795135065956E-17,0.986841372087
    ));
#2601 = ORIENTED_EDGE('',*,*,#2602,.T.);
#2602 = EDGE_CURVE('',#2595,#1502,#2603,.T.);
#2603 = CIRCLE('',#2604,0.3);
#2604 = AXIS2_PLACEMENT_3D('',#2605,#2606,#2607);
#2605 = CARTESIAN_POINT('',(2.25,1.7,0.725));
#2606 = DIRECTION('',(1.110223024625E-16,-1.,0.));
#2607 = DIRECTION('',(0.984807753012,1.093356242223E-16,0.173648177667)
  );
#2608 = ORIENTED_EDGE('',*,*,#1509,.T.);
#2609 = PLANE('',#2610);
#2610 = AXIS2_PLACEMENT_3D('',#2611,#2612,#2613);
#2611 = CARTESIAN_POINT('',(2.42560961319,1.7,0.548953137803));
#2612 = DIRECTION('',(1.110223024625E-16,-1.,0.));
#2613 = DIRECTION('',(0.,0.,1.));
#2614 = ADVANCED_FACE('',(#2615),#2626,.F.);
#2615 = FACE_BOUND('',#2616,.F.);
#2616 = EDGE_LOOP('',(#2617,#2618,#2619,#2625));
#2617 = ORIENTED_EDGE('',*,*,#1515,.F.);
#2618 = ORIENTED_EDGE('',*,*,#944,.T.);
#2619 = ORIENTED_EDGE('',*,*,#2620,.T.);
#2620 = EDGE_CURVE('',#937,#1416,#2621,.T.);
#2621 = LINE('',#2622,#2623);
#2622 = CARTESIAN_POINT('',(2.25,0.84,1.025));
#2623 = VECTOR('',#2624,1.);
#2624 = DIRECTION('',(-1.,-1.110223024625E-16,0.));
#2625 = ORIENTED_EDGE('',*,*,#1415,.F.);
#2626 = PLANE('',#2627);
#2627 = AXIS2_PLACEMENT_3D('',#2628,#2629,#2630);
#2628 = CARTESIAN_POINT('',(-3.027078129022E-16,2.4125,1.025));
#2629 = DIRECTION('',(2.007919022429E-31,-7.713306628828E-27,-1.));
#2630 = DIRECTION('',(1.,1.112083013911E-16,2.00791902242E-31));
#2631 = ADVANCED_FACE('',(#2632),#2718,.F.);
#2632 = FACE_BOUND('',#2633,.F.);
#2633 = EDGE_LOOP('',(#2634,#2635,#2636,#2645,#2653,#2662,#2670,#2678,
    #2686,#2695,#2703,#2712));
#2634 = ORIENTED_EDGE('',*,*,#936,.F.);
#2635 = ORIENTED_EDGE('',*,*,#958,.T.);
#2636 = ORIENTED_EDGE('',*,*,#2637,.T.);
#2637 = EDGE_CURVE('',#959,#2638,#2640,.T.);
#2638 = VERTEX_POINT('',#2639);
#2639 = CARTESIAN_POINT('',(2.348480775301,0.84,0.742364817767));
#2640 = CIRCLE('',#2641,0.1);
#2641 = AXIS2_PLACEMENT_3D('',#2642,#2643,#2644);
#2642 = CARTESIAN_POINT('',(2.25,0.84,0.725));
#2643 = DIRECTION('',(-1.110223024625E-16,1.,0.));
#2644 = DIRECTION('',(4.440892098501E-15,4.930380657631E-31,1.));
#2645 = ORIENTED_EDGE('',*,*,#2646,.T.);
#2646 = EDGE_CURVE('',#2638,#2647,#2649,.T.);
#2647 = VERTEX_POINT('',#2648);
#2648 = CARTESIAN_POINT('',(2.429496640897,0.84,0.2479055467));
#2649 = LINE('',#2650,#2651);
#2650 = CARTESIAN_POINT('',(2.348480775301,0.84,0.742364817767));
#2651 = VECTOR('',#2652,1.);
#2652 = DIRECTION('',(0.161691392282,1.795135065956E-17,-0.986841372087)
  );
#2653 = ORIENTED_EDGE('',*,*,#2654,.T.);
#2654 = EDGE_CURVE('',#2647,#2655,#2657,.T.);
#2655 = VERTEX_POINT('',#2656);
#2656 = CARTESIAN_POINT('',(2.724938966801,0.84,-1.665334536938E-16));
#2657 = CIRCLE('',#2658,0.3);
#2658 = AXIS2_PLACEMENT_3D('',#2659,#2660,#2661);
#2659 = CARTESIAN_POINT('',(2.724938966801,0.84,0.3));
#2660 = DIRECTION('',(1.110223024625E-16,-1.,0.));
#2661 = DIRECTION('',(-0.984807753012,-1.093356242223E-16,
    -0.173648177667));
#2662 = ORIENTED_EDGE('',*,*,#2663,.T.);
#2663 = EDGE_CURVE('',#2655,#2664,#2666,.T.);
#2664 = VERTEX_POINT('',#2665);
#2665 = CARTESIAN_POINT('',(3.,0.84,-1.665334536938E-16));
#2666 = LINE('',#2667,#2668);
#2667 = CARTESIAN_POINT('',(2.724938966801,0.84,-1.665334536938E-16));
#2668 = VECTOR('',#2669,1.);
#2669 = DIRECTION('',(1.,1.110223024625E-16,0.));
#2670 = ORIENTED_EDGE('',*,*,#2671,.T.);
#2671 = EDGE_CURVE('',#2664,#2672,#2674,.T.);
#2672 = VERTEX_POINT('',#2673);
#2673 = CARTESIAN_POINT('',(3.,0.84,0.2));
#2674 = LINE('',#2675,#2676);
#2675 = CARTESIAN_POINT('',(3.,0.84,-1.665334536938E-16));
#2676 = VECTOR('',#2677,1.);
#2677 = DIRECTION('',(0.,0.,1.));
#2678 = ORIENTED_EDGE('',*,*,#2679,.T.);
#2679 = EDGE_CURVE('',#2672,#2680,#2682,.T.);
#2680 = VERTEX_POINT('',#2681);
#2681 = CARTESIAN_POINT('',(2.724938966801,0.84,0.2));
#2682 = LINE('',#2683,#2684);
#2683 = CARTESIAN_POINT('',(3.,0.84,0.2));
#2684 = VECTOR('',#2685,1.);
#2685 = DIRECTION('',(-1.,-1.110223024625E-16,0.));
#2686 = ORIENTED_EDGE('',*,*,#2687,.T.);
#2687 = EDGE_CURVE('',#2680,#2688,#2690,.T.);
#2688 = VERTEX_POINT('',#2689);
#2689 = CARTESIAN_POINT('',(2.6264581915,0.84,0.282635182233));
#2690 = CIRCLE('',#2691,0.1);
#2691 = AXIS2_PLACEMENT_3D('',#2692,#2693,#2694);
#2692 = CARTESIAN_POINT('',(2.724938966801,0.84,0.3));
#2693 = DIRECTION('',(-1.110223024625E-16,1.,0.));
#2694 = DIRECTION('',(0.,0.,-1.));
#2695 = ORIENTED_EDGE('',*,*,#2696,.T.);
#2696 = EDGE_CURVE('',#2688,#2697,#2699,.T.);
#2697 = VERTEX_POINT('',#2698);
#2698 = CARTESIAN_POINT('',(2.545442325904,0.84,0.7770944533));
#2699 = LINE('',#2700,#2701);
#2700 = CARTESIAN_POINT('',(2.6264581915,0.84,0.282635182233));
#2701 = VECTOR('',#2702,1.);
#2702 = DIRECTION('',(-0.161691392282,-1.795135065956E-17,0.986841372087
    ));
#2703 = ORIENTED_EDGE('',*,*,#2704,.T.);
#2704 = EDGE_CURVE('',#2697,#2705,#2707,.T.);
#2705 = VERTEX_POINT('',#2706);
#2706 = CARTESIAN_POINT('',(2.25,0.84,1.025));
#2707 = CIRCLE('',#2708,0.3);
#2708 = AXIS2_PLACEMENT_3D('',#2709,#2710,#2711);
#2709 = CARTESIAN_POINT('',(2.25,0.84,0.725));
#2710 = DIRECTION('',(1.110223024625E-16,-1.,0.));
#2711 = DIRECTION('',(0.984807753012,1.093356242223E-16,0.173648177667)
  );
#2712 = ORIENTED_EDGE('',*,*,#2713,.T.);
#2713 = EDGE_CURVE('',#2705,#937,#2714,.T.);
#2714 = LINE('',#2715,#2716);
#2715 = CARTESIAN_POINT('',(2.25,0.84,1.025));
#2716 = VECTOR('',#2717,1.);
#2717 = DIRECTION('',(-1.,-1.110223024625E-16,0.));
#2718 = PLANE('',#2719);
#2719 = AXIS2_PLACEMENT_3D('',#2720,#2721,#2722);
#2720 = CARTESIAN_POINT('',(2.42560961319,0.84,0.548953137803));
#2721 = DIRECTION('',(1.110223024625E-16,-1.,0.));
#2722 = DIRECTION('',(0.,0.,1.));
#2723 = ADVANCED_FACE('',(#2724),#2743,.F.);
#2724 = FACE_BOUND('',#2725,.F.);
#2725 = EDGE_LOOP('',(#2726,#2727,#2736,#2742));
#2726 = ORIENTED_EDGE('',*,*,#975,.T.);
#2727 = ORIENTED_EDGE('',*,*,#2728,.T.);
#2728 = EDGE_CURVE('',#968,#2729,#2731,.T.);
#2729 = VERTEX_POINT('',#2730);
#2730 = CARTESIAN_POINT('',(2.348480775301,0.43,0.742364817767));
#2731 = CIRCLE('',#2732,0.1);
#2732 = AXIS2_PLACEMENT_3D('',#2733,#2734,#2735);
#2733 = CARTESIAN_POINT('',(2.25,0.43,0.725));
#2734 = DIRECTION('',(-1.110223024625E-16,1.,0.));
#2735 = DIRECTION('',(4.440892098501E-15,4.930380657631E-31,1.));
#2736 = ORIENTED_EDGE('',*,*,#2737,.F.);
#2737 = EDGE_CURVE('',#2638,#2729,#2738,.T.);
#2738 = LINE('',#2739,#2740);
#2739 = CARTESIAN_POINT('',(2.348480775301,0.84,0.742364817767));
#2740 = VECTOR('',#2741,1.);
#2741 = DIRECTION('',(1.110223024625E-16,-1.,0.));
#2742 = ORIENTED_EDGE('',*,*,#2637,.F.);
#2743 = CYLINDRICAL_SURFACE('',#2744,0.1);
#2744 = AXIS2_PLACEMENT_3D('',#2745,#2746,#2747);
#2745 = CARTESIAN_POINT('',(2.25,0.84,0.725));
#2746 = DIRECTION('',(-1.110223024625E-16,1.,0.));
#2747 = DIRECTION('',(4.440892098501E-15,4.930380657631E-31,1.));
#2748 = ADVANCED_FACE('',(#2749),#2827,.T.);
#2749 = FACE_BOUND('',#2750,.T.);
#2750 = EDGE_LOOP('',(#2751,#2752,#2753,#2754,#2762,#2771,#2779,#2787,
    #2795,#2804,#2812,#2821));
#2751 = ORIENTED_EDGE('',*,*,#989,.F.);
#2752 = ORIENTED_EDGE('',*,*,#967,.T.);
#2753 = ORIENTED_EDGE('',*,*,#2728,.T.);
#2754 = ORIENTED_EDGE('',*,*,#2755,.T.);
#2755 = EDGE_CURVE('',#2729,#2756,#2758,.T.);
#2756 = VERTEX_POINT('',#2757);
#2757 = CARTESIAN_POINT('',(2.429496640897,0.43,0.2479055467));
#2758 = LINE('',#2759,#2760);
#2759 = CARTESIAN_POINT('',(2.348480775301,0.43,0.742364817767));
#2760 = VECTOR('',#2761,1.);
#2761 = DIRECTION('',(0.161691392282,1.795135065956E-17,-0.986841372087)
  );
#2762 = ORIENTED_EDGE('',*,*,#2763,.T.);
#2763 = EDGE_CURVE('',#2756,#2764,#2766,.T.);
#2764 = VERTEX_POINT('',#2765);
#2765 = CARTESIAN_POINT('',(2.724938966801,0.43,-1.665334536938E-16));
#2766 = CIRCLE('',#2767,0.3);
#2767 = AXIS2_PLACEMENT_3D('',#2768,#2769,#2770);
#2768 = CARTESIAN_POINT('',(2.724938966801,0.43,0.3));
#2769 = DIRECTION('',(1.110223024625E-16,-1.,0.));
#2770 = DIRECTION('',(-0.984807753012,-1.093356242223E-16,
    -0.173648177667));
#2771 = ORIENTED_EDGE('',*,*,#2772,.T.);
#2772 = EDGE_CURVE('',#2764,#2773,#2775,.T.);
#2773 = VERTEX_POINT('',#2774);
#2774 = CARTESIAN_POINT('',(3.,0.43,-1.665334536938E-16));
#2775 = LINE('',#2776,#2777);
#2776 = CARTESIAN_POINT('',(2.724938966801,0.43,-1.665334536938E-16));
#2777 = VECTOR('',#2778,1.);
#2778 = DIRECTION('',(1.,1.110223024625E-16,0.));
#2779 = ORIENTED_EDGE('',*,*,#2780,.T.);
#2780 = EDGE_CURVE('',#2773,#2781,#2783,.T.);
#2781 = VERTEX_POINT('',#2782);
#2782 = CARTESIAN_POINT('',(3.,0.43,0.2));
#2783 = LINE('',#2784,#2785);
#2784 = CARTESIAN_POINT('',(3.,0.43,-1.665334536938E-16));
#2785 = VECTOR('',#2786,1.);
#2786 = DIRECTION('',(0.,0.,1.));
#2787 = ORIENTED_EDGE('',*,*,#2788,.T.);
#2788 = EDGE_CURVE('',#2781,#2789,#2791,.T.);
#2789 = VERTEX_POINT('',#2790);
#2790 = CARTESIAN_POINT('',(2.724938966801,0.43,0.2));
#2791 = LINE('',#2792,#2793);
#2792 = CARTESIAN_POINT('',(3.,0.43,0.2));
#2793 = VECTOR('',#2794,1.);
#2794 = DIRECTION('',(-1.,-1.110223024625E-16,0.));
#2795 = ORIENTED_EDGE('',*,*,#2796,.T.);
#2796 = EDGE_CURVE('',#2789,#2797,#2799,.T.);
#2797 = VERTEX_POINT('',#2798);
#2798 = CARTESIAN_POINT('',(2.6264581915,0.43,0.282635182233));
#2799 = CIRCLE('',#2800,0.1);
#2800 = AXIS2_PLACEMENT_3D('',#2801,#2802,#2803);
#2801 = CARTESIAN_POINT('',(2.724938966801,0.43,0.3));
#2802 = DIRECTION('',(-1.110223024625E-16,1.,0.));
#2803 = DIRECTION('',(0.,0.,-1.));
#2804 = ORIENTED_EDGE('',*,*,#2805,.T.);
#2805 = EDGE_CURVE('',#2797,#2806,#2808,.T.);
#2806 = VERTEX_POINT('',#2807);
#2807 = CARTESIAN_POINT('',(2.545442325904,0.43,0.7770944533));
#2808 = LINE('',#2809,#2810);
#2809 = CARTESIAN_POINT('',(2.6264581915,0.43,0.282635182233));
#2810 = VECTOR('',#2811,1.);
#2811 = DIRECTION('',(-0.161691392282,-1.795135065956E-17,0.986841372087
    ));
#2812 = ORIENTED_EDGE('',*,*,#2813,.T.);
#2813 = EDGE_CURVE('',#2806,#2814,#2816,.T.);
#2814 = VERTEX_POINT('',#2815);
#2815 = CARTESIAN_POINT('',(2.25,0.43,1.025));
#2816 = CIRCLE('',#2817,0.3);
#2817 = AXIS2_PLACEMENT_3D('',#2818,#2819,#2820);
#2818 = CARTESIAN_POINT('',(2.25,0.43,0.725));
#2819 = DIRECTION('',(1.110223024625E-16,-1.,0.));
#2820 = DIRECTION('',(0.984807753012,1.093356242223E-16,0.173648177667)
  );
#2821 = ORIENTED_EDGE('',*,*,#2822,.T.);
#2822 = EDGE_CURVE('',#2814,#990,#2823,.T.);
#2823 = LINE('',#2824,#2825);
#2824 = CARTESIAN_POINT('',(2.25,0.43,1.025));
#2825 = VECTOR('',#2826,1.);
#2826 = DIRECTION('',(-1.,-1.110223024625E-16,0.));
#2827 = PLANE('',#2828);
#2828 = AXIS2_PLACEMENT_3D('',#2829,#2830,#2831);
#2829 = CARTESIAN_POINT('',(2.42560961319,0.43,0.548953137803));
#2830 = DIRECTION('',(1.110223024625E-16,-1.,0.));
#2831 = DIRECTION('',(0.,0.,1.));
#2832 = ADVANCED_FACE('',(#2833),#2849,.F.);
#2833 = FACE_BOUND('',#2834,.F.);
#2834 = EDGE_LOOP('',(#2835,#2841,#2842,#2848));
#2835 = ORIENTED_EDGE('',*,*,#2836,.F.);
#2836 = EDGE_CURVE('',#990,#1424,#2837,.T.);
#2837 = LINE('',#2838,#2839);
#2838 = CARTESIAN_POINT('',(2.25,0.43,1.025));
#2839 = VECTOR('',#2840,1.);
#2840 = DIRECTION('',(-1.,-1.110223024625E-16,0.));
#2841 = ORIENTED_EDGE('',*,*,#1006,.T.);
#2842 = ORIENTED_EDGE('',*,*,#2843,.T.);
#2843 = EDGE_CURVE('',#999,#1432,#2844,.T.);
#2844 = LINE('',#2845,#2846);
#2845 = CARTESIAN_POINT('',(2.25,-0.43,1.025));
#2846 = VECTOR('',#2847,1.);
#2847 = DIRECTION('',(-1.,-1.110223024625E-16,0.));
#2848 = ORIENTED_EDGE('',*,*,#1431,.F.);
#2849 = PLANE('',#2850);
#2850 = AXIS2_PLACEMENT_3D('',#2851,#2852,#2853);
#2851 = CARTESIAN_POINT('',(-3.027078129022E-16,2.4125,1.025));
#2852 = DIRECTION('',(2.007919022429E-31,-7.713306628828E-27,-1.));
#2853 = DIRECTION('',(1.,1.112083013911E-16,2.00791902242E-31));
#2854 = ADVANCED_FACE('',(#2855),#2941,.F.);
#2855 = FACE_BOUND('',#2856,.F.);
#2856 = EDGE_LOOP('',(#2857,#2858,#2859,#2868,#2876,#2885,#2893,#2901,
    #2909,#2918,#2926,#2935));
#2857 = ORIENTED_EDGE('',*,*,#998,.F.);
#2858 = ORIENTED_EDGE('',*,*,#1020,.T.);
#2859 = ORIENTED_EDGE('',*,*,#2860,.T.);
#2860 = EDGE_CURVE('',#1021,#2861,#2863,.T.);
#2861 = VERTEX_POINT('',#2862);
#2862 = CARTESIAN_POINT('',(2.348480775301,-0.43,0.742364817767));
#2863 = CIRCLE('',#2864,0.1);
#2864 = AXIS2_PLACEMENT_3D('',#2865,#2866,#2867);
#2865 = CARTESIAN_POINT('',(2.25,-0.43,0.725));
#2866 = DIRECTION('',(-1.110223024625E-16,1.,0.));
#2867 = DIRECTION('',(4.440892098501E-15,4.930380657631E-31,1.));
#2868 = ORIENTED_EDGE('',*,*,#2869,.T.);
#2869 = EDGE_CURVE('',#2861,#2870,#2872,.T.);
#2870 = VERTEX_POINT('',#2871);
#2871 = CARTESIAN_POINT('',(2.429496640897,-0.43,0.2479055467));
#2872 = LINE('',#2873,#2874);
#2873 = CARTESIAN_POINT('',(2.348480775301,-0.43,0.742364817767));
#2874 = VECTOR('',#2875,1.);
#2875 = DIRECTION('',(0.161691392282,1.795135065956E-17,-0.986841372087)
  );
#2876 = ORIENTED_EDGE('',*,*,#2877,.T.);
#2877 = EDGE_CURVE('',#2870,#2878,#2880,.T.);
#2878 = VERTEX_POINT('',#2879);
#2879 = CARTESIAN_POINT('',(2.724938966801,-0.43,-1.665334536938E-16));
#2880 = CIRCLE('',#2881,0.3);
#2881 = AXIS2_PLACEMENT_3D('',#2882,#2883,#2884);
#2882 = CARTESIAN_POINT('',(2.724938966801,-0.43,0.3));
#2883 = DIRECTION('',(1.110223024625E-16,-1.,0.));
#2884 = DIRECTION('',(-0.984807753012,-1.093356242223E-16,
    -0.173648177667));
#2885 = ORIENTED_EDGE('',*,*,#2886,.T.);
#2886 = EDGE_CURVE('',#2878,#2887,#2889,.T.);
#2887 = VERTEX_POINT('',#2888);
#2888 = CARTESIAN_POINT('',(3.,-0.43,-1.665334536938E-16));
#2889 = LINE('',#2890,#2891);
#2890 = CARTESIAN_POINT('',(2.724938966801,-0.43,-1.665334536938E-16));
#2891 = VECTOR('',#2892,1.);
#2892 = DIRECTION('',(1.,1.110223024625E-16,0.));
#2893 = ORIENTED_EDGE('',*,*,#2894,.T.);
#2894 = EDGE_CURVE('',#2887,#2895,#2897,.T.);
#2895 = VERTEX_POINT('',#2896);
#2896 = CARTESIAN_POINT('',(3.,-0.43,0.2));
#2897 = LINE('',#2898,#2899);
#2898 = CARTESIAN_POINT('',(3.,-0.43,-1.665334536938E-16));
#2899 = VECTOR('',#2900,1.);
#2900 = DIRECTION('',(0.,0.,1.));
#2901 = ORIENTED_EDGE('',*,*,#2902,.T.);
#2902 = EDGE_CURVE('',#2895,#2903,#2905,.T.);
#2903 = VERTEX_POINT('',#2904);
#2904 = CARTESIAN_POINT('',(2.724938966801,-0.43,0.2));
#2905 = LINE('',#2906,#2907);
#2906 = CARTESIAN_POINT('',(3.,-0.43,0.2));
#2907 = VECTOR('',#2908,1.);
#2908 = DIRECTION('',(-1.,-1.110223024625E-16,0.));
#2909 = ORIENTED_EDGE('',*,*,#2910,.T.);
#2910 = EDGE_CURVE('',#2903,#2911,#2913,.T.);
#2911 = VERTEX_POINT('',#2912);
#2912 = CARTESIAN_POINT('',(2.6264581915,-0.43,0.282635182233));
#2913 = CIRCLE('',#2914,0.1);
#2914 = AXIS2_PLACEMENT_3D('',#2915,#2916,#2917);
#2915 = CARTESIAN_POINT('',(2.724938966801,-0.43,0.3));
#2916 = DIRECTION('',(-1.110223024625E-16,1.,0.));
#2917 = DIRECTION('',(0.,0.,-1.));
#2918 = ORIENTED_EDGE('',*,*,#2919,.T.);
#2919 = EDGE_CURVE('',#2911,#2920,#2922,.T.);
#2920 = VERTEX_POINT('',#2921);
#2921 = CARTESIAN_POINT('',(2.545442325904,-0.43,0.7770944533));
#2922 = LINE('',#2923,#2924);
#2923 = CARTESIAN_POINT('',(2.6264581915,-0.43,0.282635182233));
#2924 = VECTOR('',#2925,1.);
#2925 = DIRECTION('',(-0.161691392282,-1.795135065956E-17,0.986841372087
    ));
#2926 = ORIENTED_EDGE('',*,*,#2927,.T.);
#2927 = EDGE_CURVE('',#2920,#2928,#2930,.T.);
#2928 = VERTEX_POINT('',#2929);
#2929 = CARTESIAN_POINT('',(2.25,-0.43,1.025));
#2930 = CIRCLE('',#2931,0.3);
#2931 = AXIS2_PLACEMENT_3D('',#2932,#2933,#2934);
#2932 = CARTESIAN_POINT('',(2.25,-0.43,0.725));
#2933 = DIRECTION('',(1.110223024625E-16,-1.,0.));
#2934 = DIRECTION('',(0.984807753012,1.093356242223E-16,0.173648177667)
  );
#2935 = ORIENTED_EDGE('',*,*,#2936,.T.);
#2936 = EDGE_CURVE('',#2928,#999,#2937,.T.);
#2937 = LINE('',#2938,#2939);
#2938 = CARTESIAN_POINT('',(2.25,-0.43,1.025));
#2939 = VECTOR('',#2940,1.);
#2940 = DIRECTION('',(-1.,-1.110223024625E-16,0.));
#2941 = PLANE('',#2942);
#2942 = AXIS2_PLACEMENT_3D('',#2943,#2944,#2945);
#2943 = CARTESIAN_POINT('',(2.42560961319,-0.43,0.548953137803));
#2944 = DIRECTION('',(1.110223024625E-16,-1.,0.));
#2945 = DIRECTION('',(0.,0.,1.));
#2946 = ADVANCED_FACE('',(#2947),#2966,.F.);
#2947 = FACE_BOUND('',#2948,.F.);
#2948 = EDGE_LOOP('',(#2949,#2950,#2959,#2965));
#2949 = ORIENTED_EDGE('',*,*,#1037,.T.);
#2950 = ORIENTED_EDGE('',*,*,#2951,.T.);
#2951 = EDGE_CURVE('',#1030,#2952,#2954,.T.);
#2952 = VERTEX_POINT('',#2953);
#2953 = CARTESIAN_POINT('',(2.348480775301,-0.84,0.742364817767));
#2954 = CIRCLE('',#2955,0.1);
#2955 = AXIS2_PLACEMENT_3D('',#2956,#2957,#2958);
#2956 = CARTESIAN_POINT('',(2.25,-0.84,0.725));
#2957 = DIRECTION('',(-1.110223024625E-16,1.,0.));
#2958 = DIRECTION('',(4.440892098501E-15,4.930380657631E-31,1.));
#2959 = ORIENTED_EDGE('',*,*,#2960,.F.);
#2960 = EDGE_CURVE('',#2861,#2952,#2961,.T.);
#2961 = LINE('',#2962,#2963);
#2962 = CARTESIAN_POINT('',(2.348480775301,-0.43,0.742364817767));
#2963 = VECTOR('',#2964,1.);
#2964 = DIRECTION('',(1.110223024625E-16,-1.,0.));
#2965 = ORIENTED_EDGE('',*,*,#2860,.F.);
#2966 = CYLINDRICAL_SURFACE('',#2967,0.1);
#2967 = AXIS2_PLACEMENT_3D('',#2968,#2969,#2970);
#2968 = CARTESIAN_POINT('',(2.25,-0.43,0.725));
#2969 = DIRECTION('',(-1.110223024625E-16,1.,0.));
#2970 = DIRECTION('',(4.440892098501E-15,4.930380657631E-31,1.));
#2971 = ADVANCED_FACE('',(#2972),#3050,.T.);
#2972 = FACE_BOUND('',#2973,.T.);
#2973 = EDGE_LOOP('',(#2974,#2975,#2976,#2977,#2985,#2994,#3002,#3010,
    #3018,#3027,#3035,#3044));
#2974 = ORIENTED_EDGE('',*,*,#1051,.F.);
#2975 = ORIENTED_EDGE('',*,*,#1029,.T.);
#2976 = ORIENTED_EDGE('',*,*,#2951,.T.);
#2977 = ORIENTED_EDGE('',*,*,#2978,.T.);
#2978 = EDGE_CURVE('',#2952,#2979,#2981,.T.);
#2979 = VERTEX_POINT('',#2980);
#2980 = CARTESIAN_POINT('',(2.429496640897,-0.84,0.2479055467));
#2981 = LINE('',#2982,#2983);
#2982 = CARTESIAN_POINT('',(2.348480775301,-0.84,0.742364817767));
#2983 = VECTOR('',#2984,1.);
#2984 = DIRECTION('',(0.161691392282,1.795135065956E-17,-0.986841372087)
  );
#2985 = ORIENTED_EDGE('',*,*,#2986,.T.);
#2986 = EDGE_CURVE('',#2979,#2987,#2989,.T.);
#2987 = VERTEX_POINT('',#2988);
#2988 = CARTESIAN_POINT('',(2.724938966801,-0.84,-1.665334536938E-16));
#2989 = CIRCLE('',#2990,0.3);
#2990 = AXIS2_PLACEMENT_3D('',#2991,#2992,#2993);
#2991 = CARTESIAN_POINT('',(2.724938966801,-0.84,0.3));
#2992 = DIRECTION('',(1.110223024625E-16,-1.,0.));
#2993 = DIRECTION('',(-0.984807753012,-1.093356242223E-16,
    -0.173648177667));
#2994 = ORIENTED_EDGE('',*,*,#2995,.T.);
#2995 = EDGE_CURVE('',#2987,#2996,#2998,.T.);
#2996 = VERTEX_POINT('',#2997);
#2997 = CARTESIAN_POINT('',(3.,-0.84,-1.665334536938E-16));
#2998 = LINE('',#2999,#3000);
#2999 = CARTESIAN_POINT('',(2.724938966801,-0.84,-1.665334536938E-16));
#3000 = VECTOR('',#3001,1.);
#3001 = DIRECTION('',(1.,1.110223024625E-16,0.));
#3002 = ORIENTED_EDGE('',*,*,#3003,.T.);
#3003 = EDGE_CURVE('',#2996,#3004,#3006,.T.);
#3004 = VERTEX_POINT('',#3005);
#3005 = CARTESIAN_POINT('',(3.,-0.84,0.2));
#3006 = LINE('',#3007,#3008);
#3007 = CARTESIAN_POINT('',(3.,-0.84,-1.665334536938E-16));
#3008 = VECTOR('',#3009,1.);
#3009 = DIRECTION('',(0.,0.,1.));
#3010 = ORIENTED_EDGE('',*,*,#3011,.T.);
#3011 = EDGE_CURVE('',#3004,#3012,#3014,.T.);
#3012 = VERTEX_POINT('',#3013);
#3013 = CARTESIAN_POINT('',(2.724938966801,-0.84,0.2));
#3014 = LINE('',#3015,#3016);
#3015 = CARTESIAN_POINT('',(3.,-0.84,0.2));
#3016 = VECTOR('',#3017,1.);
#3017 = DIRECTION('',(-1.,-1.110223024625E-16,0.));
#3018 = ORIENTED_EDGE('',*,*,#3019,.T.);
#3019 = EDGE_CURVE('',#3012,#3020,#3022,.T.);
#3020 = VERTEX_POINT('',#3021);
#3021 = CARTESIAN_POINT('',(2.6264581915,-0.84,0.282635182233));
#3022 = CIRCLE('',#3023,0.1);
#3023 = AXIS2_PLACEMENT_3D('',#3024,#3025,#3026);
#3024 = CARTESIAN_POINT('',(2.724938966801,-0.84,0.3));
#3025 = DIRECTION('',(-1.110223024625E-16,1.,0.));
#3026 = DIRECTION('',(0.,0.,-1.));
#3027 = ORIENTED_EDGE('',*,*,#3028,.T.);
#3028 = EDGE_CURVE('',#3020,#3029,#3031,.T.);
#3029 = VERTEX_POINT('',#3030);
#3030 = CARTESIAN_POINT('',(2.545442325904,-0.84,0.7770944533));
#3031 = LINE('',#3032,#3033);
#3032 = CARTESIAN_POINT('',(2.6264581915,-0.84,0.282635182233));
#3033 = VECTOR('',#3034,1.);
#3034 = DIRECTION('',(-0.161691392282,-1.795135065956E-17,0.986841372087
    ));
#3035 = ORIENTED_EDGE('',*,*,#3036,.T.);
#3036 = EDGE_CURVE('',#3029,#3037,#3039,.T.);
#3037 = VERTEX_POINT('',#3038);
#3038 = CARTESIAN_POINT('',(2.25,-0.84,1.025));
#3039 = CIRCLE('',#3040,0.3);
#3040 = AXIS2_PLACEMENT_3D('',#3041,#3042,#3043);
#3041 = CARTESIAN_POINT('',(2.25,-0.84,0.725));
#3042 = DIRECTION('',(1.110223024625E-16,-1.,0.));
#3043 = DIRECTION('',(0.984807753012,1.093356242223E-16,0.173648177667)
  );
#3044 = ORIENTED_EDGE('',*,*,#3045,.T.);
#3045 = EDGE_CURVE('',#3037,#1052,#3046,.T.);
#3046 = LINE('',#3047,#3048);
#3047 = CARTESIAN_POINT('',(2.25,-0.84,1.025));
#3048 = VECTOR('',#3049,1.);
#3049 = DIRECTION('',(-1.,-1.110223024625E-16,0.));
#3050 = PLANE('',#3051);
#3051 = AXIS2_PLACEMENT_3D('',#3052,#3053,#3054);
#3052 = CARTESIAN_POINT('',(2.42560961319,-0.84,0.548953137803));
#3053 = DIRECTION('',(1.110223024625E-16,-1.,0.));
#3054 = DIRECTION('',(0.,0.,1.));
#3055 = ADVANCED_FACE('',(#3056),#3072,.F.);
#3056 = FACE_BOUND('',#3057,.F.);
#3057 = EDGE_LOOP('',(#3058,#3064,#3065,#3071));
#3058 = ORIENTED_EDGE('',*,*,#3059,.F.);
#3059 = EDGE_CURVE('',#1052,#1440,#3060,.T.);
#3060 = LINE('',#3061,#3062);
#3061 = CARTESIAN_POINT('',(2.25,-0.84,1.025));
#3062 = VECTOR('',#3063,1.);
#3063 = DIRECTION('',(-1.,-1.110223024625E-16,0.));
#3064 = ORIENTED_EDGE('',*,*,#1068,.T.);
#3065 = ORIENTED_EDGE('',*,*,#3066,.T.);
#3066 = EDGE_CURVE('',#1061,#1448,#3067,.T.);
#3067 = LINE('',#3068,#3069);
#3068 = CARTESIAN_POINT('',(2.25,-1.7,1.025));
#3069 = VECTOR('',#3070,1.);
#3070 = DIRECTION('',(-1.,-1.110223024625E-16,0.));
#3071 = ORIENTED_EDGE('',*,*,#1447,.F.);
#3072 = PLANE('',#3073);
#3073 = AXIS2_PLACEMENT_3D('',#3074,#3075,#3076);
#3074 = CARTESIAN_POINT('',(-3.027078129022E-16,2.4125,1.025));
#3075 = DIRECTION('',(2.007919022429E-31,-7.713306628828E-27,-1.));
#3076 = DIRECTION('',(1.,1.112083013911E-16,2.00791902242E-31));
#3077 = ADVANCED_FACE('',(#3078),#3164,.F.);
#3078 = FACE_BOUND('',#3079,.F.);
#3079 = EDGE_LOOP('',(#3080,#3081,#3082,#3091,#3099,#3108,#3116,#3124,
    #3132,#3141,#3149,#3158));
#3080 = ORIENTED_EDGE('',*,*,#1060,.F.);
#3081 = ORIENTED_EDGE('',*,*,#1082,.T.);
#3082 = ORIENTED_EDGE('',*,*,#3083,.T.);
#3083 = EDGE_CURVE('',#1083,#3084,#3086,.T.);
#3084 = VERTEX_POINT('',#3085);
#3085 = CARTESIAN_POINT('',(2.348480775301,-1.7,0.742364817767));
#3086 = CIRCLE('',#3087,0.1);
#3087 = AXIS2_PLACEMENT_3D('',#3088,#3089,#3090);
#3088 = CARTESIAN_POINT('',(2.25,-1.7,0.725));
#3089 = DIRECTION('',(-1.110223024625E-16,1.,0.));
#3090 = DIRECTION('',(4.440892098501E-15,4.930380657631E-31,1.));
#3091 = ORIENTED_EDGE('',*,*,#3092,.T.);
#3092 = EDGE_CURVE('',#3084,#3093,#3095,.T.);
#3093 = VERTEX_POINT('',#3094);
#3094 = CARTESIAN_POINT('',(2.429496640897,-1.7,0.2479055467));
#3095 = LINE('',#3096,#3097);
#3096 = CARTESIAN_POINT('',(2.348480775301,-1.7,0.742364817767));
#3097 = VECTOR('',#3098,1.);
#3098 = DIRECTION('',(0.161691392282,1.795135065956E-17,-0.986841372087)
  );
#3099 = ORIENTED_EDGE('',*,*,#3100,.T.);
#3100 = EDGE_CURVE('',#3093,#3101,#3103,.T.);
#3101 = VERTEX_POINT('',#3102);
#3102 = CARTESIAN_POINT('',(2.724938966801,-1.7,-1.665334536938E-16));
#3103 = CIRCLE('',#3104,0.3);
#3104 = AXIS2_PLACEMENT_3D('',#3105,#3106,#3107);
#3105 = CARTESIAN_POINT('',(2.724938966801,-1.7,0.3));
#3106 = DIRECTION('',(1.110223024625E-16,-1.,0.));
#3107 = DIRECTION('',(-0.984807753012,-1.093356242223E-16,
    -0.173648177667));
#3108 = ORIENTED_EDGE('',*,*,#3109,.T.);
#3109 = EDGE_CURVE('',#3101,#3110,#3112,.T.);
#3110 = VERTEX_POINT('',#3111);
#3111 = CARTESIAN_POINT('',(3.,-1.7,-1.665334536938E-16));
#3112 = LINE('',#3113,#3114);
#3113 = CARTESIAN_POINT('',(2.724938966801,-1.7,-1.665334536938E-16));
#3114 = VECTOR('',#3115,1.);
#3115 = DIRECTION('',(1.,1.110223024625E-16,0.));
#3116 = ORIENTED_EDGE('',*,*,#3117,.T.);
#3117 = EDGE_CURVE('',#3110,#3118,#3120,.T.);
#3118 = VERTEX_POINT('',#3119);
#3119 = CARTESIAN_POINT('',(3.,-1.7,0.2));
#3120 = LINE('',#3121,#3122);
#3121 = CARTESIAN_POINT('',(3.,-1.7,-1.665334536938E-16));
#3122 = VECTOR('',#3123,1.);
#3123 = DIRECTION('',(0.,0.,1.));
#3124 = ORIENTED_EDGE('',*,*,#3125,.T.);
#3125 = EDGE_CURVE('',#3118,#3126,#3128,.T.);
#3126 = VERTEX_POINT('',#3127);
#3127 = CARTESIAN_POINT('',(2.724938966801,-1.7,0.2));
#3128 = LINE('',#3129,#3130);
#3129 = CARTESIAN_POINT('',(3.,-1.7,0.2));
#3130 = VECTOR('',#3131,1.);
#3131 = DIRECTION('',(-1.,-1.110223024625E-16,0.));
#3132 = ORIENTED_EDGE('',*,*,#3133,.T.);
#3133 = EDGE_CURVE('',#3126,#3134,#3136,.T.);
#3134 = VERTEX_POINT('',#3135);
#3135 = CARTESIAN_POINT('',(2.6264581915,-1.7,0.282635182233));
#3136 = CIRCLE('',#3137,0.1);
#3137 = AXIS2_PLACEMENT_3D('',#3138,#3139,#3140);
#3138 = CARTESIAN_POINT('',(2.724938966801,-1.7,0.3));
#3139 = DIRECTION('',(-1.110223024625E-16,1.,0.));
#3140 = DIRECTION('',(0.,0.,-1.));
#3141 = ORIENTED_EDGE('',*,*,#3142,.T.);
#3142 = EDGE_CURVE('',#3134,#3143,#3145,.T.);
#3143 = VERTEX_POINT('',#3144);
#3144 = CARTESIAN_POINT('',(2.545442325904,-1.7,0.7770944533));
#3145 = LINE('',#3146,#3147);
#3146 = CARTESIAN_POINT('',(2.6264581915,-1.7,0.282635182233));
#3147 = VECTOR('',#3148,1.);
#3148 = DIRECTION('',(-0.161691392282,-1.795135065956E-17,0.986841372087
    ));
#3149 = ORIENTED_EDGE('',*,*,#3150,.T.);
#3150 = EDGE_CURVE('',#3143,#3151,#3153,.T.);
#3151 = VERTEX_POINT('',#3152);
#3152 = CARTESIAN_POINT('',(2.25,-1.7,1.025));
#3153 = CIRCLE('',#3154,0.3);
#3154 = AXIS2_PLACEMENT_3D('',#3155,#3156,#3157);
#3155 = CARTESIAN_POINT('',(2.25,-1.7,0.725));
#3156 = DIRECTION('',(1.110223024625E-16,-1.,0.));
#3157 = DIRECTION('',(0.984807753012,1.093356242223E-16,0.173648177667)
  );
#3158 = ORIENTED_EDGE('',*,*,#3159,.T.);
#3159 = EDGE_CURVE('',#3151,#1061,#3160,.T.);
#3160 = LINE('',#3161,#3162);
#3161 = CARTESIAN_POINT('',(2.25,-1.7,1.025));
#3162 = VECTOR('',#3163,1.);
#3163 = DIRECTION('',(-1.,-1.110223024625E-16,0.));
#3164 = PLANE('',#3165);
#3165 = AXIS2_PLACEMENT_3D('',#3166,#3167,#3168);
#3166 = CARTESIAN_POINT('',(2.42560961319,-1.7,0.548953137803));
#3167 = DIRECTION('',(1.110223024625E-16,-1.,0.));
#3168 = DIRECTION('',(0.,0.,1.));
#3169 = ADVANCED_FACE('',(#3170),#3189,.F.);
#3170 = FACE_BOUND('',#3171,.F.);
#3171 = EDGE_LOOP('',(#3172,#3173,#3182,#3188));
#3172 = ORIENTED_EDGE('',*,*,#1099,.T.);
#3173 = ORIENTED_EDGE('',*,*,#3174,.T.);
#3174 = EDGE_CURVE('',#1092,#3175,#3177,.T.);
#3175 = VERTEX_POINT('',#3176);
#3176 = CARTESIAN_POINT('',(2.348480775301,-2.11,0.742364817767));
#3177 = CIRCLE('',#3178,0.1);
#3178 = AXIS2_PLACEMENT_3D('',#3179,#3180,#3181);
#3179 = CARTESIAN_POINT('',(2.25,-2.11,0.725));
#3180 = DIRECTION('',(-1.110223024625E-16,1.,0.));
#3181 = DIRECTION('',(4.440892098501E-15,4.930380657631E-31,1.));
#3182 = ORIENTED_EDGE('',*,*,#3183,.F.);
#3183 = EDGE_CURVE('',#3084,#3175,#3184,.T.);
#3184 = LINE('',#3185,#3186);
#3185 = CARTESIAN_POINT('',(2.348480775301,-1.7,0.742364817767));
#3186 = VECTOR('',#3187,1.);
#3187 = DIRECTION('',(1.110223024625E-16,-1.,0.));
#3188 = ORIENTED_EDGE('',*,*,#3083,.F.);
#3189 = CYLINDRICAL_SURFACE('',#3190,0.1);
#3190 = AXIS2_PLACEMENT_3D('',#3191,#3192,#3193);
#3191 = CARTESIAN_POINT('',(2.25,-1.7,0.725));
#3192 = DIRECTION('',(-1.110223024625E-16,1.,0.));
#3193 = DIRECTION('',(4.440892098501E-15,4.930380657631E-31,1.));
#3194 = ADVANCED_FACE('',(#3195),#3273,.T.);
#3195 = FACE_BOUND('',#3196,.T.);
#3196 = EDGE_LOOP('',(#3197,#3198,#3199,#3200,#3208,#3217,#3225,#3233,
    #3241,#3250,#3258,#3267));
#3197 = ORIENTED_EDGE('',*,*,#1113,.F.);
#3198 = ORIENTED_EDGE('',*,*,#1091,.T.);
#3199 = ORIENTED_EDGE('',*,*,#3174,.T.);
#3200 = ORIENTED_EDGE('',*,*,#3201,.T.);
#3201 = EDGE_CURVE('',#3175,#3202,#3204,.T.);
#3202 = VERTEX_POINT('',#3203);
#3203 = CARTESIAN_POINT('',(2.429496640897,-2.11,0.2479055467));
#3204 = LINE('',#3205,#3206);
#3205 = CARTESIAN_POINT('',(2.348480775301,-2.11,0.742364817767));
#3206 = VECTOR('',#3207,1.);
#3207 = DIRECTION('',(0.161691392282,1.795135065956E-17,-0.986841372087)
  );
#3208 = ORIENTED_EDGE('',*,*,#3209,.T.);
#3209 = EDGE_CURVE('',#3202,#3210,#3212,.T.);
#3210 = VERTEX_POINT('',#3211);
#3211 = CARTESIAN_POINT('',(2.724938966801,-2.11,-1.665334536938E-16));
#3212 = CIRCLE('',#3213,0.3);
#3213 = AXIS2_PLACEMENT_3D('',#3214,#3215,#3216);
#3214 = CARTESIAN_POINT('',(2.724938966801,-2.11,0.3));
#3215 = DIRECTION('',(1.110223024625E-16,-1.,0.));
#3216 = DIRECTION('',(-0.984807753012,-1.093356242223E-16,
    -0.173648177667));
#3217 = ORIENTED_EDGE('',*,*,#3218,.T.);
#3218 = EDGE_CURVE('',#3210,#3219,#3221,.T.);
#3219 = VERTEX_POINT('',#3220);
#3220 = CARTESIAN_POINT('',(3.,-2.11,-1.665334536938E-16));
#3221 = LINE('',#3222,#3223);
#3222 = CARTESIAN_POINT('',(2.724938966801,-2.11,-1.665334536938E-16));
#3223 = VECTOR('',#3224,1.);
#3224 = DIRECTION('',(1.,1.110223024625E-16,0.));
#3225 = ORIENTED_EDGE('',*,*,#3226,.T.);
#3226 = EDGE_CURVE('',#3219,#3227,#3229,.T.);
#3227 = VERTEX_POINT('',#3228);
#3228 = CARTESIAN_POINT('',(3.,-2.11,0.2));
#3229 = LINE('',#3230,#3231);
#3230 = CARTESIAN_POINT('',(3.,-2.11,-1.665334536938E-16));
#3231 = VECTOR('',#3232,1.);
#3232 = DIRECTION('',(0.,0.,1.));
#3233 = ORIENTED_EDGE('',*,*,#3234,.T.);
#3234 = EDGE_CURVE('',#3227,#3235,#3237,.T.);
#3235 = VERTEX_POINT('',#3236);
#3236 = CARTESIAN_POINT('',(2.724938966801,-2.11,0.2));
#3237 = LINE('',#3238,#3239);
#3238 = CARTESIAN_POINT('',(3.,-2.11,0.2));
#3239 = VECTOR('',#3240,1.);
#3240 = DIRECTION('',(-1.,-1.110223024625E-16,0.));
#3241 = ORIENTED_EDGE('',*,*,#3242,.T.);
#3242 = EDGE_CURVE('',#3235,#3243,#3245,.T.);
#3243 = VERTEX_POINT('',#3244);
#3244 = CARTESIAN_POINT('',(2.6264581915,-2.11,0.282635182233));
#3245 = CIRCLE('',#3246,0.1);
#3246 = AXIS2_PLACEMENT_3D('',#3247,#3248,#3249);
#3247 = CARTESIAN_POINT('',(2.724938966801,-2.11,0.3));
#3248 = DIRECTION('',(-1.110223024625E-16,1.,0.));
#3249 = DIRECTION('',(0.,0.,-1.));
#3250 = ORIENTED_EDGE('',*,*,#3251,.T.);
#3251 = EDGE_CURVE('',#3243,#3252,#3254,.T.);
#3252 = VERTEX_POINT('',#3253);
#3253 = CARTESIAN_POINT('',(2.545442325904,-2.11,0.7770944533));
#3254 = LINE('',#3255,#3256);
#3255 = CARTESIAN_POINT('',(2.6264581915,-2.11,0.282635182233));
#3256 = VECTOR('',#3257,1.);
#3257 = DIRECTION('',(-0.161691392282,-1.795135065956E-17,0.986841372087
    ));
#3258 = ORIENTED_EDGE('',*,*,#3259,.T.);
#3259 = EDGE_CURVE('',#3252,#3260,#3262,.T.);
#3260 = VERTEX_POINT('',#3261);
#3261 = CARTESIAN_POINT('',(2.25,-2.11,1.025));
#3262 = CIRCLE('',#3263,0.3);
#3263 = AXIS2_PLACEMENT_3D('',#3264,#3265,#3266);
#3264 = CARTESIAN_POINT('',(2.25,-2.11,0.725));
#3265 = DIRECTION('',(1.110223024625E-16,-1.,0.));
#3266 = DIRECTION('',(0.984807753012,1.093356242223E-16,0.173648177667)
  );
#3267 = ORIENTED_EDGE('',*,*,#3268,.T.);
#3268 = EDGE_CURVE('',#3260,#1114,#3269,.T.);
#3269 = LINE('',#3270,#3271);
#3270 = CARTESIAN_POINT('',(2.25,-2.11,1.025));
#3271 = VECTOR('',#3272,1.);
#3272 = DIRECTION('',(-1.,-1.110223024625E-16,0.));
#3273 = PLANE('',#3274);
#3274 = AXIS2_PLACEMENT_3D('',#3275,#3276,#3277);
#3275 = CARTESIAN_POINT('',(2.42560961319,-2.11,0.548953137803));
#3276 = DIRECTION('',(1.110223024625E-16,-1.,0.));
#3277 = DIRECTION('',(0.,0.,1.));
#3278 = ADVANCED_FACE('',(#3279),#3290,.T.);
#3279 = FACE_BOUND('',#3280,.T.);
#3280 = EDGE_LOOP('',(#3281,#3282,#3283,#3284));
#3281 = ORIENTED_EDGE('',*,*,#2313,.T.);
#3282 = ORIENTED_EDGE('',*,*,#1214,.T.);
#3283 = ORIENTED_EDGE('',*,*,#2415,.F.);
#3284 = ORIENTED_EDGE('',*,*,#3285,.F.);
#3285 = EDGE_CURVE('',#2306,#2408,#3286,.T.);
#3286 = LINE('',#3287,#3288);
#3287 = CARTESIAN_POINT('',(-2.545442325904,1.7,0.7770944533));
#3288 = VECTOR('',#3289,1.);
#3289 = DIRECTION('',(1.144237745222E-17,1.,0.));
#3290 = CYLINDRICAL_SURFACE('',#3291,0.3);
#3291 = AXIS2_PLACEMENT_3D('',#3292,#3293,#3294);
#3292 = CARTESIAN_POINT('',(-2.25,1.7,0.725));
#3293 = DIRECTION('',(-1.144237745222E-17,-1.,0.));
#3294 = DIRECTION('',(-0.984807753012,1.126854202784E-17,0.173648177667)
  );
#3295 = ADVANCED_FACE('',(#3296),#3309,.F.);
#3296 = FACE_BOUND('',#3297,.F.);
#3297 = EDGE_LOOP('',(#3298,#3299,#3305,#3306,#3307,#3308));
#3298 = ORIENTED_EDGE('',*,*,#1658,.F.);
#3299 = ORIENTED_EDGE('',*,*,#3300,.T.);
#3300 = EDGE_CURVE('',#1650,#1759,#3301,.T.);
#3301 = LINE('',#3302,#3303);
#3302 = CARTESIAN_POINT('',(-2.25,-2.11,1.025));
#3303 = VECTOR('',#3304,1.);
#3304 = DIRECTION('',(1.144237745222E-17,1.,0.));
#3305 = ORIENTED_EDGE('',*,*,#1767,.T.);
#3306 = ORIENTED_EDGE('',*,*,#1789,.T.);
#3307 = ORIENTED_EDGE('',*,*,#1261,.F.);
#3308 = ORIENTED_EDGE('',*,*,#1532,.F.);
#3309 = PLANE('',#3310);
#3310 = AXIS2_PLACEMENT_3D('',#3311,#3312,#3313);
#3311 = CARTESIAN_POINT('',(-2.25,-2.11,1.025));
#3312 = DIRECTION('',(0.,0.,-1.));
#3313 = DIRECTION('',(1.,-1.144237745222E-17,0.));
#3314 = ADVANCED_FACE('',(#3315),#3328,.F.);
#3315 = FACE_BOUND('',#3316,.F.);
#3316 = EDGE_LOOP('',(#3317,#3318,#3324,#3325,#3326,#3327));
#3317 = ORIENTED_EDGE('',*,*,#1881,.F.);
#3318 = ORIENTED_EDGE('',*,*,#3319,.T.);
#3319 = EDGE_CURVE('',#1873,#1982,#3320,.T.);
#3320 = LINE('',#3321,#3322);
#3321 = CARTESIAN_POINT('',(-2.25,-0.84,1.025));
#3322 = VECTOR('',#3323,1.);
#3323 = DIRECTION('',(1.144237745222E-17,1.,0.));
#3324 = ORIENTED_EDGE('',*,*,#1990,.T.);
#3325 = ORIENTED_EDGE('',*,*,#2012,.T.);
#3326 = ORIENTED_EDGE('',*,*,#1277,.F.);
#3327 = ORIENTED_EDGE('',*,*,#1782,.F.);
#3328 = PLANE('',#3329);
#3329 = AXIS2_PLACEMENT_3D('',#3330,#3331,#3332);
#3330 = CARTESIAN_POINT('',(-2.25,-0.84,1.025));
#3331 = DIRECTION('',(0.,0.,-1.));
#3332 = DIRECTION('',(1.,-1.144237745222E-17,0.));
#3333 = ADVANCED_FACE('',(#3334),#3347,.F.);
#3334 = FACE_BOUND('',#3335,.F.);
#3335 = EDGE_LOOP('',(#3336,#3337,#3343,#3344,#3345,#3346));
#3336 = ORIENTED_EDGE('',*,*,#2104,.F.);
#3337 = ORIENTED_EDGE('',*,*,#3338,.T.);
#3338 = EDGE_CURVE('',#2096,#2205,#3339,.T.);
#3339 = LINE('',#3340,#3341);
#3340 = CARTESIAN_POINT('',(-2.25,0.43,1.025));
#3341 = VECTOR('',#3342,1.);
#3342 = DIRECTION('',(1.144237745222E-17,1.,0.));
#3343 = ORIENTED_EDGE('',*,*,#2213,.T.);
#3344 = ORIENTED_EDGE('',*,*,#2230,.T.);
#3345 = ORIENTED_EDGE('',*,*,#1293,.F.);
#3346 = ORIENTED_EDGE('',*,*,#2005,.F.);
#3347 = PLANE('',#3348);
#3348 = AXIS2_PLACEMENT_3D('',#3349,#3350,#3351);
#3349 = CARTESIAN_POINT('',(-2.25,0.43,1.025));
#3350 = DIRECTION('',(0.,0.,-1.));
#3351 = DIRECTION('',(1.,-1.144237745222E-17,0.));
#3352 = ADVANCED_FACE('',(#3353,#3382),#3393,.F.);
#3353 = FACE_BOUND('',#3354,.F.);
#3354 = EDGE_LOOP('',(#3355,#3356,#3357,#3358,#3366,#3374,#3380,#3381));
#3355 = ORIENTED_EDGE('',*,*,#1368,.T.);
#3356 = ORIENTED_EDGE('',*,*,#1391,.T.);
#3357 = ORIENTED_EDGE('',*,*,#1478,.T.);
#3358 = ORIENTED_EDGE('',*,*,#3359,.T.);
#3359 = EDGE_CURVE('',#1472,#3360,#3362,.T.);
#3360 = VERTEX_POINT('',#3361);
#3361 = CARTESIAN_POINT('',(1.680085640382,-2.260171280765,1.75));
#3362 = LINE('',#3363,#3364);
#3363 = CARTESIAN_POINT('',(1.760171280765,-2.180085640382,1.75));
#3364 = VECTOR('',#3365,1.);
#3365 = DIRECTION('',(-0.707106781187,-0.707106781187,0.));
#3366 = ORIENTED_EDGE('',*,*,#3367,.T.);
#3367 = EDGE_CURVE('',#3360,#3368,#3370,.T.);
#3368 = VERTEX_POINT('',#3369);
#3369 = CARTESIAN_POINT('',(-1.680085640382,-2.260171280765,1.75));
#3370 = LINE('',#3371,#3372);
#3371 = CARTESIAN_POINT('',(1.680085640382,-2.260171280765,1.75));
#3372 = VECTOR('',#3373,1.);
#3373 = DIRECTION('',(-1.,-1.110223024625E-16,0.));
#3374 = ORIENTED_EDGE('',*,*,#3375,.T.);
#3375 = EDGE_CURVE('',#3368,#1317,#3376,.T.);
#3376 = LINE('',#3377,#3378);
#3377 = CARTESIAN_POINT('',(-1.680085640382,-2.260171280765,1.75));
#3378 = VECTOR('',#3379,1.);
#3379 = DIRECTION('',(-0.707106781187,0.707106781187,0.));
#3380 = ORIENTED_EDGE('',*,*,#1316,.T.);
#3381 = ORIENTED_EDGE('',*,*,#1345,.T.);
#3382 = FACE_BOUND('',#3383,.F.);
#3383 = EDGE_LOOP('',(#3384));
#3384 = ORIENTED_EDGE('',*,*,#3385,.F.);
#3385 = EDGE_CURVE('',#3386,#3386,#3388,.T.);
#3386 = VERTEX_POINT('',#3387);
#3387 = CARTESIAN_POINT('',(-1.110171280765,1.310171280765,1.75));
#3388 = CIRCLE('',#3389,0.3);
#3389 = AXIS2_PLACEMENT_3D('',#3390,#3391,#3392);
#3390 = CARTESIAN_POINT('',(-1.110171280765,1.610171280765,1.75));
#3391 = DIRECTION('',(0.,-0.,-1.));
#3392 = DIRECTION('',(1.110223024625E-16,-1.,0.));
#3393 = PLANE('',#3394);
#3394 = AXIS2_PLACEMENT_3D('',#3395,#3396,#3397);
#3395 = CARTESIAN_POINT('',(-1.680085640382,2.260171280765,1.75));
#3396 = DIRECTION('',(0.,0.,-1.));
#3397 = DIRECTION('',(0.596575959062,-0.802556617983,0.));
#3398 = ADVANCED_FACE('',(#3399),#3409,.F.);
#3399 = FACE_BOUND('',#3400,.F.);
#3400 = EDGE_LOOP('',(#3401,#3402,#3403,#3404));
#3401 = ORIENTED_EDGE('',*,*,#1539,.T.);
#3402 = ORIENTED_EDGE('',*,*,#1324,.T.);
#3403 = ORIENTED_EDGE('',*,*,#3375,.F.);
#3404 = ORIENTED_EDGE('',*,*,#3405,.F.);
#3405 = EDGE_CURVE('',#1540,#3368,#3406,.T.);
#3406 = B_SPLINE_CURVE_WITH_KNOTS('',1,(#3407,#3408),.UNSPECIFIED.,.F.,
  .F.,(2,2),(0.,1.),.PIECEWISE_BEZIER_KNOTS.);
#3407 = CARTESIAN_POINT('',(-1.7375,-2.375,1.025));
#3408 = CARTESIAN_POINT('',(-1.680085640382,-2.260171280765,1.75));
#3409 = B_SPLINE_SURFACE_WITH_KNOTS('',1,1,(
    (#3410,#3411)
    ,(#3412,#3413
    )),.UNSPECIFIED.,.F.,.F.,.F.,(2,2),(2,2),(0.,0.194454364826),(0.,1.)
  ,.PIECEWISE_BEZIER_KNOTS.);
#3410 = CARTESIAN_POINT('',(-1.7375,-2.375,1.025));
#3411 = CARTESIAN_POINT('',(-1.680085640382,-2.260171280765,1.75));
#3412 = CARTESIAN_POINT('',(-1.875,-2.2375,1.025));
#3413 = CARTESIAN_POINT('',(-1.760171280765,-2.180085640382,1.75));
#3414 = ADVANCED_FACE('',(#3415),#3428,.F.);
#3415 = FACE_BOUND('',#3416,.F.);
#3416 = EDGE_LOOP('',(#3417,#3418,#3424,#3425,#3426,#3427));
#3417 = ORIENTED_EDGE('',*,*,#2713,.F.);
#3418 = ORIENTED_EDGE('',*,*,#3419,.T.);
#3419 = EDGE_CURVE('',#2705,#2814,#3420,.T.);
#3420 = LINE('',#3421,#3422);
#3421 = CARTESIAN_POINT('',(2.25,0.84,1.025));
#3422 = VECTOR('',#3423,1.);
#3423 = DIRECTION('',(1.110223024625E-16,-1.,0.));
#3424 = ORIENTED_EDGE('',*,*,#2822,.T.);
#3425 = ORIENTED_EDGE('',*,*,#2836,.T.);
#3426 = ORIENTED_EDGE('',*,*,#1423,.F.);
#3427 = ORIENTED_EDGE('',*,*,#2620,.F.);
#3428 = PLANE('',#3429);
#3429 = AXIS2_PLACEMENT_3D('',#3430,#3431,#3432);
#3430 = CARTESIAN_POINT('',(2.25,0.84,1.025));
#3431 = DIRECTION('',(0.,0.,-1.));
#3432 = DIRECTION('',(-1.,-1.110223024625E-16,-0.));
#3433 = ADVANCED_FACE('',(#3434),#3447,.F.);
#3434 = FACE_BOUND('',#3435,.F.);
#3435 = EDGE_LOOP('',(#3436,#3437,#3443,#3444,#3445,#3446));
#3436 = ORIENTED_EDGE('',*,*,#2936,.F.);
#3437 = ORIENTED_EDGE('',*,*,#3438,.T.);
#3438 = EDGE_CURVE('',#2928,#3037,#3439,.T.);
#3439 = LINE('',#3440,#3441);
#3440 = CARTESIAN_POINT('',(2.25,-0.43,1.025));
#3441 = VECTOR('',#3442,1.);
#3442 = DIRECTION('',(1.110223024625E-16,-1.,0.));
#3443 = ORIENTED_EDGE('',*,*,#3045,.T.);
#3444 = ORIENTED_EDGE('',*,*,#3059,.T.);
#3445 = ORIENTED_EDGE('',*,*,#1439,.F.);
#3446 = ORIENTED_EDGE('',*,*,#2843,.F.);
#3447 = PLANE('',#3448);
#3448 = AXIS2_PLACEMENT_3D('',#3449,#3450,#3451);
#3449 = CARTESIAN_POINT('',(2.25,-0.43,1.025));
#3450 = DIRECTION('',(0.,0.,-1.));
#3451 = DIRECTION('',(-1.,-1.110223024625E-16,-0.));
#3452 = ADVANCED_FACE('',(#3453),#3466,.F.);
#3453 = FACE_BOUND('',#3454,.F.);
#3454 = EDGE_LOOP('',(#3455,#3456,#3462,#3463,#3464,#3465));
#3455 = ORIENTED_EDGE('',*,*,#3159,.F.);
#3456 = ORIENTED_EDGE('',*,*,#3457,.T.);
#3457 = EDGE_CURVE('',#3151,#3260,#3458,.T.);
#3458 = LINE('',#3459,#3460);
#3459 = CARTESIAN_POINT('',(2.25,-1.7,1.025));
#3460 = VECTOR('',#3461,1.);
#3461 = DIRECTION('',(1.110223024625E-16,-1.,0.));
#3462 = ORIENTED_EDGE('',*,*,#3268,.T.);
#3463 = ORIENTED_EDGE('',*,*,#1562,.T.);
#3464 = ORIENTED_EDGE('',*,*,#1455,.F.);
#3465 = ORIENTED_EDGE('',*,*,#3066,.F.);
#3466 = PLANE('',#3467);
#3467 = AXIS2_PLACEMENT_3D('',#3468,#3469,#3470);
#3468 = CARTESIAN_POINT('',(2.25,-1.7,1.025));
#3469 = DIRECTION('',(0.,0.,-1.));
#3470 = DIRECTION('',(-1.,-1.110223024625E-16,-0.));
#3471 = ADVANCED_FACE('',(#3472),#3482,.F.);
#3472 = FACE_BOUND('',#3473,.F.);
#3473 = EDGE_LOOP('',(#3474,#3475,#3480,#3481));
#3474 = ORIENTED_EDGE('',*,*,#1555,.T.);
#3475 = ORIENTED_EDGE('',*,*,#3476,.T.);
#3476 = EDGE_CURVE('',#1548,#3360,#3477,.T.);
#3477 = B_SPLINE_CURVE_WITH_KNOTS('',1,(#3478,#3479),.UNSPECIFIED.,.F.,
  .F.,(2,2),(0.,1.),.PIECEWISE_BEZIER_KNOTS.);
#3478 = CARTESIAN_POINT('',(1.7375,-2.375,1.025));
#3479 = CARTESIAN_POINT('',(1.680085640382,-2.260171280765,1.75));
#3480 = ORIENTED_EDGE('',*,*,#3359,.F.);
#3481 = ORIENTED_EDGE('',*,*,#1471,.F.);
#3482 = B_SPLINE_SURFACE_WITH_KNOTS('',1,1,(
    (#3483,#3484)
    ,(#3485,#3486
    )),.UNSPECIFIED.,.F.,.F.,.F.,(2,2),(2,2),(0.,0.194454364826),(0.,1.)
  ,.PIECEWISE_BEZIER_KNOTS.);
#3483 = CARTESIAN_POINT('',(1.875,-2.2375,1.025));
#3484 = CARTESIAN_POINT('',(1.760171280765,-2.180085640382,1.75));
#3485 = CARTESIAN_POINT('',(1.7375,-2.375,1.025));
#3486 = CARTESIAN_POINT('',(1.680085640382,-2.260171280765,1.75));
#3487 = ADVANCED_FACE('',(#3488),#3499,.T.);
#3488 = FACE_BOUND('',#3489,.T.);
#3489 = EDGE_LOOP('',(#3490,#3491,#3492,#3493));
#3490 = ORIENTED_EDGE('',*,*,#2500,.T.);
#3491 = ORIENTED_EDGE('',*,*,#1501,.T.);
#3492 = ORIENTED_EDGE('',*,*,#2602,.F.);
#3493 = ORIENTED_EDGE('',*,*,#3494,.F.);
#3494 = EDGE_CURVE('',#2493,#2595,#3495,.T.);
#3495 = LINE('',#3496,#3497);
#3496 = CARTESIAN_POINT('',(2.545442325904,2.11,0.7770944533));
#3497 = VECTOR('',#3498,1.);
#3498 = DIRECTION('',(1.110223024625E-16,-1.,0.));
#3499 = CYLINDRICAL_SURFACE('',#3500,0.3);
#3500 = AXIS2_PLACEMENT_3D('',#3501,#3502,#3503);
#3501 = CARTESIAN_POINT('',(2.25,2.11,0.725));
#3502 = DIRECTION('',(-1.110223024625E-16,1.,0.));
#3503 = DIRECTION('',(0.984807753012,1.093356242223E-16,0.173648177667)
  );
#3504 = ADVANCED_FACE('',(#3505),#3511,.F.);
#3505 = FACE_BOUND('',#3506,.F.);
#3506 = EDGE_LOOP('',(#3507,#3508,#3509,#3510));
#3507 = ORIENTED_EDGE('',*,*,#1547,.T.);
#3508 = ORIENTED_EDGE('',*,*,#3405,.T.);
#3509 = ORIENTED_EDGE('',*,*,#3367,.F.);
#3510 = ORIENTED_EDGE('',*,*,#3476,.F.);
#3511 = B_SPLINE_SURFACE_WITH_KNOTS('',1,1,(
    (#3512,#3513)
    ,(#3514,#3515
    )),.UNSPECIFIED.,.F.,.F.,.F.,(2,2),(2,2),(0.,3.475),(0.,1.),
  .PIECEWISE_BEZIER_KNOTS.);
#3512 = CARTESIAN_POINT('',(1.7375,-2.375,1.025));
#3513 = CARTESIAN_POINT('',(1.680085640382,-2.260171280765,1.75));
#3514 = CARTESIAN_POINT('',(-1.7375,-2.375,1.025));
#3515 = CARTESIAN_POINT('',(-1.680085640382,-2.260171280765,1.75));
#3516 = ADVANCED_FACE('',(#3517),#3528,.T.);
#3517 = FACE_BOUND('',#3518,.T.);
#3518 = EDGE_LOOP('',(#3519,#3520,#3521,#3522));
#3519 = ORIENTED_EDGE('',*,*,#1649,.T.);
#3520 = ORIENTED_EDGE('',*,*,#3300,.T.);
#3521 = ORIENTED_EDGE('',*,*,#1758,.F.);
#3522 = ORIENTED_EDGE('',*,*,#3523,.F.);
#3523 = EDGE_CURVE('',#1642,#1751,#3524,.T.);
#3524 = LINE('',#3525,#3526);
#3525 = CARTESIAN_POINT('',(-2.545442325904,-2.11,0.7770944533));
#3526 = VECTOR('',#3527,1.);
#3527 = DIRECTION('',(1.144237745222E-17,1.,0.));
#3528 = CYLINDRICAL_SURFACE('',#3529,0.3);
#3529 = AXIS2_PLACEMENT_3D('',#3530,#3531,#3532);
#3530 = CARTESIAN_POINT('',(-2.25,-2.11,0.725));
#3531 = DIRECTION('',(-1.144237745222E-17,-1.,0.));
#3532 = DIRECTION('',(-0.984807753012,1.126854202784E-17,0.173648177667)
  );
#3533 = ADVANCED_FACE('',(#3534),#3545,.F.);
#3534 = FACE_BOUND('',#3535,.F.);
#3535 = EDGE_LOOP('',(#3536,#3542,#3543,#3544));
#3536 = ORIENTED_EDGE('',*,*,#3537,.T.);
#3537 = EDGE_CURVE('',#1633,#1742,#3538,.T.);
#3538 = LINE('',#3539,#3540);
#3539 = CARTESIAN_POINT('',(-2.6264581915,-2.11,0.282635182233));
#3540 = VECTOR('',#3541,1.);
#3541 = DIRECTION('',(1.144237745222E-17,1.,0.));
#3542 = ORIENTED_EDGE('',*,*,#1750,.T.);
#3543 = ORIENTED_EDGE('',*,*,#3523,.F.);
#3544 = ORIENTED_EDGE('',*,*,#1641,.F.);
#3545 = PLANE('',#3546);
#3546 = AXIS2_PLACEMENT_3D('',#3547,#3548,#3549);
#3547 = CARTESIAN_POINT('',(-2.6264581915,-2.11,0.282635182233));
#3548 = DIRECTION('',(0.986841372087,-1.129181146488E-17,-0.161691392282
    ));
#3549 = DIRECTION('',(0.161691392282,-1.85013394127E-18,0.986841372087)
  );
#3550 = ADVANCED_FACE('',(#3551),#3562,.F.);
#3551 = FACE_BOUND('',#3552,.F.);
#3552 = EDGE_LOOP('',(#3553,#3559,#3560,#3561));
#3553 = ORIENTED_EDGE('',*,*,#3554,.T.);
#3554 = EDGE_CURVE('',#1625,#1734,#3555,.T.);
#3555 = LINE('',#3556,#3557);
#3556 = CARTESIAN_POINT('',(-2.724938966801,-2.11,0.2));
#3557 = VECTOR('',#3558,1.);
#3558 = DIRECTION('',(1.144237745222E-17,1.,0.));
#3559 = ORIENTED_EDGE('',*,*,#1741,.T.);
#3560 = ORIENTED_EDGE('',*,*,#3537,.F.);
#3561 = ORIENTED_EDGE('',*,*,#1632,.F.);
#3562 = CYLINDRICAL_SURFACE('',#3563,0.1);
#3563 = AXIS2_PLACEMENT_3D('',#3564,#3565,#3566);
#3564 = CARTESIAN_POINT('',(-2.724938966801,-2.11,0.3));
#3565 = DIRECTION('',(-1.144237745222E-17,-1.,0.));
#3566 = DIRECTION('',(-0.,0.,-1.));
#3567 = ADVANCED_FACE('',(#3568),#3579,.F.);
#3568 = FACE_BOUND('',#3569,.F.);
#3569 = EDGE_LOOP('',(#3570,#3576,#3577,#3578));
#3570 = ORIENTED_EDGE('',*,*,#3571,.T.);
#3571 = EDGE_CURVE('',#1617,#1726,#3572,.T.);
#3572 = LINE('',#3573,#3574);
#3573 = CARTESIAN_POINT('',(-3.,-2.11,0.2));
#3574 = VECTOR('',#3575,1.);
#3575 = DIRECTION('',(1.144237745222E-17,1.,0.));
#3576 = ORIENTED_EDGE('',*,*,#1733,.T.);
#3577 = ORIENTED_EDGE('',*,*,#3554,.F.);
#3578 = ORIENTED_EDGE('',*,*,#1624,.F.);
#3579 = PLANE('',#3580);
#3580 = AXIS2_PLACEMENT_3D('',#3581,#3582,#3583);
#3581 = CARTESIAN_POINT('',(-3.,-2.11,0.2));
#3582 = DIRECTION('',(0.,0.,-1.));
#3583 = DIRECTION('',(1.,-1.144237745222E-17,0.));
#3584 = ADVANCED_FACE('',(#3585),#3596,.F.);
#3585 = FACE_BOUND('',#3586,.F.);
#3586 = EDGE_LOOP('',(#3587,#3593,#3594,#3595));
#3587 = ORIENTED_EDGE('',*,*,#3588,.T.);
#3588 = EDGE_CURVE('',#1609,#1718,#3589,.T.);
#3589 = LINE('',#3590,#3591);
#3590 = CARTESIAN_POINT('',(-3.,-2.11,-1.665334536938E-16));
#3591 = VECTOR('',#3592,1.);
#3592 = DIRECTION('',(1.144237745222E-17,1.,0.));
#3593 = ORIENTED_EDGE('',*,*,#1725,.T.);
#3594 = ORIENTED_EDGE('',*,*,#3571,.F.);
#3595 = ORIENTED_EDGE('',*,*,#1616,.F.);
#3596 = PLANE('',#3597);
#3597 = AXIS2_PLACEMENT_3D('',#3598,#3599,#3600);
#3598 = CARTESIAN_POINT('',(-3.,-2.11,-1.665334536938E-16));
#3599 = DIRECTION('',(1.,-1.144237745222E-17,0.));
#3600 = DIRECTION('',(0.,0.,1.));
#3601 = ADVANCED_FACE('',(#3602),#3613,.F.);
#3602 = FACE_BOUND('',#3603,.F.);
#3603 = EDGE_LOOP('',(#3604,#3610,#3611,#3612));
#3604 = ORIENTED_EDGE('',*,*,#3605,.T.);
#3605 = EDGE_CURVE('',#1600,#1709,#3606,.T.);
#3606 = LINE('',#3607,#3608);
#3607 = CARTESIAN_POINT('',(-2.724938966801,-2.11,-1.665334536938E-16));
#3608 = VECTOR('',#3609,1.);
#3609 = DIRECTION('',(1.144237745222E-17,1.,0.));
#3610 = ORIENTED_EDGE('',*,*,#1717,.T.);
#3611 = ORIENTED_EDGE('',*,*,#3588,.F.);
#3612 = ORIENTED_EDGE('',*,*,#1608,.F.);
#3613 = PLANE('',#3614);
#3614 = AXIS2_PLACEMENT_3D('',#3615,#3616,#3617);
#3615 = CARTESIAN_POINT('',(-2.724938966801,-2.11,-1.665334536938E-16));
#3616 = DIRECTION('',(0.,0.,1.));
#3617 = DIRECTION('',(-1.,1.144237745222E-17,0.));
#3618 = ADVANCED_FACE('',(#3619),#3630,.T.);
#3619 = FACE_BOUND('',#3620,.T.);
#3620 = EDGE_LOOP('',(#3621,#3622,#3623,#3624));
#3621 = ORIENTED_EDGE('',*,*,#1599,.T.);
#3622 = ORIENTED_EDGE('',*,*,#3605,.T.);
#3623 = ORIENTED_EDGE('',*,*,#1708,.F.);
#3624 = ORIENTED_EDGE('',*,*,#3625,.F.);
#3625 = EDGE_CURVE('',#1592,#1701,#3626,.T.);
#3626 = LINE('',#3627,#3628);
#3627 = CARTESIAN_POINT('',(-2.429496640897,-2.11,0.2479055467));
#3628 = VECTOR('',#3629,1.);
#3629 = DIRECTION('',(1.144237745222E-17,1.,0.));
#3630 = CYLINDRICAL_SURFACE('',#3631,0.3);
#3631 = AXIS2_PLACEMENT_3D('',#3632,#3633,#3634);
#3632 = CARTESIAN_POINT('',(-2.724938966801,-2.11,0.3));
#3633 = DIRECTION('',(-1.144237745222E-17,-1.,0.));
#3634 = DIRECTION('',(0.984807753012,-1.126854202784E-17,-0.173648177667
    ));
#3635 = ADVANCED_FACE('',(#3636),#3642,.F.);
#3636 = FACE_BOUND('',#3637,.F.);
#3637 = EDGE_LOOP('',(#3638,#3639,#3640,#3641));
#3638 = ORIENTED_EDGE('',*,*,#1682,.T.);
#3639 = ORIENTED_EDGE('',*,*,#1700,.T.);
#3640 = ORIENTED_EDGE('',*,*,#3625,.F.);
#3641 = ORIENTED_EDGE('',*,*,#1591,.F.);
#3642 = PLANE('',#3643);
#3643 = AXIS2_PLACEMENT_3D('',#3644,#3645,#3646);
#3644 = CARTESIAN_POINT('',(-2.348480775301,-2.11,0.742364817767));
#3645 = DIRECTION('',(-0.986841372087,1.129181146488E-17,0.161691392282)
  );
#3646 = DIRECTION('',(-0.161691392282,1.85013394127E-18,-0.986841372087)
  );
#3647 = ADVANCED_FACE('',(#3648),#3659,.T.);
#3648 = FACE_BOUND('',#3649,.T.);
#3649 = EDGE_LOOP('',(#3650,#3651,#3652,#3653));
#3650 = ORIENTED_EDGE('',*,*,#1872,.T.);
#3651 = ORIENTED_EDGE('',*,*,#3319,.T.);
#3652 = ORIENTED_EDGE('',*,*,#1981,.F.);
#3653 = ORIENTED_EDGE('',*,*,#3654,.F.);
#3654 = EDGE_CURVE('',#1865,#1974,#3655,.T.);
#3655 = LINE('',#3656,#3657);
#3656 = CARTESIAN_POINT('',(-2.545442325904,-0.84,0.7770944533));
#3657 = VECTOR('',#3658,1.);
#3658 = DIRECTION('',(1.144237745222E-17,1.,0.));
#3659 = CYLINDRICAL_SURFACE('',#3660,0.3);
#3660 = AXIS2_PLACEMENT_3D('',#3661,#3662,#3663);
#3661 = CARTESIAN_POINT('',(-2.25,-0.84,0.725));
#3662 = DIRECTION('',(-1.144237745222E-17,-1.,0.));
#3663 = DIRECTION('',(-0.984807753012,1.126854202784E-17,0.173648177667)
  );
#3664 = ADVANCED_FACE('',(#3665),#3676,.F.);
#3665 = FACE_BOUND('',#3666,.F.);
#3666 = EDGE_LOOP('',(#3667,#3673,#3674,#3675));
#3667 = ORIENTED_EDGE('',*,*,#3668,.T.);
#3668 = EDGE_CURVE('',#1856,#1965,#3669,.T.);
#3669 = LINE('',#3670,#3671);
#3670 = CARTESIAN_POINT('',(-2.6264581915,-0.84,0.282635182233));
#3671 = VECTOR('',#3672,1.);
#3672 = DIRECTION('',(1.144237745222E-17,1.,0.));
#3673 = ORIENTED_EDGE('',*,*,#1973,.T.);
#3674 = ORIENTED_EDGE('',*,*,#3654,.F.);
#3675 = ORIENTED_EDGE('',*,*,#1864,.F.);
#3676 = PLANE('',#3677);
#3677 = AXIS2_PLACEMENT_3D('',#3678,#3679,#3680);
#3678 = CARTESIAN_POINT('',(-2.6264581915,-0.84,0.282635182233));
#3679 = DIRECTION('',(0.986841372087,-1.129181146488E-17,-0.161691392282
    ));
#3680 = DIRECTION('',(0.161691392282,-1.85013394127E-18,0.986841372087)
  );
#3681 = ADVANCED_FACE('',(#3682),#3693,.F.);
#3682 = FACE_BOUND('',#3683,.F.);
#3683 = EDGE_LOOP('',(#3684,#3690,#3691,#3692));
#3684 = ORIENTED_EDGE('',*,*,#3685,.T.);
#3685 = EDGE_CURVE('',#1848,#1957,#3686,.T.);
#3686 = LINE('',#3687,#3688);
#3687 = CARTESIAN_POINT('',(-2.724938966801,-0.84,0.2));
#3688 = VECTOR('',#3689,1.);
#3689 = DIRECTION('',(1.144237745222E-17,1.,0.));
#3690 = ORIENTED_EDGE('',*,*,#1964,.T.);
#3691 = ORIENTED_EDGE('',*,*,#3668,.F.);
#3692 = ORIENTED_EDGE('',*,*,#1855,.F.);
#3693 = CYLINDRICAL_SURFACE('',#3694,0.1);
#3694 = AXIS2_PLACEMENT_3D('',#3695,#3696,#3697);
#3695 = CARTESIAN_POINT('',(-2.724938966801,-0.84,0.3));
#3696 = DIRECTION('',(-1.144237745222E-17,-1.,0.));
#3697 = DIRECTION('',(-0.,0.,-1.));
#3698 = ADVANCED_FACE('',(#3699),#3710,.F.);
#3699 = FACE_BOUND('',#3700,.F.);
#3700 = EDGE_LOOP('',(#3701,#3707,#3708,#3709));
#3701 = ORIENTED_EDGE('',*,*,#3702,.T.);
#3702 = EDGE_CURVE('',#1840,#1949,#3703,.T.);
#3703 = LINE('',#3704,#3705);
#3704 = CARTESIAN_POINT('',(-3.,-0.84,0.2));
#3705 = VECTOR('',#3706,1.);
#3706 = DIRECTION('',(1.144237745222E-17,1.,0.));
#3707 = ORIENTED_EDGE('',*,*,#1956,.T.);
#3708 = ORIENTED_EDGE('',*,*,#3685,.F.);
#3709 = ORIENTED_EDGE('',*,*,#1847,.F.);
#3710 = PLANE('',#3711);
#3711 = AXIS2_PLACEMENT_3D('',#3712,#3713,#3714);
#3712 = CARTESIAN_POINT('',(-3.,-0.84,0.2));
#3713 = DIRECTION('',(0.,0.,-1.));
#3714 = DIRECTION('',(1.,-1.144237745222E-17,0.));
#3715 = ADVANCED_FACE('',(#3716),#3727,.F.);
#3716 = FACE_BOUND('',#3717,.F.);
#3717 = EDGE_LOOP('',(#3718,#3724,#3725,#3726));
#3718 = ORIENTED_EDGE('',*,*,#3719,.T.);
#3719 = EDGE_CURVE('',#1832,#1941,#3720,.T.);
#3720 = LINE('',#3721,#3722);
#3721 = CARTESIAN_POINT('',(-3.,-0.84,-1.665334536938E-16));
#3722 = VECTOR('',#3723,1.);
#3723 = DIRECTION('',(1.144237745222E-17,1.,0.));
#3724 = ORIENTED_EDGE('',*,*,#1948,.T.);
#3725 = ORIENTED_EDGE('',*,*,#3702,.F.);
#3726 = ORIENTED_EDGE('',*,*,#1839,.F.);
#3727 = PLANE('',#3728);
#3728 = AXIS2_PLACEMENT_3D('',#3729,#3730,#3731);
#3729 = CARTESIAN_POINT('',(-3.,-0.84,-1.665334536938E-16));
#3730 = DIRECTION('',(1.,-1.144237745222E-17,0.));
#3731 = DIRECTION('',(0.,0.,1.));
#3732 = ADVANCED_FACE('',(#3733),#3744,.F.);
#3733 = FACE_BOUND('',#3734,.F.);
#3734 = EDGE_LOOP('',(#3735,#3741,#3742,#3743));
#3735 = ORIENTED_EDGE('',*,*,#3736,.T.);
#3736 = EDGE_CURVE('',#1823,#1932,#3737,.T.);
#3737 = LINE('',#3738,#3739);
#3738 = CARTESIAN_POINT('',(-2.724938966801,-0.84,-1.665334536938E-16));
#3739 = VECTOR('',#3740,1.);
#3740 = DIRECTION('',(1.144237745222E-17,1.,0.));
#3741 = ORIENTED_EDGE('',*,*,#1940,.T.);
#3742 = ORIENTED_EDGE('',*,*,#3719,.F.);
#3743 = ORIENTED_EDGE('',*,*,#1831,.F.);
#3744 = PLANE('',#3745);
#3745 = AXIS2_PLACEMENT_3D('',#3746,#3747,#3748);
#3746 = CARTESIAN_POINT('',(-2.724938966801,-0.84,-1.665334536938E-16));
#3747 = DIRECTION('',(0.,0.,1.));
#3748 = DIRECTION('',(-1.,1.144237745222E-17,0.));
#3749 = ADVANCED_FACE('',(#3750),#3761,.T.);
#3750 = FACE_BOUND('',#3751,.T.);
#3751 = EDGE_LOOP('',(#3752,#3753,#3754,#3755));
#3752 = ORIENTED_EDGE('',*,*,#1822,.T.);
#3753 = ORIENTED_EDGE('',*,*,#3736,.T.);
#3754 = ORIENTED_EDGE('',*,*,#1931,.F.);
#3755 = ORIENTED_EDGE('',*,*,#3756,.F.);
#3756 = EDGE_CURVE('',#1815,#1924,#3757,.T.);
#3757 = LINE('',#3758,#3759);
#3758 = CARTESIAN_POINT('',(-2.429496640897,-0.84,0.2479055467));
#3759 = VECTOR('',#3760,1.);
#3760 = DIRECTION('',(1.144237745222E-17,1.,0.));
#3761 = CYLINDRICAL_SURFACE('',#3762,0.3);
#3762 = AXIS2_PLACEMENT_3D('',#3763,#3764,#3765);
#3763 = CARTESIAN_POINT('',(-2.724938966801,-0.84,0.3));
#3764 = DIRECTION('',(-1.144237745222E-17,-1.,0.));
#3765 = DIRECTION('',(0.984807753012,-1.126854202784E-17,-0.173648177667
    ));
#3766 = ADVANCED_FACE('',(#3767),#3773,.F.);
#3767 = FACE_BOUND('',#3768,.F.);
#3768 = EDGE_LOOP('',(#3769,#3770,#3771,#3772));
#3769 = ORIENTED_EDGE('',*,*,#1905,.T.);
#3770 = ORIENTED_EDGE('',*,*,#1923,.T.);
#3771 = ORIENTED_EDGE('',*,*,#3756,.F.);
#3772 = ORIENTED_EDGE('',*,*,#1814,.F.);
#3773 = PLANE('',#3774);
#3774 = AXIS2_PLACEMENT_3D('',#3775,#3776,#3777);
#3775 = CARTESIAN_POINT('',(-2.348480775301,-0.84,0.742364817767));
#3776 = DIRECTION('',(-0.986841372087,1.129181146488E-17,0.161691392282)
  );
#3777 = DIRECTION('',(-0.161691392282,1.85013394127E-18,-0.986841372087)
  );
#3778 = ADVANCED_FACE('',(#3779),#3790,.T.);
#3779 = FACE_BOUND('',#3780,.T.);
#3780 = EDGE_LOOP('',(#3781,#3782,#3783,#3784));
#3781 = ORIENTED_EDGE('',*,*,#2095,.T.);
#3782 = ORIENTED_EDGE('',*,*,#3338,.T.);
#3783 = ORIENTED_EDGE('',*,*,#2204,.F.);
#3784 = ORIENTED_EDGE('',*,*,#3785,.F.);
#3785 = EDGE_CURVE('',#2088,#2197,#3786,.T.);
#3786 = LINE('',#3787,#3788);
#3787 = CARTESIAN_POINT('',(-2.545442325904,0.43,0.7770944533));
#3788 = VECTOR('',#3789,1.);
#3789 = DIRECTION('',(1.144237745222E-17,1.,0.));
#3790 = CYLINDRICAL_SURFACE('',#3791,0.3);
#3791 = AXIS2_PLACEMENT_3D('',#3792,#3793,#3794);
#3792 = CARTESIAN_POINT('',(-2.25,0.43,0.725));
#3793 = DIRECTION('',(-1.144237745222E-17,-1.,0.));
#3794 = DIRECTION('',(-0.984807753012,1.126854202784E-17,0.173648177667)
  );
#3795 = ADVANCED_FACE('',(#3796),#3807,.F.);
#3796 = FACE_BOUND('',#3797,.F.);
#3797 = EDGE_LOOP('',(#3798,#3804,#3805,#3806));
#3798 = ORIENTED_EDGE('',*,*,#3799,.T.);
#3799 = EDGE_CURVE('',#2079,#2188,#3800,.T.);
#3800 = LINE('',#3801,#3802);
#3801 = CARTESIAN_POINT('',(-2.6264581915,0.43,0.282635182233));
#3802 = VECTOR('',#3803,1.);
#3803 = DIRECTION('',(1.144237745222E-17,1.,0.));
#3804 = ORIENTED_EDGE('',*,*,#2196,.T.);
#3805 = ORIENTED_EDGE('',*,*,#3785,.F.);
#3806 = ORIENTED_EDGE('',*,*,#2087,.F.);
#3807 = PLANE('',#3808);
#3808 = AXIS2_PLACEMENT_3D('',#3809,#3810,#3811);
#3809 = CARTESIAN_POINT('',(-2.6264581915,0.43,0.282635182233));
#3810 = DIRECTION('',(0.986841372087,-1.129181146488E-17,-0.161691392282
    ));
#3811 = DIRECTION('',(0.161691392282,-1.85013394127E-18,0.986841372087)
  );
#3812 = ADVANCED_FACE('',(#3813),#3824,.F.);
#3813 = FACE_BOUND('',#3814,.F.);
#3814 = EDGE_LOOP('',(#3815,#3821,#3822,#3823));
#3815 = ORIENTED_EDGE('',*,*,#3816,.T.);
#3816 = EDGE_CURVE('',#2071,#2180,#3817,.T.);
#3817 = LINE('',#3818,#3819);
#3818 = CARTESIAN_POINT('',(-2.724938966801,0.43,0.2));
#3819 = VECTOR('',#3820,1.);
#3820 = DIRECTION('',(1.144237745222E-17,1.,0.));
#3821 = ORIENTED_EDGE('',*,*,#2187,.T.);
#3822 = ORIENTED_EDGE('',*,*,#3799,.F.);
#3823 = ORIENTED_EDGE('',*,*,#2078,.F.);
#3824 = CYLINDRICAL_SURFACE('',#3825,0.1);
#3825 = AXIS2_PLACEMENT_3D('',#3826,#3827,#3828);
#3826 = CARTESIAN_POINT('',(-2.724938966801,0.43,0.3));
#3827 = DIRECTION('',(-1.144237745222E-17,-1.,0.));
#3828 = DIRECTION('',(-0.,0.,-1.));
#3829 = ADVANCED_FACE('',(#3830),#3841,.F.);
#3830 = FACE_BOUND('',#3831,.F.);
#3831 = EDGE_LOOP('',(#3832,#3838,#3839,#3840));
#3832 = ORIENTED_EDGE('',*,*,#3833,.T.);
#3833 = EDGE_CURVE('',#2063,#2172,#3834,.T.);
#3834 = LINE('',#3835,#3836);
#3835 = CARTESIAN_POINT('',(-3.,0.43,0.2));
#3836 = VECTOR('',#3837,1.);
#3837 = DIRECTION('',(1.144237745222E-17,1.,0.));
#3838 = ORIENTED_EDGE('',*,*,#2179,.T.);
#3839 = ORIENTED_EDGE('',*,*,#3816,.F.);
#3840 = ORIENTED_EDGE('',*,*,#2070,.F.);
#3841 = PLANE('',#3842);
#3842 = AXIS2_PLACEMENT_3D('',#3843,#3844,#3845);
#3843 = CARTESIAN_POINT('',(-3.,0.43,0.2));
#3844 = DIRECTION('',(0.,0.,-1.));
#3845 = DIRECTION('',(1.,-1.144237745222E-17,0.));
#3846 = ADVANCED_FACE('',(#3847),#3858,.F.);
#3847 = FACE_BOUND('',#3848,.F.);
#3848 = EDGE_LOOP('',(#3849,#3855,#3856,#3857));
#3849 = ORIENTED_EDGE('',*,*,#3850,.T.);
#3850 = EDGE_CURVE('',#2055,#2164,#3851,.T.);
#3851 = LINE('',#3852,#3853);
#3852 = CARTESIAN_POINT('',(-3.,0.43,-1.665334536938E-16));
#3853 = VECTOR('',#3854,1.);
#3854 = DIRECTION('',(1.144237745222E-17,1.,0.));
#3855 = ORIENTED_EDGE('',*,*,#2171,.T.);
#3856 = ORIENTED_EDGE('',*,*,#3833,.F.);
#3857 = ORIENTED_EDGE('',*,*,#2062,.F.);
#3858 = PLANE('',#3859);
#3859 = AXIS2_PLACEMENT_3D('',#3860,#3861,#3862);
#3860 = CARTESIAN_POINT('',(-3.,0.43,-1.665334536938E-16));
#3861 = DIRECTION('',(1.,-1.144237745222E-17,0.));
#3862 = DIRECTION('',(0.,0.,1.));
#3863 = ADVANCED_FACE('',(#3864),#3875,.F.);
#3864 = FACE_BOUND('',#3865,.F.);
#3865 = EDGE_LOOP('',(#3866,#3872,#3873,#3874));
#3866 = ORIENTED_EDGE('',*,*,#3867,.T.);
#3867 = EDGE_CURVE('',#2046,#2155,#3868,.T.);
#3868 = LINE('',#3869,#3870);
#3869 = CARTESIAN_POINT('',(-2.724938966801,0.43,-1.665334536938E-16));
#3870 = VECTOR('',#3871,1.);
#3871 = DIRECTION('',(1.144237745222E-17,1.,0.));
#3872 = ORIENTED_EDGE('',*,*,#2163,.T.);
#3873 = ORIENTED_EDGE('',*,*,#3850,.F.);
#3874 = ORIENTED_EDGE('',*,*,#2054,.F.);
#3875 = PLANE('',#3876);
#3876 = AXIS2_PLACEMENT_3D('',#3877,#3878,#3879);
#3877 = CARTESIAN_POINT('',(-2.724938966801,0.43,-1.665334536938E-16));
#3878 = DIRECTION('',(0.,0.,1.));
#3879 = DIRECTION('',(-1.,1.144237745222E-17,0.));
#3880 = ADVANCED_FACE('',(#3881),#3892,.T.);
#3881 = FACE_BOUND('',#3882,.T.);
#3882 = EDGE_LOOP('',(#3883,#3884,#3885,#3886));
#3883 = ORIENTED_EDGE('',*,*,#2045,.T.);
#3884 = ORIENTED_EDGE('',*,*,#3867,.T.);
#3885 = ORIENTED_EDGE('',*,*,#2154,.F.);
#3886 = ORIENTED_EDGE('',*,*,#3887,.F.);
#3887 = EDGE_CURVE('',#2038,#2147,#3888,.T.);
#3888 = LINE('',#3889,#3890);
#3889 = CARTESIAN_POINT('',(-2.429496640897,0.43,0.2479055467));
#3890 = VECTOR('',#3891,1.);
#3891 = DIRECTION('',(1.144237745222E-17,1.,0.));
#3892 = CYLINDRICAL_SURFACE('',#3893,0.3);
#3893 = AXIS2_PLACEMENT_3D('',#3894,#3895,#3896);
#3894 = CARTESIAN_POINT('',(-2.724938966801,0.43,0.3));
#3895 = DIRECTION('',(-1.144237745222E-17,-1.,0.));
#3896 = DIRECTION('',(0.984807753012,-1.126854202784E-17,-0.173648177667
    ));
#3897 = ADVANCED_FACE('',(#3898),#3904,.F.);
#3898 = FACE_BOUND('',#3899,.F.);
#3899 = EDGE_LOOP('',(#3900,#3901,#3902,#3903));
#3900 = ORIENTED_EDGE('',*,*,#2128,.T.);
#3901 = ORIENTED_EDGE('',*,*,#2146,.T.);
#3902 = ORIENTED_EDGE('',*,*,#3887,.F.);
#3903 = ORIENTED_EDGE('',*,*,#2037,.F.);
#3904 = PLANE('',#3905);
#3905 = AXIS2_PLACEMENT_3D('',#3906,#3907,#3908);
#3906 = CARTESIAN_POINT('',(-2.348480775301,0.43,0.742364817767));
#3907 = DIRECTION('',(-0.986841372087,1.129181146488E-17,0.161691392282)
  );
#3908 = DIRECTION('',(-0.161691392282,1.85013394127E-18,-0.986841372087)
  );
#3909 = ADVANCED_FACE('',(#3910),#3921,.F.);
#3910 = FACE_BOUND('',#3911,.F.);
#3911 = EDGE_LOOP('',(#3912,#3918,#3919,#3920));
#3912 = ORIENTED_EDGE('',*,*,#3913,.T.);
#3913 = EDGE_CURVE('',#2297,#2399,#3914,.T.);
#3914 = LINE('',#3915,#3916);
#3915 = CARTESIAN_POINT('',(-2.6264581915,1.7,0.282635182233));
#3916 = VECTOR('',#3917,1.);
#3917 = DIRECTION('',(1.144237745222E-17,1.,0.));
#3918 = ORIENTED_EDGE('',*,*,#2407,.T.);
#3919 = ORIENTED_EDGE('',*,*,#3285,.F.);
#3920 = ORIENTED_EDGE('',*,*,#2305,.F.);
#3921 = PLANE('',#3922);
#3922 = AXIS2_PLACEMENT_3D('',#3923,#3924,#3925);
#3923 = CARTESIAN_POINT('',(-2.6264581915,1.7,0.282635182233));
#3924 = DIRECTION('',(0.986841372087,-1.129181146488E-17,-0.161691392282
    ));
#3925 = DIRECTION('',(0.161691392282,-1.85013394127E-18,0.986841372087)
  );
#3926 = ADVANCED_FACE('',(#3927),#3938,.F.);
#3927 = FACE_BOUND('',#3928,.F.);
#3928 = EDGE_LOOP('',(#3929,#3935,#3936,#3937));
#3929 = ORIENTED_EDGE('',*,*,#3930,.T.);
#3930 = EDGE_CURVE('',#2289,#2391,#3931,.T.);
#3931 = LINE('',#3932,#3933);
#3932 = CARTESIAN_POINT('',(-2.724938966801,1.7,0.2));
#3933 = VECTOR('',#3934,1.);
#3934 = DIRECTION('',(1.144237745222E-17,1.,0.));
#3935 = ORIENTED_EDGE('',*,*,#2398,.T.);
#3936 = ORIENTED_EDGE('',*,*,#3913,.F.);
#3937 = ORIENTED_EDGE('',*,*,#2296,.F.);
#3938 = CYLINDRICAL_SURFACE('',#3939,0.1);
#3939 = AXIS2_PLACEMENT_3D('',#3940,#3941,#3942);
#3940 = CARTESIAN_POINT('',(-2.724938966801,1.7,0.3));
#3941 = DIRECTION('',(-1.144237745222E-17,-1.,0.));
#3942 = DIRECTION('',(-0.,0.,-1.));
#3943 = ADVANCED_FACE('',(#3944),#3955,.F.);
#3944 = FACE_BOUND('',#3945,.F.);
#3945 = EDGE_LOOP('',(#3946,#3952,#3953,#3954));
#3946 = ORIENTED_EDGE('',*,*,#3947,.T.);
#3947 = EDGE_CURVE('',#2281,#2383,#3948,.T.);
#3948 = LINE('',#3949,#3950);
#3949 = CARTESIAN_POINT('',(-3.,1.7,0.2));
#3950 = VECTOR('',#3951,1.);
#3951 = DIRECTION('',(1.144237745222E-17,1.,0.));
#3952 = ORIENTED_EDGE('',*,*,#2390,.T.);
#3953 = ORIENTED_EDGE('',*,*,#3930,.F.);
#3954 = ORIENTED_EDGE('',*,*,#2288,.F.);
#3955 = PLANE('',#3956);
#3956 = AXIS2_PLACEMENT_3D('',#3957,#3958,#3959);
#3957 = CARTESIAN_POINT('',(-3.,1.7,0.2));
#3958 = DIRECTION('',(0.,0.,-1.));
#3959 = DIRECTION('',(1.,-1.144237745222E-17,0.));
#3960 = ADVANCED_FACE('',(#3961),#3972,.F.);
#3961 = FACE_BOUND('',#3962,.F.);
#3962 = EDGE_LOOP('',(#3963,#3969,#3970,#3971));
#3963 = ORIENTED_EDGE('',*,*,#3964,.T.);
#3964 = EDGE_CURVE('',#2273,#2375,#3965,.T.);
#3965 = LINE('',#3966,#3967);
#3966 = CARTESIAN_POINT('',(-3.,1.7,-1.665334536938E-16));
#3967 = VECTOR('',#3968,1.);
#3968 = DIRECTION('',(1.144237745222E-17,1.,0.));
#3969 = ORIENTED_EDGE('',*,*,#2382,.T.);
#3970 = ORIENTED_EDGE('',*,*,#3947,.F.);
#3971 = ORIENTED_EDGE('',*,*,#2280,.F.);
#3972 = PLANE('',#3973);
#3973 = AXIS2_PLACEMENT_3D('',#3974,#3975,#3976);
#3974 = CARTESIAN_POINT('',(-3.,1.7,-1.665334536938E-16));
#3975 = DIRECTION('',(1.,-1.144237745222E-17,0.));
#3976 = DIRECTION('',(0.,0.,1.));
#3977 = ADVANCED_FACE('',(#3978),#3989,.F.);
#3978 = FACE_BOUND('',#3979,.F.);
#3979 = EDGE_LOOP('',(#3980,#3986,#3987,#3988));
#3980 = ORIENTED_EDGE('',*,*,#3981,.T.);
#3981 = EDGE_CURVE('',#2264,#2366,#3982,.T.);
#3982 = LINE('',#3983,#3984);
#3983 = CARTESIAN_POINT('',(-2.724938966801,1.7,-1.665334536938E-16));
#3984 = VECTOR('',#3985,1.);
#3985 = DIRECTION('',(1.144237745222E-17,1.,0.));
#3986 = ORIENTED_EDGE('',*,*,#2374,.T.);
#3987 = ORIENTED_EDGE('',*,*,#3964,.F.);
#3988 = ORIENTED_EDGE('',*,*,#2272,.F.);
#3989 = PLANE('',#3990);
#3990 = AXIS2_PLACEMENT_3D('',#3991,#3992,#3993);
#3991 = CARTESIAN_POINT('',(-2.724938966801,1.7,-1.665334536938E-16));
#3992 = DIRECTION('',(0.,0.,1.));
#3993 = DIRECTION('',(-1.,1.144237745222E-17,0.));
#3994 = ADVANCED_FACE('',(#3995),#4006,.T.);
#3995 = FACE_BOUND('',#3996,.T.);
#3996 = EDGE_LOOP('',(#3997,#3998,#3999,#4000));
#3997 = ORIENTED_EDGE('',*,*,#2263,.T.);
#3998 = ORIENTED_EDGE('',*,*,#3981,.T.);
#3999 = ORIENTED_EDGE('',*,*,#2365,.F.);
#4000 = ORIENTED_EDGE('',*,*,#4001,.F.);
#4001 = EDGE_CURVE('',#2256,#2358,#4002,.T.);
#4002 = LINE('',#4003,#4004);
#4003 = CARTESIAN_POINT('',(-2.429496640897,1.7,0.2479055467));
#4004 = VECTOR('',#4005,1.);
#4005 = DIRECTION('',(1.144237745222E-17,1.,0.));
#4006 = CYLINDRICAL_SURFACE('',#4007,0.3);
#4007 = AXIS2_PLACEMENT_3D('',#4008,#4009,#4010);
#4008 = CARTESIAN_POINT('',(-2.724938966801,1.7,0.3));
#4009 = DIRECTION('',(-1.144237745222E-17,-1.,0.));
#4010 = DIRECTION('',(0.984807753012,-1.126854202784E-17,-0.173648177667
    ));
#4011 = ADVANCED_FACE('',(#4012),#4018,.F.);
#4012 = FACE_BOUND('',#4013,.F.);
#4013 = EDGE_LOOP('',(#4014,#4015,#4016,#4017));
#4014 = ORIENTED_EDGE('',*,*,#2339,.T.);
#4015 = ORIENTED_EDGE('',*,*,#2357,.T.);
#4016 = ORIENTED_EDGE('',*,*,#4001,.F.);
#4017 = ORIENTED_EDGE('',*,*,#2255,.F.);
#4018 = PLANE('',#4019);
#4019 = AXIS2_PLACEMENT_3D('',#4020,#4021,#4022);
#4020 = CARTESIAN_POINT('',(-2.348480775301,1.7,0.742364817767));
#4021 = DIRECTION('',(-0.986841372087,1.129181146488E-17,0.161691392282)
  );
#4022 = DIRECTION('',(-0.161691392282,1.85013394127E-18,-0.986841372087)
  );
#4023 = ADVANCED_FACE('',(#4024),#4035,.F.);
#4024 = FACE_BOUND('',#4025,.F.);
#4025 = EDGE_LOOP('',(#4026,#4032,#4033,#4034));
#4026 = ORIENTED_EDGE('',*,*,#4027,.T.);
#4027 = EDGE_CURVE('',#2484,#2586,#4028,.T.);
#4028 = LINE('',#4029,#4030);
#4029 = CARTESIAN_POINT('',(2.6264581915,2.11,0.282635182233));
#4030 = VECTOR('',#4031,1.);
#4031 = DIRECTION('',(1.110223024625E-16,-1.,0.));
#4032 = ORIENTED_EDGE('',*,*,#2594,.T.);
#4033 = ORIENTED_EDGE('',*,*,#3494,.F.);
#4034 = ORIENTED_EDGE('',*,*,#2492,.F.);
#4035 = PLANE('',#4036);
#4036 = AXIS2_PLACEMENT_3D('',#4037,#4038,#4039);
#4037 = CARTESIAN_POINT('',(2.6264581915,2.11,0.282635182233));
#4038 = DIRECTION('',(-0.986841372087,-1.095614012943E-16,
    -0.161691392282));
#4039 = DIRECTION('',(-0.161691392282,-1.795135065956E-17,0.986841372087
    ));
#4040 = ADVANCED_FACE('',(#4041),#4052,.F.);
#4041 = FACE_BOUND('',#4042,.F.);
#4042 = EDGE_LOOP('',(#4043,#4049,#4050,#4051));
#4043 = ORIENTED_EDGE('',*,*,#4044,.T.);
#4044 = EDGE_CURVE('',#2476,#2578,#4045,.T.);
#4045 = LINE('',#4046,#4047);
#4046 = CARTESIAN_POINT('',(2.724938966801,2.11,0.2));
#4047 = VECTOR('',#4048,1.);
#4048 = DIRECTION('',(1.110223024625E-16,-1.,0.));
#4049 = ORIENTED_EDGE('',*,*,#2585,.T.);
#4050 = ORIENTED_EDGE('',*,*,#4027,.F.);
#4051 = ORIENTED_EDGE('',*,*,#2483,.F.);
#4052 = CYLINDRICAL_SURFACE('',#4053,0.1);
#4053 = AXIS2_PLACEMENT_3D('',#4054,#4055,#4056);
#4054 = CARTESIAN_POINT('',(2.724938966801,2.11,0.3));
#4055 = DIRECTION('',(-1.110223024625E-16,1.,0.));
#4056 = DIRECTION('',(0.,0.,-1.));
#4057 = ADVANCED_FACE('',(#4058),#4069,.F.);
#4058 = FACE_BOUND('',#4059,.F.);
#4059 = EDGE_LOOP('',(#4060,#4066,#4067,#4068));
#4060 = ORIENTED_EDGE('',*,*,#4061,.T.);
#4061 = EDGE_CURVE('',#2468,#2570,#4062,.T.);
#4062 = LINE('',#4063,#4064);
#4063 = CARTESIAN_POINT('',(3.,2.11,0.2));
#4064 = VECTOR('',#4065,1.);
#4065 = DIRECTION('',(1.110223024625E-16,-1.,0.));
#4066 = ORIENTED_EDGE('',*,*,#2577,.T.);
#4067 = ORIENTED_EDGE('',*,*,#4044,.F.);
#4068 = ORIENTED_EDGE('',*,*,#2475,.F.);
#4069 = PLANE('',#4070);
#4070 = AXIS2_PLACEMENT_3D('',#4071,#4072,#4073);
#4071 = CARTESIAN_POINT('',(3.,2.11,0.2));
#4072 = DIRECTION('',(0.,0.,-1.));
#4073 = DIRECTION('',(-1.,-1.110223024625E-16,-0.));
#4074 = ADVANCED_FACE('',(#4075),#4086,.F.);
#4075 = FACE_BOUND('',#4076,.F.);
#4076 = EDGE_LOOP('',(#4077,#4083,#4084,#4085));
#4077 = ORIENTED_EDGE('',*,*,#4078,.T.);
#4078 = EDGE_CURVE('',#2460,#2562,#4079,.T.);
#4079 = LINE('',#4080,#4081);
#4080 = CARTESIAN_POINT('',(3.,2.11,-1.665334536938E-16));
#4081 = VECTOR('',#4082,1.);
#4082 = DIRECTION('',(1.110223024625E-16,-1.,0.));
#4083 = ORIENTED_EDGE('',*,*,#2569,.T.);
#4084 = ORIENTED_EDGE('',*,*,#4061,.F.);
#4085 = ORIENTED_EDGE('',*,*,#2467,.F.);
#4086 = PLANE('',#4087);
#4087 = AXIS2_PLACEMENT_3D('',#4088,#4089,#4090);
#4088 = CARTESIAN_POINT('',(3.,2.11,-1.665334536938E-16));
#4089 = DIRECTION('',(-1.,-1.110223024625E-16,0.));
#4090 = DIRECTION('',(0.,0.,1.));
#4091 = ADVANCED_FACE('',(#4092),#4103,.F.);
#4092 = FACE_BOUND('',#4093,.F.);
#4093 = EDGE_LOOP('',(#4094,#4100,#4101,#4102));
#4094 = ORIENTED_EDGE('',*,*,#4095,.T.);
#4095 = EDGE_CURVE('',#2451,#2553,#4096,.T.);
#4096 = LINE('',#4097,#4098);
#4097 = CARTESIAN_POINT('',(2.724938966801,2.11,-1.665334536938E-16));
#4098 = VECTOR('',#4099,1.);
#4099 = DIRECTION('',(1.110223024625E-16,-1.,0.));
#4100 = ORIENTED_EDGE('',*,*,#2561,.T.);
#4101 = ORIENTED_EDGE('',*,*,#4078,.F.);
#4102 = ORIENTED_EDGE('',*,*,#2459,.F.);
#4103 = PLANE('',#4104);
#4104 = AXIS2_PLACEMENT_3D('',#4105,#4106,#4107);
#4105 = CARTESIAN_POINT('',(2.724938966801,2.11,-1.665334536938E-16));
#4106 = DIRECTION('',(0.,0.,1.));
#4107 = DIRECTION('',(1.,1.110223024625E-16,-0.));
#4108 = ADVANCED_FACE('',(#4109),#4120,.T.);
#4109 = FACE_BOUND('',#4110,.T.);
#4110 = EDGE_LOOP('',(#4111,#4112,#4113,#4114));
#4111 = ORIENTED_EDGE('',*,*,#2450,.T.);
#4112 = ORIENTED_EDGE('',*,*,#4095,.T.);
#4113 = ORIENTED_EDGE('',*,*,#2552,.F.);
#4114 = ORIENTED_EDGE('',*,*,#4115,.F.);
#4115 = EDGE_CURVE('',#2443,#2545,#4116,.T.);
#4116 = LINE('',#4117,#4118);
#4117 = CARTESIAN_POINT('',(2.429496640897,2.11,0.2479055467));
#4118 = VECTOR('',#4119,1.);
#4119 = DIRECTION('',(1.110223024625E-16,-1.,0.));
#4120 = CYLINDRICAL_SURFACE('',#4121,0.3);
#4121 = AXIS2_PLACEMENT_3D('',#4122,#4123,#4124);
#4122 = CARTESIAN_POINT('',(2.724938966801,2.11,0.3));
#4123 = DIRECTION('',(-1.110223024625E-16,1.,0.));
#4124 = DIRECTION('',(-0.984807753012,-1.093356242223E-16,
    -0.173648177667));
#4125 = ADVANCED_FACE('',(#4126),#4132,.F.);
#4126 = FACE_BOUND('',#4127,.F.);
#4127 = EDGE_LOOP('',(#4128,#4129,#4130,#4131));
#4128 = ORIENTED_EDGE('',*,*,#2526,.T.);
#4129 = ORIENTED_EDGE('',*,*,#2544,.T.);
#4130 = ORIENTED_EDGE('',*,*,#4115,.F.);
#4131 = ORIENTED_EDGE('',*,*,#2442,.F.);
#4132 = PLANE('',#4133);
#4133 = AXIS2_PLACEMENT_3D('',#4134,#4135,#4136);
#4134 = CARTESIAN_POINT('',(2.348480775301,2.11,0.742364817767));
#4135 = DIRECTION('',(0.986841372087,1.095614012943E-16,0.161691392282)
  );
#4136 = DIRECTION('',(0.161691392282,1.795135065956E-17,-0.986841372087)
  );
#4137 = ADVANCED_FACE('',(#4138),#4149,.T.);
#4138 = FACE_BOUND('',#4139,.T.);
#4139 = EDGE_LOOP('',(#4140,#4141,#4142,#4143));
#4140 = ORIENTED_EDGE('',*,*,#2704,.T.);
#4141 = ORIENTED_EDGE('',*,*,#3419,.T.);
#4142 = ORIENTED_EDGE('',*,*,#2813,.F.);
#4143 = ORIENTED_EDGE('',*,*,#4144,.F.);
#4144 = EDGE_CURVE('',#2697,#2806,#4145,.T.);
#4145 = LINE('',#4146,#4147);
#4146 = CARTESIAN_POINT('',(2.545442325904,0.84,0.7770944533));
#4147 = VECTOR('',#4148,1.);
#4148 = DIRECTION('',(1.110223024625E-16,-1.,0.));
#4149 = CYLINDRICAL_SURFACE('',#4150,0.3);
#4150 = AXIS2_PLACEMENT_3D('',#4151,#4152,#4153);
#4151 = CARTESIAN_POINT('',(2.25,0.84,0.725));
#4152 = DIRECTION('',(-1.110223024625E-16,1.,0.));
#4153 = DIRECTION('',(0.984807753012,1.093356242223E-16,0.173648177667)
  );
#4154 = ADVANCED_FACE('',(#4155),#4166,.F.);
#4155 = FACE_BOUND('',#4156,.F.);
#4156 = EDGE_LOOP('',(#4157,#4163,#4164,#4165));
#4157 = ORIENTED_EDGE('',*,*,#4158,.T.);
#4158 = EDGE_CURVE('',#2688,#2797,#4159,.T.);
#4159 = LINE('',#4160,#4161);
#4160 = CARTESIAN_POINT('',(2.6264581915,0.84,0.282635182233));
#4161 = VECTOR('',#4162,1.);
#4162 = DIRECTION('',(1.110223024625E-16,-1.,0.));
#4163 = ORIENTED_EDGE('',*,*,#2805,.T.);
#4164 = ORIENTED_EDGE('',*,*,#4144,.F.);
#4165 = ORIENTED_EDGE('',*,*,#2696,.F.);
#4166 = PLANE('',#4167);
#4167 = AXIS2_PLACEMENT_3D('',#4168,#4169,#4170);
#4168 = CARTESIAN_POINT('',(2.6264581915,0.84,0.282635182233));
#4169 = DIRECTION('',(-0.986841372087,-1.095614012943E-16,
    -0.161691392282));
#4170 = DIRECTION('',(-0.161691392282,-1.795135065956E-17,0.986841372087
    ));
#4171 = ADVANCED_FACE('',(#4172),#4183,.F.);
#4172 = FACE_BOUND('',#4173,.F.);
#4173 = EDGE_LOOP('',(#4174,#4180,#4181,#4182));
#4174 = ORIENTED_EDGE('',*,*,#4175,.T.);
#4175 = EDGE_CURVE('',#2680,#2789,#4176,.T.);
#4176 = LINE('',#4177,#4178);
#4177 = CARTESIAN_POINT('',(2.724938966801,0.84,0.2));
#4178 = VECTOR('',#4179,1.);
#4179 = DIRECTION('',(1.110223024625E-16,-1.,0.));
#4180 = ORIENTED_EDGE('',*,*,#2796,.T.);
#4181 = ORIENTED_EDGE('',*,*,#4158,.F.);
#4182 = ORIENTED_EDGE('',*,*,#2687,.F.);
#4183 = CYLINDRICAL_SURFACE('',#4184,0.1);
#4184 = AXIS2_PLACEMENT_3D('',#4185,#4186,#4187);
#4185 = CARTESIAN_POINT('',(2.724938966801,0.84,0.3));
#4186 = DIRECTION('',(-1.110223024625E-16,1.,0.));
#4187 = DIRECTION('',(0.,0.,-1.));
#4188 = ADVANCED_FACE('',(#4189),#4200,.F.);
#4189 = FACE_BOUND('',#4190,.F.);
#4190 = EDGE_LOOP('',(#4191,#4197,#4198,#4199));
#4191 = ORIENTED_EDGE('',*,*,#4192,.T.);
#4192 = EDGE_CURVE('',#2672,#2781,#4193,.T.);
#4193 = LINE('',#4194,#4195);
#4194 = CARTESIAN_POINT('',(3.,0.84,0.2));
#4195 = VECTOR('',#4196,1.);
#4196 = DIRECTION('',(1.110223024625E-16,-1.,0.));
#4197 = ORIENTED_EDGE('',*,*,#2788,.T.);
#4198 = ORIENTED_EDGE('',*,*,#4175,.F.);
#4199 = ORIENTED_EDGE('',*,*,#2679,.F.);
#4200 = PLANE('',#4201);
#4201 = AXIS2_PLACEMENT_3D('',#4202,#4203,#4204);
#4202 = CARTESIAN_POINT('',(3.,0.84,0.2));
#4203 = DIRECTION('',(0.,0.,-1.));
#4204 = DIRECTION('',(-1.,-1.110223024625E-16,-0.));
#4205 = ADVANCED_FACE('',(#4206),#4217,.F.);
#4206 = FACE_BOUND('',#4207,.F.);
#4207 = EDGE_LOOP('',(#4208,#4214,#4215,#4216));
#4208 = ORIENTED_EDGE('',*,*,#4209,.T.);
#4209 = EDGE_CURVE('',#2664,#2773,#4210,.T.);
#4210 = LINE('',#4211,#4212);
#4211 = CARTESIAN_POINT('',(3.,0.84,-1.665334536938E-16));
#4212 = VECTOR('',#4213,1.);
#4213 = DIRECTION('',(1.110223024625E-16,-1.,0.));
#4214 = ORIENTED_EDGE('',*,*,#2780,.T.);
#4215 = ORIENTED_EDGE('',*,*,#4192,.F.);
#4216 = ORIENTED_EDGE('',*,*,#2671,.F.);
#4217 = PLANE('',#4218);
#4218 = AXIS2_PLACEMENT_3D('',#4219,#4220,#4221);
#4219 = CARTESIAN_POINT('',(3.,0.84,-1.665334536938E-16));
#4220 = DIRECTION('',(-1.,-1.110223024625E-16,0.));
#4221 = DIRECTION('',(0.,0.,1.));
#4222 = ADVANCED_FACE('',(#4223),#4234,.F.);
#4223 = FACE_BOUND('',#4224,.F.);
#4224 = EDGE_LOOP('',(#4225,#4231,#4232,#4233));
#4225 = ORIENTED_EDGE('',*,*,#4226,.T.);
#4226 = EDGE_CURVE('',#2655,#2764,#4227,.T.);
#4227 = LINE('',#4228,#4229);
#4228 = CARTESIAN_POINT('',(2.724938966801,0.84,-1.665334536938E-16));
#4229 = VECTOR('',#4230,1.);
#4230 = DIRECTION('',(1.110223024625E-16,-1.,0.));
#4231 = ORIENTED_EDGE('',*,*,#2772,.T.);
#4232 = ORIENTED_EDGE('',*,*,#4209,.F.);
#4233 = ORIENTED_EDGE('',*,*,#2663,.F.);
#4234 = PLANE('',#4235);
#4235 = AXIS2_PLACEMENT_3D('',#4236,#4237,#4238);
#4236 = CARTESIAN_POINT('',(2.724938966801,0.84,-1.665334536938E-16));
#4237 = DIRECTION('',(0.,0.,1.));
#4238 = DIRECTION('',(1.,1.110223024625E-16,-0.));
#4239 = ADVANCED_FACE('',(#4240),#4251,.T.);
#4240 = FACE_BOUND('',#4241,.T.);
#4241 = EDGE_LOOP('',(#4242,#4243,#4244,#4245));
#4242 = ORIENTED_EDGE('',*,*,#2654,.T.);
#4243 = ORIENTED_EDGE('',*,*,#4226,.T.);
#4244 = ORIENTED_EDGE('',*,*,#2763,.F.);
#4245 = ORIENTED_EDGE('',*,*,#4246,.F.);
#4246 = EDGE_CURVE('',#2647,#2756,#4247,.T.);
#4247 = LINE('',#4248,#4249);
#4248 = CARTESIAN_POINT('',(2.429496640897,0.84,0.2479055467));
#4249 = VECTOR('',#4250,1.);
#4250 = DIRECTION('',(1.110223024625E-16,-1.,0.));
#4251 = CYLINDRICAL_SURFACE('',#4252,0.3);
#4252 = AXIS2_PLACEMENT_3D('',#4253,#4254,#4255);
#4253 = CARTESIAN_POINT('',(2.724938966801,0.84,0.3));
#4254 = DIRECTION('',(-1.110223024625E-16,1.,0.));
#4255 = DIRECTION('',(-0.984807753012,-1.093356242223E-16,
    -0.173648177667));
#4256 = ADVANCED_FACE('',(#4257),#4263,.F.);
#4257 = FACE_BOUND('',#4258,.F.);
#4258 = EDGE_LOOP('',(#4259,#4260,#4261,#4262));
#4259 = ORIENTED_EDGE('',*,*,#2737,.T.);
#4260 = ORIENTED_EDGE('',*,*,#2755,.T.);
#4261 = ORIENTED_EDGE('',*,*,#4246,.F.);
#4262 = ORIENTED_EDGE('',*,*,#2646,.F.);
#4263 = PLANE('',#4264);
#4264 = AXIS2_PLACEMENT_3D('',#4265,#4266,#4267);
#4265 = CARTESIAN_POINT('',(2.348480775301,0.84,0.742364817767));
#4266 = DIRECTION('',(0.986841372087,1.095614012943E-16,0.161691392282)
  );
#4267 = DIRECTION('',(0.161691392282,1.795135065956E-17,-0.986841372087)
  );
#4268 = ADVANCED_FACE('',(#4269),#4280,.T.);
#4269 = FACE_BOUND('',#4270,.T.);
#4270 = EDGE_LOOP('',(#4271,#4272,#4273,#4274));
#4271 = ORIENTED_EDGE('',*,*,#2927,.T.);
#4272 = ORIENTED_EDGE('',*,*,#3438,.T.);
#4273 = ORIENTED_EDGE('',*,*,#3036,.F.);
#4274 = ORIENTED_EDGE('',*,*,#4275,.F.);
#4275 = EDGE_CURVE('',#2920,#3029,#4276,.T.);
#4276 = LINE('',#4277,#4278);
#4277 = CARTESIAN_POINT('',(2.545442325904,-0.43,0.7770944533));
#4278 = VECTOR('',#4279,1.);
#4279 = DIRECTION('',(1.110223024625E-16,-1.,0.));
#4280 = CYLINDRICAL_SURFACE('',#4281,0.3);
#4281 = AXIS2_PLACEMENT_3D('',#4282,#4283,#4284);
#4282 = CARTESIAN_POINT('',(2.25,-0.43,0.725));
#4283 = DIRECTION('',(-1.110223024625E-16,1.,0.));
#4284 = DIRECTION('',(0.984807753012,1.093356242223E-16,0.173648177667)
  );
#4285 = ADVANCED_FACE('',(#4286),#4297,.F.);
#4286 = FACE_BOUND('',#4287,.F.);
#4287 = EDGE_LOOP('',(#4288,#4294,#4295,#4296));
#4288 = ORIENTED_EDGE('',*,*,#4289,.T.);
#4289 = EDGE_CURVE('',#2911,#3020,#4290,.T.);
#4290 = LINE('',#4291,#4292);
#4291 = CARTESIAN_POINT('',(2.6264581915,-0.43,0.282635182233));
#4292 = VECTOR('',#4293,1.);
#4293 = DIRECTION('',(1.110223024625E-16,-1.,0.));
#4294 = ORIENTED_EDGE('',*,*,#3028,.T.);
#4295 = ORIENTED_EDGE('',*,*,#4275,.F.);
#4296 = ORIENTED_EDGE('',*,*,#2919,.F.);
#4297 = PLANE('',#4298);
#4298 = AXIS2_PLACEMENT_3D('',#4299,#4300,#4301);
#4299 = CARTESIAN_POINT('',(2.6264581915,-0.43,0.282635182233));
#4300 = DIRECTION('',(-0.986841372087,-1.095614012943E-16,
    -0.161691392282));
#4301 = DIRECTION('',(-0.161691392282,-1.795135065956E-17,0.986841372087
    ));
#4302 = ADVANCED_FACE('',(#4303),#4314,.F.);
#4303 = FACE_BOUND('',#4304,.F.);
#4304 = EDGE_LOOP('',(#4305,#4311,#4312,#4313));
#4305 = ORIENTED_EDGE('',*,*,#4306,.T.);
#4306 = EDGE_CURVE('',#2903,#3012,#4307,.T.);
#4307 = LINE('',#4308,#4309);
#4308 = CARTESIAN_POINT('',(2.724938966801,-0.43,0.2));
#4309 = VECTOR('',#4310,1.);
#4310 = DIRECTION('',(1.110223024625E-16,-1.,0.));
#4311 = ORIENTED_EDGE('',*,*,#3019,.T.);
#4312 = ORIENTED_EDGE('',*,*,#4289,.F.);
#4313 = ORIENTED_EDGE('',*,*,#2910,.F.);
#4314 = CYLINDRICAL_SURFACE('',#4315,0.1);
#4315 = AXIS2_PLACEMENT_3D('',#4316,#4317,#4318);
#4316 = CARTESIAN_POINT('',(2.724938966801,-0.43,0.3));
#4317 = DIRECTION('',(-1.110223024625E-16,1.,0.));
#4318 = DIRECTION('',(0.,0.,-1.));
#4319 = ADVANCED_FACE('',(#4320),#4331,.F.);
#4320 = FACE_BOUND('',#4321,.F.);
#4321 = EDGE_LOOP('',(#4322,#4328,#4329,#4330));
#4322 = ORIENTED_EDGE('',*,*,#4323,.T.);
#4323 = EDGE_CURVE('',#2895,#3004,#4324,.T.);
#4324 = LINE('',#4325,#4326);
#4325 = CARTESIAN_POINT('',(3.,-0.43,0.2));
#4326 = VECTOR('',#4327,1.);
#4327 = DIRECTION('',(1.110223024625E-16,-1.,0.));
#4328 = ORIENTED_EDGE('',*,*,#3011,.T.);
#4329 = ORIENTED_EDGE('',*,*,#4306,.F.);
#4330 = ORIENTED_EDGE('',*,*,#2902,.F.);
#4331 = PLANE('',#4332);
#4332 = AXIS2_PLACEMENT_3D('',#4333,#4334,#4335);
#4333 = CARTESIAN_POINT('',(3.,-0.43,0.2));
#4334 = DIRECTION('',(0.,0.,-1.));
#4335 = DIRECTION('',(-1.,-1.110223024625E-16,-0.));
#4336 = ADVANCED_FACE('',(#4337),#4348,.F.);
#4337 = FACE_BOUND('',#4338,.F.);
#4338 = EDGE_LOOP('',(#4339,#4345,#4346,#4347));
#4339 = ORIENTED_EDGE('',*,*,#4340,.T.);
#4340 = EDGE_CURVE('',#2887,#2996,#4341,.T.);
#4341 = LINE('',#4342,#4343);
#4342 = CARTESIAN_POINT('',(3.,-0.43,-1.665334536938E-16));
#4343 = VECTOR('',#4344,1.);
#4344 = DIRECTION('',(1.110223024625E-16,-1.,0.));
#4345 = ORIENTED_EDGE('',*,*,#3003,.T.);
#4346 = ORIENTED_EDGE('',*,*,#4323,.F.);
#4347 = ORIENTED_EDGE('',*,*,#2894,.F.);
#4348 = PLANE('',#4349);
#4349 = AXIS2_PLACEMENT_3D('',#4350,#4351,#4352);
#4350 = CARTESIAN_POINT('',(3.,-0.43,-1.665334536938E-16));
#4351 = DIRECTION('',(-1.,-1.110223024625E-16,0.));
#4352 = DIRECTION('',(0.,0.,1.));
#4353 = ADVANCED_FACE('',(#4354),#4365,.F.);
#4354 = FACE_BOUND('',#4355,.F.);
#4355 = EDGE_LOOP('',(#4356,#4362,#4363,#4364));
#4356 = ORIENTED_EDGE('',*,*,#4357,.T.);
#4357 = EDGE_CURVE('',#2878,#2987,#4358,.T.);
#4358 = LINE('',#4359,#4360);
#4359 = CARTESIAN_POINT('',(2.724938966801,-0.43,-1.665334536938E-16));
#4360 = VECTOR('',#4361,1.);
#4361 = DIRECTION('',(1.110223024625E-16,-1.,0.));
#4362 = ORIENTED_EDGE('',*,*,#2995,.T.);
#4363 = ORIENTED_EDGE('',*,*,#4340,.F.);
#4364 = ORIENTED_EDGE('',*,*,#2886,.F.);
#4365 = PLANE('',#4366);
#4366 = AXIS2_PLACEMENT_3D('',#4367,#4368,#4369);
#4367 = CARTESIAN_POINT('',(2.724938966801,-0.43,-1.665334536938E-16));
#4368 = DIRECTION('',(0.,0.,1.));
#4369 = DIRECTION('',(1.,1.110223024625E-16,-0.));
#4370 = ADVANCED_FACE('',(#4371),#4382,.T.);
#4371 = FACE_BOUND('',#4372,.T.);
#4372 = EDGE_LOOP('',(#4373,#4374,#4375,#4376));
#4373 = ORIENTED_EDGE('',*,*,#2877,.T.);
#4374 = ORIENTED_EDGE('',*,*,#4357,.T.);
#4375 = ORIENTED_EDGE('',*,*,#2986,.F.);
#4376 = ORIENTED_EDGE('',*,*,#4377,.F.);
#4377 = EDGE_CURVE('',#2870,#2979,#4378,.T.);
#4378 = LINE('',#4379,#4380);
#4379 = CARTESIAN_POINT('',(2.429496640897,-0.43,0.2479055467));
#4380 = VECTOR('',#4381,1.);
#4381 = DIRECTION('',(1.110223024625E-16,-1.,0.));
#4382 = CYLINDRICAL_SURFACE('',#4383,0.3);
#4383 = AXIS2_PLACEMENT_3D('',#4384,#4385,#4386);
#4384 = CARTESIAN_POINT('',(2.724938966801,-0.43,0.3));
#4385 = DIRECTION('',(-1.110223024625E-16,1.,0.));
#4386 = DIRECTION('',(-0.984807753012,-1.093356242223E-16,
    -0.173648177667));
#4387 = ADVANCED_FACE('',(#4388),#4394,.F.);
#4388 = FACE_BOUND('',#4389,.F.);
#4389 = EDGE_LOOP('',(#4390,#4391,#4392,#4393));
#4390 = ORIENTED_EDGE('',*,*,#2960,.T.);
#4391 = ORIENTED_EDGE('',*,*,#2978,.T.);
#4392 = ORIENTED_EDGE('',*,*,#4377,.F.);
#4393 = ORIENTED_EDGE('',*,*,#2869,.F.);
#4394 = PLANE('',#4395);
#4395 = AXIS2_PLACEMENT_3D('',#4396,#4397,#4398);
#4396 = CARTESIAN_POINT('',(2.348480775301,-0.43,0.742364817767));
#4397 = DIRECTION('',(0.986841372087,1.095614012943E-16,0.161691392282)
  );
#4398 = DIRECTION('',(0.161691392282,1.795135065956E-17,-0.986841372087)
  );
#4399 = ADVANCED_FACE('',(#4400),#4411,.T.);
#4400 = FACE_BOUND('',#4401,.T.);
#4401 = EDGE_LOOP('',(#4402,#4403,#4404,#4405));
#4402 = ORIENTED_EDGE('',*,*,#3150,.T.);
#4403 = ORIENTED_EDGE('',*,*,#3457,.T.);
#4404 = ORIENTED_EDGE('',*,*,#3259,.F.);
#4405 = ORIENTED_EDGE('',*,*,#4406,.F.);
#4406 = EDGE_CURVE('',#3143,#3252,#4407,.T.);
#4407 = LINE('',#4408,#4409);
#4408 = CARTESIAN_POINT('',(2.545442325904,-1.7,0.7770944533));
#4409 = VECTOR('',#4410,1.);
#4410 = DIRECTION('',(1.110223024625E-16,-1.,0.));
#4411 = CYLINDRICAL_SURFACE('',#4412,0.3);
#4412 = AXIS2_PLACEMENT_3D('',#4413,#4414,#4415);
#4413 = CARTESIAN_POINT('',(2.25,-1.7,0.725));
#4414 = DIRECTION('',(-1.110223024625E-16,1.,0.));
#4415 = DIRECTION('',(0.984807753012,1.093356242223E-16,0.173648177667)
  );
#4416 = ADVANCED_FACE('',(#4417),#4428,.F.);
#4417 = FACE_BOUND('',#4418,.F.);
#4418 = EDGE_LOOP('',(#4419,#4425,#4426,#4427));
#4419 = ORIENTED_EDGE('',*,*,#4420,.T.);
#4420 = EDGE_CURVE('',#3134,#3243,#4421,.T.);
#4421 = LINE('',#4422,#4423);
#4422 = CARTESIAN_POINT('',(2.6264581915,-1.7,0.282635182233));
#4423 = VECTOR('',#4424,1.);
#4424 = DIRECTION('',(1.110223024625E-16,-1.,0.));
#4425 = ORIENTED_EDGE('',*,*,#3251,.T.);
#4426 = ORIENTED_EDGE('',*,*,#4406,.F.);
#4427 = ORIENTED_EDGE('',*,*,#3142,.F.);
#4428 = PLANE('',#4429);
#4429 = AXIS2_PLACEMENT_3D('',#4430,#4431,#4432);
#4430 = CARTESIAN_POINT('',(2.6264581915,-1.7,0.282635182233));
#4431 = DIRECTION('',(-0.986841372087,-1.095614012943E-16,
    -0.161691392282));
#4432 = DIRECTION('',(-0.161691392282,-1.795135065956E-17,0.986841372087
    ));
#4433 = ADVANCED_FACE('',(#4434),#4445,.F.);
#4434 = FACE_BOUND('',#4435,.F.);
#4435 = EDGE_LOOP('',(#4436,#4442,#4443,#4444));
#4436 = ORIENTED_EDGE('',*,*,#4437,.T.);
#4437 = EDGE_CURVE('',#3126,#3235,#4438,.T.);
#4438 = LINE('',#4439,#4440);
#4439 = CARTESIAN_POINT('',(2.724938966801,-1.7,0.2));
#4440 = VECTOR('',#4441,1.);
#4441 = DIRECTION('',(1.110223024625E-16,-1.,0.));
#4442 = ORIENTED_EDGE('',*,*,#3242,.T.);
#4443 = ORIENTED_EDGE('',*,*,#4420,.F.);
#4444 = ORIENTED_EDGE('',*,*,#3133,.F.);
#4445 = CYLINDRICAL_SURFACE('',#4446,0.1);
#4446 = AXIS2_PLACEMENT_3D('',#4447,#4448,#4449);
#4447 = CARTESIAN_POINT('',(2.724938966801,-1.7,0.3));
#4448 = DIRECTION('',(-1.110223024625E-16,1.,0.));
#4449 = DIRECTION('',(0.,0.,-1.));
#4450 = ADVANCED_FACE('',(#4451),#4462,.F.);
#4451 = FACE_BOUND('',#4452,.F.);
#4452 = EDGE_LOOP('',(#4453,#4459,#4460,#4461));
#4453 = ORIENTED_EDGE('',*,*,#4454,.T.);
#4454 = EDGE_CURVE('',#3118,#3227,#4455,.T.);
#4455 = LINE('',#4456,#4457);
#4456 = CARTESIAN_POINT('',(3.,-1.7,0.2));
#4457 = VECTOR('',#4458,1.);
#4458 = DIRECTION('',(1.110223024625E-16,-1.,0.));
#4459 = ORIENTED_EDGE('',*,*,#3234,.T.);
#4460 = ORIENTED_EDGE('',*,*,#4437,.F.);
#4461 = ORIENTED_EDGE('',*,*,#3125,.F.);
#4462 = PLANE('',#4463);
#4463 = AXIS2_PLACEMENT_3D('',#4464,#4465,#4466);
#4464 = CARTESIAN_POINT('',(3.,-1.7,0.2));
#4465 = DIRECTION('',(0.,0.,-1.));
#4466 = DIRECTION('',(-1.,-1.110223024625E-16,-0.));
#4467 = ADVANCED_FACE('',(#4468),#4479,.F.);
#4468 = FACE_BOUND('',#4469,.F.);
#4469 = EDGE_LOOP('',(#4470,#4476,#4477,#4478));
#4470 = ORIENTED_EDGE('',*,*,#4471,.T.);
#4471 = EDGE_CURVE('',#3110,#3219,#4472,.T.);
#4472 = LINE('',#4473,#4474);
#4473 = CARTESIAN_POINT('',(3.,-1.7,-1.665334536938E-16));
#4474 = VECTOR('',#4475,1.);
#4475 = DIRECTION('',(1.110223024625E-16,-1.,0.));
#4476 = ORIENTED_EDGE('',*,*,#3226,.T.);
#4477 = ORIENTED_EDGE('',*,*,#4454,.F.);
#4478 = ORIENTED_EDGE('',*,*,#3117,.F.);
#4479 = PLANE('',#4480);
#4480 = AXIS2_PLACEMENT_3D('',#4481,#4482,#4483);
#4481 = CARTESIAN_POINT('',(3.,-1.7,-1.665334536938E-16));
#4482 = DIRECTION('',(-1.,-1.110223024625E-16,0.));
#4483 = DIRECTION('',(0.,0.,1.));
#4484 = ADVANCED_FACE('',(#4485),#4496,.F.);
#4485 = FACE_BOUND('',#4486,.F.);
#4486 = EDGE_LOOP('',(#4487,#4493,#4494,#4495));
#4487 = ORIENTED_EDGE('',*,*,#4488,.T.);
#4488 = EDGE_CURVE('',#3101,#3210,#4489,.T.);
#4489 = LINE('',#4490,#4491);
#4490 = CARTESIAN_POINT('',(2.724938966801,-1.7,-1.665334536938E-16));
#4491 = VECTOR('',#4492,1.);
#4492 = DIRECTION('',(1.110223024625E-16,-1.,0.));
#4493 = ORIENTED_EDGE('',*,*,#3218,.T.);
#4494 = ORIENTED_EDGE('',*,*,#4471,.F.);
#4495 = ORIENTED_EDGE('',*,*,#3109,.F.);
#4496 = PLANE('',#4497);
#4497 = AXIS2_PLACEMENT_3D('',#4498,#4499,#4500);
#4498 = CARTESIAN_POINT('',(2.724938966801,-1.7,-1.665334536938E-16));
#4499 = DIRECTION('',(0.,0.,1.));
#4500 = DIRECTION('',(1.,1.110223024625E-16,-0.));
#4501 = ADVANCED_FACE('',(#4502),#4513,.T.);
#4502 = FACE_BOUND('',#4503,.T.);
#4503 = EDGE_LOOP('',(#4504,#4505,#4506,#4507));
#4504 = ORIENTED_EDGE('',*,*,#3100,.T.);
#4505 = ORIENTED_EDGE('',*,*,#4488,.T.);
#4506 = ORIENTED_EDGE('',*,*,#3209,.F.);
#4507 = ORIENTED_EDGE('',*,*,#4508,.F.);
#4508 = EDGE_CURVE('',#3093,#3202,#4509,.T.);
#4509 = LINE('',#4510,#4511);
#4510 = CARTESIAN_POINT('',(2.429496640897,-1.7,0.2479055467));
#4511 = VECTOR('',#4512,1.);
#4512 = DIRECTION('',(1.110223024625E-16,-1.,0.));
#4513 = CYLINDRICAL_SURFACE('',#4514,0.3);
#4514 = AXIS2_PLACEMENT_3D('',#4515,#4516,#4517);
#4515 = CARTESIAN_POINT('',(2.724938966801,-1.7,0.3));
#4516 = DIRECTION('',(-1.110223024625E-16,1.,0.));
#4517 = DIRECTION('',(-0.984807753012,-1.093356242223E-16,
    -0.173648177667));
#4518 = ADVANCED_FACE('',(#4519),#4525,.F.);
#4519 = FACE_BOUND('',#4520,.F.);
#4520 = EDGE_LOOP('',(#4521,#4522,#4523,#4524));
#4521 = ORIENTED_EDGE('',*,*,#3183,.T.);
#4522 = ORIENTED_EDGE('',*,*,#3201,.T.);
#4523 = ORIENTED_EDGE('',*,*,#4508,.F.);
#4524 = ORIENTED_EDGE('',*,*,#3092,.F.);
#4525 = PLANE('',#4526);
#4526 = AXIS2_PLACEMENT_3D('',#4527,#4528,#4529);
#4527 = CARTESIAN_POINT('',(2.348480775301,-1.7,0.742364817767));
#4528 = DIRECTION('',(0.986841372087,1.095614012943E-16,0.161691392282)
  );
#4529 = DIRECTION('',(0.161691392282,1.795135065956E-17,-0.986841372087)
  );
#4530 = ADVANCED_FACE('',(#4531),#4532,.F.);
#4531 = FACE_BOUND('',#3383,.T.);
#4532 = PLANE('',#4533);
#4533 = AXIS2_PLACEMENT_3D('',#4534,#4535,#4536);
#4534 = CARTESIAN_POINT('',(-1.110171280765,1.610171280765,1.75));
#4535 = DIRECTION('',(0.,0.,-1.));
#4536 = DIRECTION('',(1.110223024625E-16,-1.,0.));
#4537 = ( GEOMETRIC_REPRESENTATION_CONTEXT(3) 
GLOBAL_UNCERTAINTY_ASSIGNED_CONTEXT((#4541)) 
GLOBAL_UNIT_ASSIGNED_CONTEXT((#4538,#4539,#4540)) REPRESENTATION_CONTEXT
('Context #1','3D Context with UNIT and UNCERTAINTY') );
#4538 = ( LENGTH_UNIT() NAMED_UNIT(*) SI_UNIT(.MILLI.,.METRE.) );
#4539 = ( NAMED_UNIT(*) PLANE_ANGLE_UNIT() SI_UNIT($,.RADIAN.) );
#4540 = ( NAMED_UNIT(*) SI_UNIT($,.STERADIAN.) SOLID_ANGLE_UNIT() );
#4541 = UNCERTAINTY_MEASURE_WITH_UNIT(LENGTH_MEASURE(1.E-07),#4538,
  'distance_accuracy_value','confusion accuracy');
#4542 = CONTEXT_DEPENDENT_SHAPE_REPRESENTATION(#4543,#4545);
#4543 = ( REPRESENTATION_RELATIONSHIP('','',#68,#10) 
REPRESENTATION_RELATIONSHIP_WITH_TRANSFORMATION(#4544) 
SHAPE_REPRESENTATION_RELATIONSHIP() );
#4544 = ITEM_DEFINED_TRANSFORMATION('','',#11,#15);
#4545 = PRODUCT_DEFINITION_SHAPE('Placement','Placement of an item',
  #4546);
#4546 = NEXT_ASSEMBLY_USAGE_OCCURRENCE('1','IC101','',#5,#63,$);
#4547 = PRODUCT_RELATED_PRODUCT_CATEGORY('part',$,(#65));
#4548 = SHAPE_DEFINITION_REPRESENTATION(#4549,#4555);
#4549 = PRODUCT_DEFINITION_SHAPE('','',#4550);
#4550 = PRODUCT_DEFINITION('design','',#4551,#4554);
#4551 = PRODUCT_DEFINITION_FORMATION('','',#4552);
#4552 = PRODUCT('R_0402_1005Metric','R_0402_1005Metric','',(#4553));
#4553 = PRODUCT_CONTEXT('',#2,'mechanical');
#4554 = PRODUCT_DEFINITION_CONTEXT('part definition',#2,'design');
#4555 = ADVANCED_BREP_SHAPE_REPRESENTATION('',(#11,#4556),#5346);
#4556 = MANIFOLD_SOLID_BREP('',#4557);
#4557 = CLOSED_SHELL('',(#4558,#4598,#4681,#4706,#4731,#4798,#4815,#4832
    ,#4881,#4898,#4915,#4964,#4981,#5050,#5081,#5105,#5174,#5198,#5215,
    #5232,#5249,#5266,#5283,#5300,#5317,#5334));
#4558 = ADVANCED_FACE('',(#4559),#4593,.F.);
#4559 = FACE_BOUND('',#4560,.F.);
#4560 = EDGE_LOOP('',(#4561,#4571,#4579,#4587));
#4561 = ORIENTED_EDGE('',*,*,#4562,.F.);
#4562 = EDGE_CURVE('',#4563,#4565,#4567,.T.);
#4563 = VERTEX_POINT('',#4564);
#4564 = CARTESIAN_POINT('',(-0.5,-0.25,3.5E-02));
#4565 = VERTEX_POINT('',#4566);
#4566 = CARTESIAN_POINT('',(-0.5,-0.25,0.315));
#4567 = LINE('',#4568,#4569);
#4568 = CARTESIAN_POINT('',(-0.5,-0.25,0.));
#4569 = VECTOR('',#4570,1.);
#4570 = DIRECTION('',(0.,0.,1.));
#4571 = ORIENTED_EDGE('',*,*,#4572,.T.);
#4572 = EDGE_CURVE('',#4563,#4573,#4575,.T.);
#4573 = VERTEX_POINT('',#4574);
#4574 = CARTESIAN_POINT('',(-0.5,0.25,3.5E-02));
#4575 = LINE('',#4576,#4577);
#4576 = CARTESIAN_POINT('',(-0.5,-0.25,3.5E-02));
#4577 = VECTOR('',#4578,1.);
#4578 = DIRECTION('',(0.,1.,0.));
#4579 = ORIENTED_EDGE('',*,*,#4580,.T.);
#4580 = EDGE_CURVE('',#4573,#4581,#4583,.T.);
#4581 = VERTEX_POINT('',#4582);
#4582 = CARTESIAN_POINT('',(-0.5,0.25,0.315));
#4583 = LINE('',#4584,#4585);
#4584 = CARTESIAN_POINT('',(-0.5,0.25,0.));
#4585 = VECTOR('',#4586,1.);
#4586 = DIRECTION('',(0.,0.,1.));
#4587 = ORIENTED_EDGE('',*,*,#4588,.F.);
#4588 = EDGE_CURVE('',#4565,#4581,#4589,.T.);
#4589 = LINE('',#4590,#4591);
#4590 = CARTESIAN_POINT('',(-0.5,-0.25,0.315));
#4591 = VECTOR('',#4592,1.);
#4592 = DIRECTION('',(0.,1.,0.));
#4593 = PLANE('',#4594);
#4594 = AXIS2_PLACEMENT_3D('',#4595,#4596,#4597);
#4595 = CARTESIAN_POINT('',(-0.5,-0.25,0.));
#4596 = DIRECTION('',(1.,0.,0.));
#4597 = DIRECTION('',(0.,0.,1.));
#4598 = ADVANCED_FACE('',(#4599),#4676,.F.);
#4599 = FACE_BOUND('',#4600,.F.);
#4600 = EDGE_LOOP('',(#4601,#4611,#4618,#4619,#4628,#4636,#4645,#4653,
    #4661,#4669));
#4601 = ORIENTED_EDGE('',*,*,#4602,.F.);
#4602 = EDGE_CURVE('',#4603,#4605,#4607,.T.);
#4603 = VERTEX_POINT('',#4604);
#4604 = CARTESIAN_POINT('',(-0.465,-0.25,-2.775557561563E-17));
#4605 = VERTEX_POINT('',#4606);
#4606 = CARTESIAN_POINT('',(-0.335,-0.25,-2.775557561563E-17));
#4607 = LINE('',#4608,#4609);
#4608 = CARTESIAN_POINT('',(-0.5,-0.25,0.));
#4609 = VECTOR('',#4610,1.);
#4610 = DIRECTION('',(1.,0.,0.));
#4611 = ORIENTED_EDGE('',*,*,#4612,.F.);
#4612 = EDGE_CURVE('',#4563,#4603,#4613,.T.);
#4613 = CIRCLE('',#4614,3.5E-02);
#4614 = AXIS2_PLACEMENT_3D('',#4615,#4616,#4617);
#4615 = CARTESIAN_POINT('',(-0.465,-0.25,3.5E-02));
#4616 = DIRECTION('',(0.,-1.,0.));
#4617 = DIRECTION('',(0.,0.,1.));
#4618 = ORIENTED_EDGE('',*,*,#4562,.T.);
#4619 = ORIENTED_EDGE('',*,*,#4620,.T.);
#4620 = EDGE_CURVE('',#4565,#4621,#4623,.T.);
#4621 = VERTEX_POINT('',#4622);
#4622 = CARTESIAN_POINT('',(-0.465,-0.25,0.35));
#4623 = CIRCLE('',#4624,3.5E-02);
#4624 = AXIS2_PLACEMENT_3D('',#4625,#4626,#4627);
#4625 = CARTESIAN_POINT('',(-0.465,-0.25,0.315));
#4626 = DIRECTION('',(0.,1.,0.));
#4627 = DIRECTION('',(0.,-0.,1.));
#4628 = ORIENTED_EDGE('',*,*,#4629,.T.);
#4629 = EDGE_CURVE('',#4621,#4630,#4632,.T.);
#4630 = VERTEX_POINT('',#4631);
#4631 = CARTESIAN_POINT('',(-0.335,-0.25,0.35));
#4632 = LINE('',#4633,#4634);
#4633 = CARTESIAN_POINT('',(-0.5,-0.25,0.35));
#4634 = VECTOR('',#4635,1.);
#4635 = DIRECTION('',(1.,0.,0.));
#4636 = ORIENTED_EDGE('',*,*,#4637,.F.);
#4637 = EDGE_CURVE('',#4638,#4630,#4640,.T.);
#4638 = VERTEX_POINT('',#4639);
#4639 = CARTESIAN_POINT('',(-0.3,-0.25,0.315));
#4640 = CIRCLE('',#4641,3.5E-02);
#4641 = AXIS2_PLACEMENT_3D('',#4642,#4643,#4644);
#4642 = CARTESIAN_POINT('',(-0.335,-0.25,0.315));
#4643 = DIRECTION('',(0.,-1.,0.));
#4644 = DIRECTION('',(0.,0.,1.));
#4645 = ORIENTED_EDGE('',*,*,#4646,.F.);
#4646 = EDGE_CURVE('',#4647,#4638,#4649,.T.);
#4647 = VERTEX_POINT('',#4648);
#4648 = CARTESIAN_POINT('',(-0.465,-0.25,0.315));
#4649 = LINE('',#4650,#4651);
#4650 = CARTESIAN_POINT('',(-0.465,-0.25,0.315));
#4651 = VECTOR('',#4652,1.);
#4652 = DIRECTION('',(1.,0.,0.));
#4653 = ORIENTED_EDGE('',*,*,#4654,.F.);
#4654 = EDGE_CURVE('',#4655,#4647,#4657,.T.);
#4655 = VERTEX_POINT('',#4656);
#4656 = CARTESIAN_POINT('',(-0.465,-0.25,3.5E-02));
#4657 = LINE('',#4658,#4659);
#4658 = CARTESIAN_POINT('',(-0.465,-0.25,3.5E-02));
#4659 = VECTOR('',#4660,1.);
#4660 = DIRECTION('',(0.,0.,1.));
#4661 = ORIENTED_EDGE('',*,*,#4662,.T.);
#4662 = EDGE_CURVE('',#4655,#4663,#4665,.T.);
#4663 = VERTEX_POINT('',#4664);
#4664 = CARTESIAN_POINT('',(-0.3,-0.25,3.5E-02));
#4665 = LINE('',#4666,#4667);
#4666 = CARTESIAN_POINT('',(-0.465,-0.25,3.5E-02));
#4667 = VECTOR('',#4668,1.);
#4668 = DIRECTION('',(1.,0.,0.));
#4669 = ORIENTED_EDGE('',*,*,#4670,.T.);
#4670 = EDGE_CURVE('',#4663,#4605,#4671,.T.);
#4671 = CIRCLE('',#4672,3.5E-02);
#4672 = AXIS2_PLACEMENT_3D('',#4673,#4674,#4675);
#4673 = CARTESIAN_POINT('',(-0.335,-0.25,3.5E-02));
#4674 = DIRECTION('',(0.,1.,0.));
#4675 = DIRECTION('',(0.,-0.,1.));
#4676 = PLANE('',#4677);
#4677 = AXIS2_PLACEMENT_3D('',#4678,#4679,#4680);
#4678 = CARTESIAN_POINT('',(-0.5,-0.25,0.));
#4679 = DIRECTION('',(0.,1.,0.));
#4680 = DIRECTION('',(0.,-0.,1.));
#4681 = ADVANCED_FACE('',(#4682),#4701,.T.);
#4682 = FACE_BOUND('',#4683,.T.);
#4683 = EDGE_LOOP('',(#4684,#4685,#4694,#4700));
#4684 = ORIENTED_EDGE('',*,*,#4572,.T.);
#4685 = ORIENTED_EDGE('',*,*,#4686,.T.);
#4686 = EDGE_CURVE('',#4573,#4687,#4689,.T.);
#4687 = VERTEX_POINT('',#4688);
#4688 = CARTESIAN_POINT('',(-0.465,0.25,-2.775557561563E-17));
#4689 = CIRCLE('',#4690,3.5E-02);
#4690 = AXIS2_PLACEMENT_3D('',#4691,#4692,#4693);
#4691 = CARTESIAN_POINT('',(-0.465,0.25,3.5E-02));
#4692 = DIRECTION('',(0.,-1.,0.));
#4693 = DIRECTION('',(0.,0.,1.));
#4694 = ORIENTED_EDGE('',*,*,#4695,.F.);
#4695 = EDGE_CURVE('',#4603,#4687,#4696,.T.);
#4696 = LINE('',#4697,#4698);
#4697 = CARTESIAN_POINT('',(-0.465,-0.25,-2.775557561563E-17));
#4698 = VECTOR('',#4699,1.);
#4699 = DIRECTION('',(0.,1.,0.));
#4700 = ORIENTED_EDGE('',*,*,#4612,.F.);
#4701 = CYLINDRICAL_SURFACE('',#4702,3.5E-02);
#4702 = AXIS2_PLACEMENT_3D('',#4703,#4704,#4705);
#4703 = CARTESIAN_POINT('',(-0.465,-0.25,3.5E-02));
#4704 = DIRECTION('',(0.,1.,0.));
#4705 = DIRECTION('',(-1.,0.,0.));
#4706 = ADVANCED_FACE('',(#4707),#4726,.T.);
#4707 = FACE_BOUND('',#4708,.T.);
#4708 = EDGE_LOOP('',(#4709,#4710,#4718,#4725));
#4709 = ORIENTED_EDGE('',*,*,#4620,.T.);
#4710 = ORIENTED_EDGE('',*,*,#4711,.T.);
#4711 = EDGE_CURVE('',#4621,#4712,#4714,.T.);
#4712 = VERTEX_POINT('',#4713);
#4713 = CARTESIAN_POINT('',(-0.465,0.25,0.35));
#4714 = LINE('',#4715,#4716);
#4715 = CARTESIAN_POINT('',(-0.465,-0.25,0.35));
#4716 = VECTOR('',#4717,1.);
#4717 = DIRECTION('',(0.,1.,0.));
#4718 = ORIENTED_EDGE('',*,*,#4719,.F.);
#4719 = EDGE_CURVE('',#4581,#4712,#4720,.T.);
#4720 = CIRCLE('',#4721,3.5E-02);
#4721 = AXIS2_PLACEMENT_3D('',#4722,#4723,#4724);
#4722 = CARTESIAN_POINT('',(-0.465,0.25,0.315));
#4723 = DIRECTION('',(0.,1.,0.));
#4724 = DIRECTION('',(0.,-0.,1.));
#4725 = ORIENTED_EDGE('',*,*,#4588,.F.);
#4726 = CYLINDRICAL_SURFACE('',#4727,3.5E-02);
#4727 = AXIS2_PLACEMENT_3D('',#4728,#4729,#4730);
#4728 = CARTESIAN_POINT('',(-0.465,-0.25,0.315));
#4729 = DIRECTION('',(0.,1.,0.));
#4730 = DIRECTION('',(-1.,0.,0.));
#4731 = ADVANCED_FACE('',(#4732),#4793,.T.);
#4732 = FACE_BOUND('',#4733,.T.);
#4733 = EDGE_LOOP('',(#4734,#4742,#4743,#4744,#4745,#4753,#4762,#4770,
    #4778,#4786));
#4734 = ORIENTED_EDGE('',*,*,#4735,.F.);
#4735 = EDGE_CURVE('',#4687,#4736,#4738,.T.);
#4736 = VERTEX_POINT('',#4737);
#4737 = CARTESIAN_POINT('',(-0.335,0.25,-2.775557561563E-17));
#4738 = LINE('',#4739,#4740);
#4739 = CARTESIAN_POINT('',(-0.5,0.25,0.));
#4740 = VECTOR('',#4741,1.);
#4741 = DIRECTION('',(1.,0.,0.));
#4742 = ORIENTED_EDGE('',*,*,#4686,.F.);
#4743 = ORIENTED_EDGE('',*,*,#4580,.T.);
#4744 = ORIENTED_EDGE('',*,*,#4719,.T.);
#4745 = ORIENTED_EDGE('',*,*,#4746,.T.);
#4746 = EDGE_CURVE('',#4712,#4747,#4749,.T.);
#4747 = VERTEX_POINT('',#4748);
#4748 = CARTESIAN_POINT('',(-0.335,0.25,0.35));
#4749 = LINE('',#4750,#4751);
#4750 = CARTESIAN_POINT('',(-0.5,0.25,0.35));
#4751 = VECTOR('',#4752,1.);
#4752 = DIRECTION('',(1.,0.,0.));
#4753 = ORIENTED_EDGE('',*,*,#4754,.F.);
#4754 = EDGE_CURVE('',#4755,#4747,#4757,.T.);
#4755 = VERTEX_POINT('',#4756);
#4756 = CARTESIAN_POINT('',(-0.3,0.25,0.315));
#4757 = CIRCLE('',#4758,3.5E-02);
#4758 = AXIS2_PLACEMENT_3D('',#4759,#4760,#4761);
#4759 = CARTESIAN_POINT('',(-0.335,0.25,0.315));
#4760 = DIRECTION('',(0.,-1.,0.));
#4761 = DIRECTION('',(0.,0.,1.));
#4762 = ORIENTED_EDGE('',*,*,#4763,.F.);
#4763 = EDGE_CURVE('',#4764,#4755,#4766,.T.);
#4764 = VERTEX_POINT('',#4765);
#4765 = CARTESIAN_POINT('',(-0.465,0.25,0.315));
#4766 = LINE('',#4767,#4768);
#4767 = CARTESIAN_POINT('',(-0.465,0.25,0.315));
#4768 = VECTOR('',#4769,1.);
#4769 = DIRECTION('',(1.,0.,0.));
#4770 = ORIENTED_EDGE('',*,*,#4771,.F.);
#4771 = EDGE_CURVE('',#4772,#4764,#4774,.T.);
#4772 = VERTEX_POINT('',#4773);
#4773 = CARTESIAN_POINT('',(-0.465,0.25,3.5E-02));
#4774 = LINE('',#4775,#4776);
#4775 = CARTESIAN_POINT('',(-0.465,0.25,3.5E-02));
#4776 = VECTOR('',#4777,1.);
#4777 = DIRECTION('',(0.,0.,1.));
#4778 = ORIENTED_EDGE('',*,*,#4779,.T.);
#4779 = EDGE_CURVE('',#4772,#4780,#4782,.T.);
#4780 = VERTEX_POINT('',#4781);
#4781 = CARTESIAN_POINT('',(-0.3,0.25,3.5E-02));
#4782 = LINE('',#4783,#4784);
#4783 = CARTESIAN_POINT('',(-0.465,0.25,3.5E-02));
#4784 = VECTOR('',#4785,1.);
#4785 = DIRECTION('',(1.,0.,0.));
#4786 = ORIENTED_EDGE('',*,*,#4787,.T.);
#4787 = EDGE_CURVE('',#4780,#4736,#4788,.T.);
#4788 = CIRCLE('',#4789,3.5E-02);
#4789 = AXIS2_PLACEMENT_3D('',#4790,#4791,#4792);
#4790 = CARTESIAN_POINT('',(-0.335,0.25,3.5E-02));
#4791 = DIRECTION('',(0.,1.,0.));
#4792 = DIRECTION('',(0.,-0.,1.));
#4793 = PLANE('',#4794);
#4794 = AXIS2_PLACEMENT_3D('',#4795,#4796,#4797);
#4795 = CARTESIAN_POINT('',(-0.5,0.25,0.));
#4796 = DIRECTION('',(0.,1.,0.));
#4797 = DIRECTION('',(0.,-0.,1.));
#4798 = ADVANCED_FACE('',(#4799),#4810,.F.);
#4799 = FACE_BOUND('',#4800,.F.);
#4800 = EDGE_LOOP('',(#4801,#4802,#4803,#4804));
#4801 = ORIENTED_EDGE('',*,*,#4735,.F.);
#4802 = ORIENTED_EDGE('',*,*,#4695,.F.);
#4803 = ORIENTED_EDGE('',*,*,#4602,.T.);
#4804 = ORIENTED_EDGE('',*,*,#4805,.T.);
#4805 = EDGE_CURVE('',#4605,#4736,#4806,.T.);
#4806 = LINE('',#4807,#4808);
#4807 = CARTESIAN_POINT('',(-0.335,-0.25,-2.775557561563E-17));
#4808 = VECTOR('',#4809,1.);
#4809 = DIRECTION('',(0.,1.,0.));
#4810 = PLANE('',#4811);
#4811 = AXIS2_PLACEMENT_3D('',#4812,#4813,#4814);
#4812 = CARTESIAN_POINT('',(-0.5,-0.25,0.));
#4813 = DIRECTION('',(0.,0.,1.));
#4814 = DIRECTION('',(1.,0.,-0.));
#4815 = ADVANCED_FACE('',(#4816),#4827,.T.);
#4816 = FACE_BOUND('',#4817,.T.);
#4817 = EDGE_LOOP('',(#4818,#4819,#4820,#4821));
#4818 = ORIENTED_EDGE('',*,*,#4670,.T.);
#4819 = ORIENTED_EDGE('',*,*,#4805,.T.);
#4820 = ORIENTED_EDGE('',*,*,#4787,.F.);
#4821 = ORIENTED_EDGE('',*,*,#4822,.F.);
#4822 = EDGE_CURVE('',#4663,#4780,#4823,.T.);
#4823 = LINE('',#4824,#4825);
#4824 = CARTESIAN_POINT('',(-0.3,-0.25,3.5E-02));
#4825 = VECTOR('',#4826,1.);
#4826 = DIRECTION('',(0.,1.,0.));
#4827 = CYLINDRICAL_SURFACE('',#4828,3.5E-02);
#4828 = AXIS2_PLACEMENT_3D('',#4829,#4830,#4831);
#4829 = CARTESIAN_POINT('',(-0.335,-0.25,3.5E-02));
#4830 = DIRECTION('',(0.,1.,0.));
#4831 = DIRECTION('',(1.,0.,0.));
#4832 = ADVANCED_FACE('',(#4833),#4876,.F.);
#4833 = FACE_BOUND('',#4834,.F.);
#4834 = EDGE_LOOP('',(#4835,#4836,#4837,#4838,#4846,#4854,#4862,#4870));
#4835 = ORIENTED_EDGE('',*,*,#4662,.F.);
#4836 = ORIENTED_EDGE('',*,*,#4654,.T.);
#4837 = ORIENTED_EDGE('',*,*,#4646,.T.);
#4838 = ORIENTED_EDGE('',*,*,#4839,.T.);
#4839 = EDGE_CURVE('',#4638,#4840,#4842,.T.);
#4840 = VERTEX_POINT('',#4841);
#4841 = CARTESIAN_POINT('',(0.3,-0.25,0.315));
#4842 = LINE('',#4843,#4844);
#4843 = CARTESIAN_POINT('',(-0.3,-0.25,0.315));
#4844 = VECTOR('',#4845,1.);
#4845 = DIRECTION('',(1.,0.,0.));
#4846 = ORIENTED_EDGE('',*,*,#4847,.T.);
#4847 = EDGE_CURVE('',#4840,#4848,#4850,.T.);
#4848 = VERTEX_POINT('',#4849);
#4849 = CARTESIAN_POINT('',(0.465,-0.25,0.315));
#4850 = LINE('',#4851,#4852);
#4851 = CARTESIAN_POINT('',(-0.465,-0.25,0.315));
#4852 = VECTOR('',#4853,1.);
#4853 = DIRECTION('',(1.,0.,0.));
#4854 = ORIENTED_EDGE('',*,*,#4855,.F.);
#4855 = EDGE_CURVE('',#4856,#4848,#4858,.T.);
#4856 = VERTEX_POINT('',#4857);
#4857 = CARTESIAN_POINT('',(0.465,-0.25,3.5E-02));
#4858 = LINE('',#4859,#4860);
#4859 = CARTESIAN_POINT('',(0.465,-0.25,3.5E-02));
#4860 = VECTOR('',#4861,1.);
#4861 = DIRECTION('',(0.,0.,1.));
#4862 = ORIENTED_EDGE('',*,*,#4863,.F.);
#4863 = EDGE_CURVE('',#4864,#4856,#4866,.T.);
#4864 = VERTEX_POINT('',#4865);
#4865 = CARTESIAN_POINT('',(0.3,-0.25,3.5E-02));
#4866 = LINE('',#4867,#4868);
#4867 = CARTESIAN_POINT('',(-0.465,-0.25,3.5E-02));
#4868 = VECTOR('',#4869,1.);
#4869 = DIRECTION('',(1.,0.,0.));
#4870 = ORIENTED_EDGE('',*,*,#4871,.F.);
#4871 = EDGE_CURVE('',#4663,#4864,#4872,.T.);
#4872 = LINE('',#4873,#4874);
#4873 = CARTESIAN_POINT('',(-0.465,-0.25,3.5E-02));
#4874 = VECTOR('',#4875,1.);
#4875 = DIRECTION('',(1.,0.,0.));
#4876 = PLANE('',#4877);
#4877 = AXIS2_PLACEMENT_3D('',#4878,#4879,#4880);
#4878 = CARTESIAN_POINT('',(-0.465,-0.25,3.5E-02));
#4879 = DIRECTION('',(0.,1.,0.));
#4880 = DIRECTION('',(0.,-0.,1.));
#4881 = ADVANCED_FACE('',(#4882),#4893,.T.);
#4882 = FACE_BOUND('',#4883,.T.);
#4883 = EDGE_LOOP('',(#4884,#4885,#4886,#4887));
#4884 = ORIENTED_EDGE('',*,*,#4746,.F.);
#4885 = ORIENTED_EDGE('',*,*,#4711,.F.);
#4886 = ORIENTED_EDGE('',*,*,#4629,.T.);
#4887 = ORIENTED_EDGE('',*,*,#4888,.T.);
#4888 = EDGE_CURVE('',#4630,#4747,#4889,.T.);
#4889 = LINE('',#4890,#4891);
#4890 = CARTESIAN_POINT('',(-0.335,-0.25,0.35));
#4891 = VECTOR('',#4892,1.);
#4892 = DIRECTION('',(0.,1.,0.));
#4893 = PLANE('',#4894);
#4894 = AXIS2_PLACEMENT_3D('',#4895,#4896,#4897);
#4895 = CARTESIAN_POINT('',(-0.5,-0.25,0.35));
#4896 = DIRECTION('',(0.,0.,1.));
#4897 = DIRECTION('',(1.,0.,-0.));
#4898 = ADVANCED_FACE('',(#4899),#4910,.T.);
#4899 = FACE_BOUND('',#4900,.T.);
#4900 = EDGE_LOOP('',(#4901,#4907,#4908,#4909));
#4901 = ORIENTED_EDGE('',*,*,#4902,.T.);
#4902 = EDGE_CURVE('',#4638,#4755,#4903,.T.);
#4903 = LINE('',#4904,#4905);
#4904 = CARTESIAN_POINT('',(-0.3,-0.25,0.315));
#4905 = VECTOR('',#4906,1.);
#4906 = DIRECTION('',(0.,1.,0.));
#4907 = ORIENTED_EDGE('',*,*,#4754,.T.);
#4908 = ORIENTED_EDGE('',*,*,#4888,.F.);
#4909 = ORIENTED_EDGE('',*,*,#4637,.F.);
#4910 = CYLINDRICAL_SURFACE('',#4911,3.5E-02);
#4911 = AXIS2_PLACEMENT_3D('',#4912,#4913,#4914);
#4912 = CARTESIAN_POINT('',(-0.335,-0.25,0.315));
#4913 = DIRECTION('',(0.,1.,0.));
#4914 = DIRECTION('',(1.,0.,0.));
#4915 = ADVANCED_FACE('',(#4916),#4959,.T.);
#4916 = FACE_BOUND('',#4917,.T.);
#4917 = EDGE_LOOP('',(#4918,#4919,#4920,#4921,#4929,#4937,#4945,#4953));
#4918 = ORIENTED_EDGE('',*,*,#4779,.F.);
#4919 = ORIENTED_EDGE('',*,*,#4771,.T.);
#4920 = ORIENTED_EDGE('',*,*,#4763,.T.);
#4921 = ORIENTED_EDGE('',*,*,#4922,.T.);
#4922 = EDGE_CURVE('',#4755,#4923,#4925,.T.);
#4923 = VERTEX_POINT('',#4924);
#4924 = CARTESIAN_POINT('',(0.3,0.25,0.315));
#4925 = LINE('',#4926,#4927);
#4926 = CARTESIAN_POINT('',(-0.3,0.25,0.315));
#4927 = VECTOR('',#4928,1.);
#4928 = DIRECTION('',(1.,0.,0.));
#4929 = ORIENTED_EDGE('',*,*,#4930,.T.);
#4930 = EDGE_CURVE('',#4923,#4931,#4933,.T.);
#4931 = VERTEX_POINT('',#4932);
#4932 = CARTESIAN_POINT('',(0.465,0.25,0.315));
#4933 = LINE('',#4934,#4935);
#4934 = CARTESIAN_POINT('',(-0.465,0.25,0.315));
#4935 = VECTOR('',#4936,1.);
#4936 = DIRECTION('',(1.,0.,0.));
#4937 = ORIENTED_EDGE('',*,*,#4938,.F.);
#4938 = EDGE_CURVE('',#4939,#4931,#4941,.T.);
#4939 = VERTEX_POINT('',#4940);
#4940 = CARTESIAN_POINT('',(0.465,0.25,3.5E-02));
#4941 = LINE('',#4942,#4943);
#4942 = CARTESIAN_POINT('',(0.465,0.25,3.5E-02));
#4943 = VECTOR('',#4944,1.);
#4944 = DIRECTION('',(0.,0.,1.));
#4945 = ORIENTED_EDGE('',*,*,#4946,.F.);
#4946 = EDGE_CURVE('',#4947,#4939,#4949,.T.);
#4947 = VERTEX_POINT('',#4948);
#4948 = CARTESIAN_POINT('',(0.3,0.25,3.5E-02));
#4949 = LINE('',#4950,#4951);
#4950 = CARTESIAN_POINT('',(-0.465,0.25,3.5E-02));
#4951 = VECTOR('',#4952,1.);
#4952 = DIRECTION('',(1.,0.,0.));
#4953 = ORIENTED_EDGE('',*,*,#4954,.F.);
#4954 = EDGE_CURVE('',#4780,#4947,#4955,.T.);
#4955 = LINE('',#4956,#4957);
#4956 = CARTESIAN_POINT('',(-0.465,0.25,3.5E-02));
#4957 = VECTOR('',#4958,1.);
#4958 = DIRECTION('',(1.,0.,0.));
#4959 = PLANE('',#4960);
#4960 = AXIS2_PLACEMENT_3D('',#4961,#4962,#4963);
#4961 = CARTESIAN_POINT('',(-0.465,0.25,3.5E-02));
#4962 = DIRECTION('',(0.,1.,0.));
#4963 = DIRECTION('',(0.,-0.,1.));
#4964 = ADVANCED_FACE('',(#4965),#4976,.F.);
#4965 = FACE_BOUND('',#4966,.F.);
#4966 = EDGE_LOOP('',(#4967,#4968,#4969,#4975));
#4967 = ORIENTED_EDGE('',*,*,#4822,.F.);
#4968 = ORIENTED_EDGE('',*,*,#4871,.T.);
#4969 = ORIENTED_EDGE('',*,*,#4970,.T.);
#4970 = EDGE_CURVE('',#4864,#4947,#4971,.T.);
#4971 = LINE('',#4972,#4973);
#4972 = CARTESIAN_POINT('',(0.3,-0.25,3.5E-02));
#4973 = VECTOR('',#4974,1.);
#4974 = DIRECTION('',(0.,1.,0.));
#4975 = ORIENTED_EDGE('',*,*,#4954,.F.);
#4976 = PLANE('',#4977);
#4977 = AXIS2_PLACEMENT_3D('',#4978,#4979,#4980);
#4978 = CARTESIAN_POINT('',(-0.465,-0.25,3.5E-02));
#4979 = DIRECTION('',(0.,0.,1.));
#4980 = DIRECTION('',(1.,0.,-0.));
#4981 = ADVANCED_FACE('',(#4982),#5045,.F.);
#4982 = FACE_BOUND('',#4983,.F.);
#4983 = EDGE_LOOP('',(#4984,#4994,#5001,#5002,#5003,#5004,#5013,#5021,
    #5030,#5038));
#4984 = ORIENTED_EDGE('',*,*,#4985,.F.);
#4985 = EDGE_CURVE('',#4986,#4988,#4990,.T.);
#4986 = VERTEX_POINT('',#4987);
#4987 = CARTESIAN_POINT('',(0.335,-0.25,-2.775557561563E-17));
#4988 = VERTEX_POINT('',#4989);
#4989 = CARTESIAN_POINT('',(0.465,-0.25,-2.775557561563E-17));
#4990 = LINE('',#4991,#4992);
#4991 = CARTESIAN_POINT('',(0.3,-0.25,0.));
#4992 = VECTOR('',#4993,1.);
#4993 = DIRECTION('',(1.,0.,0.));
#4994 = ORIENTED_EDGE('',*,*,#4995,.F.);
#4995 = EDGE_CURVE('',#4864,#4986,#4996,.T.);
#4996 = CIRCLE('',#4997,3.5E-02);
#4997 = AXIS2_PLACEMENT_3D('',#4998,#4999,#5000);
#4998 = CARTESIAN_POINT('',(0.335,-0.25,3.5E-02));
#4999 = DIRECTION('',(0.,-1.,0.));
#5000 = DIRECTION('',(0.,0.,1.));
#5001 = ORIENTED_EDGE('',*,*,#4863,.T.);
#5002 = ORIENTED_EDGE('',*,*,#4855,.T.);
#5003 = ORIENTED_EDGE('',*,*,#4847,.F.);
#5004 = ORIENTED_EDGE('',*,*,#5005,.T.);
#5005 = EDGE_CURVE('',#4840,#5006,#5008,.T.);
#5006 = VERTEX_POINT('',#5007);
#5007 = CARTESIAN_POINT('',(0.335,-0.25,0.35));
#5008 = CIRCLE('',#5009,3.5E-02);
#5009 = AXIS2_PLACEMENT_3D('',#5010,#5011,#5012);
#5010 = CARTESIAN_POINT('',(0.335,-0.25,0.315));
#5011 = DIRECTION('',(0.,1.,0.));
#5012 = DIRECTION('',(0.,-0.,1.));
#5013 = ORIENTED_EDGE('',*,*,#5014,.T.);
#5014 = EDGE_CURVE('',#5006,#5015,#5017,.T.);
#5015 = VERTEX_POINT('',#5016);
#5016 = CARTESIAN_POINT('',(0.465,-0.25,0.35));
#5017 = LINE('',#5018,#5019);
#5018 = CARTESIAN_POINT('',(0.3,-0.25,0.35));
#5019 = VECTOR('',#5020,1.);
#5020 = DIRECTION('',(1.,0.,0.));
#5021 = ORIENTED_EDGE('',*,*,#5022,.F.);
#5022 = EDGE_CURVE('',#5023,#5015,#5025,.T.);
#5023 = VERTEX_POINT('',#5024);
#5024 = CARTESIAN_POINT('',(0.5,-0.25,0.315));
#5025 = CIRCLE('',#5026,3.5E-02);
#5026 = AXIS2_PLACEMENT_3D('',#5027,#5028,#5029);
#5027 = CARTESIAN_POINT('',(0.465,-0.25,0.315));
#5028 = DIRECTION('',(0.,-1.,0.));
#5029 = DIRECTION('',(0.,0.,1.));
#5030 = ORIENTED_EDGE('',*,*,#5031,.F.);
#5031 = EDGE_CURVE('',#5032,#5023,#5034,.T.);
#5032 = VERTEX_POINT('',#5033);
#5033 = CARTESIAN_POINT('',(0.5,-0.25,3.5E-02));
#5034 = LINE('',#5035,#5036);
#5035 = CARTESIAN_POINT('',(0.5,-0.25,0.));
#5036 = VECTOR('',#5037,1.);
#5037 = DIRECTION('',(0.,0.,1.));
#5038 = ORIENTED_EDGE('',*,*,#5039,.T.);
#5039 = EDGE_CURVE('',#5032,#4988,#5040,.T.);
#5040 = CIRCLE('',#5041,3.5E-02);
#5041 = AXIS2_PLACEMENT_3D('',#5042,#5043,#5044);
#5042 = CARTESIAN_POINT('',(0.465,-0.25,3.5E-02));
#5043 = DIRECTION('',(0.,1.,0.));
#5044 = DIRECTION('',(0.,-0.,1.));
#5045 = PLANE('',#5046);
#5046 = AXIS2_PLACEMENT_3D('',#5047,#5048,#5049);
#5047 = CARTESIAN_POINT('',(0.3,-0.25,0.));
#5048 = DIRECTION('',(0.,1.,0.));
#5049 = DIRECTION('',(0.,-0.,1.));
#5050 = ADVANCED_FACE('',(#5051),#5076,.F.);
#5051 = FACE_BOUND('',#5052,.F.);
#5052 = EDGE_LOOP('',(#5053,#5054,#5062,#5070));
#5053 = ORIENTED_EDGE('',*,*,#4839,.F.);
#5054 = ORIENTED_EDGE('',*,*,#5055,.T.);
#5055 = EDGE_CURVE('',#4638,#5056,#5058,.T.);
#5056 = VERTEX_POINT('',#5057);
#5057 = CARTESIAN_POINT('',(-0.3,-0.25,0.35));
#5058 = LINE('',#5059,#5060);
#5059 = CARTESIAN_POINT('',(-0.3,-0.25,0.315));
#5060 = VECTOR('',#5061,1.);
#5061 = DIRECTION('',(0.,0.,1.));
#5062 = ORIENTED_EDGE('',*,*,#5063,.T.);
#5063 = EDGE_CURVE('',#5056,#5064,#5066,.T.);
#5064 = VERTEX_POINT('',#5065);
#5065 = CARTESIAN_POINT('',(0.3,-0.25,0.35));
#5066 = LINE('',#5067,#5068);
#5067 = CARTESIAN_POINT('',(-0.3,-0.25,0.35));
#5068 = VECTOR('',#5069,1.);
#5069 = DIRECTION('',(1.,0.,0.));
#5070 = ORIENTED_EDGE('',*,*,#5071,.F.);
#5071 = EDGE_CURVE('',#4840,#5064,#5072,.T.);
#5072 = LINE('',#5073,#5074);
#5073 = CARTESIAN_POINT('',(0.3,-0.25,0.315));
#5074 = VECTOR('',#5075,1.);
#5075 = DIRECTION('',(0.,0.,1.));
#5076 = PLANE('',#5077);
#5077 = AXIS2_PLACEMENT_3D('',#5078,#5079,#5080);
#5078 = CARTESIAN_POINT('',(-0.3,-0.25,0.315));
#5079 = DIRECTION('',(0.,1.,0.));
#5080 = DIRECTION('',(0.,-0.,1.));
#5081 = ADVANCED_FACE('',(#5082),#5100,.F.);
#5082 = FACE_BOUND('',#5083,.F.);
#5083 = EDGE_LOOP('',(#5084,#5085,#5086,#5094));
#5084 = ORIENTED_EDGE('',*,*,#5055,.F.);
#5085 = ORIENTED_EDGE('',*,*,#4902,.T.);
#5086 = ORIENTED_EDGE('',*,*,#5087,.T.);
#5087 = EDGE_CURVE('',#4755,#5088,#5090,.T.);
#5088 = VERTEX_POINT('',#5089);
#5089 = CARTESIAN_POINT('',(-0.3,0.25,0.35));
#5090 = LINE('',#5091,#5092);
#5091 = CARTESIAN_POINT('',(-0.3,0.25,0.315));
#5092 = VECTOR('',#5093,1.);
#5093 = DIRECTION('',(0.,0.,1.));
#5094 = ORIENTED_EDGE('',*,*,#5095,.F.);
#5095 = EDGE_CURVE('',#5056,#5088,#5096,.T.);
#5096 = LINE('',#5097,#5098);
#5097 = CARTESIAN_POINT('',(-0.3,-0.25,0.35));
#5098 = VECTOR('',#5099,1.);
#5099 = DIRECTION('',(0.,1.,0.));
#5100 = PLANE('',#5101);
#5101 = AXIS2_PLACEMENT_3D('',#5102,#5103,#5104);
#5102 = CARTESIAN_POINT('',(-0.3,-0.25,0.315));
#5103 = DIRECTION('',(1.,0.,0.));
#5104 = DIRECTION('',(0.,0.,1.));
#5105 = ADVANCED_FACE('',(#5106),#5169,.T.);
#5106 = FACE_BOUND('',#5107,.T.);
#5107 = EDGE_LOOP('',(#5108,#5118,#5125,#5126,#5127,#5128,#5137,#5145,
    #5154,#5162));
#5108 = ORIENTED_EDGE('',*,*,#5109,.F.);
#5109 = EDGE_CURVE('',#5110,#5112,#5114,.T.);
#5110 = VERTEX_POINT('',#5111);
#5111 = CARTESIAN_POINT('',(0.335,0.25,-2.775557561563E-17));
#5112 = VERTEX_POINT('',#5113);
#5113 = CARTESIAN_POINT('',(0.465,0.25,-2.775557561563E-17));
#5114 = LINE('',#5115,#5116);
#5115 = CARTESIAN_POINT('',(0.3,0.25,0.));
#5116 = VECTOR('',#5117,1.);
#5117 = DIRECTION('',(1.,0.,0.));
#5118 = ORIENTED_EDGE('',*,*,#5119,.F.);
#5119 = EDGE_CURVE('',#4947,#5110,#5120,.T.);
#5120 = CIRCLE('',#5121,3.5E-02);
#5121 = AXIS2_PLACEMENT_3D('',#5122,#5123,#5124);
#5122 = CARTESIAN_POINT('',(0.335,0.25,3.5E-02));
#5123 = DIRECTION('',(0.,-1.,0.));
#5124 = DIRECTION('',(0.,0.,1.));
#5125 = ORIENTED_EDGE('',*,*,#4946,.T.);
#5126 = ORIENTED_EDGE('',*,*,#4938,.T.);
#5127 = ORIENTED_EDGE('',*,*,#4930,.F.);
#5128 = ORIENTED_EDGE('',*,*,#5129,.T.);
#5129 = EDGE_CURVE('',#4923,#5130,#5132,.T.);
#5130 = VERTEX_POINT('',#5131);
#5131 = CARTESIAN_POINT('',(0.335,0.25,0.35));
#5132 = CIRCLE('',#5133,3.5E-02);
#5133 = AXIS2_PLACEMENT_3D('',#5134,#5135,#5136);
#5134 = CARTESIAN_POINT('',(0.335,0.25,0.315));
#5135 = DIRECTION('',(0.,1.,0.));
#5136 = DIRECTION('',(0.,-0.,1.));
#5137 = ORIENTED_EDGE('',*,*,#5138,.T.);
#5138 = EDGE_CURVE('',#5130,#5139,#5141,.T.);
#5139 = VERTEX_POINT('',#5140);
#5140 = CARTESIAN_POINT('',(0.465,0.25,0.35));
#5141 = LINE('',#5142,#5143);
#5142 = CARTESIAN_POINT('',(0.3,0.25,0.35));
#5143 = VECTOR('',#5144,1.);
#5144 = DIRECTION('',(1.,0.,0.));
#5145 = ORIENTED_EDGE('',*,*,#5146,.F.);
#5146 = EDGE_CURVE('',#5147,#5139,#5149,.T.);
#5147 = VERTEX_POINT('',#5148);
#5148 = CARTESIAN_POINT('',(0.5,0.25,0.315));
#5149 = CIRCLE('',#5150,3.5E-02);
#5150 = AXIS2_PLACEMENT_3D('',#5151,#5152,#5153);
#5151 = CARTESIAN_POINT('',(0.465,0.25,0.315));
#5152 = DIRECTION('',(0.,-1.,0.));
#5153 = DIRECTION('',(0.,0.,1.));
#5154 = ORIENTED_EDGE('',*,*,#5155,.F.);
#5155 = EDGE_CURVE('',#5156,#5147,#5158,.T.);
#5156 = VERTEX_POINT('',#5157);
#5157 = CARTESIAN_POINT('',(0.5,0.25,3.5E-02));
#5158 = LINE('',#5159,#5160);
#5159 = CARTESIAN_POINT('',(0.5,0.25,0.));
#5160 = VECTOR('',#5161,1.);
#5161 = DIRECTION('',(0.,0.,1.));
#5162 = ORIENTED_EDGE('',*,*,#5163,.T.);
#5163 = EDGE_CURVE('',#5156,#5112,#5164,.T.);
#5164 = CIRCLE('',#5165,3.5E-02);
#5165 = AXIS2_PLACEMENT_3D('',#5166,#5167,#5168);
#5166 = CARTESIAN_POINT('',(0.465,0.25,3.5E-02));
#5167 = DIRECTION('',(0.,1.,0.));
#5168 = DIRECTION('',(0.,-0.,1.));
#5169 = PLANE('',#5170);
#5170 = AXIS2_PLACEMENT_3D('',#5171,#5172,#5173);
#5171 = CARTESIAN_POINT('',(0.3,0.25,0.));
#5172 = DIRECTION('',(0.,1.,0.));
#5173 = DIRECTION('',(0.,-0.,1.));
#5174 = ADVANCED_FACE('',(#5175),#5193,.T.);
#5175 = FACE_BOUND('',#5176,.T.);
#5176 = EDGE_LOOP('',(#5177,#5178,#5179,#5187));
#5177 = ORIENTED_EDGE('',*,*,#4922,.F.);
#5178 = ORIENTED_EDGE('',*,*,#5087,.T.);
#5179 = ORIENTED_EDGE('',*,*,#5180,.T.);
#5180 = EDGE_CURVE('',#5088,#5181,#5183,.T.);
#5181 = VERTEX_POINT('',#5182);
#5182 = CARTESIAN_POINT('',(0.3,0.25,0.35));
#5183 = LINE('',#5184,#5185);
#5184 = CARTESIAN_POINT('',(-0.3,0.25,0.35));
#5185 = VECTOR('',#5186,1.);
#5186 = DIRECTION('',(1.,0.,0.));
#5187 = ORIENTED_EDGE('',*,*,#5188,.F.);
#5188 = EDGE_CURVE('',#4923,#5181,#5189,.T.);
#5189 = LINE('',#5190,#5191);
#5190 = CARTESIAN_POINT('',(0.3,0.25,0.315));
#5191 = VECTOR('',#5192,1.);
#5192 = DIRECTION('',(0.,0.,1.));
#5193 = PLANE('',#5194);
#5194 = AXIS2_PLACEMENT_3D('',#5195,#5196,#5197);
#5195 = CARTESIAN_POINT('',(-0.3,0.25,0.315));
#5196 = DIRECTION('',(0.,1.,0.));
#5197 = DIRECTION('',(0.,-0.,1.));
#5198 = ADVANCED_FACE('',(#5199),#5210,.T.);
#5199 = FACE_BOUND('',#5200,.T.);
#5200 = EDGE_LOOP('',(#5201,#5202,#5203,#5209));
#5201 = ORIENTED_EDGE('',*,*,#4970,.T.);
#5202 = ORIENTED_EDGE('',*,*,#5119,.T.);
#5203 = ORIENTED_EDGE('',*,*,#5204,.F.);
#5204 = EDGE_CURVE('',#4986,#5110,#5205,.T.);
#5205 = LINE('',#5206,#5207);
#5206 = CARTESIAN_POINT('',(0.335,-0.25,-2.775557561563E-17));
#5207 = VECTOR('',#5208,1.);
#5208 = DIRECTION('',(0.,1.,0.));
#5209 = ORIENTED_EDGE('',*,*,#4995,.F.);
#5210 = CYLINDRICAL_SURFACE('',#5211,3.5E-02);
#5211 = AXIS2_PLACEMENT_3D('',#5212,#5213,#5214);
#5212 = CARTESIAN_POINT('',(0.335,-0.25,3.5E-02));
#5213 = DIRECTION('',(0.,1.,0.));
#5214 = DIRECTION('',(-1.,0.,0.));
#5215 = ADVANCED_FACE('',(#5216),#5227,.F.);
#5216 = FACE_BOUND('',#5217,.F.);
#5217 = EDGE_LOOP('',(#5218,#5219,#5220,#5221));
#5218 = ORIENTED_EDGE('',*,*,#5109,.F.);
#5219 = ORIENTED_EDGE('',*,*,#5204,.F.);
#5220 = ORIENTED_EDGE('',*,*,#4985,.T.);
#5221 = ORIENTED_EDGE('',*,*,#5222,.T.);
#5222 = EDGE_CURVE('',#4988,#5112,#5223,.T.);
#5223 = LINE('',#5224,#5225);
#5224 = CARTESIAN_POINT('',(0.465,-0.25,-2.775557561563E-17));
#5225 = VECTOR('',#5226,1.);
#5226 = DIRECTION('',(0.,1.,0.));
#5227 = PLANE('',#5228);
#5228 = AXIS2_PLACEMENT_3D('',#5229,#5230,#5231);
#5229 = CARTESIAN_POINT('',(0.3,-0.25,0.));
#5230 = DIRECTION('',(0.,0.,1.));
#5231 = DIRECTION('',(1.,0.,-0.));
#5232 = ADVANCED_FACE('',(#5233),#5244,.T.);
#5233 = FACE_BOUND('',#5234,.T.);
#5234 = EDGE_LOOP('',(#5235,#5236,#5237,#5238));
#5235 = ORIENTED_EDGE('',*,*,#5039,.T.);
#5236 = ORIENTED_EDGE('',*,*,#5222,.T.);
#5237 = ORIENTED_EDGE('',*,*,#5163,.F.);
#5238 = ORIENTED_EDGE('',*,*,#5239,.F.);
#5239 = EDGE_CURVE('',#5032,#5156,#5240,.T.);
#5240 = LINE('',#5241,#5242);
#5241 = CARTESIAN_POINT('',(0.5,-0.25,3.5E-02));
#5242 = VECTOR('',#5243,1.);
#5243 = DIRECTION('',(0.,1.,0.));
#5244 = CYLINDRICAL_SURFACE('',#5245,3.5E-02);
#5245 = AXIS2_PLACEMENT_3D('',#5246,#5247,#5248);
#5246 = CARTESIAN_POINT('',(0.465,-0.25,3.5E-02));
#5247 = DIRECTION('',(0.,1.,0.));
#5248 = DIRECTION('',(1.,0.,0.));
#5249 = ADVANCED_FACE('',(#5250),#5261,.T.);
#5250 = FACE_BOUND('',#5251,.T.);
#5251 = EDGE_LOOP('',(#5252,#5253,#5254,#5255));
#5252 = ORIENTED_EDGE('',*,*,#5031,.F.);
#5253 = ORIENTED_EDGE('',*,*,#5239,.T.);
#5254 = ORIENTED_EDGE('',*,*,#5155,.T.);
#5255 = ORIENTED_EDGE('',*,*,#5256,.F.);
#5256 = EDGE_CURVE('',#5023,#5147,#5257,.T.);
#5257 = LINE('',#5258,#5259);
#5258 = CARTESIAN_POINT('',(0.5,-0.25,0.315));
#5259 = VECTOR('',#5260,1.);
#5260 = DIRECTION('',(0.,1.,0.));
#5261 = PLANE('',#5262);
#5262 = AXIS2_PLACEMENT_3D('',#5263,#5264,#5265);
#5263 = CARTESIAN_POINT('',(0.5,-0.25,0.));
#5264 = DIRECTION('',(1.,0.,0.));
#5265 = DIRECTION('',(0.,0.,1.));
#5266 = ADVANCED_FACE('',(#5267),#5278,.T.);
#5267 = FACE_BOUND('',#5268,.T.);
#5268 = EDGE_LOOP('',(#5269,#5270,#5271,#5277));
#5269 = ORIENTED_EDGE('',*,*,#5256,.T.);
#5270 = ORIENTED_EDGE('',*,*,#5146,.T.);
#5271 = ORIENTED_EDGE('',*,*,#5272,.F.);
#5272 = EDGE_CURVE('',#5015,#5139,#5273,.T.);
#5273 = LINE('',#5274,#5275);
#5274 = CARTESIAN_POINT('',(0.465,-0.25,0.35));
#5275 = VECTOR('',#5276,1.);
#5276 = DIRECTION('',(0.,1.,0.));
#5277 = ORIENTED_EDGE('',*,*,#5022,.F.);
#5278 = CYLINDRICAL_SURFACE('',#5279,3.5E-02);
#5279 = AXIS2_PLACEMENT_3D('',#5280,#5281,#5282);
#5280 = CARTESIAN_POINT('',(0.465,-0.25,0.315));
#5281 = DIRECTION('',(0.,1.,0.));
#5282 = DIRECTION('',(1.,0.,0.));
#5283 = ADVANCED_FACE('',(#5284),#5295,.T.);
#5284 = FACE_BOUND('',#5285,.T.);
#5285 = EDGE_LOOP('',(#5286,#5287,#5293,#5294));
#5286 = ORIENTED_EDGE('',*,*,#5138,.F.);
#5287 = ORIENTED_EDGE('',*,*,#5288,.F.);
#5288 = EDGE_CURVE('',#5006,#5130,#5289,.T.);
#5289 = LINE('',#5290,#5291);
#5290 = CARTESIAN_POINT('',(0.335,-0.25,0.35));
#5291 = VECTOR('',#5292,1.);
#5292 = DIRECTION('',(0.,1.,0.));
#5293 = ORIENTED_EDGE('',*,*,#5014,.T.);
#5294 = ORIENTED_EDGE('',*,*,#5272,.T.);
#5295 = PLANE('',#5296);
#5296 = AXIS2_PLACEMENT_3D('',#5297,#5298,#5299);
#5297 = CARTESIAN_POINT('',(0.3,-0.25,0.35));
#5298 = DIRECTION('',(0.,0.,1.));
#5299 = DIRECTION('',(1.,0.,-0.));
#5300 = ADVANCED_FACE('',(#5301),#5312,.T.);
#5301 = FACE_BOUND('',#5302,.T.);
#5302 = EDGE_LOOP('',(#5303,#5304,#5305,#5306));
#5303 = ORIENTED_EDGE('',*,*,#5005,.T.);
#5304 = ORIENTED_EDGE('',*,*,#5288,.T.);
#5305 = ORIENTED_EDGE('',*,*,#5129,.F.);
#5306 = ORIENTED_EDGE('',*,*,#5307,.F.);
#5307 = EDGE_CURVE('',#4840,#4923,#5308,.T.);
#5308 = LINE('',#5309,#5310);
#5309 = CARTESIAN_POINT('',(0.3,-0.25,0.315));
#5310 = VECTOR('',#5311,1.);
#5311 = DIRECTION('',(0.,1.,0.));
#5312 = CYLINDRICAL_SURFACE('',#5313,3.5E-02);
#5313 = AXIS2_PLACEMENT_3D('',#5314,#5315,#5316);
#5314 = CARTESIAN_POINT('',(0.335,-0.25,0.315));
#5315 = DIRECTION('',(0.,1.,0.));
#5316 = DIRECTION('',(-1.,0.,0.));
#5317 = ADVANCED_FACE('',(#5318),#5329,.T.);
#5318 = FACE_BOUND('',#5319,.T.);
#5319 = EDGE_LOOP('',(#5320,#5321,#5322,#5323));
#5320 = ORIENTED_EDGE('',*,*,#5071,.F.);
#5321 = ORIENTED_EDGE('',*,*,#5307,.T.);
#5322 = ORIENTED_EDGE('',*,*,#5188,.T.);
#5323 = ORIENTED_EDGE('',*,*,#5324,.F.);
#5324 = EDGE_CURVE('',#5064,#5181,#5325,.T.);
#5325 = LINE('',#5326,#5327);
#5326 = CARTESIAN_POINT('',(0.3,-0.25,0.35));
#5327 = VECTOR('',#5328,1.);
#5328 = DIRECTION('',(0.,1.,0.));
#5329 = PLANE('',#5330);
#5330 = AXIS2_PLACEMENT_3D('',#5331,#5332,#5333);
#5331 = CARTESIAN_POINT('',(0.3,-0.25,0.315));
#5332 = DIRECTION('',(1.,0.,0.));
#5333 = DIRECTION('',(0.,0.,1.));
#5334 = ADVANCED_FACE('',(#5335),#5341,.T.);
#5335 = FACE_BOUND('',#5336,.T.);
#5336 = EDGE_LOOP('',(#5337,#5338,#5339,#5340));
#5337 = ORIENTED_EDGE('',*,*,#5095,.F.);
#5338 = ORIENTED_EDGE('',*,*,#5063,.T.);
#5339 = ORIENTED_EDGE('',*,*,#5324,.T.);
#5340 = ORIENTED_EDGE('',*,*,#5180,.F.);
#5341 = PLANE('',#5342);
#5342 = AXIS2_PLACEMENT_3D('',#5343,#5344,#5345);
#5343 = CARTESIAN_POINT('',(-0.3,-0.25,0.35));
#5344 = DIRECTION('',(0.,0.,1.));
#5345 = DIRECTION('',(1.,0.,-0.));
#5346 = ( GEOMETRIC_REPRESENTATION_CONTEXT(3) 
GLOBAL_UNCERTAINTY_ASSIGNED_CONTEXT((#5350)) 
GLOBAL_UNIT_ASSIGNED_CONTEXT((#5347,#5348,#5349)) REPRESENTATION_CONTEXT
('Context #1','3D Context with UNIT and UNCERTAINTY') );
#5347 = ( LENGTH_UNIT() NAMED_UNIT(*) SI_UNIT(.MILLI.,.METRE.) );
#5348 = ( NAMED_UNIT(*) PLANE_ANGLE_UNIT() SI_UNIT($,.RADIAN.) );
#5349 = ( NAMED_UNIT(*) SI_UNIT($,.STERADIAN.) SOLID_ANGLE_UNIT() );
#5350 = UNCERTAINTY_MEASURE_WITH_UNIT(LENGTH_MEASURE(1.E-07),#5347,
  'distance_accuracy_value','confusion accuracy');
#5351 = CONTEXT_DEPENDENT_SHAPE_REPRESENTATION(#5352,#5354);
#5352 = ( REPRESENTATION_RELATIONSHIP('','',#4555,#10) 
REPRESENTATION_RELATIONSHIP_WITH_TRANSFORMATION(#5353) 
SHAPE_REPRESENTATION_RELATIONSHIP() );
#5353 = ITEM_DEFINED_TRANSFORMATION('','',#11,#19);
#5354 = PRODUCT_DEFINITION_SHAPE('Placement','Placement of an item',
  #5355);
#5355 = NEXT_ASSEMBLY_USAGE_OCCURRENCE('2','R7','',#5,#4550,$);
#5356 = PRODUCT_RELATED_PRODUCT_CATEGORY('part',$,(#4552));
#5357 = SHAPE_DEFINITION_REPRESENTATION(#5358,#5364);
#5358 = PRODUCT_DEFINITION_SHAPE('','',#5359);
#5359 = PRODUCT_DEFINITION('design','',#5360,#5363);
#5360 = PRODUCT_DEFINITION_FORMATION('','',#5361);
#5361 = PRODUCT('JST-XS-1x4-H','JST-XS-1x4-H','',(#5362));
#5362 = PRODUCT_CONTEXT('',#2,'mechanical');
#5363 = PRODUCT_DEFINITION_CONTEXT('part definition',#2,'design');
#5364 = ADVANCED_BREP_SHAPE_REPRESENTATION('',(#11,#5365),#8121);
#5365 = MANIFOLD_SOLID_BREP('',#5366);
#5366 = CLOSED_SHELL('',(#5367,#5423,#5454,#5501,#5557,#5588,#5635,#5675
    ,#5706,#5866,#5890,#5907,#5919,#5950,#5981,#6037,#6068,#6099,#6123,
    #6147,#6178,#6209,#6233,#6250,#6299,#6316,#6333,#6350,#6367,#6523,
    #6535,#6566,#6583,#6600,#6612,#6624,#6655,#6672,#6689,#6720,#6732,
    #6763,#6858,#7013,#7037,#7083,#7129,#7185,#7202,#7281,#7293,#7310,
    #7327,#7339,#7351,#7382,#7406,#7423,#7445,#7469,#7481,#7493,#7510,
    #7557,#7604,#7616,#7663,#7680,#7727,#7744,#7756,#7773,#7785,#7832,
    #7851,#7868,#7890,#7907,#7919,#7936,#7953,#8005,#8022,#8034,#8051,
    #8063,#8080,#8092,#8109));
#5367 = ADVANCED_FACE('',(#5368),#5418,.T.);
#5368 = FACE_BOUND('',#5369,.T.);
#5369 = EDGE_LOOP('',(#5370,#5380,#5388,#5396,#5404,#5412));
#5370 = ORIENTED_EDGE('',*,*,#5371,.T.);
#5371 = EDGE_CURVE('',#5372,#5374,#5376,.T.);
#5372 = VERTEX_POINT('',#5373);
#5373 = CARTESIAN_POINT('',(0.399999999999,2.745714882941,
    -6.000000016933E-02));
#5374 = VERTEX_POINT('',#5375);
#5375 = CARTESIAN_POINT('',(0.399999999999,1.945714882942,
    -6.000000016933E-02));
#5376 = LINE('',#5377,#5378);
#5377 = CARTESIAN_POINT('',(0.400000000084,2.345714883025,
    -6.0000000254E-02));
#5378 = VECTOR('',#5379,1.);
#5379 = DIRECTION('',(0.,-1.,-3.184843881679E-15));
#5380 = ORIENTED_EDGE('',*,*,#5381,.T.);
#5381 = EDGE_CURVE('',#5374,#5382,#5384,.T.);
#5382 = VERTEX_POINT('',#5383);
#5383 = CARTESIAN_POINT('',(0.399999999999,1.945714882942,
    -1.693334600143E-10));
#5384 = LINE('',#5385,#5386);
#5385 = CARTESIAN_POINT('',(0.400000000084,1.945714883026,
    -3.0000000254E-02));
#5386 = VECTOR('',#5387,1.);
#5387 = DIRECTION('',(0.,0.,1.));
#5388 = ORIENTED_EDGE('',*,*,#5389,.T.);
#5389 = EDGE_CURVE('',#5382,#5390,#5392,.T.);
#5390 = VERTEX_POINT('',#5391);
#5391 = CARTESIAN_POINT('',(0.399999999999,2.045714882942,
    -1.693334600143E-10));
#5392 = LINE('',#5393,#5394);
#5393 = CARTESIAN_POINT('',(0.400000000084,1.995714883026,
    -2.540000002861E-10));
#5394 = VECTOR('',#5395,1.);
#5395 = DIRECTION('',(0.,1.,0.));
#5396 = ORIENTED_EDGE('',*,*,#5397,.F.);
#5397 = EDGE_CURVE('',#5398,#5390,#5400,.T.);
#5398 = VERTEX_POINT('',#5399);
#5399 = CARTESIAN_POINT('',(0.399999999999,2.045714882942,0.139999999831
    ));
#5400 = LINE('',#5401,#5402);
#5401 = CARTESIAN_POINT('',(0.400000000084,2.045714883026,
    6.9999999746E-02));
#5402 = VECTOR('',#5403,1.);
#5403 = DIRECTION('',(0.,0.,-1.));
#5404 = ORIENTED_EDGE('',*,*,#5405,.T.);
#5405 = EDGE_CURVE('',#5398,#5406,#5408,.T.);
#5406 = VERTEX_POINT('',#5407);
#5407 = CARTESIAN_POINT('',(0.399999999999,2.745714882941,0.139999999831
    ));
#5408 = LINE('',#5409,#5410);
#5409 = CARTESIAN_POINT('',(0.400000000084,2.395714883025,0.139999999746
    ));
#5410 = VECTOR('',#5411,1.);
#5411 = DIRECTION('',(0.,1.,3.949593628341E-15));
#5412 = ORIENTED_EDGE('',*,*,#5413,.T.);
#5413 = EDGE_CURVE('',#5406,#5372,#5414,.T.);
#5414 = LINE('',#5415,#5416);
#5415 = CARTESIAN_POINT('',(0.400000000084,2.745714883025,
    3.9999999746E-02));
#5416 = VECTOR('',#5417,1.);
#5417 = DIRECTION('',(0.,0.,-1.));
#5418 = PLANE('',#5419);
#5419 = AXIS2_PLACEMENT_3D('',#5420,#5421,#5422);
#5420 = CARTESIAN_POINT('',(0.39999999983,0.796714882773,2.081));
#5421 = DIRECTION('',(-1.,0.,0.));
#5422 = DIRECTION('',(0.,0.,-1.));
#5423 = ADVANCED_FACE('',(#5424),#5449,.T.);
#5424 = FACE_BOUND('',#5425,.T.);
#5425 = EDGE_LOOP('',(#5426,#5436,#5442,#5443));
#5426 = ORIENTED_EDGE('',*,*,#5427,.T.);
#5427 = EDGE_CURVE('',#5428,#5430,#5432,.T.);
#5428 = VERTEX_POINT('',#5429);
#5429 = CARTESIAN_POINT('',(0.6,2.745714882941,-6.000000016933E-02));
#5430 = VERTEX_POINT('',#5431);
#5431 = CARTESIAN_POINT('',(0.6,1.945714882942,-6.000000016933E-02));
#5432 = LINE('',#5433,#5434);
#5433 = CARTESIAN_POINT('',(0.600000000086,2.345714883025,
    -6.0000000254E-02));
#5434 = VECTOR('',#5435,1.);
#5435 = DIRECTION('',(0.,-1.,0.));
#5436 = ORIENTED_EDGE('',*,*,#5437,.F.);
#5437 = EDGE_CURVE('',#5374,#5430,#5438,.T.);
#5438 = LINE('',#5439,#5440);
#5439 = CARTESIAN_POINT('',(0.500000000085,1.945714883026,
    -6.0000000254E-02));
#5440 = VECTOR('',#5441,1.);
#5441 = DIRECTION('',(1.,0.,0.));
#5442 = ORIENTED_EDGE('',*,*,#5371,.F.);
#5443 = ORIENTED_EDGE('',*,*,#5444,.T.);
#5444 = EDGE_CURVE('',#5372,#5428,#5445,.T.);
#5445 = LINE('',#5446,#5447);
#5446 = CARTESIAN_POINT('',(0.500000000085,2.745714883025,
    -6.0000000254E-02));
#5447 = VECTOR('',#5448,1.);
#5448 = DIRECTION('',(1.,0.,0.));
#5449 = PLANE('',#5450);
#5450 = AXIS2_PLACEMENT_3D('',#5451,#5452,#5453);
#5451 = CARTESIAN_POINT('',(-1.399000000169,2.746714882773,-6.E-02));
#5452 = DIRECTION('',(0.,0.,-1.));
#5453 = DIRECTION('',(0.,-1.,0.));
#5454 = ADVANCED_FACE('',(#5455),#5496,.T.);
#5455 = FACE_BOUND('',#5456,.T.);
#5456 = EDGE_LOOP('',(#5457,#5467,#5473,#5474,#5482,#5490));
#5457 = ORIENTED_EDGE('',*,*,#5458,.F.);
#5458 = EDGE_CURVE('',#5459,#5461,#5463,.T.);
#5459 = VERTEX_POINT('',#5460);
#5460 = CARTESIAN_POINT('',(0.6,1.945714882942,-1.693334600143E-10));
#5461 = VERTEX_POINT('',#5462);
#5462 = CARTESIAN_POINT('',(0.6,2.045714882942,-1.693334600143E-10));
#5463 = LINE('',#5464,#5465);
#5464 = CARTESIAN_POINT('',(0.600000000086,1.995714883026,
    -2.540000002861E-10));
#5465 = VECTOR('',#5466,1.);
#5466 = DIRECTION('',(0.,1.,0.));
#5467 = ORIENTED_EDGE('',*,*,#5468,.F.);
#5468 = EDGE_CURVE('',#5430,#5459,#5469,.T.);
#5469 = LINE('',#5470,#5471);
#5470 = CARTESIAN_POINT('',(0.600000000086,1.945714883026,
    -3.0000000254E-02));
#5471 = VECTOR('',#5472,1.);
#5472 = DIRECTION('',(0.,0.,1.));
#5473 = ORIENTED_EDGE('',*,*,#5427,.F.);
#5474 = ORIENTED_EDGE('',*,*,#5475,.F.);
#5475 = EDGE_CURVE('',#5476,#5428,#5478,.T.);
#5476 = VERTEX_POINT('',#5477);
#5477 = CARTESIAN_POINT('',(0.6,2.745714882941,0.139999999831));
#5478 = LINE('',#5479,#5480);
#5479 = CARTESIAN_POINT('',(0.600000000086,2.745714883025,
    3.9999999746E-02));
#5480 = VECTOR('',#5481,1.);
#5481 = DIRECTION('',(0.,0.,-1.));
#5482 = ORIENTED_EDGE('',*,*,#5483,.F.);
#5483 = EDGE_CURVE('',#5484,#5476,#5486,.T.);
#5484 = VERTEX_POINT('',#5485);
#5485 = CARTESIAN_POINT('',(0.6,2.045714882942,0.139999999831));
#5486 = LINE('',#5487,#5488);
#5487 = CARTESIAN_POINT('',(0.600000000086,2.395714883025,0.139999999746
    ));
#5488 = VECTOR('',#5489,1.);
#5489 = DIRECTION('',(0.,1.,3.949593628341E-15));
#5490 = ORIENTED_EDGE('',*,*,#5491,.F.);
#5491 = EDGE_CURVE('',#5461,#5484,#5492,.T.);
#5492 = LINE('',#5493,#5494);
#5493 = CARTESIAN_POINT('',(0.600000000086,2.045714883026,
    6.9999999746E-02));
#5494 = VECTOR('',#5495,1.);
#5495 = DIRECTION('',(0.,0.,1.));
#5496 = PLANE('',#5497);
#5497 = AXIS2_PLACEMENT_3D('',#5498,#5499,#5500);
#5498 = CARTESIAN_POINT('',(0.599999999832,0.796714882773,1.599));
#5499 = DIRECTION('',(1.,0.,0.));
#5500 = DIRECTION('',(0.,0.,1.));
#5501 = ADVANCED_FACE('',(#5502),#5552,.T.);
#5502 = FACE_BOUND('',#5503,.T.);
#5503 = EDGE_LOOP('',(#5504,#5514,#5522,#5530,#5538,#5546));
#5504 = ORIENTED_EDGE('',*,*,#5505,.T.);
#5505 = EDGE_CURVE('',#5506,#5508,#5510,.T.);
#5506 = VERTEX_POINT('',#5507);
#5507 = CARTESIAN_POINT('',(1.4,2.745714882941,-6.000000016933E-02));
#5508 = VERTEX_POINT('',#5509);
#5509 = CARTESIAN_POINT('',(1.4,1.945714882942,-6.000000016933E-02));
#5510 = LINE('',#5511,#5512);
#5511 = CARTESIAN_POINT('',(1.400000000085,2.345714883025,
    -6.0000000254E-02));
#5512 = VECTOR('',#5513,1.);
#5513 = DIRECTION('',(0.,-1.,-3.184843881679E-15));
#5514 = ORIENTED_EDGE('',*,*,#5515,.T.);
#5515 = EDGE_CURVE('',#5508,#5516,#5518,.T.);
#5516 = VERTEX_POINT('',#5517);
#5517 = CARTESIAN_POINT('',(1.4,1.945714882942,-1.693334600143E-10));
#5518 = LINE('',#5519,#5520);
#5519 = CARTESIAN_POINT('',(1.400000000085,1.945714883026,
    -3.0000000254E-02));
#5520 = VECTOR('',#5521,1.);
#5521 = DIRECTION('',(0.,0.,1.));
#5522 = ORIENTED_EDGE('',*,*,#5523,.T.);
#5523 = EDGE_CURVE('',#5516,#5524,#5526,.T.);
#5524 = VERTEX_POINT('',#5525);
#5525 = CARTESIAN_POINT('',(1.4,2.045714882942,-1.693334600143E-10));
#5526 = LINE('',#5527,#5528);
#5527 = CARTESIAN_POINT('',(1.400000000085,1.995714883026,
    -2.540000002861E-10));
#5528 = VECTOR('',#5529,1.);
#5529 = DIRECTION('',(0.,1.,0.));
#5530 = ORIENTED_EDGE('',*,*,#5531,.F.);
#5531 = EDGE_CURVE('',#5532,#5524,#5534,.T.);
#5532 = VERTEX_POINT('',#5533);
#5533 = CARTESIAN_POINT('',(1.4,2.045714882942,0.139999999831));
#5534 = LINE('',#5535,#5536);
#5535 = CARTESIAN_POINT('',(1.400000000085,2.045714883026,
    6.9999999746E-02));
#5536 = VECTOR('',#5537,1.);
#5537 = DIRECTION('',(0.,0.,-1.));
#5538 = ORIENTED_EDGE('',*,*,#5539,.T.);
#5539 = EDGE_CURVE('',#5532,#5540,#5542,.T.);
#5540 = VERTEX_POINT('',#5541);
#5541 = CARTESIAN_POINT('',(1.4,2.745714882941,0.139999999831));
#5542 = LINE('',#5543,#5544);
#5543 = CARTESIAN_POINT('',(1.400000000085,2.395714883025,0.139999999746
    ));
#5544 = VECTOR('',#5545,1.);
#5545 = DIRECTION('',(0.,1.,3.949593628341E-15));
#5546 = ORIENTED_EDGE('',*,*,#5547,.T.);
#5547 = EDGE_CURVE('',#5540,#5506,#5548,.T.);
#5548 = LINE('',#5549,#5550);
#5549 = CARTESIAN_POINT('',(1.400000000085,2.745714883025,
    3.9999999746E-02));
#5550 = VECTOR('',#5551,1.);
#5551 = DIRECTION('',(0.,0.,-1.));
#5552 = PLANE('',#5553);
#5553 = AXIS2_PLACEMENT_3D('',#5554,#5555,#5556);
#5554 = CARTESIAN_POINT('',(1.399999999831,0.796714882773,2.081));
#5555 = DIRECTION('',(-1.,0.,0.));
#5556 = DIRECTION('',(0.,0.,-1.));
#5557 = ADVANCED_FACE('',(#5558),#5583,.T.);
#5558 = FACE_BOUND('',#5559,.T.);
#5559 = EDGE_LOOP('',(#5560,#5570,#5576,#5577));
#5560 = ORIENTED_EDGE('',*,*,#5561,.T.);
#5561 = EDGE_CURVE('',#5562,#5564,#5566,.T.);
#5562 = VERTEX_POINT('',#5563);
#5563 = CARTESIAN_POINT('',(1.599999999998,2.745714882941,
    -6.000000016933E-02));
#5564 = VERTEX_POINT('',#5565);
#5565 = CARTESIAN_POINT('',(1.599999999998,1.945714882942,
    -6.000000016933E-02));
#5566 = LINE('',#5567,#5568);
#5567 = CARTESIAN_POINT('',(1.600000000084,2.345714883025,
    -6.0000000254E-02));
#5568 = VECTOR('',#5569,1.);
#5569 = DIRECTION('',(0.,-1.,0.));
#5570 = ORIENTED_EDGE('',*,*,#5571,.F.);
#5571 = EDGE_CURVE('',#5508,#5564,#5572,.T.);
#5572 = LINE('',#5573,#5574);
#5573 = CARTESIAN_POINT('',(1.500000000084,1.945714883026,
    -6.0000000254E-02));
#5574 = VECTOR('',#5575,1.);
#5575 = DIRECTION('',(1.,0.,0.));
#5576 = ORIENTED_EDGE('',*,*,#5505,.F.);
#5577 = ORIENTED_EDGE('',*,*,#5578,.T.);
#5578 = EDGE_CURVE('',#5506,#5562,#5579,.T.);
#5579 = LINE('',#5580,#5581);
#5580 = CARTESIAN_POINT('',(1.500000000084,2.745714883025,
    -6.0000000254E-02));
#5581 = VECTOR('',#5582,1.);
#5582 = DIRECTION('',(1.,0.,0.));
#5583 = PLANE('',#5584);
#5584 = AXIS2_PLACEMENT_3D('',#5585,#5586,#5587);
#5585 = CARTESIAN_POINT('',(-1.399000000169,2.746714882773,-6.E-02));
#5586 = DIRECTION('',(0.,0.,-1.));
#5587 = DIRECTION('',(0.,-1.,0.));
#5588 = ADVANCED_FACE('',(#5589),#5630,.T.);
#5589 = FACE_BOUND('',#5590,.T.);
#5590 = EDGE_LOOP('',(#5591,#5601,#5607,#5608,#5616,#5624));
#5591 = ORIENTED_EDGE('',*,*,#5592,.F.);
#5592 = EDGE_CURVE('',#5593,#5595,#5597,.T.);
#5593 = VERTEX_POINT('',#5594);
#5594 = CARTESIAN_POINT('',(1.599999999998,1.945714882942,
    -1.693334600143E-10));
#5595 = VERTEX_POINT('',#5596);
#5596 = CARTESIAN_POINT('',(1.599999999998,2.045714882942,
    -1.693334600143E-10));
#5597 = LINE('',#5598,#5599);
#5598 = CARTESIAN_POINT('',(1.600000000084,1.995714883026,
    -2.540000002861E-10));
#5599 = VECTOR('',#5600,1.);
#5600 = DIRECTION('',(0.,1.,0.));
#5601 = ORIENTED_EDGE('',*,*,#5602,.F.);
#5602 = EDGE_CURVE('',#5564,#5593,#5603,.T.);
#5603 = LINE('',#5604,#5605);
#5604 = CARTESIAN_POINT('',(1.600000000084,1.945714883026,
    -3.0000000254E-02));
#5605 = VECTOR('',#5606,1.);
#5606 = DIRECTION('',(0.,0.,1.));
#5607 = ORIENTED_EDGE('',*,*,#5561,.F.);
#5608 = ORIENTED_EDGE('',*,*,#5609,.F.);
#5609 = EDGE_CURVE('',#5610,#5562,#5612,.T.);
#5610 = VERTEX_POINT('',#5611);
#5611 = CARTESIAN_POINT('',(1.599999999998,2.745714882941,0.139999999831
    ));
#5612 = LINE('',#5613,#5614);
#5613 = CARTESIAN_POINT('',(1.600000000084,2.745714883025,
    3.9999999746E-02));
#5614 = VECTOR('',#5615,1.);
#5615 = DIRECTION('',(0.,0.,-1.));
#5616 = ORIENTED_EDGE('',*,*,#5617,.F.);
#5617 = EDGE_CURVE('',#5618,#5610,#5620,.T.);
#5618 = VERTEX_POINT('',#5619);
#5619 = CARTESIAN_POINT('',(1.599999999998,2.045714882942,0.139999999831
    ));
#5620 = LINE('',#5621,#5622);
#5621 = CARTESIAN_POINT('',(1.600000000084,2.395714883025,0.139999999746
    ));
#5622 = VECTOR('',#5623,1.);
#5623 = DIRECTION('',(0.,1.,3.949593628341E-15));
#5624 = ORIENTED_EDGE('',*,*,#5625,.F.);
#5625 = EDGE_CURVE('',#5595,#5618,#5626,.T.);
#5626 = LINE('',#5627,#5628);
#5627 = CARTESIAN_POINT('',(1.600000000084,2.045714883026,
    6.9999999746E-02));
#5628 = VECTOR('',#5629,1.);
#5629 = DIRECTION('',(0.,0.,1.));
#5630 = PLANE('',#5631);
#5631 = AXIS2_PLACEMENT_3D('',#5632,#5633,#5634);
#5632 = CARTESIAN_POINT('',(1.59999999983,0.796714882773,1.599));
#5633 = DIRECTION('',(1.,0.,0.));
#5634 = DIRECTION('',(0.,0.,1.));
#5635 = ADVANCED_FACE('',(#5636),#5670,.T.);
#5636 = FACE_BOUND('',#5637,.T.);
#5637 = EDGE_LOOP('',(#5638,#5648,#5656,#5664));
#5638 = ORIENTED_EDGE('',*,*,#5639,.F.);
#5639 = EDGE_CURVE('',#5640,#5642,#5644,.T.);
#5640 = VERTEX_POINT('',#5641);
#5641 = CARTESIAN_POINT('',(1.599999999998,0.795714882948,1.600000000175
    ));
#5642 = VERTEX_POINT('',#5643);
#5643 = CARTESIAN_POINT('',(1.599999999998,-0.954285117053,
    1.730000000175));
#5644 = LINE('',#5645,#5646);
#5645 = CARTESIAN_POINT('',(1.600000000084,-7.928511697464E-02,
    1.665000000254));
#5646 = VECTOR('',#5647,1.);
#5647 = DIRECTION('',(0.,-0.997252183706,7.408159078955E-02));
#5648 = ORIENTED_EDGE('',*,*,#5649,.T.);
#5649 = EDGE_CURVE('',#5640,#5650,#5652,.T.);
#5650 = VERTEX_POINT('',#5651);
#5651 = CARTESIAN_POINT('',(1.599999999998,0.795714882941,2.080000000169
    ));
#5652 = LINE('',#5653,#5654);
#5653 = CARTESIAN_POINT('',(1.600000000084,0.795714883025,1.840000000254
    ));
#5654 = VECTOR('',#5655,1.);
#5655 = DIRECTION('',(0.,0.,1.));
#5656 = ORIENTED_EDGE('',*,*,#5657,.F.);
#5657 = EDGE_CURVE('',#5658,#5650,#5660,.T.);
#5658 = VERTEX_POINT('',#5659);
#5659 = CARTESIAN_POINT('',(1.599999999998,-0.954285117059,
    2.080000000169));
#5660 = LINE('',#5661,#5662);
#5661 = CARTESIAN_POINT('',(1.600000000084,-7.928511697464E-02,
    2.080000000254));
#5662 = VECTOR('',#5663,1.);
#5663 = DIRECTION('',(0.,1.,2.973811673102E-15));
#5664 = ORIENTED_EDGE('',*,*,#5665,.F.);
#5665 = EDGE_CURVE('',#5642,#5658,#5666,.T.);
#5666 = LINE('',#5667,#5668);
#5667 = CARTESIAN_POINT('',(1.600000000084,-0.954285116975,
    1.905000000254));
#5668 = VECTOR('',#5669,1.);
#5669 = DIRECTION('',(0.,0.,1.));
#5670 = PLANE('',#5671);
#5671 = AXIS2_PLACEMENT_3D('',#5672,#5673,#5674);
#5672 = CARTESIAN_POINT('',(1.59999999983,0.796714882773,1.599));
#5673 = DIRECTION('',(1.,0.,0.));
#5674 = DIRECTION('',(0.,0.,1.));
#5675 = ADVANCED_FACE('',(#5676),#5701,.T.);
#5676 = FACE_BOUND('',#5677,.T.);
#5677 = EDGE_LOOP('',(#5678,#5679,#5687,#5695));
#5678 = ORIENTED_EDGE('',*,*,#5657,.T.);
#5679 = ORIENTED_EDGE('',*,*,#5680,.T.);
#5680 = EDGE_CURVE('',#5650,#5681,#5683,.T.);
#5681 = VERTEX_POINT('',#5682);
#5682 = CARTESIAN_POINT('',(1.4,0.795714882941,2.080000000169));
#5683 = LINE('',#5684,#5685);
#5684 = CARTESIAN_POINT('',(1.500000000084,0.795714883025,2.080000000254
    ));
#5685 = VECTOR('',#5686,1.);
#5686 = DIRECTION('',(-1.,0.,0.));
#5687 = ORIENTED_EDGE('',*,*,#5688,.F.);
#5688 = EDGE_CURVE('',#5689,#5681,#5691,.T.);
#5689 = VERTEX_POINT('',#5690);
#5690 = CARTESIAN_POINT('',(1.4,-0.954285117059,2.080000000169));
#5691 = LINE('',#5692,#5693);
#5692 = CARTESIAN_POINT('',(1.400000000085,-7.928511697464E-02,
    2.080000000254));
#5693 = VECTOR('',#5694,1.);
#5694 = DIRECTION('',(0.,1.,2.973811673102E-15));
#5695 = ORIENTED_EDGE('',*,*,#5696,.T.);
#5696 = EDGE_CURVE('',#5689,#5658,#5697,.T.);
#5697 = LINE('',#5698,#5699);
#5698 = CARTESIAN_POINT('',(1.500000000084,-0.954285116975,
    2.080000000254));
#5699 = VECTOR('',#5700,1.);
#5700 = DIRECTION('',(1.,0.,0.));
#5701 = PLANE('',#5702);
#5702 = AXIS2_PLACEMENT_3D('',#5703,#5704,#5705);
#5703 = CARTESIAN_POINT('',(-1.399000000169,-0.955285117228,2.08));
#5704 = DIRECTION('',(0.,0.,1.));
#5705 = DIRECTION('',(0.,1.,0.));
#5706 = ADVANCED_FACE('',(#5707,#5741,#5775,#5809,#5827),#5861,.T.);
#5707 = FACE_BOUND('',#5708,.T.);
#5708 = EDGE_LOOP('',(#5709,#5719,#5727,#5735));
#5709 = ORIENTED_EDGE('',*,*,#5710,.F.);
#5710 = EDGE_CURVE('',#5711,#5713,#5715,.T.);
#5711 = VERTEX_POINT('',#5712);
#5712 = CARTESIAN_POINT('',(-1.60000000017,0.795714882772,1.6));
#5713 = VERTEX_POINT('',#5714);
#5714 = CARTESIAN_POINT('',(-1.400000000168,0.795714882772,1.6));
#5715 = LINE('',#5716,#5717);
#5716 = CARTESIAN_POINT('',(-1.499999999915,0.795714883025,
    1.600000000254));
#5717 = VECTOR('',#5718,1.);
#5718 = DIRECTION('',(1.,0.,0.));
#5719 = ORIENTED_EDGE('',*,*,#5720,.T.);
#5720 = EDGE_CURVE('',#5711,#5721,#5723,.T.);
#5721 = VERTEX_POINT('',#5722);
#5722 = CARTESIAN_POINT('',(-1.600000000001,0.795714882941,
    2.080000000169));
#5723 = LINE('',#5724,#5725);
#5724 = CARTESIAN_POINT('',(-1.599999999916,0.795714883025,
    1.840000000254));
#5725 = VECTOR('',#5726,1.);
#5726 = DIRECTION('',(0.,0.,1.));
#5727 = ORIENTED_EDGE('',*,*,#5728,.F.);
#5728 = EDGE_CURVE('',#5729,#5721,#5731,.T.);
#5729 = VERTEX_POINT('',#5730);
#5730 = CARTESIAN_POINT('',(-1.4,0.795714882941,2.080000000169));
#5731 = LINE('',#5732,#5733);
#5732 = CARTESIAN_POINT('',(-1.499999999915,0.795714883025,
    2.080000000254));
#5733 = VECTOR('',#5734,1.);
#5734 = DIRECTION('',(-1.,0.,0.));
#5735 = ORIENTED_EDGE('',*,*,#5736,.F.);
#5736 = EDGE_CURVE('',#5713,#5729,#5737,.T.);
#5737 = LINE('',#5738,#5739);
#5738 = CARTESIAN_POINT('',(-1.399999999914,0.795714883025,
    1.840000000254));
#5739 = VECTOR('',#5740,1.);
#5740 = DIRECTION('',(0.,0.,1.));
#5741 = FACE_BOUND('',#5742,.T.);
#5742 = EDGE_LOOP('',(#5743,#5753,#5761,#5769));
#5743 = ORIENTED_EDGE('',*,*,#5744,.F.);
#5744 = EDGE_CURVE('',#5745,#5747,#5749,.T.);
#5745 = VERTEX_POINT('',#5746);
#5746 = CARTESIAN_POINT('',(-0.6,0.795714882948,1.600000000175));
#5747 = VERTEX_POINT('',#5748);
#5748 = CARTESIAN_POINT('',(-0.400000000002,0.795714882948,
    1.600000000175));
#5749 = LINE('',#5750,#5751);
#5750 = CARTESIAN_POINT('',(-0.499999999915,0.795714883025,
    1.600000000254));
#5751 = VECTOR('',#5752,1.);
#5752 = DIRECTION('',(1.,0.,0.));
#5753 = ORIENTED_EDGE('',*,*,#5754,.T.);
#5754 = EDGE_CURVE('',#5745,#5755,#5757,.T.);
#5755 = VERTEX_POINT('',#5756);
#5756 = CARTESIAN_POINT('',(-0.6,0.795714882941,2.080000000169));
#5757 = LINE('',#5758,#5759);
#5758 = CARTESIAN_POINT('',(-0.599999999915,0.795714883025,
    1.840000000254));
#5759 = VECTOR('',#5760,1.);
#5760 = DIRECTION('',(0.,0.,1.));
#5761 = ORIENTED_EDGE('',*,*,#5762,.F.);
#5762 = EDGE_CURVE('',#5763,#5755,#5765,.T.);
#5763 = VERTEX_POINT('',#5764);
#5764 = CARTESIAN_POINT('',(-0.400000000002,0.795714882941,
    2.080000000169));
#5765 = LINE('',#5766,#5767);
#5766 = CARTESIAN_POINT('',(-0.499999999915,0.795714883025,
    2.080000000254));
#5767 = VECTOR('',#5768,1.);
#5768 = DIRECTION('',(-1.,0.,0.));
#5769 = ORIENTED_EDGE('',*,*,#5770,.F.);
#5770 = EDGE_CURVE('',#5747,#5763,#5771,.T.);
#5771 = LINE('',#5772,#5773);
#5772 = CARTESIAN_POINT('',(-0.399999999916,0.795714883025,
    1.840000000254));
#5773 = VECTOR('',#5774,1.);
#5774 = DIRECTION('',(0.,0.,1.));
#5775 = FACE_BOUND('',#5776,.T.);
#5776 = EDGE_LOOP('',(#5777,#5787,#5795,#5803));
#5777 = ORIENTED_EDGE('',*,*,#5778,.F.);
#5778 = EDGE_CURVE('',#5779,#5781,#5783,.T.);
#5779 = VERTEX_POINT('',#5780);
#5780 = CARTESIAN_POINT('',(0.399999999999,0.795714882948,1.600000000175
    ));
#5781 = VERTEX_POINT('',#5782);
#5782 = CARTESIAN_POINT('',(0.6,0.795714882948,1.600000000175));
#5783 = LINE('',#5784,#5785);
#5784 = CARTESIAN_POINT('',(0.500000000085,0.795714883025,1.600000000254
    ));
#5785 = VECTOR('',#5786,1.);
#5786 = DIRECTION('',(1.,0.,0.));
#5787 = ORIENTED_EDGE('',*,*,#5788,.T.);
#5788 = EDGE_CURVE('',#5779,#5789,#5791,.T.);
#5789 = VERTEX_POINT('',#5790);
#5790 = CARTESIAN_POINT('',(0.399999999999,0.795714882941,2.080000000169
    ));
#5791 = LINE('',#5792,#5793);
#5792 = CARTESIAN_POINT('',(0.400000000084,0.795714883025,1.840000000254
    ));
#5793 = VECTOR('',#5794,1.);
#5794 = DIRECTION('',(0.,0.,1.));
#5795 = ORIENTED_EDGE('',*,*,#5796,.F.);
#5796 = EDGE_CURVE('',#5797,#5789,#5799,.T.);
#5797 = VERTEX_POINT('',#5798);
#5798 = CARTESIAN_POINT('',(0.6,0.795714882941,2.080000000169));
#5799 = LINE('',#5800,#5801);
#5800 = CARTESIAN_POINT('',(0.500000000085,0.795714883025,2.080000000254
    ));
#5801 = VECTOR('',#5802,1.);
#5802 = DIRECTION('',(-1.,0.,0.));
#5803 = ORIENTED_EDGE('',*,*,#5804,.F.);
#5804 = EDGE_CURVE('',#5781,#5797,#5805,.T.);
#5805 = LINE('',#5806,#5807);
#5806 = CARTESIAN_POINT('',(0.600000000086,0.795714883025,1.840000000254
    ));
#5807 = VECTOR('',#5808,1.);
#5808 = DIRECTION('',(0.,0.,1.));
#5809 = FACE_BOUND('',#5810,.T.);
#5810 = EDGE_LOOP('',(#5811,#5819,#5825,#5826));
#5811 = ORIENTED_EDGE('',*,*,#5812,.F.);
#5812 = EDGE_CURVE('',#5813,#5640,#5815,.T.);
#5813 = VERTEX_POINT('',#5814);
#5814 = CARTESIAN_POINT('',(1.4,0.795714882948,1.600000000175));
#5815 = LINE('',#5816,#5817);
#5816 = CARTESIAN_POINT('',(1.500000000084,0.795714883025,1.600000000254
    ));
#5817 = VECTOR('',#5818,1.);
#5818 = DIRECTION('',(1.,0.,0.));
#5819 = ORIENTED_EDGE('',*,*,#5820,.T.);
#5820 = EDGE_CURVE('',#5813,#5681,#5821,.T.);
#5821 = LINE('',#5822,#5823);
#5822 = CARTESIAN_POINT('',(1.400000000085,0.795714883025,1.840000000254
    ));
#5823 = VECTOR('',#5824,1.);
#5824 = DIRECTION('',(0.,0.,1.));
#5825 = ORIENTED_EDGE('',*,*,#5680,.F.);
#5826 = ORIENTED_EDGE('',*,*,#5649,.F.);
#5827 = FACE_BOUND('',#5828,.T.);
#5828 = EDGE_LOOP('',(#5829,#5839,#5847,#5855));
#5829 = ORIENTED_EDGE('',*,*,#5830,.T.);
#5830 = EDGE_CURVE('',#5831,#5833,#5835,.T.);
#5831 = VERTEX_POINT('',#5832);
#5832 = CARTESIAN_POINT('',(2.199999999998,0.795714882941,0.400000000169
    ));
#5833 = VERTEX_POINT('',#5834);
#5834 = CARTESIAN_POINT('',(2.199999999998,0.795714882941,2.500000000169
    ));
#5835 = LINE('',#5836,#5837);
#5836 = CARTESIAN_POINT('',(2.200000000083,0.795714883025,1.450000000254
    ));
#5837 = VECTOR('',#5838,1.);
#5838 = DIRECTION('',(0.,0.,1.));
#5839 = ORIENTED_EDGE('',*,*,#5840,.T.);
#5840 = EDGE_CURVE('',#5833,#5841,#5843,.T.);
#5841 = VERTEX_POINT('',#5842);
#5842 = CARTESIAN_POINT('',(-2.200000000002,0.795714882941,
    2.500000000169));
#5843 = LINE('',#5844,#5845);
#5844 = CARTESIAN_POINT('',(8.348877145181E-11,0.795714883025,
    2.500000000254));
#5845 = VECTOR('',#5846,1.);
#5846 = DIRECTION('',(-1.,0.,0.));
#5847 = ORIENTED_EDGE('',*,*,#5848,.T.);
#5848 = EDGE_CURVE('',#5841,#5849,#5851,.T.);
#5849 = VERTEX_POINT('',#5850);
#5850 = CARTESIAN_POINT('',(-2.200000000002,0.795714882941,
    0.400000000169));
#5851 = LINE('',#5852,#5853);
#5852 = CARTESIAN_POINT('',(-2.199999999916,0.795714883025,
    1.450000000254));
#5853 = VECTOR('',#5854,1.);
#5854 = DIRECTION('',(0.,0.,-1.));
#5855 = ORIENTED_EDGE('',*,*,#5856,.T.);
#5856 = EDGE_CURVE('',#5849,#5831,#5857,.T.);
#5857 = LINE('',#5858,#5859);
#5858 = CARTESIAN_POINT('',(8.348877145181E-11,0.795714883025,
    0.400000000254));
#5859 = VECTOR('',#5860,1.);
#5860 = DIRECTION('',(1.,0.,0.));
#5861 = PLANE('',#5862);
#5862 = AXIS2_PLACEMENT_3D('',#5863,#5864,#5865);
#5863 = CARTESIAN_POINT('',(2.200999999831,0.795714882772,0.399));
#5864 = DIRECTION('',(0.,-1.,0.));
#5865 = DIRECTION('',(0.,0.,1.));
#5866 = ADVANCED_FACE('',(#5867),#5885,.T.);
#5867 = FACE_BOUND('',#5868,.T.);
#5868 = EDGE_LOOP('',(#5869,#5870,#5871,#5879));
#5869 = ORIENTED_EDGE('',*,*,#5665,.T.);
#5870 = ORIENTED_EDGE('',*,*,#5696,.F.);
#5871 = ORIENTED_EDGE('',*,*,#5872,.F.);
#5872 = EDGE_CURVE('',#5873,#5689,#5875,.T.);
#5873 = VERTEX_POINT('',#5874);
#5874 = CARTESIAN_POINT('',(1.4,-0.954285117053,1.730000000175));
#5875 = LINE('',#5876,#5877);
#5876 = CARTESIAN_POINT('',(1.400000000085,-0.954285116975,
    1.905000000254));
#5877 = VECTOR('',#5878,1.);
#5878 = DIRECTION('',(0.,0.,1.));
#5879 = ORIENTED_EDGE('',*,*,#5880,.T.);
#5880 = EDGE_CURVE('',#5873,#5642,#5881,.T.);
#5881 = LINE('',#5882,#5883);
#5882 = CARTESIAN_POINT('',(1.500000000084,-0.954285116975,
    1.730000000254));
#5883 = VECTOR('',#5884,1.);
#5884 = DIRECTION('',(1.,0.,0.));
#5885 = PLANE('',#5886);
#5886 = AXIS2_PLACEMENT_3D('',#5887,#5888,#5889);
#5887 = CARTESIAN_POINT('',(-1.399000000169,-0.954285117229,1.729));
#5888 = DIRECTION('',(0.,-1.,0.));
#5889 = DIRECTION('',(0.,0.,1.));
#5890 = ADVANCED_FACE('',(#5891),#5902,.T.);
#5891 = FACE_BOUND('',#5892,.T.);
#5892 = EDGE_LOOP('',(#5893,#5894,#5895,#5901));
#5893 = ORIENTED_EDGE('',*,*,#5639,.T.);
#5894 = ORIENTED_EDGE('',*,*,#5880,.F.);
#5895 = ORIENTED_EDGE('',*,*,#5896,.F.);
#5896 = EDGE_CURVE('',#5813,#5873,#5897,.T.);
#5897 = LINE('',#5898,#5899);
#5898 = CARTESIAN_POINT('',(1.400000000085,-7.928511697464E-02,
    1.665000000254));
#5899 = VECTOR('',#5900,1.);
#5900 = DIRECTION('',(0.,-0.997252183706,7.408159078955E-02));
#5901 = ORIENTED_EDGE('',*,*,#5812,.T.);
#5902 = PLANE('',#5903);
#5903 = AXIS2_PLACEMENT_3D('',#5904,#5905,#5906);
#5904 = CARTESIAN_POINT('',(-1.399000000169,0.796712134955,
    1.599925918409));
#5905 = DIRECTION('',(1.284621367237E-14,-7.408159078954E-02,
    -0.997252183706));
#5906 = DIRECTION('',(9.860761315263E-31,-0.997252183706,
    7.408159078954E-02));
#5907 = ADVANCED_FACE('',(#5908),#5914,.T.);
#5908 = FACE_BOUND('',#5909,.T.);
#5909 = EDGE_LOOP('',(#5910,#5911,#5912,#5913));
#5910 = ORIENTED_EDGE('',*,*,#5820,.F.);
#5911 = ORIENTED_EDGE('',*,*,#5896,.T.);
#5912 = ORIENTED_EDGE('',*,*,#5872,.T.);
#5913 = ORIENTED_EDGE('',*,*,#5688,.T.);
#5914 = PLANE('',#5915);
#5915 = AXIS2_PLACEMENT_3D('',#5916,#5917,#5918);
#5916 = CARTESIAN_POINT('',(1.399999999831,0.796714882773,2.081));
#5917 = DIRECTION('',(-1.,0.,0.));
#5918 = DIRECTION('',(0.,0.,-1.));
#5919 = ADVANCED_FACE('',(#5920),#5945,.T.);
#5920 = FACE_BOUND('',#5921,.T.);
#5921 = EDGE_LOOP('',(#5922,#5932,#5938,#5939));
#5922 = ORIENTED_EDGE('',*,*,#5923,.T.);
#5923 = EDGE_CURVE('',#5924,#5926,#5928,.T.);
#5924 = VERTEX_POINT('',#5925);
#5925 = CARTESIAN_POINT('',(2.199999999998,-2.20428511706,2.500000000169
    ));
#5926 = VERTEX_POINT('',#5927);
#5927 = CARTESIAN_POINT('',(-2.200000000002,-2.20428511706,
    2.500000000169));
#5928 = LINE('',#5929,#5930);
#5929 = CARTESIAN_POINT('',(8.348877145181E-11,-2.204285116976,
    2.500000000254));
#5930 = VECTOR('',#5931,1.);
#5931 = DIRECTION('',(-1.,0.,0.));
#5932 = ORIENTED_EDGE('',*,*,#5933,.F.);
#5933 = EDGE_CURVE('',#5841,#5926,#5934,.T.);
#5934 = LINE('',#5935,#5936);
#5935 = CARTESIAN_POINT('',(-2.199999999916,-0.704285116975,
    2.500000000254));
#5936 = VECTOR('',#5937,1.);
#5937 = DIRECTION('',(0.,-1.,-3.469446951953E-15));
#5938 = ORIENTED_EDGE('',*,*,#5840,.F.);
#5939 = ORIENTED_EDGE('',*,*,#5940,.T.);
#5940 = EDGE_CURVE('',#5833,#5924,#5941,.T.);
#5941 = LINE('',#5942,#5943);
#5942 = CARTESIAN_POINT('',(2.200000000083,-0.704285116975,
    2.500000000254));
#5943 = VECTOR('',#5944,1.);
#5944 = DIRECTION('',(0.,-1.,-3.469446951953E-15));
#5945 = PLANE('',#5946);
#5946 = AXIS2_PLACEMENT_3D('',#5947,#5948,#5949);
#5947 = CARTESIAN_POINT('',(-2.20100000017,0.796714882773,2.5));
#5948 = DIRECTION('',(0.,0.,-1.));
#5949 = DIRECTION('',(1.,0.,0.));
#5950 = ADVANCED_FACE('',(#5951),#5976,.T.);
#5951 = FACE_BOUND('',#5952,.T.);
#5952 = EDGE_LOOP('',(#5953,#5961,#5962,#5970));
#5953 = ORIENTED_EDGE('',*,*,#5954,.F.);
#5954 = EDGE_CURVE('',#5713,#5955,#5957,.T.);
#5955 = VERTEX_POINT('',#5956);
#5956 = CARTESIAN_POINT('',(-1.400000000168,-0.954285117229,1.73));
#5957 = LINE('',#5958,#5959);
#5958 = CARTESIAN_POINT('',(-1.399999999914,-7.928511697464E-02,
    1.665000000254));
#5959 = VECTOR('',#5960,1.);
#5960 = DIRECTION('',(0.,-0.997252183706,7.408159078955E-02));
#5961 = ORIENTED_EDGE('',*,*,#5736,.T.);
#5962 = ORIENTED_EDGE('',*,*,#5963,.F.);
#5963 = EDGE_CURVE('',#5964,#5729,#5966,.T.);
#5964 = VERTEX_POINT('',#5965);
#5965 = CARTESIAN_POINT('',(-1.4,-0.954285117059,2.080000000169));
#5966 = LINE('',#5967,#5968);
#5967 = CARTESIAN_POINT('',(-1.399999999914,-7.928511697464E-02,
    2.080000000254));
#5968 = VECTOR('',#5969,1.);
#5969 = DIRECTION('',(0.,1.,2.973811673102E-15));
#5970 = ORIENTED_EDGE('',*,*,#5971,.F.);
#5971 = EDGE_CURVE('',#5955,#5964,#5972,.T.);
#5972 = LINE('',#5973,#5974);
#5973 = CARTESIAN_POINT('',(-1.399999999914,-0.954285116975,
    1.905000000254));
#5974 = VECTOR('',#5975,1.);
#5975 = DIRECTION('',(0.,0.,1.));
#5976 = PLANE('',#5977);
#5977 = AXIS2_PLACEMENT_3D('',#5978,#5979,#5980);
#5978 = CARTESIAN_POINT('',(-1.400000000168,0.796714882773,1.599));
#5979 = DIRECTION('',(1.,0.,0.));
#5980 = DIRECTION('',(0.,0.,1.));
#5981 = ADVANCED_FACE('',(#5982),#6032,.T.);
#5982 = FACE_BOUND('',#5983,.T.);
#5983 = EDGE_LOOP('',(#5984,#5994,#6002,#6008,#6009,#6010,#6018,#6026));
#5984 = ORIENTED_EDGE('',*,*,#5985,.F.);
#5985 = EDGE_CURVE('',#5986,#5988,#5990,.T.);
#5986 = VERTEX_POINT('',#5987);
#5987 = CARTESIAN_POINT('',(2.199999999998,0.195714882941,2.000000000169
    ));
#5988 = VERTEX_POINT('',#5989);
#5989 = CARTESIAN_POINT('',(2.199999999998,0.195714882941,1.400000000169
    ));
#5990 = LINE('',#5991,#5992);
#5991 = CARTESIAN_POINT('',(2.200000000083,0.195714883025,1.700000000254
    ));
#5992 = VECTOR('',#5993,1.);
#5993 = DIRECTION('',(0.,0.,-1.));
#5994 = ORIENTED_EDGE('',*,*,#5995,.T.);
#5995 = EDGE_CURVE('',#5986,#5996,#5998,.T.);
#5996 = VERTEX_POINT('',#5997);
#5997 = CARTESIAN_POINT('',(2.199999999998,-2.20428511706,2.000000000169
    ));
#5998 = LINE('',#5999,#6000);
#5999 = CARTESIAN_POINT('',(2.200000000083,-1.004285116975,
    2.000000000254));
#6000 = VECTOR('',#6001,1.);
#6001 = DIRECTION('',(0.,-1.,-4.246458508901E-15));
#6002 = ORIENTED_EDGE('',*,*,#6003,.T.);
#6003 = EDGE_CURVE('',#5996,#5924,#6004,.T.);
#6004 = LINE('',#6005,#6006);
#6005 = CARTESIAN_POINT('',(2.200000000083,-2.204285116976,
    2.250000000254));
#6006 = VECTOR('',#6007,1.);
#6007 = DIRECTION('',(0.,0.,1.));
#6008 = ORIENTED_EDGE('',*,*,#5940,.F.);
#6009 = ORIENTED_EDGE('',*,*,#5830,.F.);
#6010 = ORIENTED_EDGE('',*,*,#6011,.T.);
#6011 = EDGE_CURVE('',#5831,#6012,#6014,.T.);
#6012 = VERTEX_POINT('',#6013);
#6013 = CARTESIAN_POINT('',(2.199999999998,-2.204285117057,
    0.400000000169));
#6014 = LINE('',#6015,#6016);
#6015 = CARTESIAN_POINT('',(2.200000000083,-0.704285116974,
    0.400000000254));
#6016 = VECTOR('',#6017,1.);
#6017 = DIRECTION('',(0.,-1.,-3.808260130858E-15));
#6018 = ORIENTED_EDGE('',*,*,#6019,.T.);
#6019 = EDGE_CURVE('',#6012,#6020,#6022,.T.);
#6020 = VERTEX_POINT('',#6021);
#6021 = CARTESIAN_POINT('',(2.199999999998,-2.20428511706,1.400000000169
    ));
#6022 = LINE('',#6023,#6024);
#6023 = CARTESIAN_POINT('',(2.200000000083,-2.204285116974,
    0.900000000254));
#6024 = VECTOR('',#6025,1.);
#6025 = DIRECTION('',(0.,-2.553512956638E-12,1.));
#6026 = ORIENTED_EDGE('',*,*,#6027,.F.);
#6027 = EDGE_CURVE('',#5988,#6020,#6028,.T.);
#6028 = LINE('',#6029,#6030);
#6029 = CARTESIAN_POINT('',(2.200000000083,-1.004285116975,
    1.400000000254));
#6030 = VECTOR('',#6031,1.);
#6031 = DIRECTION('',(0.,-1.,-3.162256336415E-15));
#6032 = PLANE('',#6033);
#6033 = AXIS2_PLACEMENT_3D('',#6034,#6035,#6036);
#6034 = CARTESIAN_POINT('',(2.199999999829,0.796714882773,2.501));
#6035 = DIRECTION('',(-1.,0.,0.));
#6036 = DIRECTION('',(0.,0.,-1.));
#6037 = ADVANCED_FACE('',(#6038),#6063,.T.);
#6038 = FACE_BOUND('',#6039,.T.);
#6039 = EDGE_LOOP('',(#6040,#6048,#6049,#6057));
#6040 = ORIENTED_EDGE('',*,*,#6041,.T.);
#6041 = EDGE_CURVE('',#6042,#5763,#6044,.T.);
#6042 = VERTEX_POINT('',#6043);
#6043 = CARTESIAN_POINT('',(-0.400000000002,-0.954285117059,
    2.080000000169));
#6044 = LINE('',#6045,#6046);
#6045 = CARTESIAN_POINT('',(-0.399999999916,-7.928511697464E-02,
    2.080000000254));
#6046 = VECTOR('',#6047,1.);
#6047 = DIRECTION('',(0.,1.,2.973811673102E-15));
#6048 = ORIENTED_EDGE('',*,*,#5762,.T.);
#6049 = ORIENTED_EDGE('',*,*,#6050,.F.);
#6050 = EDGE_CURVE('',#6051,#5755,#6053,.T.);
#6051 = VERTEX_POINT('',#6052);
#6052 = CARTESIAN_POINT('',(-0.6,-0.954285117059,2.080000000169));
#6053 = LINE('',#6054,#6055);
#6054 = CARTESIAN_POINT('',(-0.599999999915,-7.928511697464E-02,
    2.080000000254));
#6055 = VECTOR('',#6056,1.);
#6056 = DIRECTION('',(0.,1.,2.973811673102E-15));
#6057 = ORIENTED_EDGE('',*,*,#6058,.T.);
#6058 = EDGE_CURVE('',#6051,#6042,#6059,.T.);
#6059 = LINE('',#6060,#6061);
#6060 = CARTESIAN_POINT('',(-0.499999999915,-0.954285116975,
    2.080000000254));
#6061 = VECTOR('',#6062,1.);
#6062 = DIRECTION('',(1.,0.,0.));
#6063 = PLANE('',#6064);
#6064 = AXIS2_PLACEMENT_3D('',#6065,#6066,#6067);
#6065 = CARTESIAN_POINT('',(-1.399000000169,-0.955285117228,2.08));
#6066 = DIRECTION('',(0.,0.,1.));
#6067 = DIRECTION('',(0.,1.,0.));
#6068 = ADVANCED_FACE('',(#6069),#6094,.T.);
#6069 = FACE_BOUND('',#6070,.T.);
#6070 = EDGE_LOOP('',(#6071,#6079,#6087,#6093));
#6071 = ORIENTED_EDGE('',*,*,#6072,.T.);
#6072 = EDGE_CURVE('',#5781,#6073,#6075,.T.);
#6073 = VERTEX_POINT('',#6074);
#6074 = CARTESIAN_POINT('',(0.6,-0.954285117053,1.730000000175));
#6075 = LINE('',#6076,#6077);
#6076 = CARTESIAN_POINT('',(0.600000000086,-7.928511697464E-02,
    1.665000000254));
#6077 = VECTOR('',#6078,1.);
#6078 = DIRECTION('',(0.,-0.997252183706,7.408159078955E-02));
#6079 = ORIENTED_EDGE('',*,*,#6080,.F.);
#6080 = EDGE_CURVE('',#6081,#6073,#6083,.T.);
#6081 = VERTEX_POINT('',#6082);
#6082 = CARTESIAN_POINT('',(0.399999999999,-0.954285117053,
    1.730000000175));
#6083 = LINE('',#6084,#6085);
#6084 = CARTESIAN_POINT('',(0.500000000085,-0.954285116975,
    1.730000000254));
#6085 = VECTOR('',#6086,1.);
#6086 = DIRECTION('',(1.,0.,0.));
#6087 = ORIENTED_EDGE('',*,*,#6088,.F.);
#6088 = EDGE_CURVE('',#5779,#6081,#6089,.T.);
#6089 = LINE('',#6090,#6091);
#6090 = CARTESIAN_POINT('',(0.400000000084,-7.928511697464E-02,
    1.665000000254));
#6091 = VECTOR('',#6092,1.);
#6092 = DIRECTION('',(0.,-0.997252183706,7.408159078955E-02));
#6093 = ORIENTED_EDGE('',*,*,#5778,.T.);
#6094 = PLANE('',#6095);
#6095 = AXIS2_PLACEMENT_3D('',#6096,#6097,#6098);
#6096 = CARTESIAN_POINT('',(-1.399000000169,0.796712134955,
    1.599925918409));
#6097 = DIRECTION('',(1.284621367237E-14,-7.408159078954E-02,
    -0.997252183706));
#6098 = DIRECTION('',(9.860761315263E-31,-0.997252183706,
    7.408159078954E-02));
#6099 = ADVANCED_FACE('',(#6100),#6118,.T.);
#6100 = FACE_BOUND('',#6101,.T.);
#6101 = EDGE_LOOP('',(#6102,#6110,#6111,#6112));
#6102 = ORIENTED_EDGE('',*,*,#6103,.T.);
#6103 = EDGE_CURVE('',#6104,#6012,#6106,.T.);
#6104 = VERTEX_POINT('',#6105);
#6105 = CARTESIAN_POINT('',(-2.200000000002,-2.20428511706,
    0.400000000169));
#6106 = LINE('',#6107,#6108);
#6107 = CARTESIAN_POINT('',(8.348877145181E-11,-2.204285116974,
    0.400000000254));
#6108 = VECTOR('',#6109,1.);
#6109 = DIRECTION('',(1.,5.803438537813E-13,0.));
#6110 = ORIENTED_EDGE('',*,*,#6011,.F.);
#6111 = ORIENTED_EDGE('',*,*,#5856,.F.);
#6112 = ORIENTED_EDGE('',*,*,#6113,.T.);
#6113 = EDGE_CURVE('',#5849,#6104,#6114,.T.);
#6114 = LINE('',#6115,#6116);
#6115 = CARTESIAN_POINT('',(-2.199999999916,-0.704285116975,
    0.400000000254));
#6116 = VECTOR('',#6117,1.);
#6117 = DIRECTION('',(0.,-1.,-3.808260130854E-15));
#6118 = PLANE('',#6119);
#6119 = AXIS2_PLACEMENT_3D('',#6120,#6121,#6122);
#6120 = CARTESIAN_POINT('',(2.200999999831,0.796714882773,0.4));
#6121 = DIRECTION('',(0.,0.,1.));
#6122 = DIRECTION('',(-1.,0.,0.));
#6123 = ADVANCED_FACE('',(#6124),#6142,.T.);
#6124 = FACE_BOUND('',#6125,.T.);
#6125 = EDGE_LOOP('',(#6126,#6127,#6135,#6141));
#6126 = ORIENTED_EDGE('',*,*,#5754,.F.);
#6127 = ORIENTED_EDGE('',*,*,#6128,.T.);
#6128 = EDGE_CURVE('',#5745,#6129,#6131,.T.);
#6129 = VERTEX_POINT('',#6130);
#6130 = CARTESIAN_POINT('',(-0.6,-0.954285117053,1.730000000175));
#6131 = LINE('',#6132,#6133);
#6132 = CARTESIAN_POINT('',(-0.599999999915,-7.928511697464E-02,
    1.665000000254));
#6133 = VECTOR('',#6134,1.);
#6134 = DIRECTION('',(0.,-0.997252183706,7.408159078955E-02));
#6135 = ORIENTED_EDGE('',*,*,#6136,.T.);
#6136 = EDGE_CURVE('',#6129,#6051,#6137,.T.);
#6137 = LINE('',#6138,#6139);
#6138 = CARTESIAN_POINT('',(-0.599999999915,-0.954285116975,
    1.905000000254));
#6139 = VECTOR('',#6140,1.);
#6140 = DIRECTION('',(0.,0.,1.));
#6141 = ORIENTED_EDGE('',*,*,#6050,.T.);
#6142 = PLANE('',#6143);
#6143 = AXIS2_PLACEMENT_3D('',#6144,#6145,#6146);
#6144 = CARTESIAN_POINT('',(-0.600000000169,0.796714882773,2.081));
#6145 = DIRECTION('',(-1.,0.,0.));
#6146 = DIRECTION('',(0.,0.,-1.));
#6147 = ADVANCED_FACE('',(#6148),#6173,.T.);
#6148 = FACE_BOUND('',#6149,.T.);
#6149 = EDGE_LOOP('',(#6150,#6151,#6159,#6167));
#6150 = ORIENTED_EDGE('',*,*,#5720,.F.);
#6151 = ORIENTED_EDGE('',*,*,#6152,.T.);
#6152 = EDGE_CURVE('',#5711,#6153,#6155,.T.);
#6153 = VERTEX_POINT('',#6154);
#6154 = CARTESIAN_POINT('',(-1.60000000017,-0.954285117229,1.73));
#6155 = LINE('',#6156,#6157);
#6156 = CARTESIAN_POINT('',(-1.599999999916,-7.928511697464E-02,
    1.665000000254));
#6157 = VECTOR('',#6158,1.);
#6158 = DIRECTION('',(0.,-0.997252183706,7.408159078955E-02));
#6159 = ORIENTED_EDGE('',*,*,#6160,.T.);
#6160 = EDGE_CURVE('',#6153,#6161,#6163,.T.);
#6161 = VERTEX_POINT('',#6162);
#6162 = CARTESIAN_POINT('',(-1.600000000001,-0.954285117059,
    2.080000000169));
#6163 = LINE('',#6164,#6165);
#6164 = CARTESIAN_POINT('',(-1.599999999916,-0.954285116975,
    1.905000000254));
#6165 = VECTOR('',#6166,1.);
#6166 = DIRECTION('',(0.,0.,1.));
#6167 = ORIENTED_EDGE('',*,*,#6168,.T.);
#6168 = EDGE_CURVE('',#6161,#5721,#6169,.T.);
#6169 = LINE('',#6170,#6171);
#6170 = CARTESIAN_POINT('',(-1.599999999916,-7.928511697464E-02,
    2.080000000254));
#6171 = VECTOR('',#6172,1.);
#6172 = DIRECTION('',(0.,1.,2.973811673102E-15));
#6173 = PLANE('',#6174);
#6174 = AXIS2_PLACEMENT_3D('',#6175,#6176,#6177);
#6175 = CARTESIAN_POINT('',(-1.60000000017,0.796714882773,2.081));
#6176 = DIRECTION('',(-1.,0.,0.));
#6177 = DIRECTION('',(0.,0.,-1.));
#6178 = ADVANCED_FACE('',(#6179),#6204,.T.);
#6179 = FACE_BOUND('',#6180,.T.);
#6180 = EDGE_LOOP('',(#6181,#6189,#6190,#6198));
#6181 = ORIENTED_EDGE('',*,*,#6182,.T.);
#6182 = EDGE_CURVE('',#6183,#5797,#6185,.T.);
#6183 = VERTEX_POINT('',#6184);
#6184 = CARTESIAN_POINT('',(0.6,-0.954285117059,2.080000000169));
#6185 = LINE('',#6186,#6187);
#6186 = CARTESIAN_POINT('',(0.600000000086,-7.928511697464E-02,
    2.080000000254));
#6187 = VECTOR('',#6188,1.);
#6188 = DIRECTION('',(0.,1.,2.973811673102E-15));
#6189 = ORIENTED_EDGE('',*,*,#5796,.T.);
#6190 = ORIENTED_EDGE('',*,*,#6191,.F.);
#6191 = EDGE_CURVE('',#6192,#5789,#6194,.T.);
#6192 = VERTEX_POINT('',#6193);
#6193 = CARTESIAN_POINT('',(0.399999999999,-0.954285117059,
    2.080000000169));
#6194 = LINE('',#6195,#6196);
#6195 = CARTESIAN_POINT('',(0.400000000084,-7.928511697464E-02,
    2.080000000254));
#6196 = VECTOR('',#6197,1.);
#6197 = DIRECTION('',(0.,1.,2.973811673102E-15));
#6198 = ORIENTED_EDGE('',*,*,#6199,.T.);
#6199 = EDGE_CURVE('',#6192,#6183,#6200,.T.);
#6200 = LINE('',#6201,#6202);
#6201 = CARTESIAN_POINT('',(0.500000000085,-0.954285116975,
    2.080000000254));
#6202 = VECTOR('',#6203,1.);
#6203 = DIRECTION('',(1.,0.,0.));
#6204 = PLANE('',#6205);
#6205 = AXIS2_PLACEMENT_3D('',#6206,#6207,#6208);
#6206 = CARTESIAN_POINT('',(-1.399000000169,-0.955285117228,2.08));
#6207 = DIRECTION('',(0.,0.,1.));
#6208 = DIRECTION('',(0.,1.,0.));
#6209 = ADVANCED_FACE('',(#6210),#6228,.T.);
#6210 = FACE_BOUND('',#6211,.T.);
#6211 = EDGE_LOOP('',(#6212,#6220,#6221,#6222));
#6212 = ORIENTED_EDGE('',*,*,#6213,.F.);
#6213 = EDGE_CURVE('',#5747,#6214,#6216,.T.);
#6214 = VERTEX_POINT('',#6215);
#6215 = CARTESIAN_POINT('',(-0.400000000002,-0.954285117053,
    1.730000000175));
#6216 = LINE('',#6217,#6218);
#6217 = CARTESIAN_POINT('',(-0.399999999916,-7.928511697464E-02,
    1.665000000254));
#6218 = VECTOR('',#6219,1.);
#6219 = DIRECTION('',(0.,-0.997252183706,7.408159078955E-02));
#6220 = ORIENTED_EDGE('',*,*,#5770,.T.);
#6221 = ORIENTED_EDGE('',*,*,#6041,.F.);
#6222 = ORIENTED_EDGE('',*,*,#6223,.F.);
#6223 = EDGE_CURVE('',#6214,#6042,#6224,.T.);
#6224 = LINE('',#6225,#6226);
#6225 = CARTESIAN_POINT('',(-0.399999999916,-0.954285116975,
    1.905000000254));
#6226 = VECTOR('',#6227,1.);
#6227 = DIRECTION('',(0.,0.,1.));
#6228 = PLANE('',#6229);
#6229 = AXIS2_PLACEMENT_3D('',#6230,#6231,#6232);
#6230 = CARTESIAN_POINT('',(-0.40000000017,0.796714882773,1.599));
#6231 = DIRECTION('',(1.,0.,0.));
#6232 = DIRECTION('',(0.,0.,1.));
#6233 = ADVANCED_FACE('',(#6234),#6245,.T.);
#6234 = FACE_BOUND('',#6235,.T.);
#6235 = EDGE_LOOP('',(#6236,#6237,#6238,#6244));
#6236 = ORIENTED_EDGE('',*,*,#5788,.F.);
#6237 = ORIENTED_EDGE('',*,*,#6088,.T.);
#6238 = ORIENTED_EDGE('',*,*,#6239,.T.);
#6239 = EDGE_CURVE('',#6081,#6192,#6240,.T.);
#6240 = LINE('',#6241,#6242);
#6241 = CARTESIAN_POINT('',(0.400000000084,-0.954285116975,
    1.905000000254));
#6242 = VECTOR('',#6243,1.);
#6243 = DIRECTION('',(0.,0.,1.));
#6244 = ORIENTED_EDGE('',*,*,#6191,.T.);
#6245 = PLANE('',#6246);
#6246 = AXIS2_PLACEMENT_3D('',#6247,#6248,#6249);
#6247 = CARTESIAN_POINT('',(0.39999999983,0.796714882773,2.081));
#6248 = DIRECTION('',(-1.,0.,0.));
#6249 = DIRECTION('',(0.,0.,-1.));
#6250 = ADVANCED_FACE('',(#6251),#6294,.T.);
#6251 = FACE_BOUND('',#6252,.T.);
#6252 = EDGE_LOOP('',(#6253,#6261,#6269,#6277,#6285,#6291,#6292,#6293));
#6253 = ORIENTED_EDGE('',*,*,#6254,.T.);
#6254 = EDGE_CURVE('',#5926,#6255,#6257,.T.);
#6255 = VERTEX_POINT('',#6256);
#6256 = CARTESIAN_POINT('',(-2.200000000002,-2.20428511706,
    2.000000000169));
#6257 = LINE('',#6258,#6259);
#6258 = CARTESIAN_POINT('',(-2.199999999916,-2.204285116976,
    2.250000000254));
#6259 = VECTOR('',#6260,1.);
#6260 = DIRECTION('',(0.,0.,-1.));
#6261 = ORIENTED_EDGE('',*,*,#6262,.F.);
#6262 = EDGE_CURVE('',#6263,#6255,#6265,.T.);
#6263 = VERTEX_POINT('',#6264);
#6264 = CARTESIAN_POINT('',(-2.200000000002,0.195714882941,
    2.000000000169));
#6265 = LINE('',#6266,#6267);
#6266 = CARTESIAN_POINT('',(-2.199999999916,-1.004285116975,
    2.000000000254));
#6267 = VECTOR('',#6268,1.);
#6268 = DIRECTION('',(0.,-1.,-4.246458508901E-15));
#6269 = ORIENTED_EDGE('',*,*,#6270,.F.);
#6270 = EDGE_CURVE('',#6271,#6263,#6273,.T.);
#6271 = VERTEX_POINT('',#6272);
#6272 = CARTESIAN_POINT('',(-2.200000000002,0.195714882941,
    1.400000000169));
#6273 = LINE('',#6274,#6275);
#6274 = CARTESIAN_POINT('',(-2.199999999916,0.195714883025,
    1.700000000254));
#6275 = VECTOR('',#6276,1.);
#6276 = DIRECTION('',(0.,0.,1.));
#6277 = ORIENTED_EDGE('',*,*,#6278,.T.);
#6278 = EDGE_CURVE('',#6271,#6279,#6281,.T.);
#6279 = VERTEX_POINT('',#6280);
#6280 = CARTESIAN_POINT('',(-2.200000000002,-2.20428511706,
    1.400000000169));
#6281 = LINE('',#6282,#6283);
#6282 = CARTESIAN_POINT('',(-2.199999999916,-1.004285116975,
    1.400000000254));
#6283 = VECTOR('',#6284,1.);
#6284 = DIRECTION('',(0.,-1.,-3.162256336415E-15));
#6285 = ORIENTED_EDGE('',*,*,#6286,.T.);
#6286 = EDGE_CURVE('',#6279,#6104,#6287,.T.);
#6287 = LINE('',#6288,#6289);
#6288 = CARTESIAN_POINT('',(-2.199999999916,-2.204285116976,
    0.900000000254));
#6289 = VECTOR('',#6290,1.);
#6290 = DIRECTION('',(0.,0.,-1.));
#6291 = ORIENTED_EDGE('',*,*,#6113,.F.);
#6292 = ORIENTED_EDGE('',*,*,#5848,.F.);
#6293 = ORIENTED_EDGE('',*,*,#5933,.T.);
#6294 = PLANE('',#6295);
#6295 = AXIS2_PLACEMENT_3D('',#6296,#6297,#6298);
#6296 = CARTESIAN_POINT('',(-2.200000000171,0.796714882773,0.399));
#6297 = DIRECTION('',(1.,0.,0.));
#6298 = DIRECTION('',(0.,0.,1.));
#6299 = ADVANCED_FACE('',(#6300),#6311,.T.);
#6300 = FACE_BOUND('',#6301,.T.);
#6301 = EDGE_LOOP('',(#6302,#6303,#6304,#6305));
#6302 = ORIENTED_EDGE('',*,*,#5963,.T.);
#6303 = ORIENTED_EDGE('',*,*,#5728,.T.);
#6304 = ORIENTED_EDGE('',*,*,#6168,.F.);
#6305 = ORIENTED_EDGE('',*,*,#6306,.T.);
#6306 = EDGE_CURVE('',#6161,#5964,#6307,.T.);
#6307 = LINE('',#6308,#6309);
#6308 = CARTESIAN_POINT('',(-1.499999999915,-0.954285116975,
    2.080000000254));
#6309 = VECTOR('',#6310,1.);
#6310 = DIRECTION('',(1.,0.,0.));
#6311 = PLANE('',#6312);
#6312 = AXIS2_PLACEMENT_3D('',#6313,#6314,#6315);
#6313 = CARTESIAN_POINT('',(-1.399000000169,-0.955285117228,2.08));
#6314 = DIRECTION('',(0.,0.,1.));
#6315 = DIRECTION('',(0.,1.,0.));
#6316 = ADVANCED_FACE('',(#6317),#6328,.T.);
#6317 = FACE_BOUND('',#6318,.T.);
#6318 = EDGE_LOOP('',(#6319,#6320,#6321,#6322));
#6319 = ORIENTED_EDGE('',*,*,#6072,.F.);
#6320 = ORIENTED_EDGE('',*,*,#5804,.T.);
#6321 = ORIENTED_EDGE('',*,*,#6182,.F.);
#6322 = ORIENTED_EDGE('',*,*,#6323,.F.);
#6323 = EDGE_CURVE('',#6073,#6183,#6324,.T.);
#6324 = LINE('',#6325,#6326);
#6325 = CARTESIAN_POINT('',(0.600000000086,-0.954285116975,
    1.905000000254));
#6326 = VECTOR('',#6327,1.);
#6327 = DIRECTION('',(0.,0.,1.));
#6328 = PLANE('',#6329);
#6329 = AXIS2_PLACEMENT_3D('',#6330,#6331,#6332);
#6330 = CARTESIAN_POINT('',(0.599999999832,0.796714882773,1.599));
#6331 = DIRECTION('',(1.,0.,0.));
#6332 = DIRECTION('',(0.,0.,1.));
#6333 = ADVANCED_FACE('',(#6334),#6345,.T.);
#6334 = FACE_BOUND('',#6335,.T.);
#6335 = EDGE_LOOP('',(#6336,#6337,#6343,#6344));
#6336 = ORIENTED_EDGE('',*,*,#5954,.T.);
#6337 = ORIENTED_EDGE('',*,*,#6338,.F.);
#6338 = EDGE_CURVE('',#6153,#5955,#6339,.T.);
#6339 = LINE('',#6340,#6341);
#6340 = CARTESIAN_POINT('',(-1.499999999915,-0.954285116975,
    1.730000000254));
#6341 = VECTOR('',#6342,1.);
#6342 = DIRECTION('',(1.,0.,0.));
#6343 = ORIENTED_EDGE('',*,*,#6152,.F.);
#6344 = ORIENTED_EDGE('',*,*,#5710,.T.);
#6345 = PLANE('',#6346);
#6346 = AXIS2_PLACEMENT_3D('',#6347,#6348,#6349);
#6347 = CARTESIAN_POINT('',(-1.399000000169,0.796712134955,
    1.599925918409));
#6348 = DIRECTION('',(1.284621367237E-14,-7.408159078954E-02,
    -0.997252183706));
#6349 = DIRECTION('',(9.860761315263E-31,-0.997252183706,
    7.408159078954E-02));
#6350 = ADVANCED_FACE('',(#6351),#6362,.T.);
#6351 = FACE_BOUND('',#6352,.T.);
#6352 = EDGE_LOOP('',(#6353,#6354,#6360,#6361));
#6353 = ORIENTED_EDGE('',*,*,#6213,.T.);
#6354 = ORIENTED_EDGE('',*,*,#6355,.F.);
#6355 = EDGE_CURVE('',#6129,#6214,#6356,.T.);
#6356 = LINE('',#6357,#6358);
#6357 = CARTESIAN_POINT('',(-0.499999999915,-0.954285116975,
    1.730000000254));
#6358 = VECTOR('',#6359,1.);
#6359 = DIRECTION('',(1.,0.,0.));
#6360 = ORIENTED_EDGE('',*,*,#6128,.F.);
#6361 = ORIENTED_EDGE('',*,*,#5744,.T.);
#6362 = PLANE('',#6363);
#6363 = AXIS2_PLACEMENT_3D('',#6364,#6365,#6366);
#6364 = CARTESIAN_POINT('',(-1.399000000169,0.796712134955,
    1.599925918409));
#6365 = DIRECTION('',(1.284621367237E-14,-7.408159078954E-02,
    -0.997252183706));
#6366 = DIRECTION('',(9.860761315263E-31,-0.997252183706,
    7.408159078954E-02));
#6367 = ADVANCED_FACE('',(#6368,#6420),#6518,.T.);
#6368 = FACE_BOUND('',#6369,.T.);
#6369 = EDGE_LOOP('',(#6370,#6380,#6386,#6387,#6388,#6389,#6397,#6405,
    #6411,#6412,#6413,#6414));
#6370 = ORIENTED_EDGE('',*,*,#6371,.F.);
#6371 = EDGE_CURVE('',#6372,#6374,#6376,.T.);
#6372 = VERTEX_POINT('',#6373);
#6373 = CARTESIAN_POINT('',(-2.55,-2.20428511706,2.000000000169));
#6374 = VERTEX_POINT('',#6375);
#6375 = CARTESIAN_POINT('',(-2.55,-2.20428511706,1.400000000169));
#6376 = LINE('',#6377,#6378);
#6377 = CARTESIAN_POINT('',(-2.549999999915,-2.204285116976,
    1.700000000254));
#6378 = VECTOR('',#6379,1.);
#6379 = DIRECTION('',(0.,0.,-1.));
#6380 = ORIENTED_EDGE('',*,*,#6381,.F.);
#6381 = EDGE_CURVE('',#6255,#6372,#6382,.T.);
#6382 = LINE('',#6383,#6384);
#6383 = CARTESIAN_POINT('',(-2.374999999916,-2.204285116976,
    2.000000000254));
#6384 = VECTOR('',#6385,1.);
#6385 = DIRECTION('',(-1.,0.,0.));
#6386 = ORIENTED_EDGE('',*,*,#6254,.F.);
#6387 = ORIENTED_EDGE('',*,*,#5923,.F.);
#6388 = ORIENTED_EDGE('',*,*,#6003,.F.);
#6389 = ORIENTED_EDGE('',*,*,#6390,.F.);
#6390 = EDGE_CURVE('',#6391,#5996,#6393,.T.);
#6391 = VERTEX_POINT('',#6392);
#6392 = CARTESIAN_POINT('',(2.549999999999,-2.20428511706,2.000000000169
    ));
#6393 = LINE('',#6394,#6395);
#6394 = CARTESIAN_POINT('',(2.375000000084,-2.204285116976,
    2.000000000254));
#6395 = VECTOR('',#6396,1.);
#6396 = DIRECTION('',(-1.,0.,0.));
#6397 = ORIENTED_EDGE('',*,*,#6398,.F.);
#6398 = EDGE_CURVE('',#6399,#6391,#6401,.T.);
#6399 = VERTEX_POINT('',#6400);
#6400 = CARTESIAN_POINT('',(2.549999999999,-2.204285117057,
    1.400000000169));
#6401 = LINE('',#6402,#6403);
#6402 = CARTESIAN_POINT('',(2.550000000085,-2.204285116974,
    1.700000000254));
#6403 = VECTOR('',#6404,1.);
#6404 = DIRECTION('',(0.,-4.25585492773E-12,1.));
#6405 = ORIENTED_EDGE('',*,*,#6406,.F.);
#6406 = EDGE_CURVE('',#6020,#6399,#6407,.T.);
#6407 = LINE('',#6408,#6409);
#6408 = CARTESIAN_POINT('',(2.375000000084,-2.204285116974,
    1.400000000254));
#6409 = VECTOR('',#6410,1.);
#6410 = DIRECTION('',(1.,7.295751304657E-12,0.));
#6411 = ORIENTED_EDGE('',*,*,#6019,.F.);
#6412 = ORIENTED_EDGE('',*,*,#6103,.F.);
#6413 = ORIENTED_EDGE('',*,*,#6286,.F.);
#6414 = ORIENTED_EDGE('',*,*,#6415,.F.);
#6415 = EDGE_CURVE('',#6374,#6279,#6416,.T.);
#6416 = LINE('',#6417,#6418);
#6417 = CARTESIAN_POINT('',(-2.374999999916,-2.204285116976,
    1.400000000254));
#6418 = VECTOR('',#6419,1.);
#6419 = DIRECTION('',(1.,0.,0.));
#6420 = FACE_BOUND('',#6421,.T.);
#6421 = EDGE_LOOP('',(#6422,#6432,#6440,#6448,#6456,#6464,#6472,#6480,
    #6488,#6496,#6504,#6512));
#6422 = ORIENTED_EDGE('',*,*,#6423,.F.);
#6423 = EDGE_CURVE('',#6424,#6426,#6428,.T.);
#6424 = VERTEX_POINT('',#6425);
#6425 = CARTESIAN_POINT('',(-2.7,-2.20428511706,1.200000000169));
#6426 = VERTEX_POINT('',#6427);
#6427 = CARTESIAN_POINT('',(-3.000000000001,-2.20428511706,
    1.200000000169));
#6428 = LINE('',#6429,#6430);
#6429 = CARTESIAN_POINT('',(-2.849999999916,-2.204285116976,
    1.200000000254));
#6430 = VECTOR('',#6431,1.);
#6431 = DIRECTION('',(-1.,0.,0.));
#6432 = ORIENTED_EDGE('',*,*,#6433,.T.);
#6433 = EDGE_CURVE('',#6424,#6434,#6436,.T.);
#6434 = VERTEX_POINT('',#6435);
#6435 = CARTESIAN_POINT('',(-2.7,-2.20428511706,-5.000000016935E-02));
#6436 = LINE('',#6437,#6438);
#6437 = CARTESIAN_POINT('',(-2.699999999915,-2.204285116976,0.575));
#6438 = VECTOR('',#6439,1.);
#6439 = DIRECTION('',(0.,0.,-1.));
#6440 = ORIENTED_EDGE('',*,*,#6441,.T.);
#6441 = EDGE_CURVE('',#6434,#6442,#6444,.T.);
#6442 = VERTEX_POINT('',#6443);
#6443 = CARTESIAN_POINT('',(-2.500000000001,-2.20428511706,
    -5.000000016935E-02));
#6444 = LINE('',#6445,#6446);
#6445 = CARTESIAN_POINT('',(-2.599999999914,-2.204285116976,
    -5.000000025402E-02));
#6446 = VECTOR('',#6447,1.);
#6447 = DIRECTION('',(1.,0.,0.));
#6448 = ORIENTED_EDGE('',*,*,#6449,.F.);
#6449 = EDGE_CURVE('',#6450,#6442,#6452,.T.);
#6450 = VERTEX_POINT('',#6451);
#6451 = CARTESIAN_POINT('',(-2.500000000001,-2.20428511706,
    -1.693495062065E-10));
#6452 = LINE('',#6453,#6454);
#6453 = CARTESIAN_POINT('',(-2.499999999915,-2.204285116976,
    -2.500000025402E-02));
#6454 = VECTOR('',#6455,1.);
#6455 = DIRECTION('',(0.,0.,-1.));
#6456 = ORIENTED_EDGE('',*,*,#6457,.T.);
#6457 = EDGE_CURVE('',#6450,#6458,#6460,.T.);
#6458 = VERTEX_POINT('',#6459);
#6459 = CARTESIAN_POINT('',(2.500000000001,-2.204285117057,
    -1.693495062065E-10));
#6460 = LINE('',#6461,#6462);
#6461 = CARTESIAN_POINT('',(8.448797217397E-11,-2.204285116974,
    -2.540159922682E-10));
#6462 = VECTOR('',#6463,1.);
#6463 = DIRECTION('',(1.,5.107025913275E-13,0.));
#6464 = ORIENTED_EDGE('',*,*,#6465,.T.);
#6465 = EDGE_CURVE('',#6458,#6466,#6468,.T.);
#6466 = VERTEX_POINT('',#6467);
#6467 = CARTESIAN_POINT('',(2.500000000001,-2.204285117057,
    -5.000000016935E-02));
#6468 = LINE('',#6469,#6470);
#6469 = CARTESIAN_POINT('',(2.500000000086,-2.204285116973,
    -2.500000025402E-02));
#6470 = VECTOR('',#6471,1.);
#6471 = DIRECTION('',(0.,0.,-1.));
#6472 = ORIENTED_EDGE('',*,*,#6473,.F.);
#6473 = EDGE_CURVE('',#6474,#6466,#6476,.T.);
#6474 = VERTEX_POINT('',#6475);
#6475 = CARTESIAN_POINT('',(2.699999999999,-2.204285117057,
    -5.000000016935E-02));
#6476 = LINE('',#6477,#6478);
#6477 = CARTESIAN_POINT('',(2.600000000085,-2.204285116973,
    -5.000000025402E-02));
#6478 = VECTOR('',#6479,1.);
#6479 = DIRECTION('',(-1.,0.,0.));
#6480 = ORIENTED_EDGE('',*,*,#6481,.F.);
#6481 = EDGE_CURVE('',#6482,#6474,#6484,.T.);
#6482 = VERTEX_POINT('',#6483);
#6483 = CARTESIAN_POINT('',(2.699999999999,-2.204285117057,
    1.200000000169));
#6484 = LINE('',#6485,#6486);
#6485 = CARTESIAN_POINT('',(2.700000000085,-2.204285116973,0.575));
#6486 = VECTOR('',#6487,1.);
#6487 = DIRECTION('',(0.,0.,-1.));
#6488 = ORIENTED_EDGE('',*,*,#6489,.T.);
#6489 = EDGE_CURVE('',#6482,#6490,#6492,.T.);
#6490 = VERTEX_POINT('',#6491);
#6491 = CARTESIAN_POINT('',(3.,-2.204285117057,1.200000000169));
#6492 = LINE('',#6493,#6494);
#6493 = CARTESIAN_POINT('',(2.850000000086,-2.204285116973,
    1.200000000254));
#6494 = VECTOR('',#6495,1.);
#6495 = DIRECTION('',(1.,0.,0.));
#6496 = ORIENTED_EDGE('',*,*,#6497,.F.);
#6497 = EDGE_CURVE('',#6498,#6490,#6500,.T.);
#6498 = VERTEX_POINT('',#6499);
#6499 = CARTESIAN_POINT('',(3.,-2.20428511706,2.900000000169));
#6500 = LINE('',#6501,#6502);
#6501 = CARTESIAN_POINT('',(3.000000000085,-2.204285116974,
    2.050000000254));
#6502 = VECTOR('',#6503,1.);
#6503 = DIRECTION('',(0.,1.502066445081E-12,-1.));
#6504 = ORIENTED_EDGE('',*,*,#6505,.F.);
#6505 = EDGE_CURVE('',#6506,#6498,#6508,.T.);
#6506 = VERTEX_POINT('',#6507);
#6507 = CARTESIAN_POINT('',(-3.000000000001,-2.20428511706,
    2.900000000169));
#6508 = LINE('',#6509,#6510);
#6509 = CARTESIAN_POINT('',(8.448797217397E-11,-2.204285116976,
    2.900000000254));
#6510 = VECTOR('',#6511,1.);
#6511 = DIRECTION('',(1.,0.,0.));
#6512 = ORIENTED_EDGE('',*,*,#6513,.T.);
#6513 = EDGE_CURVE('',#6506,#6426,#6514,.T.);
#6514 = LINE('',#6515,#6516);
#6515 = CARTESIAN_POINT('',(-2.999999999916,-2.204285116976,
    2.050000000254));
#6516 = VECTOR('',#6517,1.);
#6517 = DIRECTION('',(0.,0.,-1.));
#6518 = PLANE('',#6519);
#6519 = AXIS2_PLACEMENT_3D('',#6520,#6521,#6522);
#6520 = CARTESIAN_POINT('',(-3.001000000169,-2.204285117229,
    -5.100000000001E-02));
#6521 = DIRECTION('',(0.,-1.,0.));
#6522 = DIRECTION('',(1.,0.,0.));
#6523 = ADVANCED_FACE('',(#6524),#6530,.T.);
#6524 = FACE_BOUND('',#6525,.T.);
#6525 = EDGE_LOOP('',(#6526,#6527,#6528,#6529));
#6526 = ORIENTED_EDGE('',*,*,#5971,.T.);
#6527 = ORIENTED_EDGE('',*,*,#6306,.F.);
#6528 = ORIENTED_EDGE('',*,*,#6160,.F.);
#6529 = ORIENTED_EDGE('',*,*,#6338,.T.);
#6530 = PLANE('',#6531);
#6531 = AXIS2_PLACEMENT_3D('',#6532,#6533,#6534);
#6532 = CARTESIAN_POINT('',(-1.399000000169,-0.954285117229,1.729));
#6533 = DIRECTION('',(0.,-1.,0.));
#6534 = DIRECTION('',(0.,0.,1.));
#6535 = ADVANCED_FACE('',(#6536),#6561,.T.);
#6536 = FACE_BOUND('',#6537,.T.);
#6537 = EDGE_LOOP('',(#6538,#6539,#6547,#6555));
#6538 = ORIENTED_EDGE('',*,*,#5985,.T.);
#6539 = ORIENTED_EDGE('',*,*,#6540,.T.);
#6540 = EDGE_CURVE('',#5988,#6541,#6543,.T.);
#6541 = VERTEX_POINT('',#6542);
#6542 = CARTESIAN_POINT('',(2.549999999999,0.195714882941,1.400000000169
    ));
#6543 = LINE('',#6544,#6545);
#6544 = CARTESIAN_POINT('',(2.375000000084,0.195714883025,1.400000000254
    ));
#6545 = VECTOR('',#6546,1.);
#6546 = DIRECTION('',(1.,0.,0.));
#6547 = ORIENTED_EDGE('',*,*,#6548,.T.);
#6548 = EDGE_CURVE('',#6541,#6549,#6551,.T.);
#6549 = VERTEX_POINT('',#6550);
#6550 = CARTESIAN_POINT('',(2.549999999999,0.195714882941,2.000000000169
    ));
#6551 = LINE('',#6552,#6553);
#6552 = CARTESIAN_POINT('',(2.550000000085,0.195714883025,1.700000000254
    ));
#6553 = VECTOR('',#6554,1.);
#6554 = DIRECTION('',(0.,0.,1.));
#6555 = ORIENTED_EDGE('',*,*,#6556,.T.);
#6556 = EDGE_CURVE('',#6549,#5986,#6557,.T.);
#6557 = LINE('',#6558,#6559);
#6558 = CARTESIAN_POINT('',(2.375000000084,0.195714883025,2.000000000254
    ));
#6559 = VECTOR('',#6560,1.);
#6560 = DIRECTION('',(-1.,0.,0.));
#6561 = PLANE('',#6562);
#6562 = AXIS2_PLACEMENT_3D('',#6563,#6564,#6565);
#6563 = CARTESIAN_POINT('',(-2.199000000168,0.195714882771,1.399));
#6564 = DIRECTION('',(0.,-1.,0.));
#6565 = DIRECTION('',(0.,0.,1.));
#6566 = ADVANCED_FACE('',(#6567),#6578,.T.);
#6567 = FACE_BOUND('',#6568,.T.);
#6568 = EDGE_LOOP('',(#6569,#6570,#6576,#6577));
#6569 = ORIENTED_EDGE('',*,*,#6406,.T.);
#6570 = ORIENTED_EDGE('',*,*,#6571,.F.);
#6571 = EDGE_CURVE('',#6541,#6399,#6572,.T.);
#6572 = LINE('',#6573,#6574);
#6573 = CARTESIAN_POINT('',(2.550000000085,-1.004285116973,
    1.400000000254));
#6574 = VECTOR('',#6575,1.);
#6575 = DIRECTION('',(0.,-1.,-3.162256336419E-15));
#6576 = ORIENTED_EDGE('',*,*,#6540,.F.);
#6577 = ORIENTED_EDGE('',*,*,#6027,.T.);
#6578 = PLANE('',#6579);
#6579 = AXIS2_PLACEMENT_3D('',#6580,#6581,#6582);
#6580 = CARTESIAN_POINT('',(-2.199000000168,0.196714882772,1.4));
#6581 = DIRECTION('',(0.,0.,1.));
#6582 = DIRECTION('',(-1.,0.,0.));
#6583 = ADVANCED_FACE('',(#6584),#6595,.T.);
#6584 = FACE_BOUND('',#6585,.T.);
#6585 = EDGE_LOOP('',(#6586,#6587,#6588,#6589));
#6586 = ORIENTED_EDGE('',*,*,#6390,.T.);
#6587 = ORIENTED_EDGE('',*,*,#5995,.F.);
#6588 = ORIENTED_EDGE('',*,*,#6556,.F.);
#6589 = ORIENTED_EDGE('',*,*,#6590,.T.);
#6590 = EDGE_CURVE('',#6549,#6391,#6591,.T.);
#6591 = LINE('',#6592,#6593);
#6592 = CARTESIAN_POINT('',(2.550000000085,-1.004285116975,
    2.000000000254));
#6593 = VECTOR('',#6594,1.);
#6594 = DIRECTION('',(0.,-1.,-4.246458508901E-15));
#6595 = PLANE('',#6596);
#6596 = AXIS2_PLACEMENT_3D('',#6597,#6598,#6599);
#6597 = CARTESIAN_POINT('',(-2.551000000171,0.196714882772,2.));
#6598 = DIRECTION('',(0.,0.,-1.));
#6599 = DIRECTION('',(1.,0.,0.));
#6600 = ADVANCED_FACE('',(#6601),#6607,.T.);
#6601 = FACE_BOUND('',#6602,.T.);
#6602 = EDGE_LOOP('',(#6603,#6604,#6605,#6606));
#6603 = ORIENTED_EDGE('',*,*,#6223,.T.);
#6604 = ORIENTED_EDGE('',*,*,#6058,.F.);
#6605 = ORIENTED_EDGE('',*,*,#6136,.F.);
#6606 = ORIENTED_EDGE('',*,*,#6355,.T.);
#6607 = PLANE('',#6608);
#6608 = AXIS2_PLACEMENT_3D('',#6609,#6610,#6611);
#6609 = CARTESIAN_POINT('',(-1.399000000169,-0.954285117229,1.729));
#6610 = DIRECTION('',(0.,-1.,0.));
#6611 = DIRECTION('',(0.,0.,1.));
#6612 = ADVANCED_FACE('',(#6613),#6619,.T.);
#6613 = FACE_BOUND('',#6614,.T.);
#6614 = EDGE_LOOP('',(#6615,#6616,#6617,#6618));
#6615 = ORIENTED_EDGE('',*,*,#6323,.T.);
#6616 = ORIENTED_EDGE('',*,*,#6199,.F.);
#6617 = ORIENTED_EDGE('',*,*,#6239,.F.);
#6618 = ORIENTED_EDGE('',*,*,#6080,.T.);
#6619 = PLANE('',#6620);
#6620 = AXIS2_PLACEMENT_3D('',#6621,#6622,#6623);
#6621 = CARTESIAN_POINT('',(-1.399000000169,-0.954285117229,1.729));
#6622 = DIRECTION('',(0.,-1.,0.));
#6623 = DIRECTION('',(0.,0.,1.));
#6624 = ADVANCED_FACE('',(#6625),#6650,.T.);
#6625 = FACE_BOUND('',#6626,.T.);
#6626 = EDGE_LOOP('',(#6627,#6635,#6643,#6649));
#6627 = ORIENTED_EDGE('',*,*,#6628,.T.);
#6628 = EDGE_CURVE('',#6263,#6629,#6631,.T.);
#6629 = VERTEX_POINT('',#6630);
#6630 = CARTESIAN_POINT('',(-2.55,0.195714882941,2.000000000169));
#6631 = LINE('',#6632,#6633);
#6632 = CARTESIAN_POINT('',(-2.374999999916,0.195714883025,
    2.000000000254));
#6633 = VECTOR('',#6634,1.);
#6634 = DIRECTION('',(-1.,0.,0.));
#6635 = ORIENTED_EDGE('',*,*,#6636,.T.);
#6636 = EDGE_CURVE('',#6629,#6637,#6639,.T.);
#6637 = VERTEX_POINT('',#6638);
#6638 = CARTESIAN_POINT('',(-2.55,0.195714882941,1.400000000169));
#6639 = LINE('',#6640,#6641);
#6640 = CARTESIAN_POINT('',(-2.549999999915,0.195714883025,
    1.700000000254));
#6641 = VECTOR('',#6642,1.);
#6642 = DIRECTION('',(0.,0.,-1.));
#6643 = ORIENTED_EDGE('',*,*,#6644,.T.);
#6644 = EDGE_CURVE('',#6637,#6271,#6645,.T.);
#6645 = LINE('',#6646,#6647);
#6646 = CARTESIAN_POINT('',(-2.374999999916,0.195714883025,
    1.400000000254));
#6647 = VECTOR('',#6648,1.);
#6648 = DIRECTION('',(1.,0.,0.));
#6649 = ORIENTED_EDGE('',*,*,#6270,.T.);
#6650 = PLANE('',#6651);
#6651 = AXIS2_PLACEMENT_3D('',#6652,#6653,#6654);
#6652 = CARTESIAN_POINT('',(-2.199000000168,0.195714882771,1.399));
#6653 = DIRECTION('',(0.,-1.,0.));
#6654 = DIRECTION('',(0.,0.,1.));
#6655 = ADVANCED_FACE('',(#6656),#6667,.T.);
#6656 = FACE_BOUND('',#6657,.T.);
#6657 = EDGE_LOOP('',(#6658,#6659,#6660,#6661));
#6658 = ORIENTED_EDGE('',*,*,#6415,.T.);
#6659 = ORIENTED_EDGE('',*,*,#6278,.F.);
#6660 = ORIENTED_EDGE('',*,*,#6644,.F.);
#6661 = ORIENTED_EDGE('',*,*,#6662,.T.);
#6662 = EDGE_CURVE('',#6637,#6374,#6663,.T.);
#6663 = LINE('',#6664,#6665);
#6664 = CARTESIAN_POINT('',(-2.549999999915,-1.004285116975,
    1.400000000254));
#6665 = VECTOR('',#6666,1.);
#6666 = DIRECTION('',(0.,-1.,-4.246458508901E-15));
#6667 = PLANE('',#6668);
#6668 = AXIS2_PLACEMENT_3D('',#6669,#6670,#6671);
#6669 = CARTESIAN_POINT('',(-2.199000000168,0.196714882772,1.4));
#6670 = DIRECTION('',(0.,0.,1.));
#6671 = DIRECTION('',(-1.,0.,0.));
#6672 = ADVANCED_FACE('',(#6673),#6684,.T.);
#6673 = FACE_BOUND('',#6674,.T.);
#6674 = EDGE_LOOP('',(#6675,#6676,#6682,#6683));
#6675 = ORIENTED_EDGE('',*,*,#6381,.T.);
#6676 = ORIENTED_EDGE('',*,*,#6677,.F.);
#6677 = EDGE_CURVE('',#6629,#6372,#6678,.T.);
#6678 = LINE('',#6679,#6680);
#6679 = CARTESIAN_POINT('',(-2.549999999915,-1.004285116975,
    2.000000000254));
#6680 = VECTOR('',#6681,1.);
#6681 = DIRECTION('',(0.,-1.,-4.246458508901E-15));
#6682 = ORIENTED_EDGE('',*,*,#6628,.F.);
#6683 = ORIENTED_EDGE('',*,*,#6262,.T.);
#6684 = PLANE('',#6685);
#6685 = AXIS2_PLACEMENT_3D('',#6686,#6687,#6688);
#6686 = CARTESIAN_POINT('',(-2.551000000171,0.196714882772,2.));
#6687 = DIRECTION('',(0.,0.,-1.));
#6688 = DIRECTION('',(1.,0.,0.));
#6689 = ADVANCED_FACE('',(#6690),#6715,.T.);
#6690 = FACE_BOUND('',#6691,.T.);
#6691 = EDGE_LOOP('',(#6692,#6700,#6708,#6714));
#6692 = ORIENTED_EDGE('',*,*,#6693,.T.);
#6693 = EDGE_CURVE('',#6466,#6694,#6696,.T.);
#6694 = VERTEX_POINT('',#6695);
#6695 = CARTESIAN_POINT('',(2.500000000001,-0.704285117058,
    -5.000000016934E-02));
#6696 = LINE('',#6697,#6698);
#6697 = CARTESIAN_POINT('',(2.500000000086,-1.454285116973,
    -5.000000025401E-02));
#6698 = VECTOR('',#6699,1.);
#6699 = DIRECTION('',(0.,1.,5.059610138269E-15));
#6700 = ORIENTED_EDGE('',*,*,#6701,.F.);
#6701 = EDGE_CURVE('',#6702,#6694,#6704,.T.);
#6702 = VERTEX_POINT('',#6703);
#6703 = CARTESIAN_POINT('',(2.699999999999,-0.704285117058,
    -5.000000016934E-02));
#6704 = LINE('',#6705,#6706);
#6705 = CARTESIAN_POINT('',(2.600000000085,-0.704285116974,
    -5.000000025401E-02));
#6706 = VECTOR('',#6707,1.);
#6707 = DIRECTION('',(-1.,0.,0.));
#6708 = ORIENTED_EDGE('',*,*,#6709,.F.);
#6709 = EDGE_CURVE('',#6474,#6702,#6710,.T.);
#6710 = LINE('',#6711,#6712);
#6711 = CARTESIAN_POINT('',(2.700000000085,-1.454285116973,
    -5.000000025401E-02));
#6712 = VECTOR('',#6713,1.);
#6713 = DIRECTION('',(0.,1.,5.059610138269E-15));
#6714 = ORIENTED_EDGE('',*,*,#6473,.T.);
#6715 = PLANE('',#6716);
#6716 = AXIS2_PLACEMENT_3D('',#6717,#6718,#6719);
#6717 = CARTESIAN_POINT('',(-2.499000000171,-0.703285117229,
    -5.000000000001E-02));
#6718 = DIRECTION('',(0.,0.,-1.));
#6719 = DIRECTION('',(0.,-1.,0.));
#6720 = ADVANCED_FACE('',(#6721),#6727,.T.);
#6721 = FACE_BOUND('',#6722,.T.);
#6722 = EDGE_LOOP('',(#6723,#6724,#6725,#6726));
#6723 = ORIENTED_EDGE('',*,*,#6371,.T.);
#6724 = ORIENTED_EDGE('',*,*,#6662,.F.);
#6725 = ORIENTED_EDGE('',*,*,#6636,.F.);
#6726 = ORIENTED_EDGE('',*,*,#6677,.T.);
#6727 = PLANE('',#6728);
#6728 = AXIS2_PLACEMENT_3D('',#6729,#6730,#6731);
#6729 = CARTESIAN_POINT('',(-2.550000000169,0.196714882772,1.399));
#6730 = DIRECTION('',(1.,0.,0.));
#6731 = DIRECTION('',(0.,0.,1.));
#6732 = ADVANCED_FACE('',(#6733),#6758,.F.);
#6733 = FACE_BOUND('',#6734,.T.);
#6734 = EDGE_LOOP('',(#6735,#6743,#6744,#6752));
#6735 = ORIENTED_EDGE('',*,*,#6736,.F.);
#6736 = EDGE_CURVE('',#6450,#6737,#6739,.T.);
#6737 = VERTEX_POINT('',#6738);
#6738 = CARTESIAN_POINT('',(-2.500000000001,-0.704285117058,
    -1.693414831104E-10));
#6739 = LINE('',#6740,#6741);
#6740 = CARTESIAN_POINT('',(-2.499999999915,-1.454285116974,
    -2.540119807201E-10));
#6741 = VECTOR('',#6742,1.);
#6742 = DIRECTION('',(0.,1.,5.095750210676E-15));
#6743 = ORIENTED_EDGE('',*,*,#6449,.T.);
#6744 = ORIENTED_EDGE('',*,*,#6745,.T.);
#6745 = EDGE_CURVE('',#6442,#6746,#6748,.T.);
#6746 = VERTEX_POINT('',#6747);
#6747 = CARTESIAN_POINT('',(-2.500000000001,-0.704285117058,
    -5.000000016934E-02));
#6748 = LINE('',#6749,#6750);
#6749 = CARTESIAN_POINT('',(-2.499999999915,-1.454285116974,
    -5.000000025401E-02));
#6750 = VECTOR('',#6751,1.);
#6751 = DIRECTION('',(0.,1.,5.05961013826E-15));
#6752 = ORIENTED_EDGE('',*,*,#6753,.T.);
#6753 = EDGE_CURVE('',#6746,#6737,#6754,.T.);
#6754 = LINE('',#6755,#6756);
#6755 = CARTESIAN_POINT('',(-2.499999999915,-0.704285116974,
    -2.500000025401E-02));
#6756 = VECTOR('',#6757,1.);
#6757 = DIRECTION('',(0.,0.,1.));
#6758 = PLANE('',#6759);
#6759 = AXIS2_PLACEMENT_3D('',#6760,#6761,#6762);
#6760 = CARTESIAN_POINT('',(-2.500000000169,0.556039748178,1.399));
#6761 = DIRECTION('',(-1.,0.,0.));
#6762 = DIRECTION('',(0.,0.,1.));
#6763 = ADVANCED_FACE('',(#6764),#6853,.T.);
#6764 = FACE_BOUND('',#6765,.T.);
#6765 = EDGE_LOOP('',(#6766,#6776,#6784,#6792,#6800,#6808,#6816,#6822,
    #6823,#6831,#6839,#6847));
#6766 = ORIENTED_EDGE('',*,*,#6767,.T.);
#6767 = EDGE_CURVE('',#6768,#6770,#6772,.T.);
#6768 = VERTEX_POINT('',#6769);
#6769 = CARTESIAN_POINT('',(-3.000000000001,1.495714882941,
    1.400000000169));
#6770 = VERTEX_POINT('',#6771);
#6771 = CARTESIAN_POINT('',(-3.000000000001,2.045714882942,
    1.400000000169));
#6772 = LINE('',#6773,#6774);
#6773 = CARTESIAN_POINT('',(-2.999999999916,1.770714883025,
    1.400000000254));
#6774 = VECTOR('',#6775,1.);
#6775 = DIRECTION('',(0.,1.,0.));
#6776 = ORIENTED_EDGE('',*,*,#6777,.T.);
#6777 = EDGE_CURVE('',#6770,#6778,#6780,.T.);
#6778 = VERTEX_POINT('',#6779);
#6779 = CARTESIAN_POINT('',(-3.000000000001,2.045714882942,
    -1.693334600143E-10));
#6780 = LINE('',#6781,#6782);
#6781 = CARTESIAN_POINT('',(-2.999999999916,2.045714883026,0.7));
#6782 = VECTOR('',#6783,1.);
#6783 = DIRECTION('',(0.,0.,-1.));
#6784 = ORIENTED_EDGE('',*,*,#6785,.T.);
#6785 = EDGE_CURVE('',#6778,#6786,#6788,.T.);
#6786 = VERTEX_POINT('',#6787);
#6787 = CARTESIAN_POINT('',(-3.000000000001,-0.704285117058,
    -1.693419710014E-10));
#6788 = LINE('',#6789,#6790);
#6789 = CARTESIAN_POINT('',(-2.999999999916,0.670714883026,
    -2.540049876161E-10));
#6790 = VECTOR('',#6791,1.);
#6791 = DIRECTION('',(0.,-1.,-3.686287386452E-15));
#6792 = ORIENTED_EDGE('',*,*,#6793,.T.);
#6793 = EDGE_CURVE('',#6786,#6794,#6796,.T.);
#6794 = VERTEX_POINT('',#6795);
#6795 = CARTESIAN_POINT('',(-3.000000000001,-0.704285117058,
    0.550000000169));
#6796 = LINE('',#6797,#6798);
#6797 = CARTESIAN_POINT('',(-2.999999999916,-0.704285116974,0.275));
#6798 = VECTOR('',#6799,1.);
#6799 = DIRECTION('',(0.,0.,1.));
#6800 = ORIENTED_EDGE('',*,*,#6801,.T.);
#6801 = EDGE_CURVE('',#6794,#6802,#6804,.T.);
#6802 = VERTEX_POINT('',#6803);
#6803 = CARTESIAN_POINT('',(-3.000000000001,-1.704285117059,
    0.550000000169));
#6804 = LINE('',#6805,#6806);
#6805 = CARTESIAN_POINT('',(-2.999999999916,-1.204285116975,
    0.550000000254));
#6806 = VECTOR('',#6807,1.);
#6807 = DIRECTION('',(0.,-1.,-5.583641188294E-15));
#6808 = ORIENTED_EDGE('',*,*,#6809,.T.);
#6809 = EDGE_CURVE('',#6802,#6810,#6812,.T.);
#6810 = VERTEX_POINT('',#6811);
#6811 = CARTESIAN_POINT('',(-3.000000000001,-1.704285117059,
    1.200000000169));
#6812 = LINE('',#6813,#6814);
#6813 = CARTESIAN_POINT('',(-2.999999999916,-1.704285116975,
    0.875000000254));
#6814 = VECTOR('',#6815,1.);
#6815 = DIRECTION('',(0.,0.,1.));
#6816 = ORIENTED_EDGE('',*,*,#6817,.T.);
#6817 = EDGE_CURVE('',#6810,#6426,#6818,.T.);
#6818 = LINE('',#6819,#6820);
#6819 = CARTESIAN_POINT('',(-2.999999999916,-1.954285116975,
    1.200000000254));
#6820 = VECTOR('',#6821,1.);
#6821 = DIRECTION('',(0.,-1.,-4.987329993428E-15));
#6822 = ORIENTED_EDGE('',*,*,#6513,.F.);
#6823 = ORIENTED_EDGE('',*,*,#6824,.F.);
#6824 = EDGE_CURVE('',#6825,#6506,#6827,.T.);
#6825 = VERTEX_POINT('',#6826);
#6826 = CARTESIAN_POINT('',(-3.00000000017,0.557039748177,2.9));
#6827 = LINE('',#6828,#6829);
#6828 = CARTESIAN_POINT('',(-2.999999999916,-0.823622684272,
    2.900000000254));
#6829 = VECTOR('',#6830,1.);
#6830 = DIRECTION('',(0.,-1.,0.));
#6831 = ORIENTED_EDGE('',*,*,#6832,.T.);
#6832 = EDGE_CURVE('',#6825,#6833,#6835,.T.);
#6833 = VERTEX_POINT('',#6834);
#6834 = CARTESIAN_POINT('',(-3.000000000001,0.845714882956,
    2.400000000227));
#6835 = LINE('',#6836,#6837);
#6836 = CARTESIAN_POINT('',(-2.999999999916,0.701377315728,
    2.650000000254));
#6837 = VECTOR('',#6838,1.);
#6838 = DIRECTION('',(0.,0.499999999999,-0.866025403785));
#6839 = ORIENTED_EDGE('',*,*,#6840,.T.);
#6840 = EDGE_CURVE('',#6833,#6841,#6843,.T.);
#6841 = VERTEX_POINT('',#6842);
#6842 = CARTESIAN_POINT('',(-3.000000000001,1.495714882941,
    2.400000000169));
#6843 = LINE('',#6844,#6845);
#6844 = CARTESIAN_POINT('',(-2.999999999916,1.170714883025,
    2.400000000254));
#6845 = VECTOR('',#6846,1.);
#6846 = DIRECTION('',(0.,1.,4.003208021485E-15));
#6847 = ORIENTED_EDGE('',*,*,#6848,.T.);
#6848 = EDGE_CURVE('',#6841,#6768,#6849,.T.);
#6849 = LINE('',#6850,#6851);
#6850 = CARTESIAN_POINT('',(-2.999999999916,1.495714883025,
    1.900000000254));
#6851 = VECTOR('',#6852,1.);
#6852 = DIRECTION('',(0.,0.,-1.));
#6853 = PLANE('',#6854);
#6854 = AXIS2_PLACEMENT_3D('',#6855,#6856,#6857);
#6855 = CARTESIAN_POINT('',(-3.00000000017,2.046714882773,2.901));
#6856 = DIRECTION('',(-1.,0.,0.));
#6857 = DIRECTION('',(0.,0.,-1.));
#6858 = ADVANCED_FACE('',(#6859),#7008,.T.);
#6859 = FACE_BOUND('',#6860,.T.);
#6860 = EDGE_LOOP('',(#6861,#6862,#6868,#6869,#6877,#6885,#6893,#6901,
    #6907,#6908,#6909,#6917,#6923,#6924,#6932,#6940,#6948,#6956,#6964,
    #6972,#6980,#6988,#6994,#6995,#7001,#7002));
#6861 = ORIENTED_EDGE('',*,*,#5523,.F.);
#6862 = ORIENTED_EDGE('',*,*,#6863,.T.);
#6863 = EDGE_CURVE('',#5516,#5593,#6864,.T.);
#6864 = LINE('',#6865,#6866);
#6865 = CARTESIAN_POINT('',(1.500000000084,1.945714883026,
    -2.540000002861E-10));
#6866 = VECTOR('',#6867,1.);
#6867 = DIRECTION('',(1.,0.,0.));
#6868 = ORIENTED_EDGE('',*,*,#5592,.T.);
#6869 = ORIENTED_EDGE('',*,*,#6870,.F.);
#6870 = EDGE_CURVE('',#6871,#5595,#6873,.T.);
#6871 = VERTEX_POINT('',#6872);
#6872 = CARTESIAN_POINT('',(3.,2.045714882942,-1.693334600143E-10));
#6873 = LINE('',#6874,#6875);
#6874 = CARTESIAN_POINT('',(2.300000000084,2.045714883026,
    -2.540000002861E-10));
#6875 = VECTOR('',#6876,1.);
#6876 = DIRECTION('',(-1.,0.,0.));
#6877 = ORIENTED_EDGE('',*,*,#6878,.F.);
#6878 = EDGE_CURVE('',#6879,#6871,#6881,.T.);
#6879 = VERTEX_POINT('',#6880);
#6880 = CARTESIAN_POINT('',(3.,-0.704285117058,-1.693419710014E-10));
#6881 = LINE('',#6882,#6883);
#6882 = CARTESIAN_POINT('',(3.000000000085,0.670714883026,
    -2.540049876161E-10));
#6883 = VECTOR('',#6884,1.);
#6884 = DIRECTION('',(0.,1.,3.686287386452E-15));
#6885 = ORIENTED_EDGE('',*,*,#6886,.F.);
#6886 = EDGE_CURVE('',#6887,#6879,#6889,.T.);
#6887 = VERTEX_POINT('',#6888);
#6888 = CARTESIAN_POINT('',(2.699999999958,-0.704285116974,
    -1.270079961341E-10));
#6889 = LINE('',#6890,#6891);
#6890 = CARTESIAN_POINT('',(2.850000000086,-0.704285116974,
    -2.540079691721E-10));
#6891 = VECTOR('',#6892,1.);
#6892 = DIRECTION('',(1.,0.,0.));
#6893 = ORIENTED_EDGE('',*,*,#6894,.F.);
#6894 = EDGE_CURVE('',#6895,#6887,#6897,.T.);
#6895 = VERTEX_POINT('',#6896);
#6896 = CARTESIAN_POINT('',(2.500000000001,-0.704285117058,
    -1.693414831104E-10));
#6897 = LINE('',#6898,#6899);
#6898 = CARTESIAN_POINT('',(2.600000000085,-0.704285116974,
    -2.540079691721E-10));
#6899 = VECTOR('',#6900,1.);
#6900 = DIRECTION('',(1.,0.,0.));
#6901 = ORIENTED_EDGE('',*,*,#6902,.F.);
#6902 = EDGE_CURVE('',#6458,#6895,#6903,.T.);
#6903 = LINE('',#6904,#6905);
#6904 = CARTESIAN_POINT('',(2.500000000086,-1.454285116973,
    -2.540119807201E-10));
#6905 = VECTOR('',#6906,1.);
#6906 = DIRECTION('',(0.,1.,5.095750210685E-15));
#6907 = ORIENTED_EDGE('',*,*,#6457,.F.);
#6908 = ORIENTED_EDGE('',*,*,#6736,.T.);
#6909 = ORIENTED_EDGE('',*,*,#6910,.T.);
#6910 = EDGE_CURVE('',#6737,#6911,#6913,.T.);
#6911 = VERTEX_POINT('',#6912);
#6912 = CARTESIAN_POINT('',(-2.700000000042,-0.704285116974,
    -1.270079961341E-10));
#6913 = LINE('',#6914,#6915);
#6914 = CARTESIAN_POINT('',(-2.599999999914,-0.704285116974,
    -2.540079691721E-10));
#6915 = VECTOR('',#6916,1.);
#6916 = DIRECTION('',(-1.,0.,0.));
#6917 = ORIENTED_EDGE('',*,*,#6918,.T.);
#6918 = EDGE_CURVE('',#6911,#6786,#6919,.T.);
#6919 = LINE('',#6920,#6921);
#6920 = CARTESIAN_POINT('',(-2.849999999916,-0.704285116974,
    -2.540079691721E-10));
#6921 = VECTOR('',#6922,1.);
#6922 = DIRECTION('',(-1.,0.,0.));
#6923 = ORIENTED_EDGE('',*,*,#6785,.F.);
#6924 = ORIENTED_EDGE('',*,*,#6925,.F.);
#6925 = EDGE_CURVE('',#6926,#6778,#6928,.T.);
#6926 = VERTEX_POINT('',#6927);
#6927 = CARTESIAN_POINT('',(-1.600000000001,2.045714882942,
    -1.693334600143E-10));
#6928 = LINE('',#6929,#6930);
#6929 = CARTESIAN_POINT('',(-2.299999999916,2.045714883026,
    -2.540000002861E-10));
#6930 = VECTOR('',#6931,1.);
#6931 = DIRECTION('',(-1.,0.,0.));
#6932 = ORIENTED_EDGE('',*,*,#6933,.F.);
#6933 = EDGE_CURVE('',#6934,#6926,#6936,.T.);
#6934 = VERTEX_POINT('',#6935);
#6935 = CARTESIAN_POINT('',(-1.600000000001,1.945714882942,
    -1.693334600143E-10));
#6936 = LINE('',#6937,#6938);
#6937 = CARTESIAN_POINT('',(-1.599999999916,1.995714883026,
    -2.540000002861E-10));
#6938 = VECTOR('',#6939,1.);
#6939 = DIRECTION('',(0.,1.,0.));
#6940 = ORIENTED_EDGE('',*,*,#6941,.T.);
#6941 = EDGE_CURVE('',#6934,#6942,#6944,.T.);
#6942 = VERTEX_POINT('',#6943);
#6943 = CARTESIAN_POINT('',(-1.4,1.945714882942,-1.693334600143E-10));
#6944 = LINE('',#6945,#6946);
#6945 = CARTESIAN_POINT('',(-1.499999999915,1.945714883026,
    -2.540000002861E-10));
#6946 = VECTOR('',#6947,1.);
#6947 = DIRECTION('',(1.,0.,0.));
#6948 = ORIENTED_EDGE('',*,*,#6949,.T.);
#6949 = EDGE_CURVE('',#6942,#6950,#6952,.T.);
#6950 = VERTEX_POINT('',#6951);
#6951 = CARTESIAN_POINT('',(-1.4,2.045714882942,-1.693334600143E-10));
#6952 = LINE('',#6953,#6954);
#6953 = CARTESIAN_POINT('',(-1.399999999914,1.995714883026,
    -2.540000002861E-10));
#6954 = VECTOR('',#6955,1.);
#6955 = DIRECTION('',(0.,1.,0.));
#6956 = ORIENTED_EDGE('',*,*,#6957,.F.);
#6957 = EDGE_CURVE('',#6958,#6950,#6960,.T.);
#6958 = VERTEX_POINT('',#6959);
#6959 = CARTESIAN_POINT('',(-0.6,2.045714882942,-1.693334600143E-10));
#6960 = LINE('',#6961,#6962);
#6961 = CARTESIAN_POINT('',(-0.999999999915,2.045714883026,
    -2.540000002861E-10));
#6962 = VECTOR('',#6963,1.);
#6963 = DIRECTION('',(-1.,0.,0.));
#6964 = ORIENTED_EDGE('',*,*,#6965,.F.);
#6965 = EDGE_CURVE('',#6966,#6958,#6968,.T.);
#6966 = VERTEX_POINT('',#6967);
#6967 = CARTESIAN_POINT('',(-0.6,1.945714882942,-1.693334600143E-10));
#6968 = LINE('',#6969,#6970);
#6969 = CARTESIAN_POINT('',(-0.599999999915,1.995714883026,
    -2.540000002861E-10));
#6970 = VECTOR('',#6971,1.);
#6971 = DIRECTION('',(0.,1.,0.));
#6972 = ORIENTED_EDGE('',*,*,#6973,.T.);
#6973 = EDGE_CURVE('',#6966,#6974,#6976,.T.);
#6974 = VERTEX_POINT('',#6975);
#6975 = CARTESIAN_POINT('',(-0.400000000002,1.945714882942,
    -1.693334600143E-10));
#6976 = LINE('',#6977,#6978);
#6977 = CARTESIAN_POINT('',(-0.499999999915,1.945714883026,
    -2.540000002861E-10));
#6978 = VECTOR('',#6979,1.);
#6979 = DIRECTION('',(1.,0.,0.));
#6980 = ORIENTED_EDGE('',*,*,#6981,.T.);
#6981 = EDGE_CURVE('',#6974,#6982,#6984,.T.);
#6982 = VERTEX_POINT('',#6983);
#6983 = CARTESIAN_POINT('',(-0.400000000002,2.045714882942,
    -1.693334600143E-10));
#6984 = LINE('',#6985,#6986);
#6985 = CARTESIAN_POINT('',(-0.399999999916,1.995714883026,
    -2.540000002861E-10));
#6986 = VECTOR('',#6987,1.);
#6987 = DIRECTION('',(0.,1.,0.));
#6988 = ORIENTED_EDGE('',*,*,#6989,.F.);
#6989 = EDGE_CURVE('',#5390,#6982,#6990,.T.);
#6990 = LINE('',#6991,#6992);
#6991 = CARTESIAN_POINT('',(8.348877145181E-11,2.045714883026,
    -2.540000002861E-10));
#6992 = VECTOR('',#6993,1.);
#6993 = DIRECTION('',(-1.,0.,0.));
#6994 = ORIENTED_EDGE('',*,*,#5389,.F.);
#6995 = ORIENTED_EDGE('',*,*,#6996,.T.);
#6996 = EDGE_CURVE('',#5382,#5459,#6997,.T.);
#6997 = LINE('',#6998,#6999);
#6998 = CARTESIAN_POINT('',(0.500000000085,1.945714883026,
    -2.540000002861E-10));
#6999 = VECTOR('',#7000,1.);
#7000 = DIRECTION('',(1.,0.,0.));
#7001 = ORIENTED_EDGE('',*,*,#5458,.T.);
#7002 = ORIENTED_EDGE('',*,*,#7003,.F.);
#7003 = EDGE_CURVE('',#5524,#5461,#7004,.T.);
#7004 = LINE('',#7005,#7006);
#7005 = CARTESIAN_POINT('',(1.000000000084,2.045714883026,
    -2.540000002861E-10));
#7006 = VECTOR('',#7007,1.);
#7007 = DIRECTION('',(-1.,0.,0.));
#7008 = PLANE('',#7009);
#7009 = AXIS2_PLACEMENT_3D('',#7010,#7011,#7012);
#7010 = CARTESIAN_POINT('',(-3.001000000169,2.046714882773,0.));
#7011 = DIRECTION('',(0.,0.,-1.));
#7012 = DIRECTION('',(1.,0.,0.));
#7013 = ADVANCED_FACE('',(#7014),#7032,.T.);
#7014 = FACE_BOUND('',#7015,.T.);
#7015 = EDGE_LOOP('',(#7016,#7024,#7025,#7026));
#7016 = ORIENTED_EDGE('',*,*,#7017,.T.);
#7017 = EDGE_CURVE('',#7018,#6424,#7020,.T.);
#7018 = VERTEX_POINT('',#7019);
#7019 = CARTESIAN_POINT('',(-2.7,-1.704285117059,1.200000000169));
#7020 = LINE('',#7021,#7022);
#7021 = CARTESIAN_POINT('',(-2.699999999915,-1.954285116975,
    1.200000000254));
#7022 = VECTOR('',#7023,1.);
#7023 = DIRECTION('',(0.,-1.,-4.987329993428E-15));
#7024 = ORIENTED_EDGE('',*,*,#6423,.T.);
#7025 = ORIENTED_EDGE('',*,*,#6817,.F.);
#7026 = ORIENTED_EDGE('',*,*,#7027,.F.);
#7027 = EDGE_CURVE('',#7018,#6810,#7028,.T.);
#7028 = LINE('',#7029,#7030);
#7029 = CARTESIAN_POINT('',(-2.849999999916,-1.704285116975,
    1.200000000254));
#7030 = VECTOR('',#7031,1.);
#7031 = DIRECTION('',(-1.,0.,0.));
#7032 = PLANE('',#7033);
#7033 = AXIS2_PLACEMENT_3D('',#7034,#7035,#7036);
#7034 = CARTESIAN_POINT('',(-2.69900000017,-1.703285117227,1.2));
#7035 = DIRECTION('',(0.,0.,-1.));
#7036 = DIRECTION('',(0.,-1.,0.));
#7037 = ADVANCED_FACE('',(#7038),#7078,.T.);
#7038 = FACE_BOUND('',#7039,.T.);
#7039 = EDGE_LOOP('',(#7040,#7050,#7056,#7057,#7058,#7064,#7072));
#7040 = ORIENTED_EDGE('',*,*,#7041,.T.);
#7041 = EDGE_CURVE('',#7042,#7044,#7046,.T.);
#7042 = VERTEX_POINT('',#7043);
#7043 = CARTESIAN_POINT('',(2.699999999999,-1.704285117059,
    0.550000000169));
#7044 = VERTEX_POINT('',#7045);
#7045 = CARTESIAN_POINT('',(2.699999999999,-1.704285117059,
    1.200000000169));
#7046 = LINE('',#7047,#7048);
#7047 = CARTESIAN_POINT('',(2.700000000085,-1.704285116975,
    0.875000000254));
#7048 = VECTOR('',#7049,1.);
#7049 = DIRECTION('',(0.,0.,1.));
#7050 = ORIENTED_EDGE('',*,*,#7051,.T.);
#7051 = EDGE_CURVE('',#7044,#6482,#7052,.T.);
#7052 = LINE('',#7053,#7054);
#7053 = CARTESIAN_POINT('',(2.700000000085,-1.954285116974,
    1.200000000254));
#7054 = VECTOR('',#7055,1.);
#7055 = DIRECTION('',(0.,-1.,-4.987329993454E-15));
#7056 = ORIENTED_EDGE('',*,*,#6481,.T.);
#7057 = ORIENTED_EDGE('',*,*,#6709,.T.);
#7058 = ORIENTED_EDGE('',*,*,#7059,.T.);
#7059 = EDGE_CURVE('',#6702,#6887,#7060,.T.);
#7060 = LINE('',#7061,#7062);
#7061 = CARTESIAN_POINT('',(2.700000000085,-0.704285116974,
    -2.500000025401E-02));
#7062 = VECTOR('',#7063,1.);
#7063 = DIRECTION('',(0.,0.,1.));
#7064 = ORIENTED_EDGE('',*,*,#7065,.F.);
#7065 = EDGE_CURVE('',#7066,#6887,#7068,.T.);
#7066 = VERTEX_POINT('',#7067);
#7067 = CARTESIAN_POINT('',(2.699999999999,-0.704285117058,
    0.550000000169));
#7068 = LINE('',#7069,#7070);
#7069 = CARTESIAN_POINT('',(2.700000000085,-0.704285116974,0.275));
#7070 = VECTOR('',#7071,1.);
#7071 = DIRECTION('',(0.,0.,-1.));
#7072 = ORIENTED_EDGE('',*,*,#7073,.T.);
#7073 = EDGE_CURVE('',#7066,#7042,#7074,.T.);
#7074 = LINE('',#7075,#7076);
#7075 = CARTESIAN_POINT('',(2.700000000085,-1.204285116975,
    0.550000000254));
#7076 = VECTOR('',#7077,1.);
#7077 = DIRECTION('',(0.,-1.,-4.065758146816E-15));
#7078 = PLANE('',#7079);
#7079 = AXIS2_PLACEMENT_3D('',#7080,#7081,#7082);
#7080 = CARTESIAN_POINT('',(2.699999999831,-0.703285117229,
    -5.100000000001E-02));
#7081 = DIRECTION('',(1.,0.,0.));
#7082 = DIRECTION('',(0.,0.,1.));
#7083 = ADVANCED_FACE('',(#7084),#7124,.T.);
#7084 = FACE_BOUND('',#7085,.T.);
#7085 = EDGE_LOOP('',(#7086,#7096,#7102,#7110,#7116,#7117,#7118));
#7086 = ORIENTED_EDGE('',*,*,#7087,.F.);
#7087 = EDGE_CURVE('',#7088,#7090,#7092,.T.);
#7088 = VERTEX_POINT('',#7089);
#7089 = CARTESIAN_POINT('',(-2.7,-0.704285117058,0.550000000169));
#7090 = VERTEX_POINT('',#7091);
#7091 = CARTESIAN_POINT('',(-2.7,-1.704285117059,0.550000000169));
#7092 = LINE('',#7093,#7094);
#7093 = CARTESIAN_POINT('',(-2.699999999915,-1.204285116975,
    0.550000000254));
#7094 = VECTOR('',#7095,1.);
#7095 = DIRECTION('',(0.,-1.,-4.065758146816E-15));
#7096 = ORIENTED_EDGE('',*,*,#7097,.F.);
#7097 = EDGE_CURVE('',#6911,#7088,#7098,.T.);
#7098 = LINE('',#7099,#7100);
#7099 = CARTESIAN_POINT('',(-2.699999999915,-0.704285116974,0.275));
#7100 = VECTOR('',#7101,1.);
#7101 = DIRECTION('',(0.,0.,1.));
#7102 = ORIENTED_EDGE('',*,*,#7103,.F.);
#7103 = EDGE_CURVE('',#7104,#6911,#7106,.T.);
#7104 = VERTEX_POINT('',#7105);
#7105 = CARTESIAN_POINT('',(-2.7,-0.704285117058,-5.000000016934E-02));
#7106 = LINE('',#7107,#7108);
#7107 = CARTESIAN_POINT('',(-2.699999999915,-0.704285116974,
    -2.500000025401E-02));
#7108 = VECTOR('',#7109,1.);
#7109 = DIRECTION('',(0.,0.,1.));
#7110 = ORIENTED_EDGE('',*,*,#7111,.F.);
#7111 = EDGE_CURVE('',#6434,#7104,#7112,.T.);
#7112 = LINE('',#7113,#7114);
#7113 = CARTESIAN_POINT('',(-2.699999999915,-1.454285116974,
    -5.000000025401E-02));
#7114 = VECTOR('',#7115,1.);
#7115 = DIRECTION('',(0.,1.,5.05961013826E-15));
#7116 = ORIENTED_EDGE('',*,*,#6433,.F.);
#7117 = ORIENTED_EDGE('',*,*,#7017,.F.);
#7118 = ORIENTED_EDGE('',*,*,#7119,.F.);
#7119 = EDGE_CURVE('',#7090,#7018,#7120,.T.);
#7120 = LINE('',#7121,#7122);
#7121 = CARTESIAN_POINT('',(-2.699999999915,-1.704285116975,
    0.875000000254));
#7122 = VECTOR('',#7123,1.);
#7123 = DIRECTION('',(0.,0.,1.));
#7124 = PLANE('',#7125);
#7125 = AXIS2_PLACEMENT_3D('',#7126,#7127,#7128);
#7126 = CARTESIAN_POINT('',(-2.700000000169,-2.205285117228,
    -5.100000000001E-02));
#7127 = DIRECTION('',(-1.,0.,0.));
#7128 = DIRECTION('',(0.,0.,1.));
#7129 = ADVANCED_FACE('',(#7130),#7180,.T.);
#7130 = FACE_BOUND('',#7131,.T.);
#7131 = EDGE_LOOP('',(#7132,#7140,#7141,#7142,#7150,#7158,#7166,#7174));
#7132 = ORIENTED_EDGE('',*,*,#7133,.T.);
#7133 = EDGE_CURVE('',#7134,#6825,#7136,.T.);
#7134 = VERTEX_POINT('',#7135);
#7135 = CARTESIAN_POINT('',(-2.500000000169,0.557039748177,2.9));
#7136 = LINE('',#7137,#7138);
#7137 = CARTESIAN_POINT('',(-2.749999999916,0.557039748431,
    2.900000000254));
#7138 = VECTOR('',#7139,1.);
#7139 = DIRECTION('',(-1.,0.,0.));
#7140 = ORIENTED_EDGE('',*,*,#6824,.T.);
#7141 = ORIENTED_EDGE('',*,*,#6505,.T.);
#7142 = ORIENTED_EDGE('',*,*,#7143,.T.);
#7143 = EDGE_CURVE('',#6498,#7144,#7146,.T.);
#7144 = VERTEX_POINT('',#7145);
#7145 = CARTESIAN_POINT('',(3.,0.557039748362,2.900000000227));
#7146 = LINE('',#7147,#7148);
#7147 = CARTESIAN_POINT('',(3.000000000085,-0.823622684272,
    2.900000000254));
#7148 = VECTOR('',#7149,1.);
#7149 = DIRECTION('',(0.,1.,0.));
#7150 = ORIENTED_EDGE('',*,*,#7151,.F.);
#7151 = EDGE_CURVE('',#7152,#7144,#7154,.T.);
#7152 = VERTEX_POINT('',#7153);
#7153 = CARTESIAN_POINT('',(2.500000000001,0.557039748362,2.900000000227
    ));
#7154 = LINE('',#7155,#7156);
#7155 = CARTESIAN_POINT('',(2.750000000086,0.557039748431,2.900000000254
    ));
#7156 = VECTOR('',#7157,1.);
#7157 = DIRECTION('',(1.,0.,0.));
#7158 = ORIENTED_EDGE('',*,*,#7159,.F.);
#7159 = EDGE_CURVE('',#7160,#7152,#7162,.T.);
#7160 = VERTEX_POINT('',#7161);
#7161 = CARTESIAN_POINT('',(2.499999999832,2.045714882772,2.9));
#7162 = LINE('',#7163,#7164);
#7163 = CARTESIAN_POINT('',(2.500000000085,1.301377315728,2.900000000254
    ));
#7164 = VECTOR('',#7165,1.);
#7165 = DIRECTION('',(0.,-1.,0.));
#7166 = ORIENTED_EDGE('',*,*,#7167,.T.);
#7167 = EDGE_CURVE('',#7160,#7168,#7170,.T.);
#7168 = VERTEX_POINT('',#7169);
#7169 = CARTESIAN_POINT('',(-2.500000000169,2.045714882772,2.9));
#7170 = LINE('',#7171,#7172);
#7171 = CARTESIAN_POINT('',(8.448797217397E-11,2.045714883026,
    2.900000000254));
#7172 = VECTOR('',#7173,1.);
#7173 = DIRECTION('',(-1.,0.,0.));
#7174 = ORIENTED_EDGE('',*,*,#7175,.T.);
#7175 = EDGE_CURVE('',#7168,#7134,#7176,.T.);
#7176 = LINE('',#7177,#7178);
#7177 = CARTESIAN_POINT('',(-2.499999999915,1.301377315728,
    2.900000000254));
#7178 = VECTOR('',#7179,1.);
#7179 = DIRECTION('',(0.,-1.,0.));
#7180 = PLANE('',#7181);
#7181 = AXIS2_PLACEMENT_3D('',#7182,#7183,#7184);
#7182 = CARTESIAN_POINT('',(3.00099999983,2.046714882773,2.9));
#7183 = DIRECTION('',(0.,0.,1.));
#7184 = DIRECTION('',(-1.,0.,0.));
#7185 = ADVANCED_FACE('',(#7186),#7197,.F.);
#7186 = FACE_BOUND('',#7187,.T.);
#7187 = EDGE_LOOP('',(#7188,#7189,#7195,#7196));
#7188 = ORIENTED_EDGE('',*,*,#6902,.T.);
#7189 = ORIENTED_EDGE('',*,*,#7190,.F.);
#7190 = EDGE_CURVE('',#6694,#6895,#7191,.T.);
#7191 = LINE('',#7192,#7193);
#7192 = CARTESIAN_POINT('',(2.500000000086,-0.704285116974,
    -2.500000025401E-02));
#7193 = VECTOR('',#7194,1.);
#7194 = DIRECTION('',(0.,0.,1.));
#7195 = ORIENTED_EDGE('',*,*,#6693,.F.);
#7196 = ORIENTED_EDGE('',*,*,#6465,.F.);
#7197 = PLANE('',#7198);
#7198 = AXIS2_PLACEMENT_3D('',#7199,#7200,#7201);
#7199 = CARTESIAN_POINT('',(2.499999999832,2.046714882773,1.399));
#7200 = DIRECTION('',(1.,0.,0.));
#7201 = DIRECTION('',(0.,0.,1.));
#7202 = ADVANCED_FACE('',(#7203),#7276,.T.);
#7203 = FACE_BOUND('',#7204,.T.);
#7204 = EDGE_LOOP('',(#7205,#7215,#7221,#7222,#7223,#7231,#7239,#7247,
    #7253,#7254,#7262,#7270));
#7205 = ORIENTED_EDGE('',*,*,#7206,.F.);
#7206 = EDGE_CURVE('',#7207,#7209,#7211,.T.);
#7207 = VERTEX_POINT('',#7208);
#7208 = CARTESIAN_POINT('',(3.,0.845714882956,2.400000000227));
#7209 = VERTEX_POINT('',#7210);
#7210 = CARTESIAN_POINT('',(3.,1.495714882941,2.400000000169));
#7211 = LINE('',#7212,#7213);
#7212 = CARTESIAN_POINT('',(3.000000000085,1.170714883025,2.400000000254
    ));
#7213 = VECTOR('',#7214,1.);
#7214 = DIRECTION('',(0.,1.,4.003208021485E-15));
#7215 = ORIENTED_EDGE('',*,*,#7216,.F.);
#7216 = EDGE_CURVE('',#7144,#7207,#7217,.T.);
#7217 = LINE('',#7218,#7219);
#7218 = CARTESIAN_POINT('',(3.000000000085,0.701377315728,2.650000000254
    ));
#7219 = VECTOR('',#7220,1.);
#7220 = DIRECTION('',(0.,0.499999999999,-0.866025403785));
#7221 = ORIENTED_EDGE('',*,*,#7143,.F.);
#7222 = ORIENTED_EDGE('',*,*,#6497,.T.);
#7223 = ORIENTED_EDGE('',*,*,#7224,.F.);
#7224 = EDGE_CURVE('',#7225,#6490,#7227,.T.);
#7225 = VERTEX_POINT('',#7226);
#7226 = CARTESIAN_POINT('',(3.,-1.704285117059,1.200000000169));
#7227 = LINE('',#7228,#7229);
#7228 = CARTESIAN_POINT('',(3.000000000085,-1.954285116974,
    1.200000000254));
#7229 = VECTOR('',#7230,1.);
#7230 = DIRECTION('',(0.,-1.,-4.987329993454E-15));
#7231 = ORIENTED_EDGE('',*,*,#7232,.F.);
#7232 = EDGE_CURVE('',#7233,#7225,#7235,.T.);
#7233 = VERTEX_POINT('',#7234);
#7234 = CARTESIAN_POINT('',(3.,-1.704285117059,0.550000000169));
#7235 = LINE('',#7236,#7237);
#7236 = CARTESIAN_POINT('',(3.000000000085,-1.704285116975,
    0.875000000254));
#7237 = VECTOR('',#7238,1.);
#7238 = DIRECTION('',(0.,0.,1.));
#7239 = ORIENTED_EDGE('',*,*,#7240,.F.);
#7240 = EDGE_CURVE('',#7241,#7233,#7243,.T.);
#7241 = VERTEX_POINT('',#7242);
#7242 = CARTESIAN_POINT('',(3.,-0.704285117058,0.550000000169));
#7243 = LINE('',#7244,#7245);
#7244 = CARTESIAN_POINT('',(3.000000000085,-1.204285116975,
    0.550000000254));
#7245 = VECTOR('',#7246,1.);
#7246 = DIRECTION('',(0.,-1.,-5.583641188294E-15));
#7247 = ORIENTED_EDGE('',*,*,#7248,.F.);
#7248 = EDGE_CURVE('',#6879,#7241,#7249,.T.);
#7249 = LINE('',#7250,#7251);
#7250 = CARTESIAN_POINT('',(3.000000000085,-0.704285116974,0.275));
#7251 = VECTOR('',#7252,1.);
#7252 = DIRECTION('',(0.,0.,1.));
#7253 = ORIENTED_EDGE('',*,*,#6878,.T.);
#7254 = ORIENTED_EDGE('',*,*,#7255,.F.);
#7255 = EDGE_CURVE('',#7256,#6871,#7258,.T.);
#7256 = VERTEX_POINT('',#7257);
#7257 = CARTESIAN_POINT('',(3.,2.045714882942,1.400000000169));
#7258 = LINE('',#7259,#7260);
#7259 = CARTESIAN_POINT('',(3.000000000085,2.045714883026,0.7));
#7260 = VECTOR('',#7261,1.);
#7261 = DIRECTION('',(0.,0.,-1.));
#7262 = ORIENTED_EDGE('',*,*,#7263,.F.);
#7263 = EDGE_CURVE('',#7264,#7256,#7266,.T.);
#7264 = VERTEX_POINT('',#7265);
#7265 = CARTESIAN_POINT('',(3.,1.495714882941,1.400000000169));
#7266 = LINE('',#7267,#7268);
#7267 = CARTESIAN_POINT('',(3.000000000085,1.770714883025,1.400000000254
    ));
#7268 = VECTOR('',#7269,1.);
#7269 = DIRECTION('',(0.,1.,0.));
#7270 = ORIENTED_EDGE('',*,*,#7271,.F.);
#7271 = EDGE_CURVE('',#7209,#7264,#7272,.T.);
#7272 = LINE('',#7273,#7274);
#7273 = CARTESIAN_POINT('',(3.000000000085,1.495714883025,1.900000000254
    ));
#7274 = VECTOR('',#7275,1.);
#7275 = DIRECTION('',(0.,0.,-1.));
#7276 = PLANE('',#7277);
#7277 = AXIS2_PLACEMENT_3D('',#7278,#7279,#7280);
#7278 = CARTESIAN_POINT('',(2.999999999831,-2.205285117228,
    -1.000000000016E-03));
#7279 = DIRECTION('',(1.,0.,0.));
#7280 = DIRECTION('',(-0.,1.,4.169027638789E-15));
#7281 = ADVANCED_FACE('',(#7282),#7288,.T.);
#7282 = FACE_BOUND('',#7283,.T.);
#7283 = EDGE_LOOP('',(#7284,#7285,#7286,#7287));
#7284 = ORIENTED_EDGE('',*,*,#6398,.T.);
#7285 = ORIENTED_EDGE('',*,*,#6590,.F.);
#7286 = ORIENTED_EDGE('',*,*,#6548,.F.);
#7287 = ORIENTED_EDGE('',*,*,#6571,.T.);
#7288 = PLANE('',#7289);
#7289 = AXIS2_PLACEMENT_3D('',#7290,#7291,#7292);
#7290 = CARTESIAN_POINT('',(2.549999999831,0.196714882772,1.399));
#7291 = DIRECTION('',(-1.,0.,0.));
#7292 = DIRECTION('',(-0.,-1.,-4.152647788036E-15));
#7293 = ADVANCED_FACE('',(#7294),#7305,.T.);
#7294 = FACE_BOUND('',#7295,.T.);
#7295 = EDGE_LOOP('',(#7296,#7297,#7298,#7304));
#7296 = ORIENTED_EDGE('',*,*,#6489,.F.);
#7297 = ORIENTED_EDGE('',*,*,#7051,.F.);
#7298 = ORIENTED_EDGE('',*,*,#7299,.T.);
#7299 = EDGE_CURVE('',#7044,#7225,#7300,.T.);
#7300 = LINE('',#7301,#7302);
#7301 = CARTESIAN_POINT('',(2.850000000086,-1.704285116975,
    1.200000000254));
#7302 = VECTOR('',#7303,1.);
#7303 = DIRECTION('',(1.,0.,0.));
#7304 = ORIENTED_EDGE('',*,*,#7224,.T.);
#7305 = PLANE('',#7306);
#7306 = AXIS2_PLACEMENT_3D('',#7307,#7308,#7309);
#7307 = CARTESIAN_POINT('',(-2.69900000017,-1.703285117227,1.2));
#7308 = DIRECTION('',(0.,0.,-1.));
#7309 = DIRECTION('',(0.,-1.,0.));
#7310 = ADVANCED_FACE('',(#7311),#7322,.T.);
#7311 = FACE_BOUND('',#7312,.T.);
#7312 = EDGE_LOOP('',(#7313,#7314,#7315,#7316));
#7313 = ORIENTED_EDGE('',*,*,#6745,.F.);
#7314 = ORIENTED_EDGE('',*,*,#6441,.F.);
#7315 = ORIENTED_EDGE('',*,*,#7111,.T.);
#7316 = ORIENTED_EDGE('',*,*,#7317,.T.);
#7317 = EDGE_CURVE('',#7104,#6746,#7318,.T.);
#7318 = LINE('',#7319,#7320);
#7319 = CARTESIAN_POINT('',(-2.599999999914,-0.704285116974,
    -5.000000025401E-02));
#7320 = VECTOR('',#7321,1.);
#7321 = DIRECTION('',(1.,0.,0.));
#7322 = PLANE('',#7323);
#7323 = AXIS2_PLACEMENT_3D('',#7324,#7325,#7326);
#7324 = CARTESIAN_POINT('',(-2.499000000171,-0.703285117229,
    -5.000000000001E-02));
#7325 = DIRECTION('',(0.,0.,-1.));
#7326 = DIRECTION('',(0.,-1.,0.));
#7327 = ADVANCED_FACE('',(#7328),#7334,.F.);
#7328 = FACE_BOUND('',#7329,.T.);
#7329 = EDGE_LOOP('',(#7330,#7331,#7332,#7333));
#7330 = ORIENTED_EDGE('',*,*,#6894,.T.);
#7331 = ORIENTED_EDGE('',*,*,#7059,.F.);
#7332 = ORIENTED_EDGE('',*,*,#6701,.T.);
#7333 = ORIENTED_EDGE('',*,*,#7190,.T.);
#7334 = PLANE('',#7335);
#7335 = AXIS2_PLACEMENT_3D('',#7336,#7337,#7338);
#7336 = CARTESIAN_POINT('',(-2.69900000017,-0.704285117227,
    -1.000000000009E-03));
#7337 = DIRECTION('',(0.,-1.,0.));
#7338 = DIRECTION('',(0.,0.,1.));
#7339 = ADVANCED_FACE('',(#7340),#7346,.F.);
#7340 = FACE_BOUND('',#7341,.T.);
#7341 = EDGE_LOOP('',(#7342,#7343,#7344,#7345));
#7342 = ORIENTED_EDGE('',*,*,#7103,.T.);
#7343 = ORIENTED_EDGE('',*,*,#6910,.F.);
#7344 = ORIENTED_EDGE('',*,*,#6753,.F.);
#7345 = ORIENTED_EDGE('',*,*,#7317,.F.);
#7346 = PLANE('',#7347);
#7347 = AXIS2_PLACEMENT_3D('',#7348,#7349,#7350);
#7348 = CARTESIAN_POINT('',(-2.69900000017,-0.704285117227,
    -1.000000000009E-03));
#7349 = DIRECTION('',(0.,-1.,0.));
#7350 = DIRECTION('',(0.,0.,1.));
#7351 = ADVANCED_FACE('',(#7352),#7377,.T.);
#7352 = FACE_BOUND('',#7353,.T.);
#7353 = EDGE_LOOP('',(#7354,#7355,#7363,#7371));
#7354 = ORIENTED_EDGE('',*,*,#6848,.F.);
#7355 = ORIENTED_EDGE('',*,*,#7356,.F.);
#7356 = EDGE_CURVE('',#7357,#6841,#7359,.T.);
#7357 = VERTEX_POINT('',#7358);
#7358 = CARTESIAN_POINT('',(-2.500000000001,1.495714882941,
    2.400000000169));
#7359 = LINE('',#7360,#7361);
#7360 = CARTESIAN_POINT('',(-2.749999999916,1.495714883025,
    2.400000000254));
#7361 = VECTOR('',#7362,1.);
#7362 = DIRECTION('',(-1.,0.,0.));
#7363 = ORIENTED_EDGE('',*,*,#7364,.T.);
#7364 = EDGE_CURVE('',#7357,#7365,#7367,.T.);
#7365 = VERTEX_POINT('',#7366);
#7366 = CARTESIAN_POINT('',(-2.500000000001,1.495714882941,
    1.400000000169));
#7367 = LINE('',#7368,#7369);
#7368 = CARTESIAN_POINT('',(-2.499999999915,1.495714883025,
    1.900000000254));
#7369 = VECTOR('',#7370,1.);
#7370 = DIRECTION('',(0.,0.,-1.));
#7371 = ORIENTED_EDGE('',*,*,#7372,.T.);
#7372 = EDGE_CURVE('',#7365,#6768,#7373,.T.);
#7373 = LINE('',#7374,#7375);
#7374 = CARTESIAN_POINT('',(-2.749999999916,1.495714883025,
    1.400000000254));
#7375 = VECTOR('',#7376,1.);
#7376 = DIRECTION('',(-1.,0.,0.));
#7377 = PLANE('',#7378);
#7378 = AXIS2_PLACEMENT_3D('',#7379,#7380,#7381);
#7379 = CARTESIAN_POINT('',(-2.499000000171,1.495714882771,2.401));
#7380 = DIRECTION('',(0.,1.,0.));
#7381 = DIRECTION('',(0.,0.,-1.));
#7382 = ADVANCED_FACE('',(#7383),#7401,.T.);
#7383 = FACE_BOUND('',#7384,.T.);
#7384 = EDGE_LOOP('',(#7385,#7386,#7394,#7400));
#7385 = ORIENTED_EDGE('',*,*,#6840,.F.);
#7386 = ORIENTED_EDGE('',*,*,#7387,.F.);
#7387 = EDGE_CURVE('',#7388,#6833,#7390,.T.);
#7388 = VERTEX_POINT('',#7389);
#7389 = CARTESIAN_POINT('',(-2.500000000001,0.845714882956,
    2.400000000227));
#7390 = LINE('',#7391,#7392);
#7391 = CARTESIAN_POINT('',(-2.749999999916,0.845714883025,
    2.400000000254));
#7392 = VECTOR('',#7393,1.);
#7393 = DIRECTION('',(-1.,0.,0.));
#7394 = ORIENTED_EDGE('',*,*,#7395,.T.);
#7395 = EDGE_CURVE('',#7388,#7357,#7396,.T.);
#7396 = LINE('',#7397,#7398);
#7397 = CARTESIAN_POINT('',(-2.499999999915,1.170714883025,
    2.400000000254));
#7398 = VECTOR('',#7399,1.);
#7399 = DIRECTION('',(0.,1.,4.003208021485E-15));
#7400 = ORIENTED_EDGE('',*,*,#7356,.T.);
#7401 = PLANE('',#7402);
#7402 = AXIS2_PLACEMENT_3D('',#7403,#7404,#7405);
#7403 = CARTESIAN_POINT('',(-2.499000000171,1.496714882773,2.4));
#7404 = DIRECTION('',(0.,0.,1.));
#7405 = DIRECTION('',(-1.,0.,0.));
#7406 = ADVANCED_FACE('',(#7407),#7418,.T.);
#7407 = FACE_BOUND('',#7408,.T.);
#7408 = EDGE_LOOP('',(#7409,#7410,#7411,#7417));
#7409 = ORIENTED_EDGE('',*,*,#6832,.F.);
#7410 = ORIENTED_EDGE('',*,*,#7133,.F.);
#7411 = ORIENTED_EDGE('',*,*,#7412,.T.);
#7412 = EDGE_CURVE('',#7134,#7388,#7413,.T.);
#7413 = LINE('',#7414,#7415);
#7414 = CARTESIAN_POINT('',(-2.499999999915,0.701377315728,
    2.650000000254));
#7415 = VECTOR('',#7416,1.);
#7416 = DIRECTION('',(0.,0.499999999999,-0.866025403785));
#7417 = ORIENTED_EDGE('',*,*,#7387,.T.);
#7418 = PLANE('',#7419);
#7419 = AXIS2_PLACEMENT_3D('',#7420,#7421,#7422);
#7420 = CARTESIAN_POINT('',(-2.499000000171,0.556539748176,
    2.900866025404));
#7421 = DIRECTION('',(0.,0.866025403784,0.500000000001));
#7422 = DIRECTION('',(0.,0.500000000001,-0.866025403784));
#7423 = ADVANCED_FACE('',(#7424),#7440,.T.);
#7424 = FACE_BOUND('',#7425,.T.);
#7425 = EDGE_LOOP('',(#7426,#7427,#7433,#7434));
#7426 = ORIENTED_EDGE('',*,*,#7087,.T.);
#7427 = ORIENTED_EDGE('',*,*,#7428,.T.);
#7428 = EDGE_CURVE('',#7090,#6802,#7429,.T.);
#7429 = LINE('',#7430,#7431);
#7430 = CARTESIAN_POINT('',(-2.849999999916,-1.704285116975,
    0.550000000254));
#7431 = VECTOR('',#7432,1.);
#7432 = DIRECTION('',(-1.,0.,0.));
#7433 = ORIENTED_EDGE('',*,*,#6801,.F.);
#7434 = ORIENTED_EDGE('',*,*,#7435,.F.);
#7435 = EDGE_CURVE('',#7088,#6794,#7436,.T.);
#7436 = LINE('',#7437,#7438);
#7437 = CARTESIAN_POINT('',(-2.849999999916,-0.704285116974,
    0.550000000254));
#7438 = VECTOR('',#7439,1.);
#7439 = DIRECTION('',(-1.,0.,0.));
#7440 = PLANE('',#7441);
#7441 = AXIS2_PLACEMENT_3D('',#7442,#7443,#7444);
#7442 = CARTESIAN_POINT('',(-2.69900000017,-0.703285117229,0.55));
#7443 = DIRECTION('',(0.,0.,-1.));
#7444 = DIRECTION('',(0.,-1.,0.));
#7445 = ADVANCED_FACE('',(#7446),#7464,.T.);
#7446 = FACE_BOUND('',#7447,.T.);
#7447 = EDGE_LOOP('',(#7448,#7449,#7450,#7458));
#7448 = ORIENTED_EDGE('',*,*,#6767,.F.);
#7449 = ORIENTED_EDGE('',*,*,#7372,.F.);
#7450 = ORIENTED_EDGE('',*,*,#7451,.T.);
#7451 = EDGE_CURVE('',#7365,#7452,#7454,.T.);
#7452 = VERTEX_POINT('',#7453);
#7453 = CARTESIAN_POINT('',(-2.500000000001,2.045714882942,
    1.400000000169));
#7454 = LINE('',#7455,#7456);
#7455 = CARTESIAN_POINT('',(-2.499999999915,1.770714883025,
    1.400000000254));
#7456 = VECTOR('',#7457,1.);
#7457 = DIRECTION('',(0.,1.,0.));
#7458 = ORIENTED_EDGE('',*,*,#7459,.T.);
#7459 = EDGE_CURVE('',#7452,#6770,#7460,.T.);
#7460 = LINE('',#7461,#7462);
#7461 = CARTESIAN_POINT('',(-2.749999999916,2.045714883026,
    1.400000000254));
#7462 = VECTOR('',#7463,1.);
#7463 = DIRECTION('',(-1.,0.,0.));
#7464 = PLANE('',#7465);
#7465 = AXIS2_PLACEMENT_3D('',#7466,#7467,#7468);
#7466 = CARTESIAN_POINT('',(-2.199000000168,0.196714882772,1.4));
#7467 = DIRECTION('',(0.,0.,1.));
#7468 = DIRECTION('',(-1.,0.,0.));
#7469 = ADVANCED_FACE('',(#7470),#7476,.T.);
#7470 = FACE_BOUND('',#7471,.T.);
#7471 = EDGE_LOOP('',(#7472,#7473,#7474,#7475));
#7472 = ORIENTED_EDGE('',*,*,#7119,.T.);
#7473 = ORIENTED_EDGE('',*,*,#7027,.T.);
#7474 = ORIENTED_EDGE('',*,*,#6809,.F.);
#7475 = ORIENTED_EDGE('',*,*,#7428,.F.);
#7476 = PLANE('',#7477);
#7477 = AXIS2_PLACEMENT_3D('',#7478,#7479,#7480);
#7478 = CARTESIAN_POINT('',(-2.69900000017,-1.704285117229,0.549));
#7479 = DIRECTION('',(0.,-1.,0.));
#7480 = DIRECTION('',(0.,0.,1.));
#7481 = ADVANCED_FACE('',(#7482),#7488,.T.);
#7482 = FACE_BOUND('',#7483,.T.);
#7483 = EDGE_LOOP('',(#7484,#7485,#7486,#7487));
#7484 = ORIENTED_EDGE('',*,*,#7097,.T.);
#7485 = ORIENTED_EDGE('',*,*,#7435,.T.);
#7486 = ORIENTED_EDGE('',*,*,#6793,.F.);
#7487 = ORIENTED_EDGE('',*,*,#6918,.F.);
#7488 = PLANE('',#7489);
#7489 = AXIS2_PLACEMENT_3D('',#7490,#7491,#7492);
#7490 = CARTESIAN_POINT('',(-2.69900000017,-0.704285117227,
    -1.000000000009E-03));
#7491 = DIRECTION('',(0.,-1.,0.));
#7492 = DIRECTION('',(0.,0.,1.));
#7493 = ADVANCED_FACE('',(#7494),#7505,.T.);
#7494 = FACE_BOUND('',#7495,.T.);
#7495 = EDGE_LOOP('',(#7496,#7502,#7503,#7504));
#7496 = ORIENTED_EDGE('',*,*,#7497,.F.);
#7497 = EDGE_CURVE('',#7066,#7241,#7498,.T.);
#7498 = LINE('',#7499,#7500);
#7499 = CARTESIAN_POINT('',(2.850000000086,-0.704285116974,
    0.550000000254));
#7500 = VECTOR('',#7501,1.);
#7501 = DIRECTION('',(1.,0.,0.));
#7502 = ORIENTED_EDGE('',*,*,#7065,.T.);
#7503 = ORIENTED_EDGE('',*,*,#6886,.T.);
#7504 = ORIENTED_EDGE('',*,*,#7248,.T.);
#7505 = PLANE('',#7506);
#7506 = AXIS2_PLACEMENT_3D('',#7507,#7508,#7509);
#7507 = CARTESIAN_POINT('',(-2.69900000017,-0.704285117227,
    -1.000000000009E-03));
#7508 = DIRECTION('',(0.,-1.,0.));
#7509 = DIRECTION('',(0.,0.,1.));
#7510 = ADVANCED_FACE('',(#7511),#7552,.T.);
#7511 = FACE_BOUND('',#7512,.T.);
#7512 = EDGE_LOOP('',(#7513,#7523,#7529,#7530,#7538,#7546));
#7513 = ORIENTED_EDGE('',*,*,#7514,.T.);
#7514 = EDGE_CURVE('',#7515,#7517,#7519,.T.);
#7515 = VERTEX_POINT('',#7516);
#7516 = CARTESIAN_POINT('',(-1.600000000001,2.745714882941,
    -6.000000016933E-02));
#7517 = VERTEX_POINT('',#7518);
#7518 = CARTESIAN_POINT('',(-1.600000000001,1.945714882942,
    -6.000000016933E-02));
#7519 = LINE('',#7520,#7521);
#7520 = CARTESIAN_POINT('',(-1.599999999916,2.345714883025,
    -6.0000000254E-02));
#7521 = VECTOR('',#7522,1.);
#7522 = DIRECTION('',(0.,-1.,-3.184843881679E-15));
#7523 = ORIENTED_EDGE('',*,*,#7524,.T.);
#7524 = EDGE_CURVE('',#7517,#6934,#7525,.T.);
#7525 = LINE('',#7526,#7527);
#7526 = CARTESIAN_POINT('',(-1.599999999916,1.945714883026,
    -3.0000000254E-02));
#7527 = VECTOR('',#7528,1.);
#7528 = DIRECTION('',(0.,0.,1.));
#7529 = ORIENTED_EDGE('',*,*,#6933,.T.);
#7530 = ORIENTED_EDGE('',*,*,#7531,.F.);
#7531 = EDGE_CURVE('',#7532,#6926,#7534,.T.);
#7532 = VERTEX_POINT('',#7533);
#7533 = CARTESIAN_POINT('',(-1.600000000001,2.045714882942,
    0.139999999831));
#7534 = LINE('',#7535,#7536);
#7535 = CARTESIAN_POINT('',(-1.599999999916,2.045714883026,
    6.9999999746E-02));
#7536 = VECTOR('',#7537,1.);
#7537 = DIRECTION('',(0.,0.,-1.));
#7538 = ORIENTED_EDGE('',*,*,#7539,.T.);
#7539 = EDGE_CURVE('',#7532,#7540,#7542,.T.);
#7540 = VERTEX_POINT('',#7541);
#7541 = CARTESIAN_POINT('',(-1.600000000001,2.745714882941,
    0.139999999831));
#7542 = LINE('',#7543,#7544);
#7543 = CARTESIAN_POINT('',(-1.599999999916,2.395714883025,
    0.139999999746));
#7544 = VECTOR('',#7545,1.);
#7545 = DIRECTION('',(0.,1.,3.949593628341E-15));
#7546 = ORIENTED_EDGE('',*,*,#7547,.T.);
#7547 = EDGE_CURVE('',#7540,#7515,#7548,.T.);
#7548 = LINE('',#7549,#7550);
#7549 = CARTESIAN_POINT('',(-1.599999999916,2.745714883025,
    3.9999999746E-02));
#7550 = VECTOR('',#7551,1.);
#7551 = DIRECTION('',(0.,0.,-1.));
#7552 = PLANE('',#7553);
#7553 = AXIS2_PLACEMENT_3D('',#7554,#7555,#7556);
#7554 = CARTESIAN_POINT('',(-1.60000000017,0.796714882773,2.081));
#7555 = DIRECTION('',(-1.,0.,0.));
#7556 = DIRECTION('',(0.,0.,-1.));
#7557 = ADVANCED_FACE('',(#7558),#7599,.T.);
#7558 = FACE_BOUND('',#7559,.T.);
#7559 = EDGE_LOOP('',(#7560,#7561,#7569,#7577,#7585,#7593));
#7560 = ORIENTED_EDGE('',*,*,#6981,.F.);
#7561 = ORIENTED_EDGE('',*,*,#7562,.F.);
#7562 = EDGE_CURVE('',#7563,#6974,#7565,.T.);
#7563 = VERTEX_POINT('',#7564);
#7564 = CARTESIAN_POINT('',(-0.400000000002,1.945714882942,
    -6.000000016933E-02));
#7565 = LINE('',#7566,#7567);
#7566 = CARTESIAN_POINT('',(-0.399999999916,1.945714883026,
    -3.0000000254E-02));
#7567 = VECTOR('',#7568,1.);
#7568 = DIRECTION('',(0.,0.,1.));
#7569 = ORIENTED_EDGE('',*,*,#7570,.F.);
#7570 = EDGE_CURVE('',#7571,#7563,#7573,.T.);
#7571 = VERTEX_POINT('',#7572);
#7572 = CARTESIAN_POINT('',(-0.400000000002,2.745714882941,
    -6.000000016933E-02));
#7573 = LINE('',#7574,#7575);
#7574 = CARTESIAN_POINT('',(-0.399999999916,2.345714883025,
    -6.0000000254E-02));
#7575 = VECTOR('',#7576,1.);
#7576 = DIRECTION('',(0.,-1.,0.));
#7577 = ORIENTED_EDGE('',*,*,#7578,.F.);
#7578 = EDGE_CURVE('',#7579,#7571,#7581,.T.);
#7579 = VERTEX_POINT('',#7580);
#7580 = CARTESIAN_POINT('',(-0.400000000002,2.745714882941,
    0.139999999831));
#7581 = LINE('',#7582,#7583);
#7582 = CARTESIAN_POINT('',(-0.399999999916,2.745714883025,
    3.9999999746E-02));
#7583 = VECTOR('',#7584,1.);
#7584 = DIRECTION('',(0.,0.,-1.));
#7585 = ORIENTED_EDGE('',*,*,#7586,.F.);
#7586 = EDGE_CURVE('',#7587,#7579,#7589,.T.);
#7587 = VERTEX_POINT('',#7588);
#7588 = CARTESIAN_POINT('',(-0.400000000002,2.045714882942,
    0.139999999831));
#7589 = LINE('',#7590,#7591);
#7590 = CARTESIAN_POINT('',(-0.399999999916,2.395714883025,
    0.139999999746));
#7591 = VECTOR('',#7592,1.);
#7592 = DIRECTION('',(0.,1.,3.949593628341E-15));
#7593 = ORIENTED_EDGE('',*,*,#7594,.F.);
#7594 = EDGE_CURVE('',#6982,#7587,#7595,.T.);
#7595 = LINE('',#7596,#7597);
#7596 = CARTESIAN_POINT('',(-0.399999999916,2.045714883026,
    6.9999999746E-02));
#7597 = VECTOR('',#7598,1.);
#7598 = DIRECTION('',(0.,0.,1.));
#7599 = PLANE('',#7600);
#7600 = AXIS2_PLACEMENT_3D('',#7601,#7602,#7603);
#7601 = CARTESIAN_POINT('',(-0.40000000017,0.796714882773,1.599));
#7602 = DIRECTION('',(1.,0.,0.));
#7603 = DIRECTION('',(0.,0.,1.));
#7604 = ADVANCED_FACE('',(#7605),#7611,.T.);
#7605 = FACE_BOUND('',#7606,.T.);
#7606 = EDGE_LOOP('',(#7607,#7608,#7609,#7610));
#7607 = ORIENTED_EDGE('',*,*,#6996,.F.);
#7608 = ORIENTED_EDGE('',*,*,#5381,.F.);
#7609 = ORIENTED_EDGE('',*,*,#5437,.T.);
#7610 = ORIENTED_EDGE('',*,*,#5468,.T.);
#7611 = PLANE('',#7612);
#7612 = AXIS2_PLACEMENT_3D('',#7613,#7614,#7615);
#7613 = CARTESIAN_POINT('',(-1.399000000169,1.945714882772,-6.1E-02));
#7614 = DIRECTION('',(0.,-1.,0.));
#7615 = DIRECTION('',(0.,0.,1.));
#7616 = ADVANCED_FACE('',(#7617),#7658,.T.);
#7617 = FACE_BOUND('',#7618,.T.);
#7618 = EDGE_LOOP('',(#7619,#7629,#7635,#7636,#7644,#7652));
#7619 = ORIENTED_EDGE('',*,*,#7620,.T.);
#7620 = EDGE_CURVE('',#7621,#7623,#7625,.T.);
#7621 = VERTEX_POINT('',#7622);
#7622 = CARTESIAN_POINT('',(-0.6,2.745714882941,-6.000000016933E-02));
#7623 = VERTEX_POINT('',#7624);
#7624 = CARTESIAN_POINT('',(-0.6,1.945714882942,-6.000000016933E-02));
#7625 = LINE('',#7626,#7627);
#7626 = CARTESIAN_POINT('',(-0.599999999915,2.345714883025,
    -6.0000000254E-02));
#7627 = VECTOR('',#7628,1.);
#7628 = DIRECTION('',(0.,-1.,-3.184843881679E-15));
#7629 = ORIENTED_EDGE('',*,*,#7630,.T.);
#7630 = EDGE_CURVE('',#7623,#6966,#7631,.T.);
#7631 = LINE('',#7632,#7633);
#7632 = CARTESIAN_POINT('',(-0.599999999915,1.945714883026,
    -3.0000000254E-02));
#7633 = VECTOR('',#7634,1.);
#7634 = DIRECTION('',(0.,0.,1.));
#7635 = ORIENTED_EDGE('',*,*,#6965,.T.);
#7636 = ORIENTED_EDGE('',*,*,#7637,.F.);
#7637 = EDGE_CURVE('',#7638,#6958,#7640,.T.);
#7638 = VERTEX_POINT('',#7639);
#7639 = CARTESIAN_POINT('',(-0.6,2.045714882942,0.139999999831));
#7640 = LINE('',#7641,#7642);
#7641 = CARTESIAN_POINT('',(-0.599999999915,2.045714883026,
    6.9999999746E-02));
#7642 = VECTOR('',#7643,1.);
#7643 = DIRECTION('',(0.,0.,-1.));
#7644 = ORIENTED_EDGE('',*,*,#7645,.T.);
#7645 = EDGE_CURVE('',#7638,#7646,#7648,.T.);
#7646 = VERTEX_POINT('',#7647);
#7647 = CARTESIAN_POINT('',(-0.6,2.745714882941,0.139999999831));
#7648 = LINE('',#7649,#7650);
#7649 = CARTESIAN_POINT('',(-0.599999999915,2.395714883025,
    0.139999999746));
#7650 = VECTOR('',#7651,1.);
#7651 = DIRECTION('',(0.,1.,3.949593628341E-15));
#7652 = ORIENTED_EDGE('',*,*,#7653,.T.);
#7653 = EDGE_CURVE('',#7646,#7621,#7654,.T.);
#7654 = LINE('',#7655,#7656);
#7655 = CARTESIAN_POINT('',(-0.599999999915,2.745714883025,
    3.9999999746E-02));
#7656 = VECTOR('',#7657,1.);
#7657 = DIRECTION('',(0.,0.,-1.));
#7658 = PLANE('',#7659);
#7659 = AXIS2_PLACEMENT_3D('',#7660,#7661,#7662);
#7660 = CARTESIAN_POINT('',(-0.600000000169,0.796714882773,2.081));
#7661 = DIRECTION('',(-1.,0.,0.));
#7662 = DIRECTION('',(0.,0.,-1.));
#7663 = ADVANCED_FACE('',(#7664),#7675,.T.);
#7664 = FACE_BOUND('',#7665,.T.);
#7665 = EDGE_LOOP('',(#7666,#7667,#7668,#7674));
#7666 = ORIENTED_EDGE('',*,*,#6973,.F.);
#7667 = ORIENTED_EDGE('',*,*,#7630,.F.);
#7668 = ORIENTED_EDGE('',*,*,#7669,.T.);
#7669 = EDGE_CURVE('',#7623,#7563,#7670,.T.);
#7670 = LINE('',#7671,#7672);
#7671 = CARTESIAN_POINT('',(-0.499999999915,1.945714883026,
    -6.0000000254E-02));
#7672 = VECTOR('',#7673,1.);
#7673 = DIRECTION('',(1.,0.,0.));
#7674 = ORIENTED_EDGE('',*,*,#7562,.T.);
#7675 = PLANE('',#7676);
#7676 = AXIS2_PLACEMENT_3D('',#7677,#7678,#7679);
#7677 = CARTESIAN_POINT('',(-1.399000000169,1.945714882772,-6.1E-02));
#7678 = DIRECTION('',(0.,-1.,0.));
#7679 = DIRECTION('',(0.,0.,1.));
#7680 = ADVANCED_FACE('',(#7681),#7722,.T.);
#7681 = FACE_BOUND('',#7682,.T.);
#7682 = EDGE_LOOP('',(#7683,#7684,#7692,#7700,#7708,#7716));
#7683 = ORIENTED_EDGE('',*,*,#6949,.F.);
#7684 = ORIENTED_EDGE('',*,*,#7685,.F.);
#7685 = EDGE_CURVE('',#7686,#6942,#7688,.T.);
#7686 = VERTEX_POINT('',#7687);
#7687 = CARTESIAN_POINT('',(-1.4,1.945714882942,-6.000000016933E-02));
#7688 = LINE('',#7689,#7690);
#7689 = CARTESIAN_POINT('',(-1.399999999914,1.945714883026,
    -3.0000000254E-02));
#7690 = VECTOR('',#7691,1.);
#7691 = DIRECTION('',(0.,0.,1.));
#7692 = ORIENTED_EDGE('',*,*,#7693,.F.);
#7693 = EDGE_CURVE('',#7694,#7686,#7696,.T.);
#7694 = VERTEX_POINT('',#7695);
#7695 = CARTESIAN_POINT('',(-1.4,2.745714882941,-6.000000016933E-02));
#7696 = LINE('',#7697,#7698);
#7697 = CARTESIAN_POINT('',(-1.399999999914,2.345714883025,
    -6.0000000254E-02));
#7698 = VECTOR('',#7699,1.);
#7699 = DIRECTION('',(0.,-1.,0.));
#7700 = ORIENTED_EDGE('',*,*,#7701,.F.);
#7701 = EDGE_CURVE('',#7702,#7694,#7704,.T.);
#7702 = VERTEX_POINT('',#7703);
#7703 = CARTESIAN_POINT('',(-1.4,2.745714882941,0.139999999831));
#7704 = LINE('',#7705,#7706);
#7705 = CARTESIAN_POINT('',(-1.399999999914,2.745714883025,
    3.9999999746E-02));
#7706 = VECTOR('',#7707,1.);
#7707 = DIRECTION('',(0.,0.,-1.));
#7708 = ORIENTED_EDGE('',*,*,#7709,.F.);
#7709 = EDGE_CURVE('',#7710,#7702,#7712,.T.);
#7710 = VERTEX_POINT('',#7711);
#7711 = CARTESIAN_POINT('',(-1.4,2.045714882942,0.139999999831));
#7712 = LINE('',#7713,#7714);
#7713 = CARTESIAN_POINT('',(-1.399999999914,2.395714883025,
    0.139999999746));
#7714 = VECTOR('',#7715,1.);
#7715 = DIRECTION('',(0.,1.,3.949593628341E-15));
#7716 = ORIENTED_EDGE('',*,*,#7717,.F.);
#7717 = EDGE_CURVE('',#6950,#7710,#7718,.T.);
#7718 = LINE('',#7719,#7720);
#7719 = CARTESIAN_POINT('',(-1.399999999914,2.045714883026,
    6.9999999746E-02));
#7720 = VECTOR('',#7721,1.);
#7721 = DIRECTION('',(0.,0.,1.));
#7722 = PLANE('',#7723);
#7723 = AXIS2_PLACEMENT_3D('',#7724,#7725,#7726);
#7724 = CARTESIAN_POINT('',(-1.400000000168,0.796714882773,1.599));
#7725 = DIRECTION('',(1.,0.,0.));
#7726 = DIRECTION('',(0.,0.,1.));
#7727 = ADVANCED_FACE('',(#7728),#7739,.T.);
#7728 = FACE_BOUND('',#7729,.T.);
#7729 = EDGE_LOOP('',(#7730,#7731,#7732,#7738));
#7730 = ORIENTED_EDGE('',*,*,#6941,.F.);
#7731 = ORIENTED_EDGE('',*,*,#7524,.F.);
#7732 = ORIENTED_EDGE('',*,*,#7733,.T.);
#7733 = EDGE_CURVE('',#7517,#7686,#7734,.T.);
#7734 = LINE('',#7735,#7736);
#7735 = CARTESIAN_POINT('',(-1.499999999915,1.945714883026,
    -6.0000000254E-02));
#7736 = VECTOR('',#7737,1.);
#7737 = DIRECTION('',(1.,0.,0.));
#7738 = ORIENTED_EDGE('',*,*,#7685,.T.);
#7739 = PLANE('',#7740);
#7740 = AXIS2_PLACEMENT_3D('',#7741,#7742,#7743);
#7741 = CARTESIAN_POINT('',(-1.399000000169,1.945714882772,-6.1E-02));
#7742 = DIRECTION('',(0.,-1.,0.));
#7743 = DIRECTION('',(0.,0.,1.));
#7744 = ADVANCED_FACE('',(#7745),#7751,.T.);
#7745 = FACE_BOUND('',#7746,.T.);
#7746 = EDGE_LOOP('',(#7747,#7748,#7749,#7750));
#7747 = ORIENTED_EDGE('',*,*,#6863,.F.);
#7748 = ORIENTED_EDGE('',*,*,#5515,.F.);
#7749 = ORIENTED_EDGE('',*,*,#5571,.T.);
#7750 = ORIENTED_EDGE('',*,*,#5602,.T.);
#7751 = PLANE('',#7752);
#7752 = AXIS2_PLACEMENT_3D('',#7753,#7754,#7755);
#7753 = CARTESIAN_POINT('',(-1.399000000169,1.945714882772,-6.1E-02));
#7754 = DIRECTION('',(0.,-1.,0.));
#7755 = DIRECTION('',(0.,0.,1.));
#7756 = ADVANCED_FACE('',(#7757),#7768,.T.);
#7757 = FACE_BOUND('',#7758,.T.);
#7758 = EDGE_LOOP('',(#7759,#7760,#7761,#7767));
#7759 = ORIENTED_EDGE('',*,*,#7299,.F.);
#7760 = ORIENTED_EDGE('',*,*,#7041,.F.);
#7761 = ORIENTED_EDGE('',*,*,#7762,.T.);
#7762 = EDGE_CURVE('',#7042,#7233,#7763,.T.);
#7763 = LINE('',#7764,#7765);
#7764 = CARTESIAN_POINT('',(2.850000000086,-1.704285116975,
    0.550000000254));
#7765 = VECTOR('',#7766,1.);
#7766 = DIRECTION('',(1.,0.,0.));
#7767 = ORIENTED_EDGE('',*,*,#7232,.T.);
#7768 = PLANE('',#7769);
#7769 = AXIS2_PLACEMENT_3D('',#7770,#7771,#7772);
#7770 = CARTESIAN_POINT('',(-2.69900000017,-1.704285117229,0.549));
#7771 = DIRECTION('',(0.,-1.,0.));
#7772 = DIRECTION('',(0.,0.,1.));
#7773 = ADVANCED_FACE('',(#7774),#7780,.T.);
#7774 = FACE_BOUND('',#7775,.T.);
#7775 = EDGE_LOOP('',(#7776,#7777,#7778,#7779));
#7776 = ORIENTED_EDGE('',*,*,#7762,.F.);
#7777 = ORIENTED_EDGE('',*,*,#7073,.F.);
#7778 = ORIENTED_EDGE('',*,*,#7497,.T.);
#7779 = ORIENTED_EDGE('',*,*,#7240,.T.);
#7780 = PLANE('',#7781);
#7781 = AXIS2_PLACEMENT_3D('',#7782,#7783,#7784);
#7782 = CARTESIAN_POINT('',(-2.69900000017,-0.703285117229,0.55));
#7783 = DIRECTION('',(0.,0.,-1.));
#7784 = DIRECTION('',(0.,-1.,0.));
#7785 = ADVANCED_FACE('',(#7786),#7827,.T.);
#7786 = FACE_BOUND('',#7787,.T.);
#7787 = EDGE_LOOP('',(#7788,#7798,#7806,#7814,#7820,#7821));
#7788 = ORIENTED_EDGE('',*,*,#7789,.T.);
#7789 = EDGE_CURVE('',#7790,#7792,#7794,.T.);
#7790 = VERTEX_POINT('',#7791);
#7791 = CARTESIAN_POINT('',(2.500000000001,0.845714882956,2.400000000227
    ));
#7792 = VERTEX_POINT('',#7793);
#7793 = CARTESIAN_POINT('',(2.500000000001,1.495714882941,2.400000000169
    ));
#7794 = LINE('',#7795,#7796);
#7795 = CARTESIAN_POINT('',(2.500000000086,1.170714883025,2.400000000254
    ));
#7796 = VECTOR('',#7797,1.);
#7797 = DIRECTION('',(0.,1.,4.003208021485E-15));
#7798 = ORIENTED_EDGE('',*,*,#7799,.T.);
#7799 = EDGE_CURVE('',#7792,#7800,#7802,.T.);
#7800 = VERTEX_POINT('',#7801);
#7801 = CARTESIAN_POINT('',(2.500000000001,1.495714882941,1.400000000169
    ));
#7802 = LINE('',#7803,#7804);
#7803 = CARTESIAN_POINT('',(2.500000000086,1.495714883025,1.900000000254
    ));
#7804 = VECTOR('',#7805,1.);
#7805 = DIRECTION('',(0.,0.,-1.));
#7806 = ORIENTED_EDGE('',*,*,#7807,.T.);
#7807 = EDGE_CURVE('',#7800,#7808,#7810,.T.);
#7808 = VERTEX_POINT('',#7809);
#7809 = CARTESIAN_POINT('',(2.500000000001,2.045714882942,1.400000000169
    ));
#7810 = LINE('',#7811,#7812);
#7811 = CARTESIAN_POINT('',(2.500000000086,1.770714883025,1.400000000254
    ));
#7812 = VECTOR('',#7813,1.);
#7813 = DIRECTION('',(0.,1.,0.));
#7814 = ORIENTED_EDGE('',*,*,#7815,.T.);
#7815 = EDGE_CURVE('',#7808,#7160,#7816,.T.);
#7816 = LINE('',#7817,#7818);
#7817 = CARTESIAN_POINT('',(2.500000000086,2.045714883026,2.150000000254
    ));
#7818 = VECTOR('',#7819,1.);
#7819 = DIRECTION('',(0.,0.,1.));
#7820 = ORIENTED_EDGE('',*,*,#7159,.T.);
#7821 = ORIENTED_EDGE('',*,*,#7822,.T.);
#7822 = EDGE_CURVE('',#7152,#7790,#7823,.T.);
#7823 = LINE('',#7824,#7825);
#7824 = CARTESIAN_POINT('',(2.500000000086,0.701377315728,2.650000000254
    ));
#7825 = VECTOR('',#7826,1.);
#7826 = DIRECTION('',(0.,0.499999999999,-0.866025403785));
#7827 = PLANE('',#7828);
#7828 = AXIS2_PLACEMENT_3D('',#7829,#7830,#7831);
#7829 = CARTESIAN_POINT('',(2.499999999832,2.046714882773,1.399));
#7830 = DIRECTION('',(1.,0.,0.));
#7831 = DIRECTION('',(0.,0.,1.));
#7832 = ADVANCED_FACE('',(#7833),#7846,.T.);
#7833 = FACE_BOUND('',#7834,.T.);
#7834 = EDGE_LOOP('',(#7835,#7836,#7837,#7838,#7844,#7845));
#7835 = ORIENTED_EDGE('',*,*,#7395,.F.);
#7836 = ORIENTED_EDGE('',*,*,#7412,.F.);
#7837 = ORIENTED_EDGE('',*,*,#7175,.F.);
#7838 = ORIENTED_EDGE('',*,*,#7839,.F.);
#7839 = EDGE_CURVE('',#7452,#7168,#7840,.T.);
#7840 = LINE('',#7841,#7842);
#7841 = CARTESIAN_POINT('',(-2.499999999915,2.045714883026,
    2.150000000254));
#7842 = VECTOR('',#7843,1.);
#7843 = DIRECTION('',(0.,0.,1.));
#7844 = ORIENTED_EDGE('',*,*,#7451,.F.);
#7845 = ORIENTED_EDGE('',*,*,#7364,.F.);
#7846 = PLANE('',#7847);
#7847 = AXIS2_PLACEMENT_3D('',#7848,#7849,#7850);
#7848 = CARTESIAN_POINT('',(-2.500000000169,0.556039748178,1.399));
#7849 = DIRECTION('',(-1.,0.,0.));
#7850 = DIRECTION('',(0.,0.,1.));
#7851 = ADVANCED_FACE('',(#7852),#7863,.T.);
#7852 = FACE_BOUND('',#7853,.T.);
#7853 = EDGE_LOOP('',(#7854,#7855,#7861,#7862));
#7854 = ORIENTED_EDGE('',*,*,#7216,.T.);
#7855 = ORIENTED_EDGE('',*,*,#7856,.F.);
#7856 = EDGE_CURVE('',#7790,#7207,#7857,.T.);
#7857 = LINE('',#7858,#7859);
#7858 = CARTESIAN_POINT('',(2.750000000086,0.845714883025,2.400000000254
    ));
#7859 = VECTOR('',#7860,1.);
#7860 = DIRECTION('',(1.,0.,0.));
#7861 = ORIENTED_EDGE('',*,*,#7822,.F.);
#7862 = ORIENTED_EDGE('',*,*,#7151,.T.);
#7863 = PLANE('',#7864);
#7864 = AXIS2_PLACEMENT_3D('',#7865,#7866,#7867);
#7865 = CARTESIAN_POINT('',(-2.499000000171,0.556539748176,
    2.900866025404));
#7866 = DIRECTION('',(0.,0.866025403784,0.500000000001));
#7867 = DIRECTION('',(0.,0.500000000001,-0.866025403784));
#7868 = ADVANCED_FACE('',(#7869),#7885,.T.);
#7869 = FACE_BOUND('',#7870,.T.);
#7870 = EDGE_LOOP('',(#7871,#7872,#7878,#7879));
#7871 = ORIENTED_EDGE('',*,*,#7263,.T.);
#7872 = ORIENTED_EDGE('',*,*,#7873,.F.);
#7873 = EDGE_CURVE('',#7808,#7256,#7874,.T.);
#7874 = LINE('',#7875,#7876);
#7875 = CARTESIAN_POINT('',(2.750000000086,2.045714883026,1.400000000254
    ));
#7876 = VECTOR('',#7877,1.);
#7877 = DIRECTION('',(1.,0.,0.));
#7878 = ORIENTED_EDGE('',*,*,#7807,.F.);
#7879 = ORIENTED_EDGE('',*,*,#7880,.T.);
#7880 = EDGE_CURVE('',#7800,#7264,#7881,.T.);
#7881 = LINE('',#7882,#7883);
#7882 = CARTESIAN_POINT('',(2.750000000086,1.495714883025,1.400000000254
    ));
#7883 = VECTOR('',#7884,1.);
#7884 = DIRECTION('',(1.,0.,0.));
#7885 = PLANE('',#7886);
#7886 = AXIS2_PLACEMENT_3D('',#7887,#7888,#7889);
#7887 = CARTESIAN_POINT('',(-2.199000000168,0.196714882772,1.4));
#7888 = DIRECTION('',(0.,0.,1.));
#7889 = DIRECTION('',(-1.,0.,0.));
#7890 = ADVANCED_FACE('',(#7891),#7902,.T.);
#7891 = FACE_BOUND('',#7892,.T.);
#7892 = EDGE_LOOP('',(#7893,#7894,#7895,#7896));
#7893 = ORIENTED_EDGE('',*,*,#7271,.T.);
#7894 = ORIENTED_EDGE('',*,*,#7880,.F.);
#7895 = ORIENTED_EDGE('',*,*,#7799,.F.);
#7896 = ORIENTED_EDGE('',*,*,#7897,.T.);
#7897 = EDGE_CURVE('',#7792,#7209,#7898,.T.);
#7898 = LINE('',#7899,#7900);
#7899 = CARTESIAN_POINT('',(2.750000000086,1.495714883025,2.400000000254
    ));
#7900 = VECTOR('',#7901,1.);
#7901 = DIRECTION('',(1.,0.,0.));
#7902 = PLANE('',#7903);
#7903 = AXIS2_PLACEMENT_3D('',#7904,#7905,#7906);
#7904 = CARTESIAN_POINT('',(-2.499000000171,1.495714882771,2.401));
#7905 = DIRECTION('',(0.,1.,0.));
#7906 = DIRECTION('',(0.,0.,-1.));
#7907 = ADVANCED_FACE('',(#7908),#7914,.T.);
#7908 = FACE_BOUND('',#7909,.T.);
#7909 = EDGE_LOOP('',(#7910,#7911,#7912,#7913));
#7910 = ORIENTED_EDGE('',*,*,#7206,.T.);
#7911 = ORIENTED_EDGE('',*,*,#7897,.F.);
#7912 = ORIENTED_EDGE('',*,*,#7789,.F.);
#7913 = ORIENTED_EDGE('',*,*,#7856,.T.);
#7914 = PLANE('',#7915);
#7915 = AXIS2_PLACEMENT_3D('',#7916,#7917,#7918);
#7916 = CARTESIAN_POINT('',(-2.499000000171,1.496714882773,2.4));
#7917 = DIRECTION('',(0.,0.,1.));
#7918 = DIRECTION('',(-1.,0.,0.));
#7919 = ADVANCED_FACE('',(#7920),#7931,.T.);
#7920 = FACE_BOUND('',#7921,.T.);
#7921 = EDGE_LOOP('',(#7922,#7923,#7924,#7925));
#7922 = ORIENTED_EDGE('',*,*,#7693,.T.);
#7923 = ORIENTED_EDGE('',*,*,#7733,.F.);
#7924 = ORIENTED_EDGE('',*,*,#7514,.F.);
#7925 = ORIENTED_EDGE('',*,*,#7926,.T.);
#7926 = EDGE_CURVE('',#7515,#7694,#7927,.T.);
#7927 = LINE('',#7928,#7929);
#7928 = CARTESIAN_POINT('',(-1.499999999915,2.745714883025,
    -6.0000000254E-02));
#7929 = VECTOR('',#7930,1.);
#7930 = DIRECTION('',(1.,0.,0.));
#7931 = PLANE('',#7932);
#7932 = AXIS2_PLACEMENT_3D('',#7933,#7934,#7935);
#7933 = CARTESIAN_POINT('',(-1.399000000169,2.746714882773,-6.E-02));
#7934 = DIRECTION('',(0.,0.,-1.));
#7935 = DIRECTION('',(0.,-1.,0.));
#7936 = ADVANCED_FACE('',(#7937),#7948,.T.);
#7937 = FACE_BOUND('',#7938,.T.);
#7938 = EDGE_LOOP('',(#7939,#7940,#7941,#7942));
#7939 = ORIENTED_EDGE('',*,*,#7570,.T.);
#7940 = ORIENTED_EDGE('',*,*,#7669,.F.);
#7941 = ORIENTED_EDGE('',*,*,#7620,.F.);
#7942 = ORIENTED_EDGE('',*,*,#7943,.T.);
#7943 = EDGE_CURVE('',#7621,#7571,#7944,.T.);
#7944 = LINE('',#7945,#7946);
#7945 = CARTESIAN_POINT('',(-0.499999999915,2.745714883025,
    -6.0000000254E-02));
#7946 = VECTOR('',#7947,1.);
#7947 = DIRECTION('',(1.,0.,0.));
#7948 = PLANE('',#7949);
#7949 = AXIS2_PLACEMENT_3D('',#7950,#7951,#7952);
#7950 = CARTESIAN_POINT('',(-1.399000000169,2.746714882773,-6.E-02));
#7951 = DIRECTION('',(0.,0.,-1.));
#7952 = DIRECTION('',(0.,-1.,0.));
#7953 = ADVANCED_FACE('',(#7954),#8000,.T.);
#7954 = FACE_BOUND('',#7955,.T.);
#7955 = EDGE_LOOP('',(#7956,#7957,#7958,#7959,#7965,#7966,#7967,#7968,
    #7969,#7970,#7971,#7972,#7973,#7974,#7975,#7976,#7982,#7983,#7984,
    #7985,#7991,#7992,#7993,#7994));
#7956 = ORIENTED_EDGE('',*,*,#7637,.T.);
#7957 = ORIENTED_EDGE('',*,*,#6957,.T.);
#7958 = ORIENTED_EDGE('',*,*,#7717,.T.);
#7959 = ORIENTED_EDGE('',*,*,#7960,.T.);
#7960 = EDGE_CURVE('',#7710,#7532,#7961,.T.);
#7961 = LINE('',#7962,#7963);
#7962 = CARTESIAN_POINT('',(-1.499999999915,2.045714883026,
    0.139999999746));
#7963 = VECTOR('',#7964,1.);
#7964 = DIRECTION('',(-1.,0.,0.));
#7965 = ORIENTED_EDGE('',*,*,#7531,.T.);
#7966 = ORIENTED_EDGE('',*,*,#6925,.T.);
#7967 = ORIENTED_EDGE('',*,*,#6777,.F.);
#7968 = ORIENTED_EDGE('',*,*,#7459,.F.);
#7969 = ORIENTED_EDGE('',*,*,#7839,.T.);
#7970 = ORIENTED_EDGE('',*,*,#7167,.F.);
#7971 = ORIENTED_EDGE('',*,*,#7815,.F.);
#7972 = ORIENTED_EDGE('',*,*,#7873,.T.);
#7973 = ORIENTED_EDGE('',*,*,#7255,.T.);
#7974 = ORIENTED_EDGE('',*,*,#6870,.T.);
#7975 = ORIENTED_EDGE('',*,*,#5625,.T.);
#7976 = ORIENTED_EDGE('',*,*,#7977,.T.);
#7977 = EDGE_CURVE('',#5618,#5532,#7978,.T.);
#7978 = LINE('',#7979,#7980);
#7979 = CARTESIAN_POINT('',(1.500000000084,2.045714883026,0.139999999746
    ));
#7980 = VECTOR('',#7981,1.);
#7981 = DIRECTION('',(-1.,0.,0.));
#7982 = ORIENTED_EDGE('',*,*,#5531,.T.);
#7983 = ORIENTED_EDGE('',*,*,#7003,.T.);
#7984 = ORIENTED_EDGE('',*,*,#5491,.T.);
#7985 = ORIENTED_EDGE('',*,*,#7986,.T.);
#7986 = EDGE_CURVE('',#5484,#5398,#7987,.T.);
#7987 = LINE('',#7988,#7989);
#7988 = CARTESIAN_POINT('',(0.500000000085,2.045714883026,0.139999999746
    ));
#7989 = VECTOR('',#7990,1.);
#7990 = DIRECTION('',(-1.,0.,0.));
#7991 = ORIENTED_EDGE('',*,*,#5397,.T.);
#7992 = ORIENTED_EDGE('',*,*,#6989,.T.);
#7993 = ORIENTED_EDGE('',*,*,#7594,.T.);
#7994 = ORIENTED_EDGE('',*,*,#7995,.T.);
#7995 = EDGE_CURVE('',#7587,#7638,#7996,.T.);
#7996 = LINE('',#7997,#7998);
#7997 = CARTESIAN_POINT('',(-0.499999999915,2.045714883026,
    0.139999999746));
#7998 = VECTOR('',#7999,1.);
#7999 = DIRECTION('',(-1.,0.,0.));
#8000 = PLANE('',#8001);
#8001 = AXIS2_PLACEMENT_3D('',#8002,#8003,#8004);
#8002 = CARTESIAN_POINT('',(3.00099999983,2.045714882772,
    -9.99999999998E-04));
#8003 = DIRECTION('',(0.,1.,0.));
#8004 = DIRECTION('',(-1.,0.,0.));
#8005 = ADVANCED_FACE('',(#8006),#8017,.T.);
#8006 = FACE_BOUND('',#8007,.T.);
#8007 = EDGE_LOOP('',(#8008,#8009,#8010,#8011));
#8008 = ORIENTED_EDGE('',*,*,#5475,.T.);
#8009 = ORIENTED_EDGE('',*,*,#5444,.F.);
#8010 = ORIENTED_EDGE('',*,*,#5413,.F.);
#8011 = ORIENTED_EDGE('',*,*,#8012,.T.);
#8012 = EDGE_CURVE('',#5406,#5476,#8013,.T.);
#8013 = LINE('',#8014,#8015);
#8014 = CARTESIAN_POINT('',(0.500000000085,2.745714883025,0.139999999746
    ));
#8015 = VECTOR('',#8016,1.);
#8016 = DIRECTION('',(1.,0.,0.));
#8017 = PLANE('',#8018);
#8018 = AXIS2_PLACEMENT_3D('',#8019,#8020,#8021);
#8019 = CARTESIAN_POINT('',(-1.399000000169,2.745714882771,0.141));
#8020 = DIRECTION('',(0.,1.,0.));
#8021 = DIRECTION('',(0.,0.,-1.));
#8022 = ADVANCED_FACE('',(#8023),#8029,.T.);
#8023 = FACE_BOUND('',#8024,.T.);
#8024 = EDGE_LOOP('',(#8025,#8026,#8027,#8028));
#8025 = ORIENTED_EDGE('',*,*,#5483,.T.);
#8026 = ORIENTED_EDGE('',*,*,#8012,.F.);
#8027 = ORIENTED_EDGE('',*,*,#5405,.F.);
#8028 = ORIENTED_EDGE('',*,*,#7986,.F.);
#8029 = PLANE('',#8030);
#8030 = AXIS2_PLACEMENT_3D('',#8031,#8032,#8033);
#8031 = CARTESIAN_POINT('',(-1.399000000169,2.044714882773,0.14));
#8032 = DIRECTION('',(0.,0.,1.));
#8033 = DIRECTION('',(0.,1.,0.));
#8034 = ADVANCED_FACE('',(#8035),#8046,.T.);
#8035 = FACE_BOUND('',#8036,.T.);
#8036 = EDGE_LOOP('',(#8037,#8038,#8039,#8040));
#8037 = ORIENTED_EDGE('',*,*,#7701,.T.);
#8038 = ORIENTED_EDGE('',*,*,#7926,.F.);
#8039 = ORIENTED_EDGE('',*,*,#7547,.F.);
#8040 = ORIENTED_EDGE('',*,*,#8041,.T.);
#8041 = EDGE_CURVE('',#7540,#7702,#8042,.T.);
#8042 = LINE('',#8043,#8044);
#8043 = CARTESIAN_POINT('',(-1.499999999915,2.745714883025,
    0.139999999746));
#8044 = VECTOR('',#8045,1.);
#8045 = DIRECTION('',(1.,0.,0.));
#8046 = PLANE('',#8047);
#8047 = AXIS2_PLACEMENT_3D('',#8048,#8049,#8050);
#8048 = CARTESIAN_POINT('',(-1.399000000169,2.745714882771,0.141));
#8049 = DIRECTION('',(0.,1.,0.));
#8050 = DIRECTION('',(0.,0.,-1.));
#8051 = ADVANCED_FACE('',(#8052),#8058,.T.);
#8052 = FACE_BOUND('',#8053,.T.);
#8053 = EDGE_LOOP('',(#8054,#8055,#8056,#8057));
#8054 = ORIENTED_EDGE('',*,*,#7709,.T.);
#8055 = ORIENTED_EDGE('',*,*,#8041,.F.);
#8056 = ORIENTED_EDGE('',*,*,#7539,.F.);
#8057 = ORIENTED_EDGE('',*,*,#7960,.F.);
#8058 = PLANE('',#8059);
#8059 = AXIS2_PLACEMENT_3D('',#8060,#8061,#8062);
#8060 = CARTESIAN_POINT('',(-1.399000000169,2.044714882773,0.14));
#8061 = DIRECTION('',(0.,0.,1.));
#8062 = DIRECTION('',(0.,1.,0.));
#8063 = ADVANCED_FACE('',(#8064),#8075,.T.);
#8064 = FACE_BOUND('',#8065,.T.);
#8065 = EDGE_LOOP('',(#8066,#8067,#8068,#8069));
#8066 = ORIENTED_EDGE('',*,*,#5609,.T.);
#8067 = ORIENTED_EDGE('',*,*,#5578,.F.);
#8068 = ORIENTED_EDGE('',*,*,#5547,.F.);
#8069 = ORIENTED_EDGE('',*,*,#8070,.T.);
#8070 = EDGE_CURVE('',#5540,#5610,#8071,.T.);
#8071 = LINE('',#8072,#8073);
#8072 = CARTESIAN_POINT('',(1.500000000084,2.745714883025,0.139999999746
    ));
#8073 = VECTOR('',#8074,1.);
#8074 = DIRECTION('',(1.,0.,0.));
#8075 = PLANE('',#8076);
#8076 = AXIS2_PLACEMENT_3D('',#8077,#8078,#8079);
#8077 = CARTESIAN_POINT('',(-1.399000000169,2.745714882771,0.141));
#8078 = DIRECTION('',(0.,1.,0.));
#8079 = DIRECTION('',(0.,0.,-1.));
#8080 = ADVANCED_FACE('',(#8081),#8087,.T.);
#8081 = FACE_BOUND('',#8082,.T.);
#8082 = EDGE_LOOP('',(#8083,#8084,#8085,#8086));
#8083 = ORIENTED_EDGE('',*,*,#5617,.T.);
#8084 = ORIENTED_EDGE('',*,*,#8070,.F.);
#8085 = ORIENTED_EDGE('',*,*,#5539,.F.);
#8086 = ORIENTED_EDGE('',*,*,#7977,.F.);
#8087 = PLANE('',#8088);
#8088 = AXIS2_PLACEMENT_3D('',#8089,#8090,#8091);
#8089 = CARTESIAN_POINT('',(-1.399000000169,2.044714882773,0.14));
#8090 = DIRECTION('',(0.,0.,1.));
#8091 = DIRECTION('',(0.,1.,0.));
#8092 = ADVANCED_FACE('',(#8093),#8104,.T.);
#8093 = FACE_BOUND('',#8094,.T.);
#8094 = EDGE_LOOP('',(#8095,#8096,#8102,#8103));
#8095 = ORIENTED_EDGE('',*,*,#7586,.T.);
#8096 = ORIENTED_EDGE('',*,*,#8097,.F.);
#8097 = EDGE_CURVE('',#7646,#7579,#8098,.T.);
#8098 = LINE('',#8099,#8100);
#8099 = CARTESIAN_POINT('',(-0.499999999915,2.745714883025,
    0.139999999746));
#8100 = VECTOR('',#8101,1.);
#8101 = DIRECTION('',(1.,0.,0.));
#8102 = ORIENTED_EDGE('',*,*,#7645,.F.);
#8103 = ORIENTED_EDGE('',*,*,#7995,.F.);
#8104 = PLANE('',#8105);
#8105 = AXIS2_PLACEMENT_3D('',#8106,#8107,#8108);
#8106 = CARTESIAN_POINT('',(-1.399000000169,2.044714882773,0.14));
#8107 = DIRECTION('',(0.,0.,1.));
#8108 = DIRECTION('',(0.,1.,0.));
#8109 = ADVANCED_FACE('',(#8110),#8116,.T.);
#8110 = FACE_BOUND('',#8111,.T.);
#8111 = EDGE_LOOP('',(#8112,#8113,#8114,#8115));
#8112 = ORIENTED_EDGE('',*,*,#7578,.T.);
#8113 = ORIENTED_EDGE('',*,*,#7943,.F.);
#8114 = ORIENTED_EDGE('',*,*,#7653,.F.);
#8115 = ORIENTED_EDGE('',*,*,#8097,.T.);
#8116 = PLANE('',#8117);
#8117 = AXIS2_PLACEMENT_3D('',#8118,#8119,#8120);
#8118 = CARTESIAN_POINT('',(-1.399000000169,2.745714882771,0.141));
#8119 = DIRECTION('',(0.,1.,0.));
#8120 = DIRECTION('',(0.,0.,-1.));
#8121 = ( GEOMETRIC_REPRESENTATION_CONTEXT(3) 
GLOBAL_UNCERTAINTY_ASSIGNED_CONTEXT((#8125)) 
GLOBAL_UNIT_ASSIGNED_CONTEXT((#8122,#8123,#8124)) REPRESENTATION_CONTEXT
('Context #1','3D Context with UNIT and UNCERTAINTY') );
#8122 = ( LENGTH_UNIT() NAMED_UNIT(*) SI_UNIT(.MILLI.,.METRE.) );
#8123 = ( NAMED_UNIT(*) PLANE_ANGLE_UNIT() SI_UNIT($,.RADIAN.) );
#8124 = ( NAMED_UNIT(*) SI_UNIT($,.STERADIAN.) SOLID_ANGLE_UNIT() );
#8125 = UNCERTAINTY_MEASURE_WITH_UNIT(LENGTH_MEASURE(1.E-07),#8122,
  'distance_accuracy_value','confusion accuracy');
#8126 = CONTEXT_DEPENDENT_SHAPE_REPRESENTATION(#8127,#8129);
#8127 = ( REPRESENTATION_RELATIONSHIP('','',#5364,#10) 
REPRESENTATION_RELATIONSHIP_WITH_TRANSFORMATION(#8128) 
SHAPE_REPRESENTATION_RELATIONSHIP() );
#8128 = ITEM_DEFINED_TRANSFORMATION('','',#11,#23);
#8129 = PRODUCT_DEFINITION_SHAPE('Placement','Placement of an item',
  #8130);
#8130 = NEXT_ASSEMBLY_USAGE_OCCURRENCE('3','J101','',#5,#5359,$);
#8131 = PRODUCT_RELATED_PRODUCT_CATEGORY('part',$,(#5361));
#8132 = CONTEXT_DEPENDENT_SHAPE_REPRESENTATION(#8133,#8135);
#8133 = ( REPRESENTATION_RELATIONSHIP('','',#4555,#10) 
REPRESENTATION_RELATIONSHIP_WITH_TRANSFORMATION(#8134) 
SHAPE_REPRESENTATION_RELATIONSHIP() );
#8134 = ITEM_DEFINED_TRANSFORMATION('','',#11,#27);
#8135 = PRODUCT_DEFINITION_SHAPE('Placement','Placement of an item',
  #8136);
#8136 = NEXT_ASSEMBLY_USAGE_OCCURRENCE('4','R102','',#5,#4550,$);
#8137 = SHAPE_DEFINITION_REPRESENTATION(#8138,#8144);
#8138 = PRODUCT_DEFINITION_SHAPE('','',#8139);
#8139 = PRODUCT_DEFINITION('design','',#8140,#8143);
#8140 = PRODUCT_DEFINITION_FORMATION('','',#8141);
#8141 = PRODUCT('C_0805_2012Metric','C_0805_2012Metric','',(#8142));
#8142 = PRODUCT_CONTEXT('',#2,'mechanical');
#8143 = PRODUCT_DEFINITION_CONTEXT('part definition',#2,'design');
#8144 = ADVANCED_BREP_SHAPE_REPRESENTATION('',(#11,#8145),#8999);
#8145 = MANIFOLD_SOLID_BREP('',#8146);
#8146 = CLOSED_SHELL('',(#8147,#8223,#8254,#8279,#8304,#8328,#8352,#8377
    ,#8402,#8419,#8505,#8537,#8561,#8586,#8610,#8635,#8659,#8684,#8701,
    #8787,#8818,#8843,#8868,#8892,#8916,#8941,#8966,#8983));
#8147 = ADVANCED_FACE('',(#8148),#8218,.F.);
#8148 = FACE_BOUND('',#8149,.F.);
#8149 = EDGE_LOOP('',(#8150,#8160,#8169,#8177,#8186,#8194,#8203,#8211));
#8150 = ORIENTED_EDGE('',*,*,#8151,.F.);
#8151 = EDGE_CURVE('',#8152,#8154,#8156,.T.);
#8152 = VERTEX_POINT('',#8153);
#8153 = CARTESIAN_POINT('',(-1.,-0.625,4.E-02));
#8154 = VERTEX_POINT('',#8155);
#8155 = CARTESIAN_POINT('',(-1.,-0.625,1.21));
#8156 = LINE('',#8157,#8158);
#8157 = CARTESIAN_POINT('',(-1.,-0.625,0.));
#8158 = VECTOR('',#8159,1.);
#8159 = DIRECTION('',(0.,0.,1.));
#8160 = ORIENTED_EDGE('',*,*,#8161,.T.);
#8161 = EDGE_CURVE('',#8152,#8162,#8164,.T.);
#8162 = VERTEX_POINT('',#8163);
#8163 = CARTESIAN_POINT('',(-1.,-0.585,0.));
#8164 = CIRCLE('',#8165,4.E-02);
#8165 = AXIS2_PLACEMENT_3D('',#8166,#8167,#8168);
#8166 = CARTESIAN_POINT('',(-1.,-0.585,4.E-02));
#8167 = DIRECTION('',(1.,0.,-0.));
#8168 = DIRECTION('',(0.,0.,1.));
#8169 = ORIENTED_EDGE('',*,*,#8170,.T.);
#8170 = EDGE_CURVE('',#8162,#8171,#8173,.T.);
#8171 = VERTEX_POINT('',#8172);
#8172 = CARTESIAN_POINT('',(-1.,0.585,0.));
#8173 = LINE('',#8174,#8175);
#8174 = CARTESIAN_POINT('',(-1.,-0.625,0.));
#8175 = VECTOR('',#8176,1.);
#8176 = DIRECTION('',(0.,1.,0.));
#8177 = ORIENTED_EDGE('',*,*,#8178,.F.);
#8178 = EDGE_CURVE('',#8179,#8171,#8181,.T.);
#8179 = VERTEX_POINT('',#8180);
#8180 = CARTESIAN_POINT('',(-1.,0.625,4.E-02));
#8181 = CIRCLE('',#8182,4.E-02);
#8182 = AXIS2_PLACEMENT_3D('',#8183,#8184,#8185);
#8183 = CARTESIAN_POINT('',(-1.,0.585,4.E-02));
#8184 = DIRECTION('',(-1.,0.,0.));
#8185 = DIRECTION('',(0.,0.,1.));
#8186 = ORIENTED_EDGE('',*,*,#8187,.T.);
#8187 = EDGE_CURVE('',#8179,#8188,#8190,.T.);
#8188 = VERTEX_POINT('',#8189);
#8189 = CARTESIAN_POINT('',(-1.,0.625,1.21));
#8190 = LINE('',#8191,#8192);
#8191 = CARTESIAN_POINT('',(-1.,0.625,0.));
#8192 = VECTOR('',#8193,1.);
#8193 = DIRECTION('',(0.,0.,1.));
#8194 = ORIENTED_EDGE('',*,*,#8195,.T.);
#8195 = EDGE_CURVE('',#8188,#8196,#8198,.T.);
#8196 = VERTEX_POINT('',#8197);
#8197 = CARTESIAN_POINT('',(-1.,0.585,1.25));
#8198 = CIRCLE('',#8199,4.E-02);
#8199 = AXIS2_PLACEMENT_3D('',#8200,#8201,#8202);
#8200 = CARTESIAN_POINT('',(-1.,0.585,1.21));
#8201 = DIRECTION('',(1.,0.,-0.));
#8202 = DIRECTION('',(0.,0.,1.));
#8203 = ORIENTED_EDGE('',*,*,#8204,.F.);
#8204 = EDGE_CURVE('',#8205,#8196,#8207,.T.);
#8205 = VERTEX_POINT('',#8206);
#8206 = CARTESIAN_POINT('',(-1.,-0.585,1.25));
#8207 = LINE('',#8208,#8209);
#8208 = CARTESIAN_POINT('',(-1.,-0.625,1.25));
#8209 = VECTOR('',#8210,1.);
#8210 = DIRECTION('',(0.,1.,0.));
#8211 = ORIENTED_EDGE('',*,*,#8212,.F.);
#8212 = EDGE_CURVE('',#8154,#8205,#8213,.T.);
#8213 = CIRCLE('',#8214,4.E-02);
#8214 = AXIS2_PLACEMENT_3D('',#8215,#8216,#8217);
#8215 = CARTESIAN_POINT('',(-1.,-0.585,1.21));
#8216 = DIRECTION('',(-1.,0.,0.));
#8217 = DIRECTION('',(0.,0.,1.));
#8218 = PLANE('',#8219);
#8219 = AXIS2_PLACEMENT_3D('',#8220,#8221,#8222);
#8220 = CARTESIAN_POINT('',(-1.,-0.625,0.));
#8221 = DIRECTION('',(1.,0.,0.));
#8222 = DIRECTION('',(0.,0.,1.));
#8223 = ADVANCED_FACE('',(#8224),#8249,.F.);
#8224 = FACE_BOUND('',#8225,.F.);
#8225 = EDGE_LOOP('',(#8226,#8236,#8242,#8243));
#8226 = ORIENTED_EDGE('',*,*,#8227,.F.);
#8227 = EDGE_CURVE('',#8228,#8230,#8232,.T.);
#8228 = VERTEX_POINT('',#8229);
#8229 = CARTESIAN_POINT('',(-0.6,-0.625,4.E-02));
#8230 = VERTEX_POINT('',#8231);
#8231 = CARTESIAN_POINT('',(-0.6,-0.625,1.21));
#8232 = LINE('',#8233,#8234);
#8233 = CARTESIAN_POINT('',(-0.6,-0.625,0.));
#8234 = VECTOR('',#8235,1.);
#8235 = DIRECTION('',(0.,0.,1.));
#8236 = ORIENTED_EDGE('',*,*,#8237,.F.);
#8237 = EDGE_CURVE('',#8152,#8228,#8238,.T.);
#8238 = LINE('',#8239,#8240);
#8239 = CARTESIAN_POINT('',(-1.,-0.625,4.E-02));
#8240 = VECTOR('',#8241,1.);
#8241 = DIRECTION('',(1.,0.,0.));
#8242 = ORIENTED_EDGE('',*,*,#8151,.T.);
#8243 = ORIENTED_EDGE('',*,*,#8244,.T.);
#8244 = EDGE_CURVE('',#8154,#8230,#8245,.T.);
#8245 = LINE('',#8246,#8247);
#8246 = CARTESIAN_POINT('',(-1.,-0.625,1.21));
#8247 = VECTOR('',#8248,1.);
#8248 = DIRECTION('',(1.,0.,0.));
#8249 = PLANE('',#8250);
#8250 = AXIS2_PLACEMENT_3D('',#8251,#8252,#8253);
#8251 = CARTESIAN_POINT('',(-1.,-0.625,0.));
#8252 = DIRECTION('',(0.,1.,0.));
#8253 = DIRECTION('',(0.,-0.,1.));
#8254 = ADVANCED_FACE('',(#8255),#8274,.T.);
#8255 = FACE_BOUND('',#8256,.T.);
#8256 = EDGE_LOOP('',(#8257,#8258,#8266,#8273));
#8257 = ORIENTED_EDGE('',*,*,#8161,.T.);
#8258 = ORIENTED_EDGE('',*,*,#8259,.T.);
#8259 = EDGE_CURVE('',#8162,#8260,#8262,.T.);
#8260 = VERTEX_POINT('',#8261);
#8261 = CARTESIAN_POINT('',(-0.6,-0.585,0.));
#8262 = LINE('',#8263,#8264);
#8263 = CARTESIAN_POINT('',(-1.,-0.585,0.));
#8264 = VECTOR('',#8265,1.);
#8265 = DIRECTION('',(1.,0.,0.));
#8266 = ORIENTED_EDGE('',*,*,#8267,.F.);
#8267 = EDGE_CURVE('',#8228,#8260,#8268,.T.);
#8268 = CIRCLE('',#8269,4.E-02);
#8269 = AXIS2_PLACEMENT_3D('',#8270,#8271,#8272);
#8270 = CARTESIAN_POINT('',(-0.6,-0.585,4.E-02));
#8271 = DIRECTION('',(1.,0.,-0.));
#8272 = DIRECTION('',(0.,0.,1.));
#8273 = ORIENTED_EDGE('',*,*,#8237,.F.);
#8274 = CYLINDRICAL_SURFACE('',#8275,4.E-02);
#8275 = AXIS2_PLACEMENT_3D('',#8276,#8277,#8278);
#8276 = CARTESIAN_POINT('',(-1.,-0.585,4.E-02));
#8277 = DIRECTION('',(1.,0.,0.));
#8278 = DIRECTION('',(0.,-1.,0.));
#8279 = ADVANCED_FACE('',(#8280),#8299,.T.);
#8280 = FACE_BOUND('',#8281,.T.);
#8281 = EDGE_LOOP('',(#8282,#8283,#8292,#8298));
#8282 = ORIENTED_EDGE('',*,*,#8244,.T.);
#8283 = ORIENTED_EDGE('',*,*,#8284,.T.);
#8284 = EDGE_CURVE('',#8230,#8285,#8287,.T.);
#8285 = VERTEX_POINT('',#8286);
#8286 = CARTESIAN_POINT('',(-0.6,-0.585,1.25));
#8287 = CIRCLE('',#8288,4.E-02);
#8288 = AXIS2_PLACEMENT_3D('',#8289,#8290,#8291);
#8289 = CARTESIAN_POINT('',(-0.6,-0.585,1.21));
#8290 = DIRECTION('',(-1.,0.,0.));
#8291 = DIRECTION('',(0.,0.,1.));
#8292 = ORIENTED_EDGE('',*,*,#8293,.F.);
#8293 = EDGE_CURVE('',#8205,#8285,#8294,.T.);
#8294 = LINE('',#8295,#8296);
#8295 = CARTESIAN_POINT('',(-1.,-0.585,1.25));
#8296 = VECTOR('',#8297,1.);
#8297 = DIRECTION('',(1.,0.,0.));
#8298 = ORIENTED_EDGE('',*,*,#8212,.F.);
#8299 = CYLINDRICAL_SURFACE('',#8300,4.E-02);
#8300 = AXIS2_PLACEMENT_3D('',#8301,#8302,#8303);
#8301 = CARTESIAN_POINT('',(-1.,-0.585,1.21));
#8302 = DIRECTION('',(1.,0.,0.));
#8303 = DIRECTION('',(0.,-1.,0.));
#8304 = ADVANCED_FACE('',(#8305),#8323,.F.);
#8305 = FACE_BOUND('',#8306,.F.);
#8306 = EDGE_LOOP('',(#8307,#8308,#8309,#8317));
#8307 = ORIENTED_EDGE('',*,*,#8170,.F.);
#8308 = ORIENTED_EDGE('',*,*,#8259,.T.);
#8309 = ORIENTED_EDGE('',*,*,#8310,.T.);
#8310 = EDGE_CURVE('',#8260,#8311,#8313,.T.);
#8311 = VERTEX_POINT('',#8312);
#8312 = CARTESIAN_POINT('',(-0.6,0.585,0.));
#8313 = LINE('',#8314,#8315);
#8314 = CARTESIAN_POINT('',(-0.6,-0.625,0.));
#8315 = VECTOR('',#8316,1.);
#8316 = DIRECTION('',(0.,1.,0.));
#8317 = ORIENTED_EDGE('',*,*,#8318,.F.);
#8318 = EDGE_CURVE('',#8171,#8311,#8319,.T.);
#8319 = LINE('',#8320,#8321);
#8320 = CARTESIAN_POINT('',(-1.,0.585,0.));
#8321 = VECTOR('',#8322,1.);
#8322 = DIRECTION('',(1.,0.,0.));
#8323 = PLANE('',#8324);
#8324 = AXIS2_PLACEMENT_3D('',#8325,#8326,#8327);
#8325 = CARTESIAN_POINT('',(-1.,-0.625,0.));
#8326 = DIRECTION('',(0.,0.,1.));
#8327 = DIRECTION('',(1.,0.,-0.));
#8328 = ADVANCED_FACE('',(#8329),#8347,.T.);
#8329 = FACE_BOUND('',#8330,.T.);
#8330 = EDGE_LOOP('',(#8331,#8332,#8333,#8341));
#8331 = ORIENTED_EDGE('',*,*,#8204,.F.);
#8332 = ORIENTED_EDGE('',*,*,#8293,.T.);
#8333 = ORIENTED_EDGE('',*,*,#8334,.T.);
#8334 = EDGE_CURVE('',#8285,#8335,#8337,.T.);
#8335 = VERTEX_POINT('',#8336);
#8336 = CARTESIAN_POINT('',(-0.6,0.585,1.25));
#8337 = LINE('',#8338,#8339);
#8338 = CARTESIAN_POINT('',(-0.6,-0.625,1.25));
#8339 = VECTOR('',#8340,1.);
#8340 = DIRECTION('',(0.,1.,0.));
#8341 = ORIENTED_EDGE('',*,*,#8342,.F.);
#8342 = EDGE_CURVE('',#8196,#8335,#8343,.T.);
#8343 = LINE('',#8344,#8345);
#8344 = CARTESIAN_POINT('',(-1.,0.585,1.25));
#8345 = VECTOR('',#8346,1.);
#8346 = DIRECTION('',(1.,0.,0.));
#8347 = PLANE('',#8348);
#8348 = AXIS2_PLACEMENT_3D('',#8349,#8350,#8351);
#8349 = CARTESIAN_POINT('',(-1.,-0.625,1.25));
#8350 = DIRECTION('',(0.,0.,1.));
#8351 = DIRECTION('',(1.,0.,-0.));
#8352 = ADVANCED_FACE('',(#8353),#8372,.T.);
#8353 = FACE_BOUND('',#8354,.T.);
#8354 = EDGE_LOOP('',(#8355,#8363,#8370,#8371));
#8355 = ORIENTED_EDGE('',*,*,#8356,.T.);
#8356 = EDGE_CURVE('',#8179,#8357,#8359,.T.);
#8357 = VERTEX_POINT('',#8358);
#8358 = CARTESIAN_POINT('',(-0.6,0.625,4.E-02));
#8359 = LINE('',#8360,#8361);
#8360 = CARTESIAN_POINT('',(-1.,0.625,4.E-02));
#8361 = VECTOR('',#8362,1.);
#8362 = DIRECTION('',(1.,0.,0.));
#8363 = ORIENTED_EDGE('',*,*,#8364,.T.);
#8364 = EDGE_CURVE('',#8357,#8311,#8365,.T.);
#8365 = CIRCLE('',#8366,4.E-02);
#8366 = AXIS2_PLACEMENT_3D('',#8367,#8368,#8369);
#8367 = CARTESIAN_POINT('',(-0.6,0.585,4.E-02));
#8368 = DIRECTION('',(-1.,0.,0.));
#8369 = DIRECTION('',(0.,0.,1.));
#8370 = ORIENTED_EDGE('',*,*,#8318,.F.);
#8371 = ORIENTED_EDGE('',*,*,#8178,.F.);
#8372 = CYLINDRICAL_SURFACE('',#8373,4.E-02);
#8373 = AXIS2_PLACEMENT_3D('',#8374,#8375,#8376);
#8374 = CARTESIAN_POINT('',(-1.,0.585,4.E-02));
#8375 = DIRECTION('',(1.,0.,0.));
#8376 = DIRECTION('',(-0.,1.,0.));
#8377 = ADVANCED_FACE('',(#8378),#8397,.T.);
#8378 = FACE_BOUND('',#8379,.T.);
#8379 = EDGE_LOOP('',(#8380,#8381,#8382,#8391));
#8380 = ORIENTED_EDGE('',*,*,#8195,.T.);
#8381 = ORIENTED_EDGE('',*,*,#8342,.T.);
#8382 = ORIENTED_EDGE('',*,*,#8383,.F.);
#8383 = EDGE_CURVE('',#8384,#8335,#8386,.T.);
#8384 = VERTEX_POINT('',#8385);
#8385 = CARTESIAN_POINT('',(-0.6,0.625,1.21));
#8386 = CIRCLE('',#8387,4.E-02);
#8387 = AXIS2_PLACEMENT_3D('',#8388,#8389,#8390);
#8388 = CARTESIAN_POINT('',(-0.6,0.585,1.21));
#8389 = DIRECTION('',(1.,0.,-0.));
#8390 = DIRECTION('',(0.,0.,1.));
#8391 = ORIENTED_EDGE('',*,*,#8392,.F.);
#8392 = EDGE_CURVE('',#8188,#8384,#8393,.T.);
#8393 = LINE('',#8394,#8395);
#8394 = CARTESIAN_POINT('',(-1.,0.625,1.21));
#8395 = VECTOR('',#8396,1.);
#8396 = DIRECTION('',(1.,0.,0.));
#8397 = CYLINDRICAL_SURFACE('',#8398,4.E-02);
#8398 = AXIS2_PLACEMENT_3D('',#8399,#8400,#8401);
#8399 = CARTESIAN_POINT('',(-1.,0.585,1.21));
#8400 = DIRECTION('',(1.,0.,0.));
#8401 = DIRECTION('',(-0.,1.,0.));
#8402 = ADVANCED_FACE('',(#8403),#8414,.T.);
#8403 = FACE_BOUND('',#8404,.T.);
#8404 = EDGE_LOOP('',(#8405,#8411,#8412,#8413));
#8405 = ORIENTED_EDGE('',*,*,#8406,.F.);
#8406 = EDGE_CURVE('',#8357,#8384,#8407,.T.);
#8407 = LINE('',#8408,#8409);
#8408 = CARTESIAN_POINT('',(-0.6,0.625,0.));
#8409 = VECTOR('',#8410,1.);
#8410 = DIRECTION('',(0.,0.,1.));
#8411 = ORIENTED_EDGE('',*,*,#8356,.F.);
#8412 = ORIENTED_EDGE('',*,*,#8187,.T.);
#8413 = ORIENTED_EDGE('',*,*,#8392,.T.);
#8414 = PLANE('',#8415);
#8415 = AXIS2_PLACEMENT_3D('',#8416,#8417,#8418);
#8416 = CARTESIAN_POINT('',(-1.,0.625,0.));
#8417 = DIRECTION('',(0.,1.,0.));
#8418 = DIRECTION('',(0.,-0.,1.));
#8419 = ADVANCED_FACE('',(#8420,#8430),#8500,.T.);
#8420 = FACE_BOUND('',#8421,.T.);
#8421 = EDGE_LOOP('',(#8422,#8423,#8424,#8425,#8426,#8427,#8428,#8429));
#8422 = ORIENTED_EDGE('',*,*,#8227,.F.);
#8423 = ORIENTED_EDGE('',*,*,#8267,.T.);
#8424 = ORIENTED_EDGE('',*,*,#8310,.T.);
#8425 = ORIENTED_EDGE('',*,*,#8364,.F.);
#8426 = ORIENTED_EDGE('',*,*,#8406,.T.);
#8427 = ORIENTED_EDGE('',*,*,#8383,.T.);
#8428 = ORIENTED_EDGE('',*,*,#8334,.F.);
#8429 = ORIENTED_EDGE('',*,*,#8284,.F.);
#8430 = FACE_BOUND('',#8431,.T.);
#8431 = EDGE_LOOP('',(#8432,#8443,#8451,#8460,#8468,#8477,#8485,#8494));
#8432 = ORIENTED_EDGE('',*,*,#8433,.F.);
#8433 = EDGE_CURVE('',#8434,#8436,#8438,.T.);
#8434 = VERTEX_POINT('',#8435);
#8435 = CARTESIAN_POINT('',(-0.6,-0.585,8.E-02));
#8436 = VERTEX_POINT('',#8437);
#8437 = CARTESIAN_POINT('',(-0.6,-0.545,4.E-02));
#8438 = CIRCLE('',#8439,4.E-02);
#8439 = AXIS2_PLACEMENT_3D('',#8440,#8441,#8442);
#8440 = CARTESIAN_POINT('',(-0.6,-0.545,8.E-02));
#8441 = DIRECTION('',(1.,0.,-0.));
#8442 = DIRECTION('',(0.,0.,1.));
#8443 = ORIENTED_EDGE('',*,*,#8444,.T.);
#8444 = EDGE_CURVE('',#8434,#8445,#8447,.T.);
#8445 = VERTEX_POINT('',#8446);
#8446 = CARTESIAN_POINT('',(-0.6,-0.585,1.17));
#8447 = LINE('',#8448,#8449);
#8448 = CARTESIAN_POINT('',(-0.6,-0.585,4.E-02));
#8449 = VECTOR('',#8450,1.);
#8450 = DIRECTION('',(0.,0.,1.));
#8451 = ORIENTED_EDGE('',*,*,#8452,.T.);
#8452 = EDGE_CURVE('',#8445,#8453,#8455,.T.);
#8453 = VERTEX_POINT('',#8454);
#8454 = CARTESIAN_POINT('',(-0.6,-0.545,1.21));
#8455 = CIRCLE('',#8456,4.E-02);
#8456 = AXIS2_PLACEMENT_3D('',#8457,#8458,#8459);
#8457 = CARTESIAN_POINT('',(-0.6,-0.545,1.17));
#8458 = DIRECTION('',(-1.,0.,0.));
#8459 = DIRECTION('',(0.,0.,1.));
#8460 = ORIENTED_EDGE('',*,*,#8461,.T.);
#8461 = EDGE_CURVE('',#8453,#8462,#8464,.T.);
#8462 = VERTEX_POINT('',#8463);
#8463 = CARTESIAN_POINT('',(-0.6,0.545,1.21));
#8464 = LINE('',#8465,#8466);
#8465 = CARTESIAN_POINT('',(-0.6,-0.585,1.21));
#8466 = VECTOR('',#8467,1.);
#8467 = DIRECTION('',(0.,1.,0.));
#8468 = ORIENTED_EDGE('',*,*,#8469,.F.);
#8469 = EDGE_CURVE('',#8470,#8462,#8472,.T.);
#8470 = VERTEX_POINT('',#8471);
#8471 = CARTESIAN_POINT('',(-0.6,0.585,1.17));
#8472 = CIRCLE('',#8473,4.E-02);
#8473 = AXIS2_PLACEMENT_3D('',#8474,#8475,#8476);
#8474 = CARTESIAN_POINT('',(-0.6,0.545,1.17));
#8475 = DIRECTION('',(1.,0.,-0.));
#8476 = DIRECTION('',(0.,0.,1.));
#8477 = ORIENTED_EDGE('',*,*,#8478,.F.);
#8478 = EDGE_CURVE('',#8479,#8470,#8481,.T.);
#8479 = VERTEX_POINT('',#8480);
#8480 = CARTESIAN_POINT('',(-0.6,0.585,8.E-02));
#8481 = LINE('',#8482,#8483);
#8482 = CARTESIAN_POINT('',(-0.6,0.585,4.E-02));
#8483 = VECTOR('',#8484,1.);
#8484 = DIRECTION('',(0.,0.,1.));
#8485 = ORIENTED_EDGE('',*,*,#8486,.T.);
#8486 = EDGE_CURVE('',#8479,#8487,#8489,.T.);
#8487 = VERTEX_POINT('',#8488);
#8488 = CARTESIAN_POINT('',(-0.6,0.545,4.E-02));
#8489 = CIRCLE('',#8490,4.E-02);
#8490 = AXIS2_PLACEMENT_3D('',#8491,#8492,#8493);
#8491 = CARTESIAN_POINT('',(-0.6,0.545,8.E-02));
#8492 = DIRECTION('',(-1.,0.,0.));
#8493 = DIRECTION('',(0.,0.,1.));
#8494 = ORIENTED_EDGE('',*,*,#8495,.F.);
#8495 = EDGE_CURVE('',#8436,#8487,#8496,.T.);
#8496 = LINE('',#8497,#8498);
#8497 = CARTESIAN_POINT('',(-0.6,-0.585,4.E-02));
#8498 = VECTOR('',#8499,1.);
#8499 = DIRECTION('',(0.,1.,0.));
#8500 = PLANE('',#8501);
#8501 = AXIS2_PLACEMENT_3D('',#8502,#8503,#8504);
#8502 = CARTESIAN_POINT('',(-0.6,-0.625,0.));
#8503 = DIRECTION('',(1.,0.,0.));
#8504 = DIRECTION('',(0.,0.,1.));
#8505 = ADVANCED_FACE('',(#8506),#8532,.T.);
#8506 = FACE_BOUND('',#8507,.T.);
#8507 = EDGE_LOOP('',(#8508,#8509,#8517,#8526));
#8508 = ORIENTED_EDGE('',*,*,#8433,.T.);
#8509 = ORIENTED_EDGE('',*,*,#8510,.T.);
#8510 = EDGE_CURVE('',#8436,#8511,#8513,.T.);
#8511 = VERTEX_POINT('',#8512);
#8512 = CARTESIAN_POINT('',(0.6,-0.545,4.E-02));
#8513 = LINE('',#8514,#8515);
#8514 = CARTESIAN_POINT('',(-0.6,-0.545,4.E-02));
#8515 = VECTOR('',#8516,1.);
#8516 = DIRECTION('',(1.,0.,0.));
#8517 = ORIENTED_EDGE('',*,*,#8518,.F.);
#8518 = EDGE_CURVE('',#8519,#8511,#8521,.T.);
#8519 = VERTEX_POINT('',#8520);
#8520 = CARTESIAN_POINT('',(0.6,-0.585,8.E-02));
#8521 = CIRCLE('',#8522,4.E-02);
#8522 = AXIS2_PLACEMENT_3D('',#8523,#8524,#8525);
#8523 = CARTESIAN_POINT('',(0.6,-0.545,8.E-02));
#8524 = DIRECTION('',(1.,0.,-0.));
#8525 = DIRECTION('',(0.,0.,1.));
#8526 = ORIENTED_EDGE('',*,*,#8527,.F.);
#8527 = EDGE_CURVE('',#8434,#8519,#8528,.T.);
#8528 = LINE('',#8529,#8530);
#8529 = CARTESIAN_POINT('',(-0.6,-0.585,8.E-02));
#8530 = VECTOR('',#8531,1.);
#8531 = DIRECTION('',(1.,0.,0.));
#8532 = CYLINDRICAL_SURFACE('',#8533,4.E-02);
#8533 = AXIS2_PLACEMENT_3D('',#8534,#8535,#8536);
#8534 = CARTESIAN_POINT('',(-0.6,-0.545,8.E-02));
#8535 = DIRECTION('',(1.,0.,0.));
#8536 = DIRECTION('',(0.,-1.,0.));
#8537 = ADVANCED_FACE('',(#8538),#8556,.F.);
#8538 = FACE_BOUND('',#8539,.F.);
#8539 = EDGE_LOOP('',(#8540,#8541,#8542,#8550));
#8540 = ORIENTED_EDGE('',*,*,#8495,.F.);
#8541 = ORIENTED_EDGE('',*,*,#8510,.T.);
#8542 = ORIENTED_EDGE('',*,*,#8543,.T.);
#8543 = EDGE_CURVE('',#8511,#8544,#8546,.T.);
#8544 = VERTEX_POINT('',#8545);
#8545 = CARTESIAN_POINT('',(0.6,0.545,4.E-02));
#8546 = LINE('',#8547,#8548);
#8547 = CARTESIAN_POINT('',(0.6,-0.585,4.E-02));
#8548 = VECTOR('',#8549,1.);
#8549 = DIRECTION('',(0.,1.,0.));
#8550 = ORIENTED_EDGE('',*,*,#8551,.F.);
#8551 = EDGE_CURVE('',#8487,#8544,#8552,.T.);
#8552 = LINE('',#8553,#8554);
#8553 = CARTESIAN_POINT('',(-0.6,0.545,4.E-02));
#8554 = VECTOR('',#8555,1.);
#8555 = DIRECTION('',(1.,0.,0.));
#8556 = PLANE('',#8557);
#8557 = AXIS2_PLACEMENT_3D('',#8558,#8559,#8560);
#8558 = CARTESIAN_POINT('',(-0.6,-0.585,4.E-02));
#8559 = DIRECTION('',(0.,0.,1.));
#8560 = DIRECTION('',(1.,0.,-0.));
#8561 = ADVANCED_FACE('',(#8562),#8581,.T.);
#8562 = FACE_BOUND('',#8563,.T.);
#8563 = EDGE_LOOP('',(#8564,#8572,#8579,#8580));
#8564 = ORIENTED_EDGE('',*,*,#8565,.T.);
#8565 = EDGE_CURVE('',#8479,#8566,#8568,.T.);
#8566 = VERTEX_POINT('',#8567);
#8567 = CARTESIAN_POINT('',(0.6,0.585,8.E-02));
#8568 = LINE('',#8569,#8570);
#8569 = CARTESIAN_POINT('',(-0.6,0.585,8.E-02));
#8570 = VECTOR('',#8571,1.);
#8571 = DIRECTION('',(1.,0.,0.));
#8572 = ORIENTED_EDGE('',*,*,#8573,.T.);
#8573 = EDGE_CURVE('',#8566,#8544,#8574,.T.);
#8574 = CIRCLE('',#8575,4.E-02);
#8575 = AXIS2_PLACEMENT_3D('',#8576,#8577,#8578);
#8576 = CARTESIAN_POINT('',(0.6,0.545,8.E-02));
#8577 = DIRECTION('',(-1.,0.,0.));
#8578 = DIRECTION('',(0.,0.,1.));
#8579 = ORIENTED_EDGE('',*,*,#8551,.F.);
#8580 = ORIENTED_EDGE('',*,*,#8486,.F.);
#8581 = CYLINDRICAL_SURFACE('',#8582,4.E-02);
#8582 = AXIS2_PLACEMENT_3D('',#8583,#8584,#8585);
#8583 = CARTESIAN_POINT('',(-0.6,0.545,8.E-02));
#8584 = DIRECTION('',(1.,0.,0.));
#8585 = DIRECTION('',(-0.,1.,0.));
#8586 = ADVANCED_FACE('',(#8587),#8605,.T.);
#8587 = FACE_BOUND('',#8588,.T.);
#8588 = EDGE_LOOP('',(#8589,#8597,#8598,#8599));
#8589 = ORIENTED_EDGE('',*,*,#8590,.F.);
#8590 = EDGE_CURVE('',#8566,#8591,#8593,.T.);
#8591 = VERTEX_POINT('',#8592);
#8592 = CARTESIAN_POINT('',(0.6,0.585,1.17));
#8593 = LINE('',#8594,#8595);
#8594 = CARTESIAN_POINT('',(0.6,0.585,4.E-02));
#8595 = VECTOR('',#8596,1.);
#8596 = DIRECTION('',(0.,0.,1.));
#8597 = ORIENTED_EDGE('',*,*,#8565,.F.);
#8598 = ORIENTED_EDGE('',*,*,#8478,.T.);
#8599 = ORIENTED_EDGE('',*,*,#8600,.T.);
#8600 = EDGE_CURVE('',#8470,#8591,#8601,.T.);
#8601 = LINE('',#8602,#8603);
#8602 = CARTESIAN_POINT('',(-0.6,0.585,1.17));
#8603 = VECTOR('',#8604,1.);
#8604 = DIRECTION('',(1.,0.,0.));
#8605 = PLANE('',#8606);
#8606 = AXIS2_PLACEMENT_3D('',#8607,#8608,#8609);
#8607 = CARTESIAN_POINT('',(-0.6,0.585,4.E-02));
#8608 = DIRECTION('',(0.,1.,0.));
#8609 = DIRECTION('',(0.,-0.,1.));
#8610 = ADVANCED_FACE('',(#8611),#8630,.T.);
#8611 = FACE_BOUND('',#8612,.T.);
#8612 = EDGE_LOOP('',(#8613,#8614,#8622,#8629));
#8613 = ORIENTED_EDGE('',*,*,#8469,.T.);
#8614 = ORIENTED_EDGE('',*,*,#8615,.T.);
#8615 = EDGE_CURVE('',#8462,#8616,#8618,.T.);
#8616 = VERTEX_POINT('',#8617);
#8617 = CARTESIAN_POINT('',(0.6,0.545,1.21));
#8618 = LINE('',#8619,#8620);
#8619 = CARTESIAN_POINT('',(-0.6,0.545,1.21));
#8620 = VECTOR('',#8621,1.);
#8621 = DIRECTION('',(1.,0.,0.));
#8622 = ORIENTED_EDGE('',*,*,#8623,.F.);
#8623 = EDGE_CURVE('',#8591,#8616,#8624,.T.);
#8624 = CIRCLE('',#8625,4.E-02);
#8625 = AXIS2_PLACEMENT_3D('',#8626,#8627,#8628);
#8626 = CARTESIAN_POINT('',(0.6,0.545,1.17));
#8627 = DIRECTION('',(1.,0.,-0.));
#8628 = DIRECTION('',(0.,0.,1.));
#8629 = ORIENTED_EDGE('',*,*,#8600,.F.);
#8630 = CYLINDRICAL_SURFACE('',#8631,4.E-02);
#8631 = AXIS2_PLACEMENT_3D('',#8632,#8633,#8634);
#8632 = CARTESIAN_POINT('',(-0.6,0.545,1.17));
#8633 = DIRECTION('',(1.,0.,0.));
#8634 = DIRECTION('',(-0.,1.,0.));
#8635 = ADVANCED_FACE('',(#8636),#8654,.T.);
#8636 = FACE_BOUND('',#8637,.T.);
#8637 = EDGE_LOOP('',(#8638,#8639,#8647,#8653));
#8638 = ORIENTED_EDGE('',*,*,#8461,.F.);
#8639 = ORIENTED_EDGE('',*,*,#8640,.T.);
#8640 = EDGE_CURVE('',#8453,#8641,#8643,.T.);
#8641 = VERTEX_POINT('',#8642);
#8642 = CARTESIAN_POINT('',(0.6,-0.545,1.21));
#8643 = LINE('',#8644,#8645);
#8644 = CARTESIAN_POINT('',(-0.6,-0.545,1.21));
#8645 = VECTOR('',#8646,1.);
#8646 = DIRECTION('',(1.,0.,0.));
#8647 = ORIENTED_EDGE('',*,*,#8648,.T.);
#8648 = EDGE_CURVE('',#8641,#8616,#8649,.T.);
#8649 = LINE('',#8650,#8651);
#8650 = CARTESIAN_POINT('',(0.6,-0.585,1.21));
#8651 = VECTOR('',#8652,1.);
#8652 = DIRECTION('',(0.,1.,0.));
#8653 = ORIENTED_EDGE('',*,*,#8615,.F.);
#8654 = PLANE('',#8655);
#8655 = AXIS2_PLACEMENT_3D('',#8656,#8657,#8658);
#8656 = CARTESIAN_POINT('',(-0.6,-0.585,1.21));
#8657 = DIRECTION('',(0.,0.,1.));
#8658 = DIRECTION('',(1.,0.,-0.));
#8659 = ADVANCED_FACE('',(#8660),#8679,.T.);
#8660 = FACE_BOUND('',#8661,.T.);
#8661 = EDGE_LOOP('',(#8662,#8670,#8677,#8678));
#8662 = ORIENTED_EDGE('',*,*,#8663,.T.);
#8663 = EDGE_CURVE('',#8445,#8664,#8666,.T.);
#8664 = VERTEX_POINT('',#8665);
#8665 = CARTESIAN_POINT('',(0.6,-0.585,1.17));
#8666 = LINE('',#8667,#8668);
#8667 = CARTESIAN_POINT('',(-0.6,-0.585,1.17));
#8668 = VECTOR('',#8669,1.);
#8669 = DIRECTION('',(1.,0.,0.));
#8670 = ORIENTED_EDGE('',*,*,#8671,.T.);
#8671 = EDGE_CURVE('',#8664,#8641,#8672,.T.);
#8672 = CIRCLE('',#8673,4.E-02);
#8673 = AXIS2_PLACEMENT_3D('',#8674,#8675,#8676);
#8674 = CARTESIAN_POINT('',(0.6,-0.545,1.17));
#8675 = DIRECTION('',(-1.,0.,0.));
#8676 = DIRECTION('',(0.,0.,1.));
#8677 = ORIENTED_EDGE('',*,*,#8640,.F.);
#8678 = ORIENTED_EDGE('',*,*,#8452,.F.);
#8679 = CYLINDRICAL_SURFACE('',#8680,4.E-02);
#8680 = AXIS2_PLACEMENT_3D('',#8681,#8682,#8683);
#8681 = CARTESIAN_POINT('',(-0.6,-0.545,1.17));
#8682 = DIRECTION('',(1.,0.,0.));
#8683 = DIRECTION('',(0.,-1.,0.));
#8684 = ADVANCED_FACE('',(#8685),#8696,.F.);
#8685 = FACE_BOUND('',#8686,.F.);
#8686 = EDGE_LOOP('',(#8687,#8693,#8694,#8695));
#8687 = ORIENTED_EDGE('',*,*,#8688,.F.);
#8688 = EDGE_CURVE('',#8519,#8664,#8689,.T.);
#8689 = LINE('',#8690,#8691);
#8690 = CARTESIAN_POINT('',(0.6,-0.585,4.E-02));
#8691 = VECTOR('',#8692,1.);
#8692 = DIRECTION('',(0.,0.,1.));
#8693 = ORIENTED_EDGE('',*,*,#8527,.F.);
#8694 = ORIENTED_EDGE('',*,*,#8444,.T.);
#8695 = ORIENTED_EDGE('',*,*,#8663,.T.);
#8696 = PLANE('',#8697);
#8697 = AXIS2_PLACEMENT_3D('',#8698,#8699,#8700);
#8698 = CARTESIAN_POINT('',(-0.6,-0.585,4.E-02));
#8699 = DIRECTION('',(0.,1.,0.));
#8700 = DIRECTION('',(0.,-0.,1.));
#8701 = ADVANCED_FACE('',(#8702,#8772),#8782,.F.);
#8702 = FACE_BOUND('',#8703,.F.);
#8703 = EDGE_LOOP('',(#8704,#8714,#8723,#8731,#8740,#8748,#8757,#8765));
#8704 = ORIENTED_EDGE('',*,*,#8705,.F.);
#8705 = EDGE_CURVE('',#8706,#8708,#8710,.T.);
#8706 = VERTEX_POINT('',#8707);
#8707 = CARTESIAN_POINT('',(0.6,-0.625,4.E-02));
#8708 = VERTEX_POINT('',#8709);
#8709 = CARTESIAN_POINT('',(0.6,-0.625,1.21));
#8710 = LINE('',#8711,#8712);
#8711 = CARTESIAN_POINT('',(0.6,-0.625,0.));
#8712 = VECTOR('',#8713,1.);
#8713 = DIRECTION('',(0.,0.,1.));
#8714 = ORIENTED_EDGE('',*,*,#8715,.T.);
#8715 = EDGE_CURVE('',#8706,#8716,#8718,.T.);
#8716 = VERTEX_POINT('',#8717);
#8717 = CARTESIAN_POINT('',(0.6,-0.585,0.));
#8718 = CIRCLE('',#8719,4.E-02);
#8719 = AXIS2_PLACEMENT_3D('',#8720,#8721,#8722);
#8720 = CARTESIAN_POINT('',(0.6,-0.585,4.E-02));
#8721 = DIRECTION('',(1.,0.,-0.));
#8722 = DIRECTION('',(0.,0.,1.));
#8723 = ORIENTED_EDGE('',*,*,#8724,.T.);
#8724 = EDGE_CURVE('',#8716,#8725,#8727,.T.);
#8725 = VERTEX_POINT('',#8726);
#8726 = CARTESIAN_POINT('',(0.6,0.585,0.));
#8727 = LINE('',#8728,#8729);
#8728 = CARTESIAN_POINT('',(0.6,-0.625,0.));
#8729 = VECTOR('',#8730,1.);
#8730 = DIRECTION('',(0.,1.,0.));
#8731 = ORIENTED_EDGE('',*,*,#8732,.F.);
#8732 = EDGE_CURVE('',#8733,#8725,#8735,.T.);
#8733 = VERTEX_POINT('',#8734);
#8734 = CARTESIAN_POINT('',(0.6,0.625,4.E-02));
#8735 = CIRCLE('',#8736,4.E-02);
#8736 = AXIS2_PLACEMENT_3D('',#8737,#8738,#8739);
#8737 = CARTESIAN_POINT('',(0.6,0.585,4.E-02));
#8738 = DIRECTION('',(-1.,0.,0.));
#8739 = DIRECTION('',(0.,0.,1.));
#8740 = ORIENTED_EDGE('',*,*,#8741,.T.);
#8741 = EDGE_CURVE('',#8733,#8742,#8744,.T.);
#8742 = VERTEX_POINT('',#8743);
#8743 = CARTESIAN_POINT('',(0.6,0.625,1.21));
#8744 = LINE('',#8745,#8746);
#8745 = CARTESIAN_POINT('',(0.6,0.625,0.));
#8746 = VECTOR('',#8747,1.);
#8747 = DIRECTION('',(0.,0.,1.));
#8748 = ORIENTED_EDGE('',*,*,#8749,.T.);
#8749 = EDGE_CURVE('',#8742,#8750,#8752,.T.);
#8750 = VERTEX_POINT('',#8751);
#8751 = CARTESIAN_POINT('',(0.6,0.585,1.25));
#8752 = CIRCLE('',#8753,4.E-02);
#8753 = AXIS2_PLACEMENT_3D('',#8754,#8755,#8756);
#8754 = CARTESIAN_POINT('',(0.6,0.585,1.21));
#8755 = DIRECTION('',(1.,0.,-0.));
#8756 = DIRECTION('',(0.,0.,1.));
#8757 = ORIENTED_EDGE('',*,*,#8758,.F.);
#8758 = EDGE_CURVE('',#8759,#8750,#8761,.T.);
#8759 = VERTEX_POINT('',#8760);
#8760 = CARTESIAN_POINT('',(0.6,-0.585,1.25));
#8761 = LINE('',#8762,#8763);
#8762 = CARTESIAN_POINT('',(0.6,-0.625,1.25));
#8763 = VECTOR('',#8764,1.);
#8764 = DIRECTION('',(0.,1.,0.));
#8765 = ORIENTED_EDGE('',*,*,#8766,.F.);
#8766 = EDGE_CURVE('',#8708,#8759,#8767,.T.);
#8767 = CIRCLE('',#8768,4.E-02);
#8768 = AXIS2_PLACEMENT_3D('',#8769,#8770,#8771);
#8769 = CARTESIAN_POINT('',(0.6,-0.585,1.21));
#8770 = DIRECTION('',(-1.,0.,0.));
#8771 = DIRECTION('',(0.,0.,1.));
#8772 = FACE_BOUND('',#8773,.F.);
#8773 = EDGE_LOOP('',(#8774,#8775,#8776,#8777,#8778,#8779,#8780,#8781));
#8774 = ORIENTED_EDGE('',*,*,#8518,.F.);
#8775 = ORIENTED_EDGE('',*,*,#8688,.T.);
#8776 = ORIENTED_EDGE('',*,*,#8671,.T.);
#8777 = ORIENTED_EDGE('',*,*,#8648,.T.);
#8778 = ORIENTED_EDGE('',*,*,#8623,.F.);
#8779 = ORIENTED_EDGE('',*,*,#8590,.F.);
#8780 = ORIENTED_EDGE('',*,*,#8573,.T.);
#8781 = ORIENTED_EDGE('',*,*,#8543,.F.);
#8782 = PLANE('',#8783);
#8783 = AXIS2_PLACEMENT_3D('',#8784,#8785,#8786);
#8784 = CARTESIAN_POINT('',(0.6,-0.625,0.));
#8785 = DIRECTION('',(1.,0.,0.));
#8786 = DIRECTION('',(0.,0.,1.));
#8787 = ADVANCED_FACE('',(#8788),#8813,.F.);
#8788 = FACE_BOUND('',#8789,.F.);
#8789 = EDGE_LOOP('',(#8790,#8800,#8806,#8807));
#8790 = ORIENTED_EDGE('',*,*,#8791,.F.);
#8791 = EDGE_CURVE('',#8792,#8794,#8796,.T.);
#8792 = VERTEX_POINT('',#8793);
#8793 = CARTESIAN_POINT('',(1.,-0.625,4.E-02));
#8794 = VERTEX_POINT('',#8795);
#8795 = CARTESIAN_POINT('',(1.,-0.625,1.21));
#8796 = LINE('',#8797,#8798);
#8797 = CARTESIAN_POINT('',(1.,-0.625,0.));
#8798 = VECTOR('',#8799,1.);
#8799 = DIRECTION('',(0.,0.,1.));
#8800 = ORIENTED_EDGE('',*,*,#8801,.F.);
#8801 = EDGE_CURVE('',#8706,#8792,#8802,.T.);
#8802 = LINE('',#8803,#8804);
#8803 = CARTESIAN_POINT('',(0.6,-0.625,4.E-02));
#8804 = VECTOR('',#8805,1.);
#8805 = DIRECTION('',(1.,0.,0.));
#8806 = ORIENTED_EDGE('',*,*,#8705,.T.);
#8807 = ORIENTED_EDGE('',*,*,#8808,.T.);
#8808 = EDGE_CURVE('',#8708,#8794,#8809,.T.);
#8809 = LINE('',#8810,#8811);
#8810 = CARTESIAN_POINT('',(0.6,-0.625,1.21));
#8811 = VECTOR('',#8812,1.);
#8812 = DIRECTION('',(1.,0.,0.));
#8813 = PLANE('',#8814);
#8814 = AXIS2_PLACEMENT_3D('',#8815,#8816,#8817);
#8815 = CARTESIAN_POINT('',(0.6,-0.625,0.));
#8816 = DIRECTION('',(0.,1.,0.));
#8817 = DIRECTION('',(0.,-0.,1.));
#8818 = ADVANCED_FACE('',(#8819),#8838,.T.);
#8819 = FACE_BOUND('',#8820,.T.);
#8820 = EDGE_LOOP('',(#8821,#8822,#8830,#8837));
#8821 = ORIENTED_EDGE('',*,*,#8715,.T.);
#8822 = ORIENTED_EDGE('',*,*,#8823,.T.);
#8823 = EDGE_CURVE('',#8716,#8824,#8826,.T.);
#8824 = VERTEX_POINT('',#8825);
#8825 = CARTESIAN_POINT('',(1.,-0.585,0.));
#8826 = LINE('',#8827,#8828);
#8827 = CARTESIAN_POINT('',(0.6,-0.585,0.));
#8828 = VECTOR('',#8829,1.);
#8829 = DIRECTION('',(1.,0.,0.));
#8830 = ORIENTED_EDGE('',*,*,#8831,.F.);
#8831 = EDGE_CURVE('',#8792,#8824,#8832,.T.);
#8832 = CIRCLE('',#8833,4.E-02);
#8833 = AXIS2_PLACEMENT_3D('',#8834,#8835,#8836);
#8834 = CARTESIAN_POINT('',(1.,-0.585,4.E-02));
#8835 = DIRECTION('',(1.,0.,-0.));
#8836 = DIRECTION('',(0.,0.,1.));
#8837 = ORIENTED_EDGE('',*,*,#8801,.F.);
#8838 = CYLINDRICAL_SURFACE('',#8839,4.E-02);
#8839 = AXIS2_PLACEMENT_3D('',#8840,#8841,#8842);
#8840 = CARTESIAN_POINT('',(0.6,-0.585,4.E-02));
#8841 = DIRECTION('',(1.,0.,0.));
#8842 = DIRECTION('',(0.,-1.,0.));
#8843 = ADVANCED_FACE('',(#8844),#8863,.T.);
#8844 = FACE_BOUND('',#8845,.T.);
#8845 = EDGE_LOOP('',(#8846,#8847,#8856,#8862));
#8846 = ORIENTED_EDGE('',*,*,#8808,.T.);
#8847 = ORIENTED_EDGE('',*,*,#8848,.T.);
#8848 = EDGE_CURVE('',#8794,#8849,#8851,.T.);
#8849 = VERTEX_POINT('',#8850);
#8850 = CARTESIAN_POINT('',(1.,-0.585,1.25));
#8851 = CIRCLE('',#8852,4.E-02);
#8852 = AXIS2_PLACEMENT_3D('',#8853,#8854,#8855);
#8853 = CARTESIAN_POINT('',(1.,-0.585,1.21));
#8854 = DIRECTION('',(-1.,0.,0.));
#8855 = DIRECTION('',(0.,0.,1.));
#8856 = ORIENTED_EDGE('',*,*,#8857,.F.);
#8857 = EDGE_CURVE('',#8759,#8849,#8858,.T.);
#8858 = LINE('',#8859,#8860);
#8859 = CARTESIAN_POINT('',(0.6,-0.585,1.25));
#8860 = VECTOR('',#8861,1.);
#8861 = DIRECTION('',(1.,0.,0.));
#8862 = ORIENTED_EDGE('',*,*,#8766,.F.);
#8863 = CYLINDRICAL_SURFACE('',#8864,4.E-02);
#8864 = AXIS2_PLACEMENT_3D('',#8865,#8866,#8867);
#8865 = CARTESIAN_POINT('',(0.6,-0.585,1.21));
#8866 = DIRECTION('',(1.,0.,0.));
#8867 = DIRECTION('',(0.,-1.,0.));
#8868 = ADVANCED_FACE('',(#8869),#8887,.F.);
#8869 = FACE_BOUND('',#8870,.F.);
#8870 = EDGE_LOOP('',(#8871,#8872,#8873,#8881));
#8871 = ORIENTED_EDGE('',*,*,#8724,.F.);
#8872 = ORIENTED_EDGE('',*,*,#8823,.T.);
#8873 = ORIENTED_EDGE('',*,*,#8874,.T.);
#8874 = EDGE_CURVE('',#8824,#8875,#8877,.T.);
#8875 = VERTEX_POINT('',#8876);
#8876 = CARTESIAN_POINT('',(1.,0.585,0.));
#8877 = LINE('',#8878,#8879);
#8878 = CARTESIAN_POINT('',(1.,-0.625,0.));
#8879 = VECTOR('',#8880,1.);
#8880 = DIRECTION('',(0.,1.,0.));
#8881 = ORIENTED_EDGE('',*,*,#8882,.F.);
#8882 = EDGE_CURVE('',#8725,#8875,#8883,.T.);
#8883 = LINE('',#8884,#8885);
#8884 = CARTESIAN_POINT('',(0.6,0.585,0.));
#8885 = VECTOR('',#8886,1.);
#8886 = DIRECTION('',(1.,0.,0.));
#8887 = PLANE('',#8888);
#8888 = AXIS2_PLACEMENT_3D('',#8889,#8890,#8891);
#8889 = CARTESIAN_POINT('',(0.6,-0.625,0.));
#8890 = DIRECTION('',(0.,0.,1.));
#8891 = DIRECTION('',(1.,0.,-0.));
#8892 = ADVANCED_FACE('',(#8893),#8911,.T.);
#8893 = FACE_BOUND('',#8894,.T.);
#8894 = EDGE_LOOP('',(#8895,#8896,#8897,#8905));
#8895 = ORIENTED_EDGE('',*,*,#8758,.F.);
#8896 = ORIENTED_EDGE('',*,*,#8857,.T.);
#8897 = ORIENTED_EDGE('',*,*,#8898,.T.);
#8898 = EDGE_CURVE('',#8849,#8899,#8901,.T.);
#8899 = VERTEX_POINT('',#8900);
#8900 = CARTESIAN_POINT('',(1.,0.585,1.25));
#8901 = LINE('',#8902,#8903);
#8902 = CARTESIAN_POINT('',(1.,-0.625,1.25));
#8903 = VECTOR('',#8904,1.);
#8904 = DIRECTION('',(0.,1.,0.));
#8905 = ORIENTED_EDGE('',*,*,#8906,.F.);
#8906 = EDGE_CURVE('',#8750,#8899,#8907,.T.);
#8907 = LINE('',#8908,#8909);
#8908 = CARTESIAN_POINT('',(0.6,0.585,1.25));
#8909 = VECTOR('',#8910,1.);
#8910 = DIRECTION('',(1.,0.,0.));
#8911 = PLANE('',#8912);
#8912 = AXIS2_PLACEMENT_3D('',#8913,#8914,#8915);
#8913 = CARTESIAN_POINT('',(0.6,-0.625,1.25));
#8914 = DIRECTION('',(0.,0.,1.));
#8915 = DIRECTION('',(1.,0.,-0.));
#8916 = ADVANCED_FACE('',(#8917),#8936,.T.);
#8917 = FACE_BOUND('',#8918,.T.);
#8918 = EDGE_LOOP('',(#8919,#8927,#8934,#8935));
#8919 = ORIENTED_EDGE('',*,*,#8920,.T.);
#8920 = EDGE_CURVE('',#8733,#8921,#8923,.T.);
#8921 = VERTEX_POINT('',#8922);
#8922 = CARTESIAN_POINT('',(1.,0.625,4.E-02));
#8923 = LINE('',#8924,#8925);
#8924 = CARTESIAN_POINT('',(0.6,0.625,4.E-02));
#8925 = VECTOR('',#8926,1.);
#8926 = DIRECTION('',(1.,0.,0.));
#8927 = ORIENTED_EDGE('',*,*,#8928,.T.);
#8928 = EDGE_CURVE('',#8921,#8875,#8929,.T.);
#8929 = CIRCLE('',#8930,4.E-02);
#8930 = AXIS2_PLACEMENT_3D('',#8931,#8932,#8933);
#8931 = CARTESIAN_POINT('',(1.,0.585,4.E-02));
#8932 = DIRECTION('',(-1.,0.,0.));
#8933 = DIRECTION('',(0.,0.,1.));
#8934 = ORIENTED_EDGE('',*,*,#8882,.F.);
#8935 = ORIENTED_EDGE('',*,*,#8732,.F.);
#8936 = CYLINDRICAL_SURFACE('',#8937,4.E-02);
#8937 = AXIS2_PLACEMENT_3D('',#8938,#8939,#8940);
#8938 = CARTESIAN_POINT('',(0.6,0.585,4.E-02));
#8939 = DIRECTION('',(1.,0.,0.));
#8940 = DIRECTION('',(-0.,1.,0.));
#8941 = ADVANCED_FACE('',(#8942),#8961,.T.);
#8942 = FACE_BOUND('',#8943,.T.);
#8943 = EDGE_LOOP('',(#8944,#8945,#8946,#8955));
#8944 = ORIENTED_EDGE('',*,*,#8749,.T.);
#8945 = ORIENTED_EDGE('',*,*,#8906,.T.);
#8946 = ORIENTED_EDGE('',*,*,#8947,.F.);
#8947 = EDGE_CURVE('',#8948,#8899,#8950,.T.);
#8948 = VERTEX_POINT('',#8949);
#8949 = CARTESIAN_POINT('',(1.,0.625,1.21));
#8950 = CIRCLE('',#8951,4.E-02);
#8951 = AXIS2_PLACEMENT_3D('',#8952,#8953,#8954);
#8952 = CARTESIAN_POINT('',(1.,0.585,1.21));
#8953 = DIRECTION('',(1.,0.,-0.));
#8954 = DIRECTION('',(0.,0.,1.));
#8955 = ORIENTED_EDGE('',*,*,#8956,.F.);
#8956 = EDGE_CURVE('',#8742,#8948,#8957,.T.);
#8957 = LINE('',#8958,#8959);
#8958 = CARTESIAN_POINT('',(0.6,0.625,1.21));
#8959 = VECTOR('',#8960,1.);
#8960 = DIRECTION('',(1.,0.,0.));
#8961 = CYLINDRICAL_SURFACE('',#8962,4.E-02);
#8962 = AXIS2_PLACEMENT_3D('',#8963,#8964,#8965);
#8963 = CARTESIAN_POINT('',(0.6,0.585,1.21));
#8964 = DIRECTION('',(1.,0.,0.));
#8965 = DIRECTION('',(-0.,1.,0.));
#8966 = ADVANCED_FACE('',(#8967),#8978,.T.);
#8967 = FACE_BOUND('',#8968,.T.);
#8968 = EDGE_LOOP('',(#8969,#8975,#8976,#8977));
#8969 = ORIENTED_EDGE('',*,*,#8970,.F.);
#8970 = EDGE_CURVE('',#8921,#8948,#8971,.T.);
#8971 = LINE('',#8972,#8973);
#8972 = CARTESIAN_POINT('',(1.,0.625,0.));
#8973 = VECTOR('',#8974,1.);
#8974 = DIRECTION('',(0.,0.,1.));
#8975 = ORIENTED_EDGE('',*,*,#8920,.F.);
#8976 = ORIENTED_EDGE('',*,*,#8741,.T.);
#8977 = ORIENTED_EDGE('',*,*,#8956,.T.);
#8978 = PLANE('',#8979);
#8979 = AXIS2_PLACEMENT_3D('',#8980,#8981,#8982);
#8980 = CARTESIAN_POINT('',(0.6,0.625,0.));
#8981 = DIRECTION('',(0.,1.,0.));
#8982 = DIRECTION('',(0.,-0.,1.));
#8983 = ADVANCED_FACE('',(#8984),#8994,.T.);
#8984 = FACE_BOUND('',#8985,.T.);
#8985 = EDGE_LOOP('',(#8986,#8987,#8988,#8989,#8990,#8991,#8992,#8993));
#8986 = ORIENTED_EDGE('',*,*,#8791,.F.);
#8987 = ORIENTED_EDGE('',*,*,#8831,.T.);
#8988 = ORIENTED_EDGE('',*,*,#8874,.T.);
#8989 = ORIENTED_EDGE('',*,*,#8928,.F.);
#8990 = ORIENTED_EDGE('',*,*,#8970,.T.);
#8991 = ORIENTED_EDGE('',*,*,#8947,.T.);
#8992 = ORIENTED_EDGE('',*,*,#8898,.F.);
#8993 = ORIENTED_EDGE('',*,*,#8848,.F.);
#8994 = PLANE('',#8995);
#8995 = AXIS2_PLACEMENT_3D('',#8996,#8997,#8998);
#8996 = CARTESIAN_POINT('',(1.,-0.625,0.));
#8997 = DIRECTION('',(1.,0.,0.));
#8998 = DIRECTION('',(0.,0.,1.));
#8999 = ( GEOMETRIC_REPRESENTATION_CONTEXT(3) 
GLOBAL_UNCERTAINTY_ASSIGNED_CONTEXT((#9003)) 
GLOBAL_UNIT_ASSIGNED_CONTEXT((#9000,#9001,#9002)) REPRESENTATION_CONTEXT
('Context #1','3D Context with UNIT and UNCERTAINTY') );
#9000 = ( LENGTH_UNIT() NAMED_UNIT(*) SI_UNIT(.MILLI.,.METRE.) );
#9001 = ( NAMED_UNIT(*) PLANE_ANGLE_UNIT() SI_UNIT($,.RADIAN.) );
#9002 = ( NAMED_UNIT(*) SI_UNIT($,.STERADIAN.) SOLID_ANGLE_UNIT() );
#9003 = UNCERTAINTY_MEASURE_WITH_UNIT(LENGTH_MEASURE(1.E-07),#9000,
  'distance_accuracy_value','confusion accuracy');
#9004 = CONTEXT_DEPENDENT_SHAPE_REPRESENTATION(#9005,#9007);
#9005 = ( REPRESENTATION_RELATIONSHIP('','',#8144,#10) 
REPRESENTATION_RELATIONSHIP_WITH_TRANSFORMATION(#9006) 
SHAPE_REPRESENTATION_RELATIONSHIP() );
#9006 = ITEM_DEFINED_TRANSFORMATION('','',#11,#31);
#9007 = PRODUCT_DEFINITION_SHAPE('Placement','Placement of an item',
  #9008);
#9008 = NEXT_ASSEMBLY_USAGE_OCCURRENCE('5','C101','',#5,#8139,$);
#9009 = PRODUCT_RELATED_PRODUCT_CATEGORY('part',$,(#8141));
#9010 = SHAPE_DEFINITION_REPRESENTATION(#9011,#9017);
#9011 = PRODUCT_DEFINITION_SHAPE('','',#9012);
#9012 = PRODUCT_DEFINITION('design','',#9013,#9016);
#9013 = PRODUCT_DEFINITION_FORMATION('','',#9014);
#9014 = PRODUCT('LED_0603_1608Metric','LED_0603_1608Metric','',(#9015));
#9015 = PRODUCT_CONTEXT('',#2,'mechanical');
#9016 = PRODUCT_DEFINITION_CONTEXT('part definition',#2,'design');
#9017 = ADVANCED_BREP_SHAPE_REPRESENTATION('',(#11,#9018),#10541);
#9018 = MANIFOLD_SOLID_BREP('',#9019);
#9019 = CLOSED_SHELL('',(#9020,#9060,#9107,#9186,#9210,#9250,#9281,#9298
    ,#9331,#9355,#9422,#9543,#9610,#9634,#9665,#9698,#9754,#9778,#9802,
    #9826,#9859,#9871,#9934,#9959,#9976,#10000,#10018,#10036,#10054,
    #10071,#10088,#10119,#10144,#10169,#10193,#10210,#10241,#10265,
    #10282,#10310,#10335,#10359,#10384,#10431,#10448,#10460,#10482,
    #10494,#10512,#10530));
#9020 = ADVANCED_FACE('',(#9021),#9055,.F.);
#9021 = FACE_BOUND('',#9022,.F.);
#9022 = EDGE_LOOP('',(#9023,#9033,#9041,#9049));
#9023 = ORIENTED_EDGE('',*,*,#9024,.T.);
#9024 = EDGE_CURVE('',#9025,#9027,#9029,.T.);
#9025 = VERTEX_POINT('',#9026);
#9026 = CARTESIAN_POINT('',(-0.5,-0.4,0.47));
#9027 = VERTEX_POINT('',#9028);
#9028 = CARTESIAN_POINT('',(-0.45,-0.4,1.1));
#9029 = LINE('',#9030,#9031);
#9030 = CARTESIAN_POINT('',(-0.5,-0.4,0.47));
#9031 = VECTOR('',#9032,1.);
#9032 = DIRECTION('',(7.911630099815E-02,0.,0.996865392576));
#9033 = ORIENTED_EDGE('',*,*,#9034,.T.);
#9034 = EDGE_CURVE('',#9027,#9035,#9037,.T.);
#9035 = VERTEX_POINT('',#9036);
#9036 = CARTESIAN_POINT('',(0.45,-0.4,1.1));
#9037 = LINE('',#9038,#9039);
#9038 = CARTESIAN_POINT('',(-0.45,-0.4,1.1));
#9039 = VECTOR('',#9040,1.);
#9040 = DIRECTION('',(1.,0.,0.));
#9041 = ORIENTED_EDGE('',*,*,#9042,.T.);
#9042 = EDGE_CURVE('',#9035,#9043,#9045,.T.);
#9043 = VERTEX_POINT('',#9044);
#9044 = CARTESIAN_POINT('',(0.5,-0.4,0.47));
#9045 = LINE('',#9046,#9047);
#9046 = CARTESIAN_POINT('',(0.45,-0.4,1.1));
#9047 = VECTOR('',#9048,1.);
#9048 = DIRECTION('',(7.911630099815E-02,0.,-0.996865392576));
#9049 = ORIENTED_EDGE('',*,*,#9050,.T.);
#9050 = EDGE_CURVE('',#9043,#9025,#9051,.T.);
#9051 = LINE('',#9052,#9053);
#9052 = CARTESIAN_POINT('',(0.5,-0.4,0.47));
#9053 = VECTOR('',#9054,1.);
#9054 = DIRECTION('',(-1.,0.,0.));
#9055 = PLANE('',#9056);
#9056 = AXIS2_PLACEMENT_3D('',#9057,#9058,#9059);
#9057 = CARTESIAN_POINT('',(-8.772411109409E-18,-0.4,0.775044128294));
#9058 = DIRECTION('',(0.,1.,0.));
#9059 = DIRECTION('',(0.,-0.,1.));
#9060 = ADVANCED_FACE('',(#9061),#9102,.T.);
#9061 = FACE_BOUND('',#9062,.T.);
#9062 = EDGE_LOOP('',(#9063,#9073,#9081,#9087,#9088,#9096));
#9063 = ORIENTED_EDGE('',*,*,#9064,.T.);
#9064 = EDGE_CURVE('',#9065,#9067,#9069,.T.);
#9065 = VERTEX_POINT('',#9066);
#9066 = CARTESIAN_POINT('',(-0.5,0.4,0.47));
#9067 = VERTEX_POINT('',#9068);
#9068 = CARTESIAN_POINT('',(-0.5,0.3,0.47));
#9069 = LINE('',#9070,#9071);
#9070 = CARTESIAN_POINT('',(-0.5,0.4,0.47));
#9071 = VECTOR('',#9072,1.);
#9072 = DIRECTION('',(0.,-1.,0.));
#9073 = ORIENTED_EDGE('',*,*,#9074,.F.);
#9074 = EDGE_CURVE('',#9075,#9067,#9077,.T.);
#9075 = VERTEX_POINT('',#9076);
#9076 = CARTESIAN_POINT('',(-0.5,-0.3,0.47));
#9077 = LINE('',#9078,#9079);
#9078 = CARTESIAN_POINT('',(-0.5,-0.4,0.47));
#9079 = VECTOR('',#9080,1.);
#9080 = DIRECTION('',(0.,1.,0.));
#9081 = ORIENTED_EDGE('',*,*,#9082,.T.);
#9082 = EDGE_CURVE('',#9075,#9025,#9083,.T.);
#9083 = LINE('',#9084,#9085);
#9084 = CARTESIAN_POINT('',(-0.5,0.4,0.47));
#9085 = VECTOR('',#9086,1.);
#9086 = DIRECTION('',(0.,-1.,0.));
#9087 = ORIENTED_EDGE('',*,*,#9024,.T.);
#9088 = ORIENTED_EDGE('',*,*,#9089,.F.);
#9089 = EDGE_CURVE('',#9090,#9027,#9092,.T.);
#9090 = VERTEX_POINT('',#9091);
#9091 = CARTESIAN_POINT('',(-0.45,0.4,1.1));
#9092 = LINE('',#9093,#9094);
#9093 = CARTESIAN_POINT('',(-0.45,0.4,1.1));
#9094 = VECTOR('',#9095,1.);
#9095 = DIRECTION('',(0.,-1.,0.));
#9096 = ORIENTED_EDGE('',*,*,#9097,.F.);
#9097 = EDGE_CURVE('',#9065,#9090,#9098,.T.);
#9098 = LINE('',#9099,#9100);
#9099 = CARTESIAN_POINT('',(-0.5,0.4,0.47));
#9100 = VECTOR('',#9101,1.);
#9101 = DIRECTION('',(7.911630099815E-02,0.,0.996865392576));
#9102 = PLANE('',#9103);
#9103 = AXIS2_PLACEMENT_3D('',#9104,#9105,#9106);
#9104 = CARTESIAN_POINT('',(-0.5,0.4,0.47));
#9105 = DIRECTION('',(-0.996865392576,0.,7.911630099815E-02));
#9106 = DIRECTION('',(7.911630099815E-02,0.,0.996865392576));
#9107 = ADVANCED_FACE('',(#9108),#9181,.F.);
#9108 = FACE_BOUND('',#9109,.F.);
#9109 = EDGE_LOOP('',(#9110,#9120,#9128,#9136,#9142,#9143,#9151,#9159,
    #9167,#9175));
#9110 = ORIENTED_EDGE('',*,*,#9111,.F.);
#9111 = EDGE_CURVE('',#9112,#9114,#9116,.T.);
#9112 = VERTEX_POINT('',#9113);
#9113 = CARTESIAN_POINT('',(-0.77,-0.4,3.E-02));
#9114 = VERTEX_POINT('',#9115);
#9115 = CARTESIAN_POINT('',(-0.725,-0.4,3.E-02));
#9116 = LINE('',#9117,#9118);
#9117 = CARTESIAN_POINT('',(-0.77,-0.4,3.E-02));
#9118 = VECTOR('',#9119,1.);
#9119 = DIRECTION('',(1.,0.,0.));
#9120 = ORIENTED_EDGE('',*,*,#9121,.T.);
#9121 = EDGE_CURVE('',#9112,#9122,#9124,.T.);
#9122 = VERTEX_POINT('',#9123);
#9123 = CARTESIAN_POINT('',(-0.77,-0.4,0.47));
#9124 = LINE('',#9125,#9126);
#9125 = CARTESIAN_POINT('',(-0.77,-0.4,3.E-02));
#9126 = VECTOR('',#9127,1.);
#9127 = DIRECTION('',(0.,0.,1.));
#9128 = ORIENTED_EDGE('',*,*,#9129,.T.);
#9129 = EDGE_CURVE('',#9122,#9130,#9132,.T.);
#9130 = VERTEX_POINT('',#9131);
#9131 = CARTESIAN_POINT('',(-0.725,-0.4,0.47));
#9132 = LINE('',#9133,#9134);
#9133 = CARTESIAN_POINT('',(-0.77,-0.4,0.47));
#9134 = VECTOR('',#9135,1.);
#9135 = DIRECTION('',(1.,0.,0.));
#9136 = ORIENTED_EDGE('',*,*,#9137,.T.);
#9137 = EDGE_CURVE('',#9130,#9025,#9138,.T.);
#9138 = LINE('',#9139,#9140);
#9139 = CARTESIAN_POINT('',(-0.77,-0.4,0.47));
#9140 = VECTOR('',#9141,1.);
#9141 = DIRECTION('',(1.,0.,0.));
#9142 = ORIENTED_EDGE('',*,*,#9050,.F.);
#9143 = ORIENTED_EDGE('',*,*,#9144,.T.);
#9144 = EDGE_CURVE('',#9043,#9145,#9147,.T.);
#9145 = VERTEX_POINT('',#9146);
#9146 = CARTESIAN_POINT('',(0.725,-0.4,0.47));
#9147 = LINE('',#9148,#9149);
#9148 = CARTESIAN_POINT('',(-0.77,-0.4,0.47));
#9149 = VECTOR('',#9150,1.);
#9150 = DIRECTION('',(1.,0.,0.));
#9151 = ORIENTED_EDGE('',*,*,#9152,.T.);
#9152 = EDGE_CURVE('',#9145,#9153,#9155,.T.);
#9153 = VERTEX_POINT('',#9154);
#9154 = CARTESIAN_POINT('',(0.77,-0.4,0.47));
#9155 = LINE('',#9156,#9157);
#9156 = CARTESIAN_POINT('',(-0.77,-0.4,0.47));
#9157 = VECTOR('',#9158,1.);
#9158 = DIRECTION('',(1.,0.,0.));
#9159 = ORIENTED_EDGE('',*,*,#9160,.F.);
#9160 = EDGE_CURVE('',#9161,#9153,#9163,.T.);
#9161 = VERTEX_POINT('',#9162);
#9162 = CARTESIAN_POINT('',(0.77,-0.4,3.E-02));
#9163 = LINE('',#9164,#9165);
#9164 = CARTESIAN_POINT('',(0.77,-0.4,3.E-02));
#9165 = VECTOR('',#9166,1.);
#9166 = DIRECTION('',(0.,0.,1.));
#9167 = ORIENTED_EDGE('',*,*,#9168,.F.);
#9168 = EDGE_CURVE('',#9169,#9161,#9171,.T.);
#9169 = VERTEX_POINT('',#9170);
#9170 = CARTESIAN_POINT('',(0.725,-0.4,3.E-02));
#9171 = LINE('',#9172,#9173);
#9172 = CARTESIAN_POINT('',(-0.77,-0.4,3.E-02));
#9173 = VECTOR('',#9174,1.);
#9174 = DIRECTION('',(1.,0.,0.));
#9175 = ORIENTED_EDGE('',*,*,#9176,.F.);
#9176 = EDGE_CURVE('',#9114,#9169,#9177,.T.);
#9177 = LINE('',#9178,#9179);
#9178 = CARTESIAN_POINT('',(-0.77,-0.4,3.E-02));
#9179 = VECTOR('',#9180,1.);
#9180 = DIRECTION('',(1.,0.,0.));
#9181 = PLANE('',#9182);
#9182 = AXIS2_PLACEMENT_3D('',#9183,#9184,#9185);
#9183 = CARTESIAN_POINT('',(-0.77,-0.4,3.E-02));
#9184 = DIRECTION('',(0.,1.,0.));
#9185 = DIRECTION('',(0.,-0.,1.));
#9186 = ADVANCED_FACE('',(#9187),#9205,.T.);
#9187 = FACE_BOUND('',#9188,.T.);
#9188 = EDGE_LOOP('',(#9189,#9190,#9191,#9199));
#9189 = ORIENTED_EDGE('',*,*,#9089,.T.);
#9190 = ORIENTED_EDGE('',*,*,#9034,.T.);
#9191 = ORIENTED_EDGE('',*,*,#9192,.F.);
#9192 = EDGE_CURVE('',#9193,#9035,#9195,.T.);
#9193 = VERTEX_POINT('',#9194);
#9194 = CARTESIAN_POINT('',(0.45,0.4,1.1));
#9195 = LINE('',#9196,#9197);
#9196 = CARTESIAN_POINT('',(0.45,0.4,1.1));
#9197 = VECTOR('',#9198,1.);
#9198 = DIRECTION('',(0.,-1.,0.));
#9199 = ORIENTED_EDGE('',*,*,#9200,.F.);
#9200 = EDGE_CURVE('',#9090,#9193,#9201,.T.);
#9201 = LINE('',#9202,#9203);
#9202 = CARTESIAN_POINT('',(-0.45,0.4,1.1));
#9203 = VECTOR('',#9204,1.);
#9204 = DIRECTION('',(1.,0.,0.));
#9205 = PLANE('',#9206);
#9206 = AXIS2_PLACEMENT_3D('',#9207,#9208,#9209);
#9207 = CARTESIAN_POINT('',(-0.45,0.4,1.1));
#9208 = DIRECTION('',(0.,0.,1.));
#9209 = DIRECTION('',(1.,0.,-0.));
#9210 = ADVANCED_FACE('',(#9211),#9245,.T.);
#9211 = FACE_BOUND('',#9212,.T.);
#9212 = EDGE_LOOP('',(#9213,#9214,#9215,#9223,#9231,#9239));
#9213 = ORIENTED_EDGE('',*,*,#9192,.T.);
#9214 = ORIENTED_EDGE('',*,*,#9042,.T.);
#9215 = ORIENTED_EDGE('',*,*,#9216,.F.);
#9216 = EDGE_CURVE('',#9217,#9043,#9219,.T.);
#9217 = VERTEX_POINT('',#9218);
#9218 = CARTESIAN_POINT('',(0.5,-0.3,0.47));
#9219 = LINE('',#9220,#9221);
#9220 = CARTESIAN_POINT('',(0.5,0.4,0.47));
#9221 = VECTOR('',#9222,1.);
#9222 = DIRECTION('',(0.,-1.,0.));
#9223 = ORIENTED_EDGE('',*,*,#9224,.T.);
#9224 = EDGE_CURVE('',#9217,#9225,#9227,.T.);
#9225 = VERTEX_POINT('',#9226);
#9226 = CARTESIAN_POINT('',(0.5,0.3,0.47));
#9227 = LINE('',#9228,#9229);
#9228 = CARTESIAN_POINT('',(0.5,-0.4,0.47));
#9229 = VECTOR('',#9230,1.);
#9230 = DIRECTION('',(0.,1.,0.));
#9231 = ORIENTED_EDGE('',*,*,#9232,.F.);
#9232 = EDGE_CURVE('',#9233,#9225,#9235,.T.);
#9233 = VERTEX_POINT('',#9234);
#9234 = CARTESIAN_POINT('',(0.5,0.4,0.47));
#9235 = LINE('',#9236,#9237);
#9236 = CARTESIAN_POINT('',(0.5,0.4,0.47));
#9237 = VECTOR('',#9238,1.);
#9238 = DIRECTION('',(0.,-1.,0.));
#9239 = ORIENTED_EDGE('',*,*,#9240,.F.);
#9240 = EDGE_CURVE('',#9193,#9233,#9241,.T.);
#9241 = LINE('',#9242,#9243);
#9242 = CARTESIAN_POINT('',(0.45,0.4,1.1));
#9243 = VECTOR('',#9244,1.);
#9244 = DIRECTION('',(7.911630099815E-02,0.,-0.996865392576));
#9245 = PLANE('',#9246);
#9246 = AXIS2_PLACEMENT_3D('',#9247,#9248,#9249);
#9247 = CARTESIAN_POINT('',(0.45,0.4,1.1));
#9248 = DIRECTION('',(0.996865392576,0.,7.911630099815E-02));
#9249 = DIRECTION('',(7.911630099815E-02,0.,-0.996865392576));
#9250 = ADVANCED_FACE('',(#9251),#9276,.T.);
#9251 = FACE_BOUND('',#9252,.T.);
#9252 = EDGE_LOOP('',(#9253,#9261,#9269,#9275));
#9253 = ORIENTED_EDGE('',*,*,#9254,.F.);
#9254 = EDGE_CURVE('',#9255,#9065,#9257,.T.);
#9255 = VERTEX_POINT('',#9256);
#9256 = CARTESIAN_POINT('',(-0.725,0.4,0.47));
#9257 = LINE('',#9258,#9259);
#9258 = CARTESIAN_POINT('',(-0.77,0.4,0.47));
#9259 = VECTOR('',#9260,1.);
#9260 = DIRECTION('',(1.,0.,0.));
#9261 = ORIENTED_EDGE('',*,*,#9262,.F.);
#9262 = EDGE_CURVE('',#9263,#9255,#9265,.T.);
#9263 = VERTEX_POINT('',#9264);
#9264 = CARTESIAN_POINT('',(-0.725,0.3,0.47));
#9265 = LINE('',#9266,#9267);
#9266 = CARTESIAN_POINT('',(-0.725,5.E-02,0.47));
#9267 = VECTOR('',#9268,1.);
#9268 = DIRECTION('',(0.,1.,0.));
#9269 = ORIENTED_EDGE('',*,*,#9270,.F.);
#9270 = EDGE_CURVE('',#9067,#9263,#9271,.T.);
#9271 = LINE('',#9272,#9273);
#9272 = CARTESIAN_POINT('',(-0.7475,0.3,0.47));
#9273 = VECTOR('',#9274,1.);
#9274 = DIRECTION('',(-1.,0.,0.));
#9275 = ORIENTED_EDGE('',*,*,#9064,.F.);
#9276 = PLANE('',#9277);
#9277 = AXIS2_PLACEMENT_3D('',#9278,#9279,#9280);
#9278 = CARTESIAN_POINT('',(-0.77,-0.4,0.47));
#9279 = DIRECTION('',(0.,0.,1.));
#9280 = DIRECTION('',(1.,0.,-0.));
#9281 = ADVANCED_FACE('',(#9282),#9293,.T.);
#9282 = FACE_BOUND('',#9283,.T.);
#9283 = EDGE_LOOP('',(#9284,#9285,#9286,#9287));
#9284 = ORIENTED_EDGE('',*,*,#9097,.T.);
#9285 = ORIENTED_EDGE('',*,*,#9200,.T.);
#9286 = ORIENTED_EDGE('',*,*,#9240,.T.);
#9287 = ORIENTED_EDGE('',*,*,#9288,.T.);
#9288 = EDGE_CURVE('',#9233,#9065,#9289,.T.);
#9289 = LINE('',#9290,#9291);
#9290 = CARTESIAN_POINT('',(0.5,0.4,0.47));
#9291 = VECTOR('',#9292,1.);
#9292 = DIRECTION('',(-1.,0.,0.));
#9293 = PLANE('',#9294);
#9294 = AXIS2_PLACEMENT_3D('',#9295,#9296,#9297);
#9295 = CARTESIAN_POINT('',(-8.772411109409E-18,0.4,0.775044128294));
#9296 = DIRECTION('',(0.,1.,0.));
#9297 = DIRECTION('',(0.,-0.,1.));
#9298 = ADVANCED_FACE('',(#9299),#9326,.T.);
#9299 = FACE_BOUND('',#9300,.T.);
#9300 = EDGE_LOOP('',(#9301,#9310,#9318,#9325));
#9301 = ORIENTED_EDGE('',*,*,#9302,.F.);
#9302 = EDGE_CURVE('',#9303,#9067,#9305,.T.);
#9303 = VERTEX_POINT('',#9304);
#9304 = CARTESIAN_POINT('',(-0.53,0.3,0.5));
#9305 = CIRCLE('',#9306,3.E-02);
#9306 = AXIS2_PLACEMENT_3D('',#9307,#9308,#9309);
#9307 = CARTESIAN_POINT('',(-0.53,0.3,0.47));
#9308 = DIRECTION('',(-0.,1.,0.));
#9309 = DIRECTION('',(1.,0.,0.));
#9310 = ORIENTED_EDGE('',*,*,#9311,.F.);
#9311 = EDGE_CURVE('',#9312,#9303,#9314,.T.);
#9312 = VERTEX_POINT('',#9313);
#9313 = CARTESIAN_POINT('',(-0.53,-0.3,0.5));
#9314 = LINE('',#9315,#9316);
#9315 = CARTESIAN_POINT('',(-0.53,-0.4,0.5));
#9316 = VECTOR('',#9317,1.);
#9317 = DIRECTION('',(0.,1.,0.));
#9318 = ORIENTED_EDGE('',*,*,#9319,.T.);
#9319 = EDGE_CURVE('',#9312,#9075,#9320,.T.);
#9320 = CIRCLE('',#9321,3.E-02);
#9321 = AXIS2_PLACEMENT_3D('',#9322,#9323,#9324);
#9322 = CARTESIAN_POINT('',(-0.53,-0.3,0.47));
#9323 = DIRECTION('',(-0.,1.,0.));
#9324 = DIRECTION('',(1.,0.,0.));
#9325 = ORIENTED_EDGE('',*,*,#9074,.T.);
#9326 = CYLINDRICAL_SURFACE('',#9327,3.E-02);
#9327 = AXIS2_PLACEMENT_3D('',#9328,#9329,#9330);
#9328 = CARTESIAN_POINT('',(-0.53,-0.4,0.47));
#9329 = DIRECTION('',(0.,1.,0.));
#9330 = DIRECTION('',(1.,0.,0.));
#9331 = ADVANCED_FACE('',(#9332),#9350,.T.);
#9332 = FACE_BOUND('',#9333,.T.);
#9333 = EDGE_LOOP('',(#9334,#9342,#9343,#9344));
#9334 = ORIENTED_EDGE('',*,*,#9335,.F.);
#9335 = EDGE_CURVE('',#9130,#9336,#9338,.T.);
#9336 = VERTEX_POINT('',#9337);
#9337 = CARTESIAN_POINT('',(-0.725,-0.3,0.47));
#9338 = LINE('',#9339,#9340);
#9339 = CARTESIAN_POINT('',(-0.725,-0.35,0.47));
#9340 = VECTOR('',#9341,1.);
#9341 = DIRECTION('',(0.,1.,0.));
#9342 = ORIENTED_EDGE('',*,*,#9137,.T.);
#9343 = ORIENTED_EDGE('',*,*,#9082,.F.);
#9344 = ORIENTED_EDGE('',*,*,#9345,.F.);
#9345 = EDGE_CURVE('',#9336,#9075,#9346,.T.);
#9346 = LINE('',#9347,#9348);
#9347 = CARTESIAN_POINT('',(-2.25E-02,-0.3,0.47));
#9348 = VECTOR('',#9349,1.);
#9349 = DIRECTION('',(1.,0.,0.));
#9350 = PLANE('',#9351);
#9351 = AXIS2_PLACEMENT_3D('',#9352,#9353,#9354);
#9352 = CARTESIAN_POINT('',(-0.77,-0.4,0.47));
#9353 = DIRECTION('',(0.,0.,1.));
#9354 = DIRECTION('',(1.,0.,-0.));
#9355 = ADVANCED_FACE('',(#9356),#9417,.F.);
#9356 = FACE_BOUND('',#9357,.F.);
#9357 = EDGE_LOOP('',(#9358,#9368,#9377,#9385,#9394,#9402,#9408,#9409,
    #9410,#9411));
#9358 = ORIENTED_EDGE('',*,*,#9359,.F.);
#9359 = EDGE_CURVE('',#9360,#9362,#9364,.T.);
#9360 = VERTEX_POINT('',#9361);
#9361 = CARTESIAN_POINT('',(-0.77,-0.4,-3.469446951954E-18));
#9362 = VERTEX_POINT('',#9363);
#9363 = CARTESIAN_POINT('',(-0.725,-0.4,0.));
#9364 = LINE('',#9365,#9366);
#9365 = CARTESIAN_POINT('',(-0.8,-0.4,0.));
#9366 = VECTOR('',#9367,1.);
#9367 = DIRECTION('',(1.,0.,0.));
#9368 = ORIENTED_EDGE('',*,*,#9369,.F.);
#9369 = EDGE_CURVE('',#9370,#9360,#9372,.T.);
#9370 = VERTEX_POINT('',#9371);
#9371 = CARTESIAN_POINT('',(-0.8,-0.4,3.E-02));
#9372 = CIRCLE('',#9373,3.E-02);
#9373 = AXIS2_PLACEMENT_3D('',#9374,#9375,#9376);
#9374 = CARTESIAN_POINT('',(-0.77,-0.4,3.E-02));
#9375 = DIRECTION('',(0.,-1.,0.));
#9376 = DIRECTION('',(0.,0.,1.));
#9377 = ORIENTED_EDGE('',*,*,#9378,.T.);
#9378 = EDGE_CURVE('',#9370,#9379,#9381,.T.);
#9379 = VERTEX_POINT('',#9380);
#9380 = CARTESIAN_POINT('',(-0.8,-0.4,0.47));
#9381 = LINE('',#9382,#9383);
#9382 = CARTESIAN_POINT('',(-0.8,-0.4,0.));
#9383 = VECTOR('',#9384,1.);
#9384 = DIRECTION('',(0.,0.,1.));
#9385 = ORIENTED_EDGE('',*,*,#9386,.T.);
#9386 = EDGE_CURVE('',#9379,#9387,#9389,.T.);
#9387 = VERTEX_POINT('',#9388);
#9388 = CARTESIAN_POINT('',(-0.77,-0.4,0.5));
#9389 = CIRCLE('',#9390,3.E-02);
#9390 = AXIS2_PLACEMENT_3D('',#9391,#9392,#9393);
#9391 = CARTESIAN_POINT('',(-0.77,-0.4,0.47));
#9392 = DIRECTION('',(0.,1.,0.));
#9393 = DIRECTION('',(0.,-0.,1.));
#9394 = ORIENTED_EDGE('',*,*,#9395,.T.);
#9395 = EDGE_CURVE('',#9387,#9396,#9398,.T.);
#9396 = VERTEX_POINT('',#9397);
#9397 = CARTESIAN_POINT('',(-0.725,-0.4,0.5));
#9398 = LINE('',#9399,#9400);
#9399 = CARTESIAN_POINT('',(-0.8,-0.4,0.5));
#9400 = VECTOR('',#9401,1.);
#9401 = DIRECTION('',(1.,0.,0.));
#9402 = ORIENTED_EDGE('',*,*,#9403,.F.);
#9403 = EDGE_CURVE('',#9130,#9396,#9404,.T.);
#9404 = LINE('',#9405,#9406);
#9405 = CARTESIAN_POINT('',(-0.725,-0.4,0.375));
#9406 = VECTOR('',#9407,1.);
#9407 = DIRECTION('',(0.,0.,1.));
#9408 = ORIENTED_EDGE('',*,*,#9129,.F.);
#9409 = ORIENTED_EDGE('',*,*,#9121,.F.);
#9410 = ORIENTED_EDGE('',*,*,#9111,.T.);
#9411 = ORIENTED_EDGE('',*,*,#9412,.F.);
#9412 = EDGE_CURVE('',#9362,#9114,#9413,.T.);
#9413 = LINE('',#9414,#9415);
#9414 = CARTESIAN_POINT('',(-0.725,-0.4,0.375));
#9415 = VECTOR('',#9416,1.);
#9416 = DIRECTION('',(0.,0.,1.));
#9417 = PLANE('',#9418);
#9418 = AXIS2_PLACEMENT_3D('',#9419,#9420,#9421);
#9419 = CARTESIAN_POINT('',(-0.8,-0.4,0.));
#9420 = DIRECTION('',(0.,1.,0.));
#9421 = DIRECTION('',(0.,-0.,1.));
#9422 = ADVANCED_FACE('',(#9423,#9512),#9538,.F.);
#9423 = FACE_BOUND('',#9424,.F.);
#9424 = EDGE_LOOP('',(#9425,#9433,#9434,#9442,#9450,#9458,#9466,#9474,
    #9482,#9490,#9498,#9506));
#9425 = ORIENTED_EDGE('',*,*,#9426,.F.);
#9426 = EDGE_CURVE('',#9114,#9427,#9429,.T.);
#9427 = VERTEX_POINT('',#9428);
#9428 = CARTESIAN_POINT('',(-0.725,-0.3,3.E-02));
#9429 = LINE('',#9430,#9431);
#9430 = CARTESIAN_POINT('',(-0.725,-0.35,3.E-02));
#9431 = VECTOR('',#9432,1.);
#9432 = DIRECTION('',(0.,1.,0.));
#9433 = ORIENTED_EDGE('',*,*,#9176,.T.);
#9434 = ORIENTED_EDGE('',*,*,#9435,.F.);
#9435 = EDGE_CURVE('',#9436,#9169,#9438,.T.);
#9436 = VERTEX_POINT('',#9437);
#9437 = CARTESIAN_POINT('',(0.725,-0.3,3.E-02));
#9438 = LINE('',#9439,#9440);
#9439 = CARTESIAN_POINT('',(0.725,-0.45,3.E-02));
#9440 = VECTOR('',#9441,1.);
#9441 = DIRECTION('',(0.,-1.,0.));
#9442 = ORIENTED_EDGE('',*,*,#9443,.F.);
#9443 = EDGE_CURVE('',#9444,#9436,#9446,.T.);
#9444 = VERTEX_POINT('',#9445);
#9445 = CARTESIAN_POINT('',(0.5,-0.3,3.E-02));
#9446 = LINE('',#9447,#9448);
#9447 = CARTESIAN_POINT('',(-2.25E-02,-0.3,3.E-02));
#9448 = VECTOR('',#9449,1.);
#9449 = DIRECTION('',(1.,0.,0.));
#9450 = ORIENTED_EDGE('',*,*,#9451,.T.);
#9451 = EDGE_CURVE('',#9444,#9452,#9454,.T.);
#9452 = VERTEX_POINT('',#9453);
#9453 = CARTESIAN_POINT('',(0.5,0.3,3.E-02));
#9454 = LINE('',#9455,#9456);
#9455 = CARTESIAN_POINT('',(0.5,-0.4,3.E-02));
#9456 = VECTOR('',#9457,1.);
#9457 = DIRECTION('',(0.,1.,0.));
#9458 = ORIENTED_EDGE('',*,*,#9459,.F.);
#9459 = EDGE_CURVE('',#9460,#9452,#9462,.T.);
#9460 = VERTEX_POINT('',#9461);
#9461 = CARTESIAN_POINT('',(0.725,0.3,3.E-02));
#9462 = LINE('',#9463,#9464);
#9463 = CARTESIAN_POINT('',(-0.7475,0.3,3.E-02));
#9464 = VECTOR('',#9465,1.);
#9465 = DIRECTION('',(-1.,0.,0.));
#9466 = ORIENTED_EDGE('',*,*,#9467,.F.);
#9467 = EDGE_CURVE('',#9468,#9460,#9470,.T.);
#9468 = VERTEX_POINT('',#9469);
#9469 = CARTESIAN_POINT('',(0.725,0.4,3.E-02));
#9470 = LINE('',#9471,#9472);
#9471 = CARTESIAN_POINT('',(0.725,-5.E-02,3.E-02));
#9472 = VECTOR('',#9473,1.);
#9473 = DIRECTION('',(0.,-1.,0.));
#9474 = ORIENTED_EDGE('',*,*,#9475,.F.);
#9475 = EDGE_CURVE('',#9476,#9468,#9478,.T.);
#9476 = VERTEX_POINT('',#9477);
#9477 = CARTESIAN_POINT('',(-0.725,0.4,3.E-02));
#9478 = LINE('',#9479,#9480);
#9479 = CARTESIAN_POINT('',(-0.77,0.4,3.E-02));
#9480 = VECTOR('',#9481,1.);
#9481 = DIRECTION('',(1.,0.,0.));
#9482 = ORIENTED_EDGE('',*,*,#9483,.F.);
#9483 = EDGE_CURVE('',#9484,#9476,#9486,.T.);
#9484 = VERTEX_POINT('',#9485);
#9485 = CARTESIAN_POINT('',(-0.725,0.3,3.E-02));
#9486 = LINE('',#9487,#9488);
#9487 = CARTESIAN_POINT('',(-0.725,5.E-02,3.E-02));
#9488 = VECTOR('',#9489,1.);
#9489 = DIRECTION('',(0.,1.,0.));
#9490 = ORIENTED_EDGE('',*,*,#9491,.F.);
#9491 = EDGE_CURVE('',#9492,#9484,#9494,.T.);
#9492 = VERTEX_POINT('',#9493);
#9493 = CARTESIAN_POINT('',(-0.5,0.3,3.E-02));
#9494 = LINE('',#9495,#9496);
#9495 = CARTESIAN_POINT('',(-0.7475,0.3,3.E-02));
#9496 = VECTOR('',#9497,1.);
#9497 = DIRECTION('',(-1.,0.,0.));
#9498 = ORIENTED_EDGE('',*,*,#9499,.F.);
#9499 = EDGE_CURVE('',#9500,#9492,#9502,.T.);
#9500 = VERTEX_POINT('',#9501);
#9501 = CARTESIAN_POINT('',(-0.5,-0.3,3.E-02));
#9502 = LINE('',#9503,#9504);
#9503 = CARTESIAN_POINT('',(-0.5,-0.4,3.E-02));
#9504 = VECTOR('',#9505,1.);
#9505 = DIRECTION('',(0.,1.,0.));
#9506 = ORIENTED_EDGE('',*,*,#9507,.F.);
#9507 = EDGE_CURVE('',#9427,#9500,#9508,.T.);
#9508 = LINE('',#9509,#9510);
#9509 = CARTESIAN_POINT('',(-2.25E-02,-0.3,3.E-02));
#9510 = VECTOR('',#9511,1.);
#9511 = DIRECTION('',(1.,0.,0.));
#9512 = FACE_BOUND('',#9513,.F.);
#9513 = EDGE_LOOP('',(#9514,#9524,#9532));
#9514 = ORIENTED_EDGE('',*,*,#9515,.T.);
#9515 = EDGE_CURVE('',#9516,#9518,#9520,.T.);
#9516 = VERTEX_POINT('',#9517);
#9517 = CARTESIAN_POINT('',(0.277128129211,0.32,3.E-02));
#9518 = VERTEX_POINT('',#9519);
#9519 = CARTESIAN_POINT('',(0.277128129211,-0.32,3.E-02));
#9520 = LINE('',#9521,#9522);
#9521 = CARTESIAN_POINT('',(0.277128129211,0.32,3.E-02));
#9522 = VECTOR('',#9523,1.);
#9523 = DIRECTION('',(0.,-1.,0.));
#9524 = ORIENTED_EDGE('',*,*,#9525,.T.);
#9525 = EDGE_CURVE('',#9518,#9526,#9528,.T.);
#9526 = VERTEX_POINT('',#9527);
#9527 = CARTESIAN_POINT('',(-0.277128129211,0.,3.E-02));
#9528 = LINE('',#9529,#9530);
#9529 = CARTESIAN_POINT('',(0.277128129211,-0.32,3.E-02));
#9530 = VECTOR('',#9531,1.);
#9531 = DIRECTION('',(-0.866025403784,0.5,0.));
#9532 = ORIENTED_EDGE('',*,*,#9533,.T.);
#9533 = EDGE_CURVE('',#9526,#9516,#9534,.T.);
#9534 = LINE('',#9535,#9536);
#9535 = CARTESIAN_POINT('',(-0.277128129211,0.,3.E-02));
#9536 = VECTOR('',#9537,1.);
#9537 = DIRECTION('',(0.866025403784,0.5,0.));
#9538 = PLANE('',#9539);
#9539 = AXIS2_PLACEMENT_3D('',#9540,#9541,#9542);
#9540 = CARTESIAN_POINT('',(-0.77,-0.4,3.E-02));
#9541 = DIRECTION('',(0.,0.,1.));
#9542 = DIRECTION('',(1.,0.,-0.));
#9543 = ADVANCED_FACE('',(#9544),#9605,.F.);
#9544 = FACE_BOUND('',#9545,.F.);
#9545 = EDGE_LOOP('',(#9546,#9556,#9562,#9563,#9564,#9565,#9573,#9581,
    #9590,#9598));
#9546 = ORIENTED_EDGE('',*,*,#9547,.F.);
#9547 = EDGE_CURVE('',#9548,#9550,#9552,.T.);
#9548 = VERTEX_POINT('',#9549);
#9549 = CARTESIAN_POINT('',(0.725,-0.4,0.));
#9550 = VERTEX_POINT('',#9551);
#9551 = CARTESIAN_POINT('',(0.77,-0.4,-3.469446951954E-18));
#9552 = LINE('',#9553,#9554);
#9553 = CARTESIAN_POINT('',(0.5,-0.4,0.));
#9554 = VECTOR('',#9555,1.);
#9555 = DIRECTION('',(1.,0.,0.));
#9556 = ORIENTED_EDGE('',*,*,#9557,.F.);
#9557 = EDGE_CURVE('',#9169,#9548,#9558,.T.);
#9558 = LINE('',#9559,#9560);
#9559 = CARTESIAN_POINT('',(0.725,-0.4,0.375));
#9560 = VECTOR('',#9561,1.);
#9561 = DIRECTION('',(0.,0.,-1.));
#9562 = ORIENTED_EDGE('',*,*,#9168,.T.);
#9563 = ORIENTED_EDGE('',*,*,#9160,.T.);
#9564 = ORIENTED_EDGE('',*,*,#9152,.F.);
#9565 = ORIENTED_EDGE('',*,*,#9566,.F.);
#9566 = EDGE_CURVE('',#9567,#9145,#9569,.T.);
#9567 = VERTEX_POINT('',#9568);
#9568 = CARTESIAN_POINT('',(0.725,-0.4,0.5));
#9569 = LINE('',#9570,#9571);
#9570 = CARTESIAN_POINT('',(0.725,-0.4,0.375));
#9571 = VECTOR('',#9572,1.);
#9572 = DIRECTION('',(0.,0.,-1.));
#9573 = ORIENTED_EDGE('',*,*,#9574,.T.);
#9574 = EDGE_CURVE('',#9567,#9575,#9577,.T.);
#9575 = VERTEX_POINT('',#9576);
#9576 = CARTESIAN_POINT('',(0.77,-0.4,0.5));
#9577 = LINE('',#9578,#9579);
#9578 = CARTESIAN_POINT('',(0.5,-0.4,0.5));
#9579 = VECTOR('',#9580,1.);
#9580 = DIRECTION('',(1.,0.,0.));
#9581 = ORIENTED_EDGE('',*,*,#9582,.F.);
#9582 = EDGE_CURVE('',#9583,#9575,#9585,.T.);
#9583 = VERTEX_POINT('',#9584);
#9584 = CARTESIAN_POINT('',(0.8,-0.4,0.47));
#9585 = CIRCLE('',#9586,3.E-02);
#9586 = AXIS2_PLACEMENT_3D('',#9587,#9588,#9589);
#9587 = CARTESIAN_POINT('',(0.77,-0.4,0.47));
#9588 = DIRECTION('',(0.,-1.,0.));
#9589 = DIRECTION('',(0.,0.,1.));
#9590 = ORIENTED_EDGE('',*,*,#9591,.F.);
#9591 = EDGE_CURVE('',#9592,#9583,#9594,.T.);
#9592 = VERTEX_POINT('',#9593);
#9593 = CARTESIAN_POINT('',(0.8,-0.4,3.E-02));
#9594 = LINE('',#9595,#9596);
#9595 = CARTESIAN_POINT('',(0.8,-0.4,0.));
#9596 = VECTOR('',#9597,1.);
#9597 = DIRECTION('',(0.,0.,1.));
#9598 = ORIENTED_EDGE('',*,*,#9599,.T.);
#9599 = EDGE_CURVE('',#9592,#9550,#9600,.T.);
#9600 = CIRCLE('',#9601,3.E-02);
#9601 = AXIS2_PLACEMENT_3D('',#9602,#9603,#9604);
#9602 = CARTESIAN_POINT('',(0.77,-0.4,3.E-02));
#9603 = DIRECTION('',(0.,1.,0.));
#9604 = DIRECTION('',(0.,-0.,1.));
#9605 = PLANE('',#9606);
#9606 = AXIS2_PLACEMENT_3D('',#9607,#9608,#9609);
#9607 = CARTESIAN_POINT('',(0.5,-0.4,0.));
#9608 = DIRECTION('',(0.,1.,0.));
#9609 = DIRECTION('',(0.,-0.,1.));
#9610 = ADVANCED_FACE('',(#9611),#9629,.T.);
#9611 = FACE_BOUND('',#9612,.T.);
#9612 = EDGE_LOOP('',(#9613,#9621,#9622,#9623));
#9613 = ORIENTED_EDGE('',*,*,#9614,.F.);
#9614 = EDGE_CURVE('',#9217,#9615,#9617,.T.);
#9615 = VERTEX_POINT('',#9616);
#9616 = CARTESIAN_POINT('',(0.725,-0.3,0.47));
#9617 = LINE('',#9618,#9619);
#9618 = CARTESIAN_POINT('',(-2.25E-02,-0.3,0.47));
#9619 = VECTOR('',#9620,1.);
#9620 = DIRECTION('',(1.,0.,0.));
#9621 = ORIENTED_EDGE('',*,*,#9216,.T.);
#9622 = ORIENTED_EDGE('',*,*,#9144,.T.);
#9623 = ORIENTED_EDGE('',*,*,#9624,.F.);
#9624 = EDGE_CURVE('',#9615,#9145,#9625,.T.);
#9625 = LINE('',#9626,#9627);
#9626 = CARTESIAN_POINT('',(0.725,-0.45,0.47));
#9627 = VECTOR('',#9628,1.);
#9628 = DIRECTION('',(0.,-1.,0.));
#9629 = PLANE('',#9630);
#9630 = AXIS2_PLACEMENT_3D('',#9631,#9632,#9633);
#9631 = CARTESIAN_POINT('',(-0.77,-0.4,0.47));
#9632 = DIRECTION('',(0.,0.,1.));
#9633 = DIRECTION('',(1.,0.,-0.));
#9634 = ADVANCED_FACE('',(#9635),#9660,.T.);
#9635 = FACE_BOUND('',#9636,.T.);
#9636 = EDGE_LOOP('',(#9637,#9645,#9646,#9654));
#9637 = ORIENTED_EDGE('',*,*,#9638,.F.);
#9638 = EDGE_CURVE('',#9233,#9639,#9641,.T.);
#9639 = VERTEX_POINT('',#9640);
#9640 = CARTESIAN_POINT('',(0.725,0.4,0.47));
#9641 = LINE('',#9642,#9643);
#9642 = CARTESIAN_POINT('',(-0.77,0.4,0.47));
#9643 = VECTOR('',#9644,1.);
#9644 = DIRECTION('',(1.,0.,0.));
#9645 = ORIENTED_EDGE('',*,*,#9232,.T.);
#9646 = ORIENTED_EDGE('',*,*,#9647,.F.);
#9647 = EDGE_CURVE('',#9648,#9225,#9650,.T.);
#9648 = VERTEX_POINT('',#9649);
#9649 = CARTESIAN_POINT('',(0.725,0.3,0.47));
#9650 = LINE('',#9651,#9652);
#9651 = CARTESIAN_POINT('',(-0.7475,0.3,0.47));
#9652 = VECTOR('',#9653,1.);
#9653 = DIRECTION('',(-1.,0.,0.));
#9654 = ORIENTED_EDGE('',*,*,#9655,.F.);
#9655 = EDGE_CURVE('',#9639,#9648,#9656,.T.);
#9656 = LINE('',#9657,#9658);
#9657 = CARTESIAN_POINT('',(0.725,-5.E-02,0.47));
#9658 = VECTOR('',#9659,1.);
#9659 = DIRECTION('',(0.,-1.,0.));
#9660 = PLANE('',#9661);
#9661 = AXIS2_PLACEMENT_3D('',#9662,#9663,#9664);
#9662 = CARTESIAN_POINT('',(-0.77,-0.4,0.47));
#9663 = DIRECTION('',(0.,0.,1.));
#9664 = DIRECTION('',(1.,0.,-0.));
#9665 = ADVANCED_FACE('',(#9666),#9693,.T.);
#9666 = FACE_BOUND('',#9667,.T.);
#9667 = EDGE_LOOP('',(#9668,#9669,#9678,#9686));
#9668 = ORIENTED_EDGE('',*,*,#9224,.F.);
#9669 = ORIENTED_EDGE('',*,*,#9670,.T.);
#9670 = EDGE_CURVE('',#9217,#9671,#9673,.T.);
#9671 = VERTEX_POINT('',#9672);
#9672 = CARTESIAN_POINT('',(0.53,-0.3,0.5));
#9673 = CIRCLE('',#9674,3.E-02);
#9674 = AXIS2_PLACEMENT_3D('',#9675,#9676,#9677);
#9675 = CARTESIAN_POINT('',(0.53,-0.3,0.47));
#9676 = DIRECTION('',(0.,1.,-0.));
#9677 = DIRECTION('',(-1.,0.,0.));
#9678 = ORIENTED_EDGE('',*,*,#9679,.T.);
#9679 = EDGE_CURVE('',#9671,#9680,#9682,.T.);
#9680 = VERTEX_POINT('',#9681);
#9681 = CARTESIAN_POINT('',(0.53,0.3,0.5));
#9682 = LINE('',#9683,#9684);
#9683 = CARTESIAN_POINT('',(0.53,-0.4,0.5));
#9684 = VECTOR('',#9685,1.);
#9685 = DIRECTION('',(0.,1.,0.));
#9686 = ORIENTED_EDGE('',*,*,#9687,.F.);
#9687 = EDGE_CURVE('',#9225,#9680,#9688,.T.);
#9688 = CIRCLE('',#9689,3.E-02);
#9689 = AXIS2_PLACEMENT_3D('',#9690,#9691,#9692);
#9690 = CARTESIAN_POINT('',(0.53,0.3,0.47));
#9691 = DIRECTION('',(0.,1.,-0.));
#9692 = DIRECTION('',(-1.,0.,0.));
#9693 = CYLINDRICAL_SURFACE('',#9694,3.E-02);
#9694 = AXIS2_PLACEMENT_3D('',#9695,#9696,#9697);
#9695 = CARTESIAN_POINT('',(0.53,-0.4,0.47));
#9696 = DIRECTION('',(0.,1.,0.));
#9697 = DIRECTION('',(-1.,0.,0.));
#9698 = ADVANCED_FACE('',(#9699),#9749,.T.);
#9699 = FACE_BOUND('',#9700,.T.);
#9700 = EDGE_LOOP('',(#9701,#9709,#9717,#9723,#9724,#9725,#9726,#9734,
    #9742,#9748));
#9701 = ORIENTED_EDGE('',*,*,#9702,.F.);
#9702 = EDGE_CURVE('',#9703,#9476,#9705,.T.);
#9703 = VERTEX_POINT('',#9704);
#9704 = CARTESIAN_POINT('',(-0.77,0.4,3.E-02));
#9705 = LINE('',#9706,#9707);
#9706 = CARTESIAN_POINT('',(-0.77,0.4,3.E-02));
#9707 = VECTOR('',#9708,1.);
#9708 = DIRECTION('',(1.,0.,0.));
#9709 = ORIENTED_EDGE('',*,*,#9710,.T.);
#9710 = EDGE_CURVE('',#9703,#9711,#9713,.T.);
#9711 = VERTEX_POINT('',#9712);
#9712 = CARTESIAN_POINT('',(-0.77,0.4,0.47));
#9713 = LINE('',#9714,#9715);
#9714 = CARTESIAN_POINT('',(-0.77,0.4,3.E-02));
#9715 = VECTOR('',#9716,1.);
#9716 = DIRECTION('',(0.,0.,1.));
#9717 = ORIENTED_EDGE('',*,*,#9718,.T.);
#9718 = EDGE_CURVE('',#9711,#9255,#9719,.T.);
#9719 = LINE('',#9720,#9721);
#9720 = CARTESIAN_POINT('',(-0.77,0.4,0.47));
#9721 = VECTOR('',#9722,1.);
#9722 = DIRECTION('',(1.,0.,0.));
#9723 = ORIENTED_EDGE('',*,*,#9254,.T.);
#9724 = ORIENTED_EDGE('',*,*,#9288,.F.);
#9725 = ORIENTED_EDGE('',*,*,#9638,.T.);
#9726 = ORIENTED_EDGE('',*,*,#9727,.T.);
#9727 = EDGE_CURVE('',#9639,#9728,#9730,.T.);
#9728 = VERTEX_POINT('',#9729);
#9729 = CARTESIAN_POINT('',(0.77,0.4,0.47));
#9730 = LINE('',#9731,#9732);
#9731 = CARTESIAN_POINT('',(-0.77,0.4,0.47));
#9732 = VECTOR('',#9733,1.);
#9733 = DIRECTION('',(1.,0.,0.));
#9734 = ORIENTED_EDGE('',*,*,#9735,.F.);
#9735 = EDGE_CURVE('',#9736,#9728,#9738,.T.);
#9736 = VERTEX_POINT('',#9737);
#9737 = CARTESIAN_POINT('',(0.77,0.4,3.E-02));
#9738 = LINE('',#9739,#9740);
#9739 = CARTESIAN_POINT('',(0.77,0.4,3.E-02));
#9740 = VECTOR('',#9741,1.);
#9741 = DIRECTION('',(0.,0.,1.));
#9742 = ORIENTED_EDGE('',*,*,#9743,.F.);
#9743 = EDGE_CURVE('',#9468,#9736,#9744,.T.);
#9744 = LINE('',#9745,#9746);
#9745 = CARTESIAN_POINT('',(-0.77,0.4,3.E-02));
#9746 = VECTOR('',#9747,1.);
#9747 = DIRECTION('',(1.,0.,0.));
#9748 = ORIENTED_EDGE('',*,*,#9475,.F.);
#9749 = PLANE('',#9750);
#9750 = AXIS2_PLACEMENT_3D('',#9751,#9752,#9753);
#9751 = CARTESIAN_POINT('',(-0.77,0.4,3.E-02));
#9752 = DIRECTION('',(0.,1.,0.));
#9753 = DIRECTION('',(0.,-0.,1.));
#9754 = ADVANCED_FACE('',(#9755),#9773,.F.);
#9755 = FACE_BOUND('',#9756,.F.);
#9756 = EDGE_LOOP('',(#9757,#9765,#9771,#9772));
#9757 = ORIENTED_EDGE('',*,*,#9758,.F.);
#9758 = EDGE_CURVE('',#9759,#9303,#9761,.T.);
#9759 = VERTEX_POINT('',#9760);
#9760 = CARTESIAN_POINT('',(-0.725,0.3,0.5));
#9761 = LINE('',#9762,#9763);
#9762 = CARTESIAN_POINT('',(-0.7625,0.3,0.5));
#9763 = VECTOR('',#9764,1.);
#9764 = DIRECTION('',(1.,0.,0.));
#9765 = ORIENTED_EDGE('',*,*,#9766,.T.);
#9766 = EDGE_CURVE('',#9759,#9263,#9767,.T.);
#9767 = LINE('',#9768,#9769);
#9768 = CARTESIAN_POINT('',(-0.725,0.3,0.75));
#9769 = VECTOR('',#9770,1.);
#9770 = DIRECTION('',(-0.,-0.,-1.));
#9771 = ORIENTED_EDGE('',*,*,#9270,.F.);
#9772 = ORIENTED_EDGE('',*,*,#9302,.F.);
#9773 = PLANE('',#9774);
#9774 = AXIS2_PLACEMENT_3D('',#9775,#9776,#9777);
#9775 = CARTESIAN_POINT('',(-0.725,0.3,0.75));
#9776 = DIRECTION('',(0.,-1.,0.));
#9777 = DIRECTION('',(1.,0.,0.));
#9778 = ADVANCED_FACE('',(#9779),#9797,.F.);
#9779 = FACE_BOUND('',#9780,.F.);
#9780 = EDGE_LOOP('',(#9781,#9782,#9790,#9796));
#9781 = ORIENTED_EDGE('',*,*,#9766,.F.);
#9782 = ORIENTED_EDGE('',*,*,#9783,.F.);
#9783 = EDGE_CURVE('',#9784,#9759,#9786,.T.);
#9784 = VERTEX_POINT('',#9785);
#9785 = CARTESIAN_POINT('',(-0.725,0.4,0.5));
#9786 = LINE('',#9787,#9788);
#9787 = CARTESIAN_POINT('',(-0.725,5.E-02,0.5));
#9788 = VECTOR('',#9789,1.);
#9789 = DIRECTION('',(0.,-1.,0.));
#9790 = ORIENTED_EDGE('',*,*,#9791,.F.);
#9791 = EDGE_CURVE('',#9255,#9784,#9792,.T.);
#9792 = LINE('',#9793,#9794);
#9793 = CARTESIAN_POINT('',(-0.725,0.4,0.375));
#9794 = VECTOR('',#9795,1.);
#9795 = DIRECTION('',(0.,0.,1.));
#9796 = ORIENTED_EDGE('',*,*,#9262,.F.);
#9797 = PLANE('',#9798);
#9798 = AXIS2_PLACEMENT_3D('',#9799,#9800,#9801);
#9799 = CARTESIAN_POINT('',(-0.725,0.5,0.75));
#9800 = DIRECTION('',(-1.,0.,0.));
#9801 = DIRECTION('',(0.,-1.,0.));
#9802 = ADVANCED_FACE('',(#9803),#9821,.F.);
#9803 = FACE_BOUND('',#9804,.F.);
#9804 = EDGE_LOOP('',(#9805,#9813,#9819,#9820));
#9805 = ORIENTED_EDGE('',*,*,#9806,.F.);
#9806 = EDGE_CURVE('',#9807,#9336,#9809,.T.);
#9807 = VERTEX_POINT('',#9808);
#9808 = CARTESIAN_POINT('',(-0.725,-0.3,0.5));
#9809 = LINE('',#9810,#9811);
#9810 = CARTESIAN_POINT('',(-0.725,-0.3,0.75));
#9811 = VECTOR('',#9812,1.);
#9812 = DIRECTION('',(-0.,-0.,-1.));
#9813 = ORIENTED_EDGE('',*,*,#9814,.F.);
#9814 = EDGE_CURVE('',#9312,#9807,#9815,.T.);
#9815 = LINE('',#9816,#9817);
#9816 = CARTESIAN_POINT('',(-3.75E-02,-0.3,0.5));
#9817 = VECTOR('',#9818,1.);
#9818 = DIRECTION('',(-1.,0.,0.));
#9819 = ORIENTED_EDGE('',*,*,#9319,.T.);
#9820 = ORIENTED_EDGE('',*,*,#9345,.F.);
#9821 = PLANE('',#9822);
#9822 = AXIS2_PLACEMENT_3D('',#9823,#9824,#9825);
#9823 = CARTESIAN_POINT('',(0.725,-0.3,0.75));
#9824 = DIRECTION('',(0.,1.,0.));
#9825 = DIRECTION('',(-1.,0.,0.));
#9826 = ADVANCED_FACE('',(#9827),#9854,.T.);
#9827 = FACE_BOUND('',#9828,.T.);
#9828 = EDGE_LOOP('',(#9829,#9837,#9843,#9844,#9850,#9851,#9852,#9853));
#9829 = ORIENTED_EDGE('',*,*,#9830,.F.);
#9830 = EDGE_CURVE('',#9831,#9784,#9833,.T.);
#9831 = VERTEX_POINT('',#9832);
#9832 = CARTESIAN_POINT('',(-0.77,0.4,0.5));
#9833 = LINE('',#9834,#9835);
#9834 = CARTESIAN_POINT('',(-0.8,0.4,0.5));
#9835 = VECTOR('',#9836,1.);
#9836 = DIRECTION('',(1.,0.,0.));
#9837 = ORIENTED_EDGE('',*,*,#9838,.F.);
#9838 = EDGE_CURVE('',#9387,#9831,#9839,.T.);
#9839 = LINE('',#9840,#9841);
#9840 = CARTESIAN_POINT('',(-0.77,-0.4,0.5));
#9841 = VECTOR('',#9842,1.);
#9842 = DIRECTION('',(0.,1.,0.));
#9843 = ORIENTED_EDGE('',*,*,#9395,.T.);
#9844 = ORIENTED_EDGE('',*,*,#9845,.F.);
#9845 = EDGE_CURVE('',#9807,#9396,#9846,.T.);
#9846 = LINE('',#9847,#9848);
#9847 = CARTESIAN_POINT('',(-0.725,-0.35,0.5));
#9848 = VECTOR('',#9849,1.);
#9849 = DIRECTION('',(0.,-1.,0.));
#9850 = ORIENTED_EDGE('',*,*,#9814,.F.);
#9851 = ORIENTED_EDGE('',*,*,#9311,.T.);
#9852 = ORIENTED_EDGE('',*,*,#9758,.F.);
#9853 = ORIENTED_EDGE('',*,*,#9783,.F.);
#9854 = PLANE('',#9855);
#9855 = AXIS2_PLACEMENT_3D('',#9856,#9857,#9858);
#9856 = CARTESIAN_POINT('',(-0.8,-0.4,0.5));
#9857 = DIRECTION('',(0.,0.,1.));
#9858 = DIRECTION('',(1.,0.,-0.));
#9859 = ADVANCED_FACE('',(#9860),#9866,.F.);
#9860 = FACE_BOUND('',#9861,.F.);
#9861 = EDGE_LOOP('',(#9862,#9863,#9864,#9865));
#9862 = ORIENTED_EDGE('',*,*,#9845,.F.);
#9863 = ORIENTED_EDGE('',*,*,#9806,.T.);
#9864 = ORIENTED_EDGE('',*,*,#9335,.F.);
#9865 = ORIENTED_EDGE('',*,*,#9403,.T.);
#9866 = PLANE('',#9867);
#9867 = AXIS2_PLACEMENT_3D('',#9868,#9869,#9870);
#9868 = CARTESIAN_POINT('',(-0.725,-0.3,0.75));
#9869 = DIRECTION('',(-1.,0.,0.));
#9870 = DIRECTION('',(0.,-1.,0.));
#9871 = ADVANCED_FACE('',(#9872),#9929,.F.);
#9872 = FACE_BOUND('',#9873,.F.);
#9873 = EDGE_LOOP('',(#9874,#9884,#9890,#9891,#9899,#9907,#9915,#9923));
#9874 = ORIENTED_EDGE('',*,*,#9875,.F.);
#9875 = EDGE_CURVE('',#9876,#9878,#9880,.T.);
#9876 = VERTEX_POINT('',#9877);
#9877 = CARTESIAN_POINT('',(-0.77,0.4,-3.469446951954E-18));
#9878 = VERTEX_POINT('',#9879);
#9879 = CARTESIAN_POINT('',(-0.725,0.4,0.));
#9880 = LINE('',#9881,#9882);
#9881 = CARTESIAN_POINT('',(-0.8,0.4,0.));
#9882 = VECTOR('',#9883,1.);
#9883 = DIRECTION('',(1.,0.,0.));
#9884 = ORIENTED_EDGE('',*,*,#9885,.F.);
#9885 = EDGE_CURVE('',#9360,#9876,#9886,.T.);
#9886 = LINE('',#9887,#9888);
#9887 = CARTESIAN_POINT('',(-0.77,-0.4,-3.469446951954E-18));
#9888 = VECTOR('',#9889,1.);
#9889 = DIRECTION('',(0.,1.,0.));
#9890 = ORIENTED_EDGE('',*,*,#9359,.T.);
#9891 = ORIENTED_EDGE('',*,*,#9892,.F.);
#9892 = EDGE_CURVE('',#9893,#9362,#9895,.T.);
#9893 = VERTEX_POINT('',#9894);
#9894 = CARTESIAN_POINT('',(-0.725,-0.3,0.));
#9895 = LINE('',#9896,#9897);
#9896 = CARTESIAN_POINT('',(-0.725,-0.35,0.));
#9897 = VECTOR('',#9898,1.);
#9898 = DIRECTION('',(0.,-1.,0.));
#9899 = ORIENTED_EDGE('',*,*,#9900,.F.);
#9900 = EDGE_CURVE('',#9901,#9893,#9903,.T.);
#9901 = VERTEX_POINT('',#9902);
#9902 = CARTESIAN_POINT('',(-0.53,-0.3,-3.469446951954E-18));
#9903 = LINE('',#9904,#9905);
#9904 = CARTESIAN_POINT('',(-3.75E-02,-0.3,0.));
#9905 = VECTOR('',#9906,1.);
#9906 = DIRECTION('',(-1.,0.,0.));
#9907 = ORIENTED_EDGE('',*,*,#9908,.T.);
#9908 = EDGE_CURVE('',#9901,#9909,#9911,.T.);
#9909 = VERTEX_POINT('',#9910);
#9910 = CARTESIAN_POINT('',(-0.53,0.3,-3.469446951954E-18));
#9911 = LINE('',#9912,#9913);
#9912 = CARTESIAN_POINT('',(-0.53,-0.4,-3.469446951954E-18));
#9913 = VECTOR('',#9914,1.);
#9914 = DIRECTION('',(0.,1.,0.));
#9915 = ORIENTED_EDGE('',*,*,#9916,.F.);
#9916 = EDGE_CURVE('',#9917,#9909,#9919,.T.);
#9917 = VERTEX_POINT('',#9918);
#9918 = CARTESIAN_POINT('',(-0.725,0.3,0.));
#9919 = LINE('',#9920,#9921);
#9920 = CARTESIAN_POINT('',(-0.7625,0.3,0.));
#9921 = VECTOR('',#9922,1.);
#9922 = DIRECTION('',(1.,0.,0.));
#9923 = ORIENTED_EDGE('',*,*,#9924,.F.);
#9924 = EDGE_CURVE('',#9878,#9917,#9925,.T.);
#9925 = LINE('',#9926,#9927);
#9926 = CARTESIAN_POINT('',(-0.725,5.E-02,0.));
#9927 = VECTOR('',#9928,1.);
#9928 = DIRECTION('',(0.,-1.,0.));
#9929 = PLANE('',#9930);
#9930 = AXIS2_PLACEMENT_3D('',#9931,#9932,#9933);
#9931 = CARTESIAN_POINT('',(-0.8,-0.4,0.));
#9932 = DIRECTION('',(0.,0.,1.));
#9933 = DIRECTION('',(1.,0.,-0.));
#9934 = ADVANCED_FACE('',(#9935),#9954,.T.);
#9935 = FACE_BOUND('',#9936,.T.);
#9936 = EDGE_LOOP('',(#9937,#9945,#9952,#9953));
#9937 = ORIENTED_EDGE('',*,*,#9938,.T.);
#9938 = EDGE_CURVE('',#9370,#9939,#9941,.T.);
#9939 = VERTEX_POINT('',#9940);
#9940 = CARTESIAN_POINT('',(-0.8,0.4,3.E-02));
#9941 = LINE('',#9942,#9943);
#9942 = CARTESIAN_POINT('',(-0.8,-0.4,3.E-02));
#9943 = VECTOR('',#9944,1.);
#9944 = DIRECTION('',(0.,1.,0.));
#9945 = ORIENTED_EDGE('',*,*,#9946,.T.);
#9946 = EDGE_CURVE('',#9939,#9876,#9947,.T.);
#9947 = CIRCLE('',#9948,3.E-02);
#9948 = AXIS2_PLACEMENT_3D('',#9949,#9950,#9951);
#9949 = CARTESIAN_POINT('',(-0.77,0.4,3.E-02));
#9950 = DIRECTION('',(0.,-1.,0.));
#9951 = DIRECTION('',(0.,0.,1.));
#9952 = ORIENTED_EDGE('',*,*,#9885,.F.);
#9953 = ORIENTED_EDGE('',*,*,#9369,.F.);
#9954 = CYLINDRICAL_SURFACE('',#9955,3.E-02);
#9955 = AXIS2_PLACEMENT_3D('',#9956,#9957,#9958);
#9956 = CARTESIAN_POINT('',(-0.77,-0.4,3.E-02));
#9957 = DIRECTION('',(0.,1.,0.));
#9958 = DIRECTION('',(-1.,0.,0.));
#9959 = ADVANCED_FACE('',(#9960),#9971,.F.);
#9960 = FACE_BOUND('',#9961,.F.);
#9961 = EDGE_LOOP('',(#9962,#9963,#9969,#9970));
#9962 = ORIENTED_EDGE('',*,*,#9426,.T.);
#9963 = ORIENTED_EDGE('',*,*,#9964,.T.);
#9964 = EDGE_CURVE('',#9427,#9893,#9965,.T.);
#9965 = LINE('',#9966,#9967);
#9966 = CARTESIAN_POINT('',(-0.725,-0.3,0.75));
#9967 = VECTOR('',#9968,1.);
#9968 = DIRECTION('',(-0.,-0.,-1.));
#9969 = ORIENTED_EDGE('',*,*,#9892,.T.);
#9970 = ORIENTED_EDGE('',*,*,#9412,.T.);
#9971 = PLANE('',#9972);
#9972 = AXIS2_PLACEMENT_3D('',#9973,#9974,#9975);
#9973 = CARTESIAN_POINT('',(-0.725,-0.3,0.75));
#9974 = DIRECTION('',(-1.,0.,0.));
#9975 = DIRECTION('',(0.,-1.,0.));
#9976 = ADVANCED_FACE('',(#9977),#9995,.F.);
#9977 = FACE_BOUND('',#9978,.F.);
#9978 = EDGE_LOOP('',(#9979,#9980,#9981,#9989));
#9979 = ORIENTED_EDGE('',*,*,#9378,.F.);
#9980 = ORIENTED_EDGE('',*,*,#9938,.T.);
#9981 = ORIENTED_EDGE('',*,*,#9982,.T.);
#9982 = EDGE_CURVE('',#9939,#9983,#9985,.T.);
#9983 = VERTEX_POINT('',#9984);
#9984 = CARTESIAN_POINT('',(-0.8,0.4,0.47));
#9985 = LINE('',#9986,#9987);
#9986 = CARTESIAN_POINT('',(-0.8,0.4,0.));
#9987 = VECTOR('',#9988,1.);
#9988 = DIRECTION('',(0.,0.,1.));
#9989 = ORIENTED_EDGE('',*,*,#9990,.F.);
#9990 = EDGE_CURVE('',#9379,#9983,#9991,.T.);
#9991 = LINE('',#9992,#9993);
#9992 = CARTESIAN_POINT('',(-0.8,-0.4,0.47));
#9993 = VECTOR('',#9994,1.);
#9994 = DIRECTION('',(0.,1.,0.));
#9995 = PLANE('',#9996);
#9996 = AXIS2_PLACEMENT_3D('',#9997,#9998,#9999);
#9997 = CARTESIAN_POINT('',(-0.8,-0.4,0.));
#9998 = DIRECTION('',(1.,0.,0.));
#9999 = DIRECTION('',(0.,0.,1.));
#10000 = ADVANCED_FACE('',(#10001),#10013,.T.);
#10001 = FACE_BOUND('',#10002,.T.);
#10002 = EDGE_LOOP('',(#10003,#10004,#10005,#10012));
#10003 = ORIENTED_EDGE('',*,*,#9386,.T.);
#10004 = ORIENTED_EDGE('',*,*,#9838,.T.);
#10005 = ORIENTED_EDGE('',*,*,#10006,.F.);
#10006 = EDGE_CURVE('',#9983,#9831,#10007,.T.);
#10007 = CIRCLE('',#10008,3.E-02);
#10008 = AXIS2_PLACEMENT_3D('',#10009,#10010,#10011);
#10009 = CARTESIAN_POINT('',(-0.77,0.4,0.47));
#10010 = DIRECTION('',(0.,1.,0.));
#10011 = DIRECTION('',(0.,-0.,1.));
#10012 = ORIENTED_EDGE('',*,*,#9990,.F.);
#10013 = CYLINDRICAL_SURFACE('',#10014,3.E-02);
#10014 = AXIS2_PLACEMENT_3D('',#10015,#10016,#10017);
#10015 = CARTESIAN_POINT('',(-0.77,-0.4,0.47));
#10016 = DIRECTION('',(0.,1.,0.));
#10017 = DIRECTION('',(-1.,0.,0.));
#10018 = ADVANCED_FACE('',(#10019),#10031,.F.);
#10019 = FACE_BOUND('',#10020,.F.);
#10020 = EDGE_LOOP('',(#10021,#10022,#10023,#10030));
#10021 = ORIENTED_EDGE('',*,*,#9964,.F.);
#10022 = ORIENTED_EDGE('',*,*,#9507,.T.);
#10023 = ORIENTED_EDGE('',*,*,#10024,.T.);
#10024 = EDGE_CURVE('',#9500,#9901,#10025,.T.);
#10025 = CIRCLE('',#10026,3.E-02);
#10026 = AXIS2_PLACEMENT_3D('',#10027,#10028,#10029);
#10027 = CARTESIAN_POINT('',(-0.53,-0.3,3.E-02));
#10028 = DIRECTION('',(-0.,1.,0.));
#10029 = DIRECTION('',(1.,0.,0.));
#10030 = ORIENTED_EDGE('',*,*,#9900,.T.);
#10031 = PLANE('',#10032);
#10032 = AXIS2_PLACEMENT_3D('',#10033,#10034,#10035);
#10033 = CARTESIAN_POINT('',(0.725,-0.3,0.75));
#10034 = DIRECTION('',(0.,1.,0.));
#10035 = DIRECTION('',(-1.,0.,0.));
#10036 = ADVANCED_FACE('',(#10037),#10049,.T.);
#10037 = FACE_BOUND('',#10038,.T.);
#10038 = EDGE_LOOP('',(#10039,#10040,#10041,#10042));
#10039 = ORIENTED_EDGE('',*,*,#9499,.F.);
#10040 = ORIENTED_EDGE('',*,*,#10024,.T.);
#10041 = ORIENTED_EDGE('',*,*,#9908,.T.);
#10042 = ORIENTED_EDGE('',*,*,#10043,.F.);
#10043 = EDGE_CURVE('',#9492,#9909,#10044,.T.);
#10044 = CIRCLE('',#10045,3.E-02);
#10045 = AXIS2_PLACEMENT_3D('',#10046,#10047,#10048);
#10046 = CARTESIAN_POINT('',(-0.53,0.3,3.E-02));
#10047 = DIRECTION('',(-0.,1.,0.));
#10048 = DIRECTION('',(1.,0.,0.));
#10049 = CYLINDRICAL_SURFACE('',#10050,3.E-02);
#10050 = AXIS2_PLACEMENT_3D('',#10051,#10052,#10053);
#10051 = CARTESIAN_POINT('',(-0.53,-0.4,3.E-02));
#10052 = DIRECTION('',(0.,1.,0.));
#10053 = DIRECTION('',(1.,0.,0.));
#10054 = ADVANCED_FACE('',(#10055),#10066,.F.);
#10055 = FACE_BOUND('',#10056,.F.);
#10056 = EDGE_LOOP('',(#10057,#10058,#10064,#10065));
#10057 = ORIENTED_EDGE('',*,*,#9491,.T.);
#10058 = ORIENTED_EDGE('',*,*,#10059,.T.);
#10059 = EDGE_CURVE('',#9484,#9917,#10060,.T.);
#10060 = LINE('',#10061,#10062);
#10061 = CARTESIAN_POINT('',(-0.725,0.3,0.75));
#10062 = VECTOR('',#10063,1.);
#10063 = DIRECTION('',(-0.,-0.,-1.));
#10064 = ORIENTED_EDGE('',*,*,#9916,.T.);
#10065 = ORIENTED_EDGE('',*,*,#10043,.F.);
#10066 = PLANE('',#10067);
#10067 = AXIS2_PLACEMENT_3D('',#10068,#10069,#10070);
#10068 = CARTESIAN_POINT('',(-0.725,0.3,0.75));
#10069 = DIRECTION('',(0.,-1.,0.));
#10070 = DIRECTION('',(1.,0.,0.));
#10071 = ADVANCED_FACE('',(#10072),#10083,.F.);
#10072 = FACE_BOUND('',#10073,.F.);
#10073 = EDGE_LOOP('',(#10074,#10075,#10076,#10082));
#10074 = ORIENTED_EDGE('',*,*,#10059,.F.);
#10075 = ORIENTED_EDGE('',*,*,#9483,.T.);
#10076 = ORIENTED_EDGE('',*,*,#10077,.F.);
#10077 = EDGE_CURVE('',#9878,#9476,#10078,.T.);
#10078 = LINE('',#10079,#10080);
#10079 = CARTESIAN_POINT('',(-0.725,0.4,0.375));
#10080 = VECTOR('',#10081,1.);
#10081 = DIRECTION('',(0.,0.,1.));
#10082 = ORIENTED_EDGE('',*,*,#9924,.T.);
#10083 = PLANE('',#10084);
#10084 = AXIS2_PLACEMENT_3D('',#10085,#10086,#10087);
#10085 = CARTESIAN_POINT('',(-0.725,0.5,0.75));
#10086 = DIRECTION('',(-1.,0.,0.));
#10087 = DIRECTION('',(0.,-1.,0.));
#10088 = ADVANCED_FACE('',(#10089),#10114,.F.);
#10089 = FACE_BOUND('',#10090,.F.);
#10090 = EDGE_LOOP('',(#10091,#10092,#10100,#10108));
#10091 = ORIENTED_EDGE('',*,*,#9467,.T.);
#10092 = ORIENTED_EDGE('',*,*,#10093,.T.);
#10093 = EDGE_CURVE('',#9460,#10094,#10096,.T.);
#10094 = VERTEX_POINT('',#10095);
#10095 = CARTESIAN_POINT('',(0.725,0.3,0.));
#10096 = LINE('',#10097,#10098);
#10097 = CARTESIAN_POINT('',(0.725,0.3,0.75));
#10098 = VECTOR('',#10099,1.);
#10099 = DIRECTION('',(-0.,-0.,-1.));
#10100 = ORIENTED_EDGE('',*,*,#10101,.T.);
#10101 = EDGE_CURVE('',#10094,#10102,#10104,.T.);
#10102 = VERTEX_POINT('',#10103);
#10103 = CARTESIAN_POINT('',(0.725,0.4,0.));
#10104 = LINE('',#10105,#10106);
#10105 = CARTESIAN_POINT('',(0.725,-5.E-02,0.));
#10106 = VECTOR('',#10107,1.);
#10107 = DIRECTION('',(0.,1.,0.));
#10108 = ORIENTED_EDGE('',*,*,#10109,.F.);
#10109 = EDGE_CURVE('',#9468,#10102,#10110,.T.);
#10110 = LINE('',#10111,#10112);
#10111 = CARTESIAN_POINT('',(0.725,0.4,0.375));
#10112 = VECTOR('',#10113,1.);
#10113 = DIRECTION('',(0.,0.,-1.));
#10114 = PLANE('',#10115);
#10115 = AXIS2_PLACEMENT_3D('',#10116,#10117,#10118);
#10116 = CARTESIAN_POINT('',(0.725,0.3,0.75));
#10117 = DIRECTION('',(1.,0.,0.));
#10118 = DIRECTION('',(-0.,1.,0.));
#10119 = ADVANCED_FACE('',(#10120),#10139,.F.);
#10120 = FACE_BOUND('',#10121,.F.);
#10121 = EDGE_LOOP('',(#10122,#10123,#10124,#10133));
#10122 = ORIENTED_EDGE('',*,*,#10093,.F.);
#10123 = ORIENTED_EDGE('',*,*,#9459,.T.);
#10124 = ORIENTED_EDGE('',*,*,#10125,.F.);
#10125 = EDGE_CURVE('',#10126,#9452,#10128,.T.);
#10126 = VERTEX_POINT('',#10127);
#10127 = CARTESIAN_POINT('',(0.53,0.3,-3.469446951954E-18));
#10128 = CIRCLE('',#10129,3.E-02);
#10129 = AXIS2_PLACEMENT_3D('',#10130,#10131,#10132);
#10130 = CARTESIAN_POINT('',(0.53,0.3,3.E-02));
#10131 = DIRECTION('',(0.,1.,-0.));
#10132 = DIRECTION('',(-1.,0.,0.));
#10133 = ORIENTED_EDGE('',*,*,#10134,.T.);
#10134 = EDGE_CURVE('',#10126,#10094,#10135,.T.);
#10135 = LINE('',#10136,#10137);
#10136 = CARTESIAN_POINT('',(-0.1125,0.3,0.));
#10137 = VECTOR('',#10138,1.);
#10138 = DIRECTION('',(1.,0.,0.));
#10139 = PLANE('',#10140);
#10140 = AXIS2_PLACEMENT_3D('',#10141,#10142,#10143);
#10141 = CARTESIAN_POINT('',(-0.725,0.3,0.75));
#10142 = DIRECTION('',(0.,-1.,0.));
#10143 = DIRECTION('',(1.,0.,0.));
#10144 = ADVANCED_FACE('',(#10145),#10164,.T.);
#10145 = FACE_BOUND('',#10146,.T.);
#10146 = EDGE_LOOP('',(#10147,#10148,#10156,#10163));
#10147 = ORIENTED_EDGE('',*,*,#10125,.F.);
#10148 = ORIENTED_EDGE('',*,*,#10149,.F.);
#10149 = EDGE_CURVE('',#10150,#10126,#10152,.T.);
#10150 = VERTEX_POINT('',#10151);
#10151 = CARTESIAN_POINT('',(0.53,-0.3,-3.469446951954E-18));
#10152 = LINE('',#10153,#10154);
#10153 = CARTESIAN_POINT('',(0.53,-0.4,-3.469446951954E-18));
#10154 = VECTOR('',#10155,1.);
#10155 = DIRECTION('',(0.,1.,0.));
#10156 = ORIENTED_EDGE('',*,*,#10157,.T.);
#10157 = EDGE_CURVE('',#10150,#9444,#10158,.T.);
#10158 = CIRCLE('',#10159,3.E-02);
#10159 = AXIS2_PLACEMENT_3D('',#10160,#10161,#10162);
#10160 = CARTESIAN_POINT('',(0.53,-0.3,3.E-02));
#10161 = DIRECTION('',(0.,1.,-0.));
#10162 = DIRECTION('',(-1.,0.,0.));
#10163 = ORIENTED_EDGE('',*,*,#9451,.T.);
#10164 = CYLINDRICAL_SURFACE('',#10165,3.E-02);
#10165 = AXIS2_PLACEMENT_3D('',#10166,#10167,#10168);
#10166 = CARTESIAN_POINT('',(0.53,-0.4,3.E-02));
#10167 = DIRECTION('',(0.,1.,0.));
#10168 = DIRECTION('',(-1.,0.,0.));
#10169 = ADVANCED_FACE('',(#10170),#10188,.F.);
#10170 = FACE_BOUND('',#10171,.F.);
#10171 = EDGE_LOOP('',(#10172,#10173,#10181,#10187));
#10172 = ORIENTED_EDGE('',*,*,#9443,.T.);
#10173 = ORIENTED_EDGE('',*,*,#10174,.T.);
#10174 = EDGE_CURVE('',#9436,#10175,#10177,.T.);
#10175 = VERTEX_POINT('',#10176);
#10176 = CARTESIAN_POINT('',(0.725,-0.3,0.));
#10177 = LINE('',#10178,#10179);
#10178 = CARTESIAN_POINT('',(0.725,-0.3,0.75));
#10179 = VECTOR('',#10180,1.);
#10180 = DIRECTION('',(-0.,-0.,-1.));
#10181 = ORIENTED_EDGE('',*,*,#10182,.T.);
#10182 = EDGE_CURVE('',#10175,#10150,#10183,.T.);
#10183 = LINE('',#10184,#10185);
#10184 = CARTESIAN_POINT('',(0.6125,-0.3,0.));
#10185 = VECTOR('',#10186,1.);
#10186 = DIRECTION('',(-1.,0.,0.));
#10187 = ORIENTED_EDGE('',*,*,#10157,.T.);
#10188 = PLANE('',#10189);
#10189 = AXIS2_PLACEMENT_3D('',#10190,#10191,#10192);
#10190 = CARTESIAN_POINT('',(0.725,-0.3,0.75));
#10191 = DIRECTION('',(0.,1.,0.));
#10192 = DIRECTION('',(-1.,0.,0.));
#10193 = ADVANCED_FACE('',(#10194),#10205,.F.);
#10194 = FACE_BOUND('',#10195,.F.);
#10195 = EDGE_LOOP('',(#10196,#10197,#10198,#10199));
#10196 = ORIENTED_EDGE('',*,*,#10174,.F.);
#10197 = ORIENTED_EDGE('',*,*,#9435,.T.);
#10198 = ORIENTED_EDGE('',*,*,#9557,.T.);
#10199 = ORIENTED_EDGE('',*,*,#10200,.T.);
#10200 = EDGE_CURVE('',#9548,#10175,#10201,.T.);
#10201 = LINE('',#10202,#10203);
#10202 = CARTESIAN_POINT('',(0.725,-0.45,0.));
#10203 = VECTOR('',#10204,1.);
#10204 = DIRECTION('',(0.,1.,0.));
#10205 = PLANE('',#10206);
#10206 = AXIS2_PLACEMENT_3D('',#10207,#10208,#10209);
#10207 = CARTESIAN_POINT('',(0.725,-0.5,0.75));
#10208 = DIRECTION('',(1.,0.,0.));
#10209 = DIRECTION('',(-0.,1.,0.));
#10210 = ADVANCED_FACE('',(#10211),#10236,.T.);
#10211 = FACE_BOUND('',#10212,.T.);
#10212 = EDGE_LOOP('',(#10213,#10221,#10222,#10230));
#10213 = ORIENTED_EDGE('',*,*,#10214,.T.);
#10214 = EDGE_CURVE('',#10215,#9516,#10217,.T.);
#10215 = VERTEX_POINT('',#10216);
#10216 = CARTESIAN_POINT('',(0.277128129211,0.32,1.5E-02));
#10217 = LINE('',#10218,#10219);
#10218 = CARTESIAN_POINT('',(0.277128129211,0.32,1.5E-02));
#10219 = VECTOR('',#10220,1.);
#10220 = DIRECTION('',(0.,0.,1.));
#10221 = ORIENTED_EDGE('',*,*,#9515,.T.);
#10222 = ORIENTED_EDGE('',*,*,#10223,.F.);
#10223 = EDGE_CURVE('',#10224,#9518,#10226,.T.);
#10224 = VERTEX_POINT('',#10225);
#10225 = CARTESIAN_POINT('',(0.277128129211,-0.32,1.5E-02));
#10226 = LINE('',#10227,#10228);
#10227 = CARTESIAN_POINT('',(0.277128129211,-0.32,1.5E-02));
#10228 = VECTOR('',#10229,1.);
#10229 = DIRECTION('',(0.,0.,1.));
#10230 = ORIENTED_EDGE('',*,*,#10231,.F.);
#10231 = EDGE_CURVE('',#10215,#10224,#10232,.T.);
#10232 = LINE('',#10233,#10234);
#10233 = CARTESIAN_POINT('',(0.277128129211,0.32,1.5E-02));
#10234 = VECTOR('',#10235,1.);
#10235 = DIRECTION('',(0.,-1.,0.));
#10236 = PLANE('',#10237);
#10237 = AXIS2_PLACEMENT_3D('',#10238,#10239,#10240);
#10238 = CARTESIAN_POINT('',(0.277128129211,0.32,1.5E-02));
#10239 = DIRECTION('',(1.,0.,0.));
#10240 = DIRECTION('',(0.,-1.,0.));
#10241 = ADVANCED_FACE('',(#10242),#10260,.T.);
#10242 = FACE_BOUND('',#10243,.T.);
#10243 = EDGE_LOOP('',(#10244,#10252,#10253,#10254));
#10244 = ORIENTED_EDGE('',*,*,#10245,.T.);
#10245 = EDGE_CURVE('',#10246,#9526,#10248,.T.);
#10246 = VERTEX_POINT('',#10247);
#10247 = CARTESIAN_POINT('',(-0.277128129211,0.,1.5E-02));
#10248 = LINE('',#10249,#10250);
#10249 = CARTESIAN_POINT('',(-0.277128129211,0.,1.5E-02));
#10250 = VECTOR('',#10251,1.);
#10251 = DIRECTION('',(0.,0.,1.));
#10252 = ORIENTED_EDGE('',*,*,#9533,.T.);
#10253 = ORIENTED_EDGE('',*,*,#10214,.F.);
#10254 = ORIENTED_EDGE('',*,*,#10255,.F.);
#10255 = EDGE_CURVE('',#10246,#10215,#10256,.T.);
#10256 = LINE('',#10257,#10258);
#10257 = CARTESIAN_POINT('',(-0.277128129211,0.,1.5E-02));
#10258 = VECTOR('',#10259,1.);
#10259 = DIRECTION('',(0.866025403784,0.5,0.));
#10260 = PLANE('',#10261);
#10261 = AXIS2_PLACEMENT_3D('',#10262,#10263,#10264);
#10262 = CARTESIAN_POINT('',(-0.277128129211,0.,1.5E-02));
#10263 = DIRECTION('',(-0.5,0.866025403784,0.));
#10264 = DIRECTION('',(0.866025403784,0.5,0.));
#10265 = ADVANCED_FACE('',(#10266),#10277,.T.);
#10266 = FACE_BOUND('',#10267,.T.);
#10267 = EDGE_LOOP('',(#10268,#10269,#10270,#10271));
#10268 = ORIENTED_EDGE('',*,*,#10223,.T.);
#10269 = ORIENTED_EDGE('',*,*,#9525,.T.);
#10270 = ORIENTED_EDGE('',*,*,#10245,.F.);
#10271 = ORIENTED_EDGE('',*,*,#10272,.F.);
#10272 = EDGE_CURVE('',#10224,#10246,#10273,.T.);
#10273 = LINE('',#10274,#10275);
#10274 = CARTESIAN_POINT('',(0.277128129211,-0.32,1.5E-02));
#10275 = VECTOR('',#10276,1.);
#10276 = DIRECTION('',(-0.866025403784,0.5,0.));
#10277 = PLANE('',#10278);
#10278 = AXIS2_PLACEMENT_3D('',#10279,#10280,#10281);
#10279 = CARTESIAN_POINT('',(0.277128129211,-0.32,1.5E-02));
#10280 = DIRECTION('',(-0.5,-0.866025403784,0.));
#10281 = DIRECTION('',(-0.866025403784,0.5,0.));
#10282 = ADVANCED_FACE('',(#10283),#10305,.F.);
#10283 = FACE_BOUND('',#10284,.F.);
#10284 = EDGE_LOOP('',(#10285,#10293,#10294,#10295,#10296,#10297,#10298,
    #10299));
#10285 = ORIENTED_EDGE('',*,*,#10286,.F.);
#10286 = EDGE_CURVE('',#10102,#10287,#10289,.T.);
#10287 = VERTEX_POINT('',#10288);
#10288 = CARTESIAN_POINT('',(0.77,0.4,-3.469446951954E-18));
#10289 = LINE('',#10290,#10291);
#10290 = CARTESIAN_POINT('',(0.5,0.4,0.));
#10291 = VECTOR('',#10292,1.);
#10292 = DIRECTION('',(1.,0.,0.));
#10293 = ORIENTED_EDGE('',*,*,#10101,.F.);
#10294 = ORIENTED_EDGE('',*,*,#10134,.F.);
#10295 = ORIENTED_EDGE('',*,*,#10149,.F.);
#10296 = ORIENTED_EDGE('',*,*,#10182,.F.);
#10297 = ORIENTED_EDGE('',*,*,#10200,.F.);
#10298 = ORIENTED_EDGE('',*,*,#9547,.T.);
#10299 = ORIENTED_EDGE('',*,*,#10300,.T.);
#10300 = EDGE_CURVE('',#9550,#10287,#10301,.T.);
#10301 = LINE('',#10302,#10303);
#10302 = CARTESIAN_POINT('',(0.77,-0.4,-3.469446951954E-18));
#10303 = VECTOR('',#10304,1.);
#10304 = DIRECTION('',(0.,1.,0.));
#10305 = PLANE('',#10306);
#10306 = AXIS2_PLACEMENT_3D('',#10307,#10308,#10309);
#10307 = CARTESIAN_POINT('',(0.5,-0.4,0.));
#10308 = DIRECTION('',(0.,0.,1.));
#10309 = DIRECTION('',(1.,0.,-0.));
#10310 = ADVANCED_FACE('',(#10311),#10330,.T.);
#10311 = FACE_BOUND('',#10312,.T.);
#10312 = EDGE_LOOP('',(#10313,#10314,#10315,#10324));
#10313 = ORIENTED_EDGE('',*,*,#9599,.T.);
#10314 = ORIENTED_EDGE('',*,*,#10300,.T.);
#10315 = ORIENTED_EDGE('',*,*,#10316,.F.);
#10316 = EDGE_CURVE('',#10317,#10287,#10319,.T.);
#10317 = VERTEX_POINT('',#10318);
#10318 = CARTESIAN_POINT('',(0.8,0.4,3.E-02));
#10319 = CIRCLE('',#10320,3.E-02);
#10320 = AXIS2_PLACEMENT_3D('',#10321,#10322,#10323);
#10321 = CARTESIAN_POINT('',(0.77,0.4,3.E-02));
#10322 = DIRECTION('',(0.,1.,0.));
#10323 = DIRECTION('',(0.,-0.,1.));
#10324 = ORIENTED_EDGE('',*,*,#10325,.F.);
#10325 = EDGE_CURVE('',#9592,#10317,#10326,.T.);
#10326 = LINE('',#10327,#10328);
#10327 = CARTESIAN_POINT('',(0.8,-0.4,3.E-02));
#10328 = VECTOR('',#10329,1.);
#10329 = DIRECTION('',(0.,1.,0.));
#10330 = CYLINDRICAL_SURFACE('',#10331,3.E-02);
#10331 = AXIS2_PLACEMENT_3D('',#10332,#10333,#10334);
#10332 = CARTESIAN_POINT('',(0.77,-0.4,3.E-02));
#10333 = DIRECTION('',(0.,1.,0.));
#10334 = DIRECTION('',(1.,0.,0.));
#10335 = ADVANCED_FACE('',(#10336),#10354,.T.);
#10336 = FACE_BOUND('',#10337,.T.);
#10337 = EDGE_LOOP('',(#10338,#10339,#10340,#10348));
#10338 = ORIENTED_EDGE('',*,*,#9591,.F.);
#10339 = ORIENTED_EDGE('',*,*,#10325,.T.);
#10340 = ORIENTED_EDGE('',*,*,#10341,.T.);
#10341 = EDGE_CURVE('',#10317,#10342,#10344,.T.);
#10342 = VERTEX_POINT('',#10343);
#10343 = CARTESIAN_POINT('',(0.8,0.4,0.47));
#10344 = LINE('',#10345,#10346);
#10345 = CARTESIAN_POINT('',(0.8,0.4,0.));
#10346 = VECTOR('',#10347,1.);
#10347 = DIRECTION('',(0.,0.,1.));
#10348 = ORIENTED_EDGE('',*,*,#10349,.F.);
#10349 = EDGE_CURVE('',#9583,#10342,#10350,.T.);
#10350 = LINE('',#10351,#10352);
#10351 = CARTESIAN_POINT('',(0.8,-0.4,0.47));
#10352 = VECTOR('',#10353,1.);
#10353 = DIRECTION('',(0.,1.,0.));
#10354 = PLANE('',#10355);
#10355 = AXIS2_PLACEMENT_3D('',#10356,#10357,#10358);
#10356 = CARTESIAN_POINT('',(0.8,-0.4,0.));
#10357 = DIRECTION('',(1.,0.,0.));
#10358 = DIRECTION('',(0.,0.,1.));
#10359 = ADVANCED_FACE('',(#10360),#10379,.T.);
#10360 = FACE_BOUND('',#10361,.T.);
#10361 = EDGE_LOOP('',(#10362,#10363,#10372,#10378));
#10362 = ORIENTED_EDGE('',*,*,#10349,.T.);
#10363 = ORIENTED_EDGE('',*,*,#10364,.T.);
#10364 = EDGE_CURVE('',#10342,#10365,#10367,.T.);
#10365 = VERTEX_POINT('',#10366);
#10366 = CARTESIAN_POINT('',(0.77,0.4,0.5));
#10367 = CIRCLE('',#10368,3.E-02);
#10368 = AXIS2_PLACEMENT_3D('',#10369,#10370,#10371);
#10369 = CARTESIAN_POINT('',(0.77,0.4,0.47));
#10370 = DIRECTION('',(0.,-1.,0.));
#10371 = DIRECTION('',(0.,0.,1.));
#10372 = ORIENTED_EDGE('',*,*,#10373,.F.);
#10373 = EDGE_CURVE('',#9575,#10365,#10374,.T.);
#10374 = LINE('',#10375,#10376);
#10375 = CARTESIAN_POINT('',(0.77,-0.4,0.5));
#10376 = VECTOR('',#10377,1.);
#10377 = DIRECTION('',(0.,1.,0.));
#10378 = ORIENTED_EDGE('',*,*,#9582,.F.);
#10379 = CYLINDRICAL_SURFACE('',#10380,3.E-02);
#10380 = AXIS2_PLACEMENT_3D('',#10381,#10382,#10383);
#10381 = CARTESIAN_POINT('',(0.77,-0.4,0.47));
#10382 = DIRECTION('',(0.,1.,0.));
#10383 = DIRECTION('',(1.,0.,0.));
#10384 = ADVANCED_FACE('',(#10385),#10426,.T.);
#10385 = FACE_BOUND('',#10386,.T.);
#10386 = EDGE_LOOP('',(#10387,#10395,#10403,#10409,#10410,#10418,#10424,
    #10425));
#10387 = ORIENTED_EDGE('',*,*,#10388,.F.);
#10388 = EDGE_CURVE('',#10389,#10365,#10391,.T.);
#10389 = VERTEX_POINT('',#10390);
#10390 = CARTESIAN_POINT('',(0.725,0.4,0.5));
#10391 = LINE('',#10392,#10393);
#10392 = CARTESIAN_POINT('',(0.5,0.4,0.5));
#10393 = VECTOR('',#10394,1.);
#10394 = DIRECTION('',(1.,0.,0.));
#10395 = ORIENTED_EDGE('',*,*,#10396,.F.);
#10396 = EDGE_CURVE('',#10397,#10389,#10399,.T.);
#10397 = VERTEX_POINT('',#10398);
#10398 = CARTESIAN_POINT('',(0.725,0.3,0.5));
#10399 = LINE('',#10400,#10401);
#10400 = CARTESIAN_POINT('',(0.725,-5.E-02,0.5));
#10401 = VECTOR('',#10402,1.);
#10402 = DIRECTION('',(0.,1.,0.));
#10403 = ORIENTED_EDGE('',*,*,#10404,.F.);
#10404 = EDGE_CURVE('',#9680,#10397,#10405,.T.);
#10405 = LINE('',#10406,#10407);
#10406 = CARTESIAN_POINT('',(-0.1125,0.3,0.5));
#10407 = VECTOR('',#10408,1.);
#10408 = DIRECTION('',(1.,0.,0.));
#10409 = ORIENTED_EDGE('',*,*,#9679,.F.);
#10410 = ORIENTED_EDGE('',*,*,#10411,.F.);
#10411 = EDGE_CURVE('',#10412,#9671,#10414,.T.);
#10412 = VERTEX_POINT('',#10413);
#10413 = CARTESIAN_POINT('',(0.725,-0.3,0.5));
#10414 = LINE('',#10415,#10416);
#10415 = CARTESIAN_POINT('',(0.6125,-0.3,0.5));
#10416 = VECTOR('',#10417,1.);
#10417 = DIRECTION('',(-1.,0.,0.));
#10418 = ORIENTED_EDGE('',*,*,#10419,.F.);
#10419 = EDGE_CURVE('',#9567,#10412,#10420,.T.);
#10420 = LINE('',#10421,#10422);
#10421 = CARTESIAN_POINT('',(0.725,-0.45,0.5));
#10422 = VECTOR('',#10423,1.);
#10423 = DIRECTION('',(0.,1.,0.));
#10424 = ORIENTED_EDGE('',*,*,#9574,.T.);
#10425 = ORIENTED_EDGE('',*,*,#10373,.T.);
#10426 = PLANE('',#10427);
#10427 = AXIS2_PLACEMENT_3D('',#10428,#10429,#10430);
#10428 = CARTESIAN_POINT('',(0.5,-0.4,0.5));
#10429 = DIRECTION('',(0.,0.,1.));
#10430 = DIRECTION('',(1.,0.,-0.));
#10431 = ADVANCED_FACE('',(#10432),#10443,.F.);
#10432 = FACE_BOUND('',#10433,.F.);
#10433 = EDGE_LOOP('',(#10434,#10440,#10441,#10442));
#10434 = ORIENTED_EDGE('',*,*,#10435,.F.);
#10435 = EDGE_CURVE('',#10412,#9615,#10436,.T.);
#10436 = LINE('',#10437,#10438);
#10437 = CARTESIAN_POINT('',(0.725,-0.3,0.75));
#10438 = VECTOR('',#10439,1.);
#10439 = DIRECTION('',(-0.,-0.,-1.));
#10440 = ORIENTED_EDGE('',*,*,#10419,.F.);
#10441 = ORIENTED_EDGE('',*,*,#9566,.T.);
#10442 = ORIENTED_EDGE('',*,*,#9624,.F.);
#10443 = PLANE('',#10444);
#10444 = AXIS2_PLACEMENT_3D('',#10445,#10446,#10447);
#10445 = CARTESIAN_POINT('',(0.725,-0.5,0.75));
#10446 = DIRECTION('',(1.,0.,0.));
#10447 = DIRECTION('',(-0.,1.,0.));
#10448 = ADVANCED_FACE('',(#10449),#10455,.F.);
#10449 = FACE_BOUND('',#10450,.F.);
#10450 = EDGE_LOOP('',(#10451,#10452,#10453,#10454));
#10451 = ORIENTED_EDGE('',*,*,#10411,.F.);
#10452 = ORIENTED_EDGE('',*,*,#10435,.T.);
#10453 = ORIENTED_EDGE('',*,*,#9614,.F.);
#10454 = ORIENTED_EDGE('',*,*,#9670,.T.);
#10455 = PLANE('',#10456);
#10456 = AXIS2_PLACEMENT_3D('',#10457,#10458,#10459);
#10457 = CARTESIAN_POINT('',(0.725,-0.3,0.75));
#10458 = DIRECTION('',(0.,1.,0.));
#10459 = DIRECTION('',(-1.,0.,0.));
#10460 = ADVANCED_FACE('',(#10461),#10477,.F.);
#10461 = FACE_BOUND('',#10462,.F.);
#10462 = EDGE_LOOP('',(#10463,#10464,#10470,#10471));
#10463 = ORIENTED_EDGE('',*,*,#10396,.F.);
#10464 = ORIENTED_EDGE('',*,*,#10465,.T.);
#10465 = EDGE_CURVE('',#10397,#9648,#10466,.T.);
#10466 = LINE('',#10467,#10468);
#10467 = CARTESIAN_POINT('',(0.725,0.3,0.75));
#10468 = VECTOR('',#10469,1.);
#10469 = DIRECTION('',(-0.,-0.,-1.));
#10470 = ORIENTED_EDGE('',*,*,#9655,.F.);
#10471 = ORIENTED_EDGE('',*,*,#10472,.F.);
#10472 = EDGE_CURVE('',#10389,#9639,#10473,.T.);
#10473 = LINE('',#10474,#10475);
#10474 = CARTESIAN_POINT('',(0.725,0.4,0.375));
#10475 = VECTOR('',#10476,1.);
#10476 = DIRECTION('',(0.,0.,-1.));
#10477 = PLANE('',#10478);
#10478 = AXIS2_PLACEMENT_3D('',#10479,#10480,#10481);
#10479 = CARTESIAN_POINT('',(0.725,0.3,0.75));
#10480 = DIRECTION('',(1.,0.,0.));
#10481 = DIRECTION('',(-0.,1.,0.));
#10482 = ADVANCED_FACE('',(#10483),#10489,.F.);
#10483 = FACE_BOUND('',#10484,.F.);
#10484 = EDGE_LOOP('',(#10485,#10486,#10487,#10488));
#10485 = ORIENTED_EDGE('',*,*,#10465,.F.);
#10486 = ORIENTED_EDGE('',*,*,#10404,.F.);
#10487 = ORIENTED_EDGE('',*,*,#9687,.F.);
#10488 = ORIENTED_EDGE('',*,*,#9647,.F.);
#10489 = PLANE('',#10490);
#10490 = AXIS2_PLACEMENT_3D('',#10491,#10492,#10493);
#10491 = CARTESIAN_POINT('',(-0.725,0.3,0.75));
#10492 = DIRECTION('',(0.,-1.,0.));
#10493 = DIRECTION('',(1.,0.,0.));
#10494 = ADVANCED_FACE('',(#10495),#10507,.T.);
#10495 = FACE_BOUND('',#10496,.T.);
#10496 = EDGE_LOOP('',(#10497,#10498,#10499,#10500,#10501,#10502,#10503,
    #10504,#10505,#10506));
#10497 = ORIENTED_EDGE('',*,*,#9875,.F.);
#10498 = ORIENTED_EDGE('',*,*,#9946,.F.);
#10499 = ORIENTED_EDGE('',*,*,#9982,.T.);
#10500 = ORIENTED_EDGE('',*,*,#10006,.T.);
#10501 = ORIENTED_EDGE('',*,*,#9830,.T.);
#10502 = ORIENTED_EDGE('',*,*,#9791,.F.);
#10503 = ORIENTED_EDGE('',*,*,#9718,.F.);
#10504 = ORIENTED_EDGE('',*,*,#9710,.F.);
#10505 = ORIENTED_EDGE('',*,*,#9702,.T.);
#10506 = ORIENTED_EDGE('',*,*,#10077,.F.);
#10507 = PLANE('',#10508);
#10508 = AXIS2_PLACEMENT_3D('',#10509,#10510,#10511);
#10509 = CARTESIAN_POINT('',(-0.8,0.4,0.));
#10510 = DIRECTION('',(0.,1.,0.));
#10511 = DIRECTION('',(0.,-0.,1.));
#10512 = ADVANCED_FACE('',(#10513),#10525,.T.);
#10513 = FACE_BOUND('',#10514,.T.);
#10514 = EDGE_LOOP('',(#10515,#10516,#10517,#10518,#10519,#10520,#10521,
    #10522,#10523,#10524));
#10515 = ORIENTED_EDGE('',*,*,#10286,.F.);
#10516 = ORIENTED_EDGE('',*,*,#10109,.F.);
#10517 = ORIENTED_EDGE('',*,*,#9743,.T.);
#10518 = ORIENTED_EDGE('',*,*,#9735,.T.);
#10519 = ORIENTED_EDGE('',*,*,#9727,.F.);
#10520 = ORIENTED_EDGE('',*,*,#10472,.F.);
#10521 = ORIENTED_EDGE('',*,*,#10388,.T.);
#10522 = ORIENTED_EDGE('',*,*,#10364,.F.);
#10523 = ORIENTED_EDGE('',*,*,#10341,.F.);
#10524 = ORIENTED_EDGE('',*,*,#10316,.T.);
#10525 = PLANE('',#10526);
#10526 = AXIS2_PLACEMENT_3D('',#10527,#10528,#10529);
#10527 = CARTESIAN_POINT('',(0.5,0.4,0.));
#10528 = DIRECTION('',(0.,1.,0.));
#10529 = DIRECTION('',(0.,-0.,1.));
#10530 = ADVANCED_FACE('',(#10531),#10536,.T.);
#10531 = FACE_BOUND('',#10532,.T.);
#10532 = EDGE_LOOP('',(#10533,#10534,#10535));
#10533 = ORIENTED_EDGE('',*,*,#10255,.T.);
#10534 = ORIENTED_EDGE('',*,*,#10231,.T.);
#10535 = ORIENTED_EDGE('',*,*,#10272,.T.);
#10536 = PLANE('',#10537);
#10537 = AXIS2_PLACEMENT_3D('',#10538,#10539,#10540);
#10538 = CARTESIAN_POINT('',(9.237604307034E-02,0.,1.5E-02));
#10539 = DIRECTION('',(-0.,-0.,-1.));
#10540 = DIRECTION('',(-1.,0.,0.));
#10541 = ( GEOMETRIC_REPRESENTATION_CONTEXT(3) 
GLOBAL_UNCERTAINTY_ASSIGNED_CONTEXT((#10545)) 
GLOBAL_UNIT_ASSIGNED_CONTEXT((#10542,#10543,#10544)) 
REPRESENTATION_CONTEXT('Context #1',
  '3D Context with UNIT and UNCERTAINTY') );
#10542 = ( LENGTH_UNIT() NAMED_UNIT(*) SI_UNIT(.MILLI.,.METRE.) );
#10543 = ( NAMED_UNIT(*) PLANE_ANGLE_UNIT() SI_UNIT($,.RADIAN.) );
#10544 = ( NAMED_UNIT(*) SI_UNIT($,.STERADIAN.) SOLID_ANGLE_UNIT() );
#10545 = UNCERTAINTY_MEASURE_WITH_UNIT(LENGTH_MEASURE(1.E-07),#10542,
  'distance_accuracy_value','confusion accuracy');
#10546 = CONTEXT_DEPENDENT_SHAPE_REPRESENTATION(#10547,#10549);
#10547 = ( REPRESENTATION_RELATIONSHIP('','',#9017,#10) 
REPRESENTATION_RELATIONSHIP_WITH_TRANSFORMATION(#10548) 
SHAPE_REPRESENTATION_RELATIONSHIP() );
#10548 = ITEM_DEFINED_TRANSFORMATION('','',#11,#35);
#10549 = PRODUCT_DEFINITION_SHAPE('Placement','Placement of an item',
  #10550);
#10550 = NEXT_ASSEMBLY_USAGE_OCCURRENCE('6','D2','',#5,#9012,$);
#10551 = PRODUCT_RELATED_PRODUCT_CATEGORY('part',$,(#9014));
#10552 = CONTEXT_DEPENDENT_SHAPE_REPRESENTATION(#10553,#10555);
#10553 = ( REPRESENTATION_RELATIONSHIP('','',#4555,#10) 
REPRESENTATION_RELATIONSHIP_WITH_TRANSFORMATION(#10554) 
SHAPE_REPRESENTATION_RELATIONSHIP() );
#10554 = ITEM_DEFINED_TRANSFORMATION('','',#11,#39);
#10555 = PRODUCT_DEFINITION_SHAPE('Placement','Placement of an item',
  #10556);
#10556 = NEXT_ASSEMBLY_USAGE_OCCURRENCE('7','R103','',#5,#4550,$);
#10557 = CONTEXT_DEPENDENT_SHAPE_REPRESENTATION(#10558,#10560);
#10558 = ( REPRESENTATION_RELATIONSHIP('','',#4555,#10) 
REPRESENTATION_RELATIONSHIP_WITH_TRANSFORMATION(#10559) 
SHAPE_REPRESENTATION_RELATIONSHIP() );
#10559 = ITEM_DEFINED_TRANSFORMATION('','',#11,#43);
#10560 = PRODUCT_DEFINITION_SHAPE('Placement','Placement of an item',
  #10561);
#10561 = NEXT_ASSEMBLY_USAGE_OCCURRENCE('8','R101','',#5,#4550,$);
#10562 = SHAPE_DEFINITION_REPRESENTATION(#10563,#10569);
#10563 = PRODUCT_DEFINITION_SHAPE('','',#10564);
#10564 = PRODUCT_DEFINITION('design','',#10565,#10568);
#10565 = PRODUCT_DEFINITION_FORMATION('','',#10566);
#10566 = PRODUCT('C_0402_1005Metric','C_0402_1005Metric','',(#10567));
#10567 = PRODUCT_CONTEXT('',#2,'mechanical');
#10568 = PRODUCT_DEFINITION_CONTEXT('part definition',#2,'design');
#10569 = ADVANCED_BREP_SHAPE_REPRESENTATION('',(#11,#10570),#11424);
#10570 = MANIFOLD_SOLID_BREP('',#10571);
#10571 = CLOSED_SHELL('',(#10572,#10648,#10679,#10704,#10729,#10753,
    #10777,#10802,#10827,#10844,#10930,#10962,#10986,#11011,#11035,
    #11060,#11084,#11109,#11126,#11212,#11243,#11268,#11293,#11317,
    #11341,#11366,#11391,#11408));
#10572 = ADVANCED_FACE('',(#10573),#10643,.F.);
#10573 = FACE_BOUND('',#10574,.F.);
#10574 = EDGE_LOOP('',(#10575,#10585,#10594,#10602,#10611,#10619,#10628,
    #10636));
#10575 = ORIENTED_EDGE('',*,*,#10576,.F.);
#10576 = EDGE_CURVE('',#10577,#10579,#10581,.T.);
#10577 = VERTEX_POINT('',#10578);
#10578 = CARTESIAN_POINT('',(-0.5,-0.25,2.E-02));
#10579 = VERTEX_POINT('',#10580);
#10580 = CARTESIAN_POINT('',(-0.5,-0.25,0.48));
#10581 = LINE('',#10582,#10583);
#10582 = CARTESIAN_POINT('',(-0.5,-0.25,0.));
#10583 = VECTOR('',#10584,1.);
#10584 = DIRECTION('',(0.,0.,1.));
#10585 = ORIENTED_EDGE('',*,*,#10586,.T.);
#10586 = EDGE_CURVE('',#10577,#10587,#10589,.T.);
#10587 = VERTEX_POINT('',#10588);
#10588 = CARTESIAN_POINT('',(-0.5,-0.23,0.));
#10589 = CIRCLE('',#10590,2.E-02);
#10590 = AXIS2_PLACEMENT_3D('',#10591,#10592,#10593);
#10591 = CARTESIAN_POINT('',(-0.5,-0.23,2.E-02));
#10592 = DIRECTION('',(1.,0.,-0.));
#10593 = DIRECTION('',(0.,0.,1.));
#10594 = ORIENTED_EDGE('',*,*,#10595,.T.);
#10595 = EDGE_CURVE('',#10587,#10596,#10598,.T.);
#10596 = VERTEX_POINT('',#10597);
#10597 = CARTESIAN_POINT('',(-0.5,0.23,0.));
#10598 = LINE('',#10599,#10600);
#10599 = CARTESIAN_POINT('',(-0.5,-0.25,0.));
#10600 = VECTOR('',#10601,1.);
#10601 = DIRECTION('',(0.,1.,0.));
#10602 = ORIENTED_EDGE('',*,*,#10603,.F.);
#10603 = EDGE_CURVE('',#10604,#10596,#10606,.T.);
#10604 = VERTEX_POINT('',#10605);
#10605 = CARTESIAN_POINT('',(-0.5,0.25,2.E-02));
#10606 = CIRCLE('',#10607,2.E-02);
#10607 = AXIS2_PLACEMENT_3D('',#10608,#10609,#10610);
#10608 = CARTESIAN_POINT('',(-0.5,0.23,2.E-02));
#10609 = DIRECTION('',(-1.,0.,0.));
#10610 = DIRECTION('',(0.,0.,1.));
#10611 = ORIENTED_EDGE('',*,*,#10612,.T.);
#10612 = EDGE_CURVE('',#10604,#10613,#10615,.T.);
#10613 = VERTEX_POINT('',#10614);
#10614 = CARTESIAN_POINT('',(-0.5,0.25,0.48));
#10615 = LINE('',#10616,#10617);
#10616 = CARTESIAN_POINT('',(-0.5,0.25,0.));
#10617 = VECTOR('',#10618,1.);
#10618 = DIRECTION('',(0.,0.,1.));
#10619 = ORIENTED_EDGE('',*,*,#10620,.T.);
#10620 = EDGE_CURVE('',#10613,#10621,#10623,.T.);
#10621 = VERTEX_POINT('',#10622);
#10622 = CARTESIAN_POINT('',(-0.5,0.23,0.5));
#10623 = CIRCLE('',#10624,2.E-02);
#10624 = AXIS2_PLACEMENT_3D('',#10625,#10626,#10627);
#10625 = CARTESIAN_POINT('',(-0.5,0.23,0.48));
#10626 = DIRECTION('',(1.,0.,-0.));
#10627 = DIRECTION('',(0.,0.,1.));
#10628 = ORIENTED_EDGE('',*,*,#10629,.F.);
#10629 = EDGE_CURVE('',#10630,#10621,#10632,.T.);
#10630 = VERTEX_POINT('',#10631);
#10631 = CARTESIAN_POINT('',(-0.5,-0.23,0.5));
#10632 = LINE('',#10633,#10634);
#10633 = CARTESIAN_POINT('',(-0.5,-0.25,0.5));
#10634 = VECTOR('',#10635,1.);
#10635 = DIRECTION('',(0.,1.,0.));
#10636 = ORIENTED_EDGE('',*,*,#10637,.F.);
#10637 = EDGE_CURVE('',#10579,#10630,#10638,.T.);
#10638 = CIRCLE('',#10639,2.E-02);
#10639 = AXIS2_PLACEMENT_3D('',#10640,#10641,#10642);
#10640 = CARTESIAN_POINT('',(-0.5,-0.23,0.48));
#10641 = DIRECTION('',(-1.,0.,0.));
#10642 = DIRECTION('',(0.,0.,1.));
#10643 = PLANE('',#10644);
#10644 = AXIS2_PLACEMENT_3D('',#10645,#10646,#10647);
#10645 = CARTESIAN_POINT('',(-0.5,-0.25,0.));
#10646 = DIRECTION('',(1.,0.,0.));
#10647 = DIRECTION('',(0.,0.,1.));
#10648 = ADVANCED_FACE('',(#10649),#10674,.F.);
#10649 = FACE_BOUND('',#10650,.F.);
#10650 = EDGE_LOOP('',(#10651,#10661,#10667,#10668));
#10651 = ORIENTED_EDGE('',*,*,#10652,.F.);
#10652 = EDGE_CURVE('',#10653,#10655,#10657,.T.);
#10653 = VERTEX_POINT('',#10654);
#10654 = CARTESIAN_POINT('',(-0.3,-0.25,2.E-02));
#10655 = VERTEX_POINT('',#10656);
#10656 = CARTESIAN_POINT('',(-0.3,-0.25,0.48));
#10657 = LINE('',#10658,#10659);
#10658 = CARTESIAN_POINT('',(-0.3,-0.25,0.));
#10659 = VECTOR('',#10660,1.);
#10660 = DIRECTION('',(0.,0.,1.));
#10661 = ORIENTED_EDGE('',*,*,#10662,.F.);
#10662 = EDGE_CURVE('',#10577,#10653,#10663,.T.);
#10663 = LINE('',#10664,#10665);
#10664 = CARTESIAN_POINT('',(-0.5,-0.25,2.E-02));
#10665 = VECTOR('',#10666,1.);
#10666 = DIRECTION('',(1.,0.,0.));
#10667 = ORIENTED_EDGE('',*,*,#10576,.T.);
#10668 = ORIENTED_EDGE('',*,*,#10669,.T.);
#10669 = EDGE_CURVE('',#10579,#10655,#10670,.T.);
#10670 = LINE('',#10671,#10672);
#10671 = CARTESIAN_POINT('',(-0.5,-0.25,0.48));
#10672 = VECTOR('',#10673,1.);
#10673 = DIRECTION('',(1.,0.,0.));
#10674 = PLANE('',#10675);
#10675 = AXIS2_PLACEMENT_3D('',#10676,#10677,#10678);
#10676 = CARTESIAN_POINT('',(-0.5,-0.25,0.));
#10677 = DIRECTION('',(0.,1.,0.));
#10678 = DIRECTION('',(0.,-0.,1.));
#10679 = ADVANCED_FACE('',(#10680),#10699,.T.);
#10680 = FACE_BOUND('',#10681,.T.);
#10681 = EDGE_LOOP('',(#10682,#10683,#10691,#10698));
#10682 = ORIENTED_EDGE('',*,*,#10586,.T.);
#10683 = ORIENTED_EDGE('',*,*,#10684,.T.);
#10684 = EDGE_CURVE('',#10587,#10685,#10687,.T.);
#10685 = VERTEX_POINT('',#10686);
#10686 = CARTESIAN_POINT('',(-0.3,-0.23,0.));
#10687 = LINE('',#10688,#10689);
#10688 = CARTESIAN_POINT('',(-0.5,-0.23,0.));
#10689 = VECTOR('',#10690,1.);
#10690 = DIRECTION('',(1.,0.,0.));
#10691 = ORIENTED_EDGE('',*,*,#10692,.F.);
#10692 = EDGE_CURVE('',#10653,#10685,#10693,.T.);
#10693 = CIRCLE('',#10694,2.E-02);
#10694 = AXIS2_PLACEMENT_3D('',#10695,#10696,#10697);
#10695 = CARTESIAN_POINT('',(-0.3,-0.23,2.E-02));
#10696 = DIRECTION('',(1.,0.,-0.));
#10697 = DIRECTION('',(0.,0.,1.));
#10698 = ORIENTED_EDGE('',*,*,#10662,.F.);
#10699 = CYLINDRICAL_SURFACE('',#10700,2.E-02);
#10700 = AXIS2_PLACEMENT_3D('',#10701,#10702,#10703);
#10701 = CARTESIAN_POINT('',(-0.5,-0.23,2.E-02));
#10702 = DIRECTION('',(1.,0.,0.));
#10703 = DIRECTION('',(0.,-1.,0.));
#10704 = ADVANCED_FACE('',(#10705),#10724,.T.);
#10705 = FACE_BOUND('',#10706,.T.);
#10706 = EDGE_LOOP('',(#10707,#10708,#10717,#10723));
#10707 = ORIENTED_EDGE('',*,*,#10669,.T.);
#10708 = ORIENTED_EDGE('',*,*,#10709,.T.);
#10709 = EDGE_CURVE('',#10655,#10710,#10712,.T.);
#10710 = VERTEX_POINT('',#10711);
#10711 = CARTESIAN_POINT('',(-0.3,-0.23,0.5));
#10712 = CIRCLE('',#10713,2.E-02);
#10713 = AXIS2_PLACEMENT_3D('',#10714,#10715,#10716);
#10714 = CARTESIAN_POINT('',(-0.3,-0.23,0.48));
#10715 = DIRECTION('',(-1.,0.,0.));
#10716 = DIRECTION('',(0.,0.,1.));
#10717 = ORIENTED_EDGE('',*,*,#10718,.F.);
#10718 = EDGE_CURVE('',#10630,#10710,#10719,.T.);
#10719 = LINE('',#10720,#10721);
#10720 = CARTESIAN_POINT('',(-0.5,-0.23,0.5));
#10721 = VECTOR('',#10722,1.);
#10722 = DIRECTION('',(1.,0.,0.));
#10723 = ORIENTED_EDGE('',*,*,#10637,.F.);
#10724 = CYLINDRICAL_SURFACE('',#10725,2.E-02);
#10725 = AXIS2_PLACEMENT_3D('',#10726,#10727,#10728);
#10726 = CARTESIAN_POINT('',(-0.5,-0.23,0.48));
#10727 = DIRECTION('',(1.,0.,0.));
#10728 = DIRECTION('',(0.,-1.,0.));
#10729 = ADVANCED_FACE('',(#10730),#10748,.F.);
#10730 = FACE_BOUND('',#10731,.F.);
#10731 = EDGE_LOOP('',(#10732,#10733,#10734,#10742));
#10732 = ORIENTED_EDGE('',*,*,#10595,.F.);
#10733 = ORIENTED_EDGE('',*,*,#10684,.T.);
#10734 = ORIENTED_EDGE('',*,*,#10735,.T.);
#10735 = EDGE_CURVE('',#10685,#10736,#10738,.T.);
#10736 = VERTEX_POINT('',#10737);
#10737 = CARTESIAN_POINT('',(-0.3,0.23,0.));
#10738 = LINE('',#10739,#10740);
#10739 = CARTESIAN_POINT('',(-0.3,-0.25,0.));
#10740 = VECTOR('',#10741,1.);
#10741 = DIRECTION('',(0.,1.,0.));
#10742 = ORIENTED_EDGE('',*,*,#10743,.F.);
#10743 = EDGE_CURVE('',#10596,#10736,#10744,.T.);
#10744 = LINE('',#10745,#10746);
#10745 = CARTESIAN_POINT('',(-0.5,0.23,0.));
#10746 = VECTOR('',#10747,1.);
#10747 = DIRECTION('',(1.,0.,0.));
#10748 = PLANE('',#10749);
#10749 = AXIS2_PLACEMENT_3D('',#10750,#10751,#10752);
#10750 = CARTESIAN_POINT('',(-0.5,-0.25,0.));
#10751 = DIRECTION('',(0.,0.,1.));
#10752 = DIRECTION('',(1.,0.,-0.));
#10753 = ADVANCED_FACE('',(#10754),#10772,.T.);
#10754 = FACE_BOUND('',#10755,.T.);
#10755 = EDGE_LOOP('',(#10756,#10757,#10758,#10766));
#10756 = ORIENTED_EDGE('',*,*,#10629,.F.);
#10757 = ORIENTED_EDGE('',*,*,#10718,.T.);
#10758 = ORIENTED_EDGE('',*,*,#10759,.T.);
#10759 = EDGE_CURVE('',#10710,#10760,#10762,.T.);
#10760 = VERTEX_POINT('',#10761);
#10761 = CARTESIAN_POINT('',(-0.3,0.23,0.5));
#10762 = LINE('',#10763,#10764);
#10763 = CARTESIAN_POINT('',(-0.3,-0.25,0.5));
#10764 = VECTOR('',#10765,1.);
#10765 = DIRECTION('',(0.,1.,0.));
#10766 = ORIENTED_EDGE('',*,*,#10767,.F.);
#10767 = EDGE_CURVE('',#10621,#10760,#10768,.T.);
#10768 = LINE('',#10769,#10770);
#10769 = CARTESIAN_POINT('',(-0.5,0.23,0.5));
#10770 = VECTOR('',#10771,1.);
#10771 = DIRECTION('',(1.,0.,0.));
#10772 = PLANE('',#10773);
#10773 = AXIS2_PLACEMENT_3D('',#10774,#10775,#10776);
#10774 = CARTESIAN_POINT('',(-0.5,-0.25,0.5));
#10775 = DIRECTION('',(0.,0.,1.));
#10776 = DIRECTION('',(1.,0.,-0.));
#10777 = ADVANCED_FACE('',(#10778),#10797,.T.);
#10778 = FACE_BOUND('',#10779,.T.);
#10779 = EDGE_LOOP('',(#10780,#10788,#10795,#10796));
#10780 = ORIENTED_EDGE('',*,*,#10781,.T.);
#10781 = EDGE_CURVE('',#10604,#10782,#10784,.T.);
#10782 = VERTEX_POINT('',#10783);
#10783 = CARTESIAN_POINT('',(-0.3,0.25,2.E-02));
#10784 = LINE('',#10785,#10786);
#10785 = CARTESIAN_POINT('',(-0.5,0.25,2.E-02));
#10786 = VECTOR('',#10787,1.);
#10787 = DIRECTION('',(1.,0.,0.));
#10788 = ORIENTED_EDGE('',*,*,#10789,.T.);
#10789 = EDGE_CURVE('',#10782,#10736,#10790,.T.);
#10790 = CIRCLE('',#10791,2.E-02);
#10791 = AXIS2_PLACEMENT_3D('',#10792,#10793,#10794);
#10792 = CARTESIAN_POINT('',(-0.3,0.23,2.E-02));
#10793 = DIRECTION('',(-1.,0.,0.));
#10794 = DIRECTION('',(0.,0.,1.));
#10795 = ORIENTED_EDGE('',*,*,#10743,.F.);
#10796 = ORIENTED_EDGE('',*,*,#10603,.F.);
#10797 = CYLINDRICAL_SURFACE('',#10798,2.E-02);
#10798 = AXIS2_PLACEMENT_3D('',#10799,#10800,#10801);
#10799 = CARTESIAN_POINT('',(-0.5,0.23,2.E-02));
#10800 = DIRECTION('',(1.,0.,0.));
#10801 = DIRECTION('',(-0.,1.,0.));
#10802 = ADVANCED_FACE('',(#10803),#10822,.T.);
#10803 = FACE_BOUND('',#10804,.T.);
#10804 = EDGE_LOOP('',(#10805,#10806,#10807,#10816));
#10805 = ORIENTED_EDGE('',*,*,#10620,.T.);
#10806 = ORIENTED_EDGE('',*,*,#10767,.T.);
#10807 = ORIENTED_EDGE('',*,*,#10808,.F.);
#10808 = EDGE_CURVE('',#10809,#10760,#10811,.T.);
#10809 = VERTEX_POINT('',#10810);
#10810 = CARTESIAN_POINT('',(-0.3,0.25,0.48));
#10811 = CIRCLE('',#10812,2.E-02);
#10812 = AXIS2_PLACEMENT_3D('',#10813,#10814,#10815);
#10813 = CARTESIAN_POINT('',(-0.3,0.23,0.48));
#10814 = DIRECTION('',(1.,0.,-0.));
#10815 = DIRECTION('',(0.,0.,1.));
#10816 = ORIENTED_EDGE('',*,*,#10817,.F.);
#10817 = EDGE_CURVE('',#10613,#10809,#10818,.T.);
#10818 = LINE('',#10819,#10820);
#10819 = CARTESIAN_POINT('',(-0.5,0.25,0.48));
#10820 = VECTOR('',#10821,1.);
#10821 = DIRECTION('',(1.,0.,0.));
#10822 = CYLINDRICAL_SURFACE('',#10823,2.E-02);
#10823 = AXIS2_PLACEMENT_3D('',#10824,#10825,#10826);
#10824 = CARTESIAN_POINT('',(-0.5,0.23,0.48));
#10825 = DIRECTION('',(1.,0.,0.));
#10826 = DIRECTION('',(-0.,1.,0.));
#10827 = ADVANCED_FACE('',(#10828),#10839,.T.);
#10828 = FACE_BOUND('',#10829,.T.);
#10829 = EDGE_LOOP('',(#10830,#10836,#10837,#10838));
#10830 = ORIENTED_EDGE('',*,*,#10831,.F.);
#10831 = EDGE_CURVE('',#10782,#10809,#10832,.T.);
#10832 = LINE('',#10833,#10834);
#10833 = CARTESIAN_POINT('',(-0.3,0.25,0.));
#10834 = VECTOR('',#10835,1.);
#10835 = DIRECTION('',(0.,0.,1.));
#10836 = ORIENTED_EDGE('',*,*,#10781,.F.);
#10837 = ORIENTED_EDGE('',*,*,#10612,.T.);
#10838 = ORIENTED_EDGE('',*,*,#10817,.T.);
#10839 = PLANE('',#10840);
#10840 = AXIS2_PLACEMENT_3D('',#10841,#10842,#10843);
#10841 = CARTESIAN_POINT('',(-0.5,0.25,0.));
#10842 = DIRECTION('',(0.,1.,0.));
#10843 = DIRECTION('',(0.,-0.,1.));
#10844 = ADVANCED_FACE('',(#10845,#10855),#10925,.T.);
#10845 = FACE_BOUND('',#10846,.T.);
#10846 = EDGE_LOOP('',(#10847,#10848,#10849,#10850,#10851,#10852,#10853,
    #10854));
#10847 = ORIENTED_EDGE('',*,*,#10652,.F.);
#10848 = ORIENTED_EDGE('',*,*,#10692,.T.);
#10849 = ORIENTED_EDGE('',*,*,#10735,.T.);
#10850 = ORIENTED_EDGE('',*,*,#10789,.F.);
#10851 = ORIENTED_EDGE('',*,*,#10831,.T.);
#10852 = ORIENTED_EDGE('',*,*,#10808,.T.);
#10853 = ORIENTED_EDGE('',*,*,#10759,.F.);
#10854 = ORIENTED_EDGE('',*,*,#10709,.F.);
#10855 = FACE_BOUND('',#10856,.T.);
#10856 = EDGE_LOOP('',(#10857,#10868,#10876,#10885,#10893,#10902,#10910,
    #10919));
#10857 = ORIENTED_EDGE('',*,*,#10858,.F.);
#10858 = EDGE_CURVE('',#10859,#10861,#10863,.T.);
#10859 = VERTEX_POINT('',#10860);
#10860 = CARTESIAN_POINT('',(-0.3,-0.23,4.E-02));
#10861 = VERTEX_POINT('',#10862);
#10862 = CARTESIAN_POINT('',(-0.3,-0.21,2.E-02));
#10863 = CIRCLE('',#10864,2.E-02);
#10864 = AXIS2_PLACEMENT_3D('',#10865,#10866,#10867);
#10865 = CARTESIAN_POINT('',(-0.3,-0.21,4.E-02));
#10866 = DIRECTION('',(1.,0.,-0.));
#10867 = DIRECTION('',(0.,0.,1.));
#10868 = ORIENTED_EDGE('',*,*,#10869,.T.);
#10869 = EDGE_CURVE('',#10859,#10870,#10872,.T.);
#10870 = VERTEX_POINT('',#10871);
#10871 = CARTESIAN_POINT('',(-0.3,-0.23,0.46));
#10872 = LINE('',#10873,#10874);
#10873 = CARTESIAN_POINT('',(-0.3,-0.23,2.E-02));
#10874 = VECTOR('',#10875,1.);
#10875 = DIRECTION('',(0.,0.,1.));
#10876 = ORIENTED_EDGE('',*,*,#10877,.T.);
#10877 = EDGE_CURVE('',#10870,#10878,#10880,.T.);
#10878 = VERTEX_POINT('',#10879);
#10879 = CARTESIAN_POINT('',(-0.3,-0.21,0.48));
#10880 = CIRCLE('',#10881,2.E-02);
#10881 = AXIS2_PLACEMENT_3D('',#10882,#10883,#10884);
#10882 = CARTESIAN_POINT('',(-0.3,-0.21,0.46));
#10883 = DIRECTION('',(-1.,0.,0.));
#10884 = DIRECTION('',(0.,0.,1.));
#10885 = ORIENTED_EDGE('',*,*,#10886,.T.);
#10886 = EDGE_CURVE('',#10878,#10887,#10889,.T.);
#10887 = VERTEX_POINT('',#10888);
#10888 = CARTESIAN_POINT('',(-0.3,0.21,0.48));
#10889 = LINE('',#10890,#10891);
#10890 = CARTESIAN_POINT('',(-0.3,-0.23,0.48));
#10891 = VECTOR('',#10892,1.);
#10892 = DIRECTION('',(0.,1.,0.));
#10893 = ORIENTED_EDGE('',*,*,#10894,.F.);
#10894 = EDGE_CURVE('',#10895,#10887,#10897,.T.);
#10895 = VERTEX_POINT('',#10896);
#10896 = CARTESIAN_POINT('',(-0.3,0.23,0.46));
#10897 = CIRCLE('',#10898,2.E-02);
#10898 = AXIS2_PLACEMENT_3D('',#10899,#10900,#10901);
#10899 = CARTESIAN_POINT('',(-0.3,0.21,0.46));
#10900 = DIRECTION('',(1.,0.,-0.));
#10901 = DIRECTION('',(0.,0.,1.));
#10902 = ORIENTED_EDGE('',*,*,#10903,.F.);
#10903 = EDGE_CURVE('',#10904,#10895,#10906,.T.);
#10904 = VERTEX_POINT('',#10905);
#10905 = CARTESIAN_POINT('',(-0.3,0.23,4.E-02));
#10906 = LINE('',#10907,#10908);
#10907 = CARTESIAN_POINT('',(-0.3,0.23,2.E-02));
#10908 = VECTOR('',#10909,1.);
#10909 = DIRECTION('',(0.,0.,1.));
#10910 = ORIENTED_EDGE('',*,*,#10911,.T.);
#10911 = EDGE_CURVE('',#10904,#10912,#10914,.T.);
#10912 = VERTEX_POINT('',#10913);
#10913 = CARTESIAN_POINT('',(-0.3,0.21,2.E-02));
#10914 = CIRCLE('',#10915,2.E-02);
#10915 = AXIS2_PLACEMENT_3D('',#10916,#10917,#10918);
#10916 = CARTESIAN_POINT('',(-0.3,0.21,4.E-02));
#10917 = DIRECTION('',(-1.,0.,0.));
#10918 = DIRECTION('',(0.,0.,1.));
#10919 = ORIENTED_EDGE('',*,*,#10920,.F.);
#10920 = EDGE_CURVE('',#10861,#10912,#10921,.T.);
#10921 = LINE('',#10922,#10923);
#10922 = CARTESIAN_POINT('',(-0.3,-0.23,2.E-02));
#10923 = VECTOR('',#10924,1.);
#10924 = DIRECTION('',(0.,1.,0.));
#10925 = PLANE('',#10926);
#10926 = AXIS2_PLACEMENT_3D('',#10927,#10928,#10929);
#10927 = CARTESIAN_POINT('',(-0.3,-0.25,0.));
#10928 = DIRECTION('',(1.,0.,0.));
#10929 = DIRECTION('',(0.,0.,1.));
#10930 = ADVANCED_FACE('',(#10931),#10957,.T.);
#10931 = FACE_BOUND('',#10932,.T.);
#10932 = EDGE_LOOP('',(#10933,#10934,#10942,#10951));
#10933 = ORIENTED_EDGE('',*,*,#10858,.T.);
#10934 = ORIENTED_EDGE('',*,*,#10935,.T.);
#10935 = EDGE_CURVE('',#10861,#10936,#10938,.T.);
#10936 = VERTEX_POINT('',#10937);
#10937 = CARTESIAN_POINT('',(0.3,-0.21,2.E-02));
#10938 = LINE('',#10939,#10940);
#10939 = CARTESIAN_POINT('',(-0.3,-0.21,2.E-02));
#10940 = VECTOR('',#10941,1.);
#10941 = DIRECTION('',(1.,0.,0.));
#10942 = ORIENTED_EDGE('',*,*,#10943,.F.);
#10943 = EDGE_CURVE('',#10944,#10936,#10946,.T.);
#10944 = VERTEX_POINT('',#10945);
#10945 = CARTESIAN_POINT('',(0.3,-0.23,4.E-02));
#10946 = CIRCLE('',#10947,2.E-02);
#10947 = AXIS2_PLACEMENT_3D('',#10948,#10949,#10950);
#10948 = CARTESIAN_POINT('',(0.3,-0.21,4.E-02));
#10949 = DIRECTION('',(1.,0.,-0.));
#10950 = DIRECTION('',(0.,0.,1.));
#10951 = ORIENTED_EDGE('',*,*,#10952,.F.);
#10952 = EDGE_CURVE('',#10859,#10944,#10953,.T.);
#10953 = LINE('',#10954,#10955);
#10954 = CARTESIAN_POINT('',(-0.3,-0.23,4.E-02));
#10955 = VECTOR('',#10956,1.);
#10956 = DIRECTION('',(1.,0.,0.));
#10957 = CYLINDRICAL_SURFACE('',#10958,2.E-02);
#10958 = AXIS2_PLACEMENT_3D('',#10959,#10960,#10961);
#10959 = CARTESIAN_POINT('',(-0.3,-0.21,4.E-02));
#10960 = DIRECTION('',(1.,0.,0.));
#10961 = DIRECTION('',(0.,-1.,0.));
#10962 = ADVANCED_FACE('',(#10963),#10981,.F.);
#10963 = FACE_BOUND('',#10964,.F.);
#10964 = EDGE_LOOP('',(#10965,#10966,#10967,#10975));
#10965 = ORIENTED_EDGE('',*,*,#10920,.F.);
#10966 = ORIENTED_EDGE('',*,*,#10935,.T.);
#10967 = ORIENTED_EDGE('',*,*,#10968,.T.);
#10968 = EDGE_CURVE('',#10936,#10969,#10971,.T.);
#10969 = VERTEX_POINT('',#10970);
#10970 = CARTESIAN_POINT('',(0.3,0.21,2.E-02));
#10971 = LINE('',#10972,#10973);
#10972 = CARTESIAN_POINT('',(0.3,-0.23,2.E-02));
#10973 = VECTOR('',#10974,1.);
#10974 = DIRECTION('',(0.,1.,0.));
#10975 = ORIENTED_EDGE('',*,*,#10976,.F.);
#10976 = EDGE_CURVE('',#10912,#10969,#10977,.T.);
#10977 = LINE('',#10978,#10979);
#10978 = CARTESIAN_POINT('',(-0.3,0.21,2.E-02));
#10979 = VECTOR('',#10980,1.);
#10980 = DIRECTION('',(1.,0.,0.));
#10981 = PLANE('',#10982);
#10982 = AXIS2_PLACEMENT_3D('',#10983,#10984,#10985);
#10983 = CARTESIAN_POINT('',(-0.3,-0.23,2.E-02));
#10984 = DIRECTION('',(0.,0.,1.));
#10985 = DIRECTION('',(1.,0.,-0.));
#10986 = ADVANCED_FACE('',(#10987),#11006,.T.);
#10987 = FACE_BOUND('',#10988,.T.);
#10988 = EDGE_LOOP('',(#10989,#10997,#11004,#11005));
#10989 = ORIENTED_EDGE('',*,*,#10990,.T.);
#10990 = EDGE_CURVE('',#10904,#10991,#10993,.T.);
#10991 = VERTEX_POINT('',#10992);
#10992 = CARTESIAN_POINT('',(0.3,0.23,4.E-02));
#10993 = LINE('',#10994,#10995);
#10994 = CARTESIAN_POINT('',(-0.3,0.23,4.E-02));
#10995 = VECTOR('',#10996,1.);
#10996 = DIRECTION('',(1.,0.,0.));
#10997 = ORIENTED_EDGE('',*,*,#10998,.T.);
#10998 = EDGE_CURVE('',#10991,#10969,#10999,.T.);
#10999 = CIRCLE('',#11000,2.E-02);
#11000 = AXIS2_PLACEMENT_3D('',#11001,#11002,#11003);
#11001 = CARTESIAN_POINT('',(0.3,0.21,4.E-02));
#11002 = DIRECTION('',(-1.,0.,0.));
#11003 = DIRECTION('',(0.,0.,1.));
#11004 = ORIENTED_EDGE('',*,*,#10976,.F.);
#11005 = ORIENTED_EDGE('',*,*,#10911,.F.);
#11006 = CYLINDRICAL_SURFACE('',#11007,2.E-02);
#11007 = AXIS2_PLACEMENT_3D('',#11008,#11009,#11010);
#11008 = CARTESIAN_POINT('',(-0.3,0.21,4.E-02));
#11009 = DIRECTION('',(1.,0.,0.));
#11010 = DIRECTION('',(-0.,1.,0.));
#11011 = ADVANCED_FACE('',(#11012),#11030,.T.);
#11012 = FACE_BOUND('',#11013,.T.);
#11013 = EDGE_LOOP('',(#11014,#11022,#11023,#11024));
#11014 = ORIENTED_EDGE('',*,*,#11015,.F.);
#11015 = EDGE_CURVE('',#10991,#11016,#11018,.T.);
#11016 = VERTEX_POINT('',#11017);
#11017 = CARTESIAN_POINT('',(0.3,0.23,0.46));
#11018 = LINE('',#11019,#11020);
#11019 = CARTESIAN_POINT('',(0.3,0.23,2.E-02));
#11020 = VECTOR('',#11021,1.);
#11021 = DIRECTION('',(0.,0.,1.));
#11022 = ORIENTED_EDGE('',*,*,#10990,.F.);
#11023 = ORIENTED_EDGE('',*,*,#10903,.T.);
#11024 = ORIENTED_EDGE('',*,*,#11025,.T.);
#11025 = EDGE_CURVE('',#10895,#11016,#11026,.T.);
#11026 = LINE('',#11027,#11028);
#11027 = CARTESIAN_POINT('',(-0.3,0.23,0.46));
#11028 = VECTOR('',#11029,1.);
#11029 = DIRECTION('',(1.,0.,0.));
#11030 = PLANE('',#11031);
#11031 = AXIS2_PLACEMENT_3D('',#11032,#11033,#11034);
#11032 = CARTESIAN_POINT('',(-0.3,0.23,2.E-02));
#11033 = DIRECTION('',(0.,1.,0.));
#11034 = DIRECTION('',(0.,-0.,1.));
#11035 = ADVANCED_FACE('',(#11036),#11055,.T.);
#11036 = FACE_BOUND('',#11037,.T.);
#11037 = EDGE_LOOP('',(#11038,#11039,#11047,#11054));
#11038 = ORIENTED_EDGE('',*,*,#10894,.T.);
#11039 = ORIENTED_EDGE('',*,*,#11040,.T.);
#11040 = EDGE_CURVE('',#10887,#11041,#11043,.T.);
#11041 = VERTEX_POINT('',#11042);
#11042 = CARTESIAN_POINT('',(0.3,0.21,0.48));
#11043 = LINE('',#11044,#11045);
#11044 = CARTESIAN_POINT('',(-0.3,0.21,0.48));
#11045 = VECTOR('',#11046,1.);
#11046 = DIRECTION('',(1.,0.,0.));
#11047 = ORIENTED_EDGE('',*,*,#11048,.F.);
#11048 = EDGE_CURVE('',#11016,#11041,#11049,.T.);
#11049 = CIRCLE('',#11050,2.E-02);
#11050 = AXIS2_PLACEMENT_3D('',#11051,#11052,#11053);
#11051 = CARTESIAN_POINT('',(0.3,0.21,0.46));
#11052 = DIRECTION('',(1.,0.,-0.));
#11053 = DIRECTION('',(0.,0.,1.));
#11054 = ORIENTED_EDGE('',*,*,#11025,.F.);
#11055 = CYLINDRICAL_SURFACE('',#11056,2.E-02);
#11056 = AXIS2_PLACEMENT_3D('',#11057,#11058,#11059);
#11057 = CARTESIAN_POINT('',(-0.3,0.21,0.46));
#11058 = DIRECTION('',(1.,0.,0.));
#11059 = DIRECTION('',(-0.,1.,0.));
#11060 = ADVANCED_FACE('',(#11061),#11079,.T.);
#11061 = FACE_BOUND('',#11062,.T.);
#11062 = EDGE_LOOP('',(#11063,#11064,#11072,#11078));
#11063 = ORIENTED_EDGE('',*,*,#10886,.F.);
#11064 = ORIENTED_EDGE('',*,*,#11065,.T.);
#11065 = EDGE_CURVE('',#10878,#11066,#11068,.T.);
#11066 = VERTEX_POINT('',#11067);
#11067 = CARTESIAN_POINT('',(0.3,-0.21,0.48));
#11068 = LINE('',#11069,#11070);
#11069 = CARTESIAN_POINT('',(-0.3,-0.21,0.48));
#11070 = VECTOR('',#11071,1.);
#11071 = DIRECTION('',(1.,0.,0.));
#11072 = ORIENTED_EDGE('',*,*,#11073,.T.);
#11073 = EDGE_CURVE('',#11066,#11041,#11074,.T.);
#11074 = LINE('',#11075,#11076);
#11075 = CARTESIAN_POINT('',(0.3,-0.23,0.48));
#11076 = VECTOR('',#11077,1.);
#11077 = DIRECTION('',(0.,1.,0.));
#11078 = ORIENTED_EDGE('',*,*,#11040,.F.);
#11079 = PLANE('',#11080);
#11080 = AXIS2_PLACEMENT_3D('',#11081,#11082,#11083);
#11081 = CARTESIAN_POINT('',(-0.3,-0.23,0.48));
#11082 = DIRECTION('',(0.,0.,1.));
#11083 = DIRECTION('',(1.,0.,-0.));
#11084 = ADVANCED_FACE('',(#11085),#11104,.T.);
#11085 = FACE_BOUND('',#11086,.T.);
#11086 = EDGE_LOOP('',(#11087,#11095,#11102,#11103));
#11087 = ORIENTED_EDGE('',*,*,#11088,.T.);
#11088 = EDGE_CURVE('',#10870,#11089,#11091,.T.);
#11089 = VERTEX_POINT('',#11090);
#11090 = CARTESIAN_POINT('',(0.3,-0.23,0.46));
#11091 = LINE('',#11092,#11093);
#11092 = CARTESIAN_POINT('',(-0.3,-0.23,0.46));
#11093 = VECTOR('',#11094,1.);
#11094 = DIRECTION('',(1.,0.,0.));
#11095 = ORIENTED_EDGE('',*,*,#11096,.T.);
#11096 = EDGE_CURVE('',#11089,#11066,#11097,.T.);
#11097 = CIRCLE('',#11098,2.E-02);
#11098 = AXIS2_PLACEMENT_3D('',#11099,#11100,#11101);
#11099 = CARTESIAN_POINT('',(0.3,-0.21,0.46));
#11100 = DIRECTION('',(-1.,0.,0.));
#11101 = DIRECTION('',(0.,0.,1.));
#11102 = ORIENTED_EDGE('',*,*,#11065,.F.);
#11103 = ORIENTED_EDGE('',*,*,#10877,.F.);
#11104 = CYLINDRICAL_SURFACE('',#11105,2.E-02);
#11105 = AXIS2_PLACEMENT_3D('',#11106,#11107,#11108);
#11106 = CARTESIAN_POINT('',(-0.3,-0.21,0.46));
#11107 = DIRECTION('',(1.,0.,0.));
#11108 = DIRECTION('',(0.,-1.,0.));
#11109 = ADVANCED_FACE('',(#11110),#11121,.F.);
#11110 = FACE_BOUND('',#11111,.F.);
#11111 = EDGE_LOOP('',(#11112,#11118,#11119,#11120));
#11112 = ORIENTED_EDGE('',*,*,#11113,.F.);
#11113 = EDGE_CURVE('',#10944,#11089,#11114,.T.);
#11114 = LINE('',#11115,#11116);
#11115 = CARTESIAN_POINT('',(0.3,-0.23,2.E-02));
#11116 = VECTOR('',#11117,1.);
#11117 = DIRECTION('',(0.,0.,1.));
#11118 = ORIENTED_EDGE('',*,*,#10952,.F.);
#11119 = ORIENTED_EDGE('',*,*,#10869,.T.);
#11120 = ORIENTED_EDGE('',*,*,#11088,.T.);
#11121 = PLANE('',#11122);
#11122 = AXIS2_PLACEMENT_3D('',#11123,#11124,#11125);
#11123 = CARTESIAN_POINT('',(-0.3,-0.23,2.E-02));
#11124 = DIRECTION('',(0.,1.,0.));
#11125 = DIRECTION('',(0.,-0.,1.));
#11126 = ADVANCED_FACE('',(#11127,#11197),#11207,.F.);
#11127 = FACE_BOUND('',#11128,.F.);
#11128 = EDGE_LOOP('',(#11129,#11139,#11148,#11156,#11165,#11173,#11182,
    #11190));
#11129 = ORIENTED_EDGE('',*,*,#11130,.F.);
#11130 = EDGE_CURVE('',#11131,#11133,#11135,.T.);
#11131 = VERTEX_POINT('',#11132);
#11132 = CARTESIAN_POINT('',(0.3,-0.25,2.E-02));
#11133 = VERTEX_POINT('',#11134);
#11134 = CARTESIAN_POINT('',(0.3,-0.25,0.48));
#11135 = LINE('',#11136,#11137);
#11136 = CARTESIAN_POINT('',(0.3,-0.25,0.));
#11137 = VECTOR('',#11138,1.);
#11138 = DIRECTION('',(0.,0.,1.));
#11139 = ORIENTED_EDGE('',*,*,#11140,.T.);
#11140 = EDGE_CURVE('',#11131,#11141,#11143,.T.);
#11141 = VERTEX_POINT('',#11142);
#11142 = CARTESIAN_POINT('',(0.3,-0.23,0.));
#11143 = CIRCLE('',#11144,2.E-02);
#11144 = AXIS2_PLACEMENT_3D('',#11145,#11146,#11147);
#11145 = CARTESIAN_POINT('',(0.3,-0.23,2.E-02));
#11146 = DIRECTION('',(1.,0.,-0.));
#11147 = DIRECTION('',(0.,0.,1.));
#11148 = ORIENTED_EDGE('',*,*,#11149,.T.);
#11149 = EDGE_CURVE('',#11141,#11150,#11152,.T.);
#11150 = VERTEX_POINT('',#11151);
#11151 = CARTESIAN_POINT('',(0.3,0.23,0.));
#11152 = LINE('',#11153,#11154);
#11153 = CARTESIAN_POINT('',(0.3,-0.25,0.));
#11154 = VECTOR('',#11155,1.);
#11155 = DIRECTION('',(0.,1.,0.));
#11156 = ORIENTED_EDGE('',*,*,#11157,.F.);
#11157 = EDGE_CURVE('',#11158,#11150,#11160,.T.);
#11158 = VERTEX_POINT('',#11159);
#11159 = CARTESIAN_POINT('',(0.3,0.25,2.E-02));
#11160 = CIRCLE('',#11161,2.E-02);
#11161 = AXIS2_PLACEMENT_3D('',#11162,#11163,#11164);
#11162 = CARTESIAN_POINT('',(0.3,0.23,2.E-02));
#11163 = DIRECTION('',(-1.,0.,0.));
#11164 = DIRECTION('',(0.,0.,1.));
#11165 = ORIENTED_EDGE('',*,*,#11166,.T.);
#11166 = EDGE_CURVE('',#11158,#11167,#11169,.T.);
#11167 = VERTEX_POINT('',#11168);
#11168 = CARTESIAN_POINT('',(0.3,0.25,0.48));
#11169 = LINE('',#11170,#11171);
#11170 = CARTESIAN_POINT('',(0.3,0.25,0.));
#11171 = VECTOR('',#11172,1.);
#11172 = DIRECTION('',(0.,0.,1.));
#11173 = ORIENTED_EDGE('',*,*,#11174,.T.);
#11174 = EDGE_CURVE('',#11167,#11175,#11177,.T.);
#11175 = VERTEX_POINT('',#11176);
#11176 = CARTESIAN_POINT('',(0.3,0.23,0.5));
#11177 = CIRCLE('',#11178,2.E-02);
#11178 = AXIS2_PLACEMENT_3D('',#11179,#11180,#11181);
#11179 = CARTESIAN_POINT('',(0.3,0.23,0.48));
#11180 = DIRECTION('',(1.,0.,-0.));
#11181 = DIRECTION('',(0.,0.,1.));
#11182 = ORIENTED_EDGE('',*,*,#11183,.F.);
#11183 = EDGE_CURVE('',#11184,#11175,#11186,.T.);
#11184 = VERTEX_POINT('',#11185);
#11185 = CARTESIAN_POINT('',(0.3,-0.23,0.5));
#11186 = LINE('',#11187,#11188);
#11187 = CARTESIAN_POINT('',(0.3,-0.25,0.5));
#11188 = VECTOR('',#11189,1.);
#11189 = DIRECTION('',(0.,1.,0.));
#11190 = ORIENTED_EDGE('',*,*,#11191,.F.);
#11191 = EDGE_CURVE('',#11133,#11184,#11192,.T.);
#11192 = CIRCLE('',#11193,2.E-02);
#11193 = AXIS2_PLACEMENT_3D('',#11194,#11195,#11196);
#11194 = CARTESIAN_POINT('',(0.3,-0.23,0.48));
#11195 = DIRECTION('',(-1.,0.,0.));
#11196 = DIRECTION('',(0.,0.,1.));
#11197 = FACE_BOUND('',#11198,.F.);
#11198 = EDGE_LOOP('',(#11199,#11200,#11201,#11202,#11203,#11204,#11205,
    #11206));
#11199 = ORIENTED_EDGE('',*,*,#10943,.F.);
#11200 = ORIENTED_EDGE('',*,*,#11113,.T.);
#11201 = ORIENTED_EDGE('',*,*,#11096,.T.);
#11202 = ORIENTED_EDGE('',*,*,#11073,.T.);
#11203 = ORIENTED_EDGE('',*,*,#11048,.F.);
#11204 = ORIENTED_EDGE('',*,*,#11015,.F.);
#11205 = ORIENTED_EDGE('',*,*,#10998,.T.);
#11206 = ORIENTED_EDGE('',*,*,#10968,.F.);
#11207 = PLANE('',#11208);
#11208 = AXIS2_PLACEMENT_3D('',#11209,#11210,#11211);
#11209 = CARTESIAN_POINT('',(0.3,-0.25,0.));
#11210 = DIRECTION('',(1.,0.,0.));
#11211 = DIRECTION('',(0.,0.,1.));
#11212 = ADVANCED_FACE('',(#11213),#11238,.F.);
#11213 = FACE_BOUND('',#11214,.F.);
#11214 = EDGE_LOOP('',(#11215,#11225,#11231,#11232));
#11215 = ORIENTED_EDGE('',*,*,#11216,.F.);
#11216 = EDGE_CURVE('',#11217,#11219,#11221,.T.);
#11217 = VERTEX_POINT('',#11218);
#11218 = CARTESIAN_POINT('',(0.5,-0.25,2.E-02));
#11219 = VERTEX_POINT('',#11220);
#11220 = CARTESIAN_POINT('',(0.5,-0.25,0.48));
#11221 = LINE('',#11222,#11223);
#11222 = CARTESIAN_POINT('',(0.5,-0.25,0.));
#11223 = VECTOR('',#11224,1.);
#11224 = DIRECTION('',(0.,0.,1.));
#11225 = ORIENTED_EDGE('',*,*,#11226,.F.);
#11226 = EDGE_CURVE('',#11131,#11217,#11227,.T.);
#11227 = LINE('',#11228,#11229);
#11228 = CARTESIAN_POINT('',(0.3,-0.25,2.E-02));
#11229 = VECTOR('',#11230,1.);
#11230 = DIRECTION('',(1.,0.,0.));
#11231 = ORIENTED_EDGE('',*,*,#11130,.T.);
#11232 = ORIENTED_EDGE('',*,*,#11233,.T.);
#11233 = EDGE_CURVE('',#11133,#11219,#11234,.T.);
#11234 = LINE('',#11235,#11236);
#11235 = CARTESIAN_POINT('',(0.3,-0.25,0.48));
#11236 = VECTOR('',#11237,1.);
#11237 = DIRECTION('',(1.,0.,0.));
#11238 = PLANE('',#11239);
#11239 = AXIS2_PLACEMENT_3D('',#11240,#11241,#11242);
#11240 = CARTESIAN_POINT('',(0.3,-0.25,0.));
#11241 = DIRECTION('',(0.,1.,0.));
#11242 = DIRECTION('',(0.,-0.,1.));
#11243 = ADVANCED_FACE('',(#11244),#11263,.T.);
#11244 = FACE_BOUND('',#11245,.T.);
#11245 = EDGE_LOOP('',(#11246,#11247,#11255,#11262));
#11246 = ORIENTED_EDGE('',*,*,#11140,.T.);
#11247 = ORIENTED_EDGE('',*,*,#11248,.T.);
#11248 = EDGE_CURVE('',#11141,#11249,#11251,.T.);
#11249 = VERTEX_POINT('',#11250);
#11250 = CARTESIAN_POINT('',(0.5,-0.23,0.));
#11251 = LINE('',#11252,#11253);
#11252 = CARTESIAN_POINT('',(0.3,-0.23,0.));
#11253 = VECTOR('',#11254,1.);
#11254 = DIRECTION('',(1.,0.,0.));
#11255 = ORIENTED_EDGE('',*,*,#11256,.F.);
#11256 = EDGE_CURVE('',#11217,#11249,#11257,.T.);
#11257 = CIRCLE('',#11258,2.E-02);
#11258 = AXIS2_PLACEMENT_3D('',#11259,#11260,#11261);
#11259 = CARTESIAN_POINT('',(0.5,-0.23,2.E-02));
#11260 = DIRECTION('',(1.,0.,-0.));
#11261 = DIRECTION('',(0.,0.,1.));
#11262 = ORIENTED_EDGE('',*,*,#11226,.F.);
#11263 = CYLINDRICAL_SURFACE('',#11264,2.E-02);
#11264 = AXIS2_PLACEMENT_3D('',#11265,#11266,#11267);
#11265 = CARTESIAN_POINT('',(0.3,-0.23,2.E-02));
#11266 = DIRECTION('',(1.,0.,0.));
#11267 = DIRECTION('',(0.,-1.,0.));
#11268 = ADVANCED_FACE('',(#11269),#11288,.T.);
#11269 = FACE_BOUND('',#11270,.T.);
#11270 = EDGE_LOOP('',(#11271,#11272,#11281,#11287));
#11271 = ORIENTED_EDGE('',*,*,#11233,.T.);
#11272 = ORIENTED_EDGE('',*,*,#11273,.T.);
#11273 = EDGE_CURVE('',#11219,#11274,#11276,.T.);
#11274 = VERTEX_POINT('',#11275);
#11275 = CARTESIAN_POINT('',(0.5,-0.23,0.5));
#11276 = CIRCLE('',#11277,2.E-02);
#11277 = AXIS2_PLACEMENT_3D('',#11278,#11279,#11280);
#11278 = CARTESIAN_POINT('',(0.5,-0.23,0.48));
#11279 = DIRECTION('',(-1.,0.,0.));
#11280 = DIRECTION('',(0.,0.,1.));
#11281 = ORIENTED_EDGE('',*,*,#11282,.F.);
#11282 = EDGE_CURVE('',#11184,#11274,#11283,.T.);
#11283 = LINE('',#11284,#11285);
#11284 = CARTESIAN_POINT('',(0.3,-0.23,0.5));
#11285 = VECTOR('',#11286,1.);
#11286 = DIRECTION('',(1.,0.,0.));
#11287 = ORIENTED_EDGE('',*,*,#11191,.F.);
#11288 = CYLINDRICAL_SURFACE('',#11289,2.E-02);
#11289 = AXIS2_PLACEMENT_3D('',#11290,#11291,#11292);
#11290 = CARTESIAN_POINT('',(0.3,-0.23,0.48));
#11291 = DIRECTION('',(1.,0.,0.));
#11292 = DIRECTION('',(0.,-1.,0.));
#11293 = ADVANCED_FACE('',(#11294),#11312,.F.);
#11294 = FACE_BOUND('',#11295,.F.);
#11295 = EDGE_LOOP('',(#11296,#11297,#11298,#11306));
#11296 = ORIENTED_EDGE('',*,*,#11149,.F.);
#11297 = ORIENTED_EDGE('',*,*,#11248,.T.);
#11298 = ORIENTED_EDGE('',*,*,#11299,.T.);
#11299 = EDGE_CURVE('',#11249,#11300,#11302,.T.);
#11300 = VERTEX_POINT('',#11301);
#11301 = CARTESIAN_POINT('',(0.5,0.23,0.));
#11302 = LINE('',#11303,#11304);
#11303 = CARTESIAN_POINT('',(0.5,-0.25,0.));
#11304 = VECTOR('',#11305,1.);
#11305 = DIRECTION('',(0.,1.,0.));
#11306 = ORIENTED_EDGE('',*,*,#11307,.F.);
#11307 = EDGE_CURVE('',#11150,#11300,#11308,.T.);
#11308 = LINE('',#11309,#11310);
#11309 = CARTESIAN_POINT('',(0.3,0.23,0.));
#11310 = VECTOR('',#11311,1.);
#11311 = DIRECTION('',(1.,0.,0.));
#11312 = PLANE('',#11313);
#11313 = AXIS2_PLACEMENT_3D('',#11314,#11315,#11316);
#11314 = CARTESIAN_POINT('',(0.3,-0.25,0.));
#11315 = DIRECTION('',(0.,0.,1.));
#11316 = DIRECTION('',(1.,0.,-0.));
#11317 = ADVANCED_FACE('',(#11318),#11336,.T.);
#11318 = FACE_BOUND('',#11319,.T.);
#11319 = EDGE_LOOP('',(#11320,#11321,#11322,#11330));
#11320 = ORIENTED_EDGE('',*,*,#11183,.F.);
#11321 = ORIENTED_EDGE('',*,*,#11282,.T.);
#11322 = ORIENTED_EDGE('',*,*,#11323,.T.);
#11323 = EDGE_CURVE('',#11274,#11324,#11326,.T.);
#11324 = VERTEX_POINT('',#11325);
#11325 = CARTESIAN_POINT('',(0.5,0.23,0.5));
#11326 = LINE('',#11327,#11328);
#11327 = CARTESIAN_POINT('',(0.5,-0.25,0.5));
#11328 = VECTOR('',#11329,1.);
#11329 = DIRECTION('',(0.,1.,0.));
#11330 = ORIENTED_EDGE('',*,*,#11331,.F.);
#11331 = EDGE_CURVE('',#11175,#11324,#11332,.T.);
#11332 = LINE('',#11333,#11334);
#11333 = CARTESIAN_POINT('',(0.3,0.23,0.5));
#11334 = VECTOR('',#11335,1.);
#11335 = DIRECTION('',(1.,0.,0.));
#11336 = PLANE('',#11337);
#11337 = AXIS2_PLACEMENT_3D('',#11338,#11339,#11340);
#11338 = CARTESIAN_POINT('',(0.3,-0.25,0.5));
#11339 = DIRECTION('',(0.,0.,1.));
#11340 = DIRECTION('',(1.,0.,-0.));
#11341 = ADVANCED_FACE('',(#11342),#11361,.T.);
#11342 = FACE_BOUND('',#11343,.T.);
#11343 = EDGE_LOOP('',(#11344,#11352,#11359,#11360));
#11344 = ORIENTED_EDGE('',*,*,#11345,.T.);
#11345 = EDGE_CURVE('',#11158,#11346,#11348,.T.);
#11346 = VERTEX_POINT('',#11347);
#11347 = CARTESIAN_POINT('',(0.5,0.25,2.E-02));
#11348 = LINE('',#11349,#11350);
#11349 = CARTESIAN_POINT('',(0.3,0.25,2.E-02));
#11350 = VECTOR('',#11351,1.);
#11351 = DIRECTION('',(1.,0.,0.));
#11352 = ORIENTED_EDGE('',*,*,#11353,.T.);
#11353 = EDGE_CURVE('',#11346,#11300,#11354,.T.);
#11354 = CIRCLE('',#11355,2.E-02);
#11355 = AXIS2_PLACEMENT_3D('',#11356,#11357,#11358);
#11356 = CARTESIAN_POINT('',(0.5,0.23,2.E-02));
#11357 = DIRECTION('',(-1.,0.,0.));
#11358 = DIRECTION('',(0.,0.,1.));
#11359 = ORIENTED_EDGE('',*,*,#11307,.F.);
#11360 = ORIENTED_EDGE('',*,*,#11157,.F.);
#11361 = CYLINDRICAL_SURFACE('',#11362,2.E-02);
#11362 = AXIS2_PLACEMENT_3D('',#11363,#11364,#11365);
#11363 = CARTESIAN_POINT('',(0.3,0.23,2.E-02));
#11364 = DIRECTION('',(1.,0.,0.));
#11365 = DIRECTION('',(-0.,1.,0.));
#11366 = ADVANCED_FACE('',(#11367),#11386,.T.);
#11367 = FACE_BOUND('',#11368,.T.);
#11368 = EDGE_LOOP('',(#11369,#11370,#11371,#11380));
#11369 = ORIENTED_EDGE('',*,*,#11174,.T.);
#11370 = ORIENTED_EDGE('',*,*,#11331,.T.);
#11371 = ORIENTED_EDGE('',*,*,#11372,.F.);
#11372 = EDGE_CURVE('',#11373,#11324,#11375,.T.);
#11373 = VERTEX_POINT('',#11374);
#11374 = CARTESIAN_POINT('',(0.5,0.25,0.48));
#11375 = CIRCLE('',#11376,2.E-02);
#11376 = AXIS2_PLACEMENT_3D('',#11377,#11378,#11379);
#11377 = CARTESIAN_POINT('',(0.5,0.23,0.48));
#11378 = DIRECTION('',(1.,0.,-0.));
#11379 = DIRECTION('',(0.,0.,1.));
#11380 = ORIENTED_EDGE('',*,*,#11381,.F.);
#11381 = EDGE_CURVE('',#11167,#11373,#11382,.T.);
#11382 = LINE('',#11383,#11384);
#11383 = CARTESIAN_POINT('',(0.3,0.25,0.48));
#11384 = VECTOR('',#11385,1.);
#11385 = DIRECTION('',(1.,0.,0.));
#11386 = CYLINDRICAL_SURFACE('',#11387,2.E-02);
#11387 = AXIS2_PLACEMENT_3D('',#11388,#11389,#11390);
#11388 = CARTESIAN_POINT('',(0.3,0.23,0.48));
#11389 = DIRECTION('',(1.,0.,0.));
#11390 = DIRECTION('',(-0.,1.,0.));
#11391 = ADVANCED_FACE('',(#11392),#11403,.T.);
#11392 = FACE_BOUND('',#11393,.T.);
#11393 = EDGE_LOOP('',(#11394,#11400,#11401,#11402));
#11394 = ORIENTED_EDGE('',*,*,#11395,.F.);
#11395 = EDGE_CURVE('',#11346,#11373,#11396,.T.);
#11396 = LINE('',#11397,#11398);
#11397 = CARTESIAN_POINT('',(0.5,0.25,0.));
#11398 = VECTOR('',#11399,1.);
#11399 = DIRECTION('',(0.,0.,1.));
#11400 = ORIENTED_EDGE('',*,*,#11345,.F.);
#11401 = ORIENTED_EDGE('',*,*,#11166,.T.);
#11402 = ORIENTED_EDGE('',*,*,#11381,.T.);
#11403 = PLANE('',#11404);
#11404 = AXIS2_PLACEMENT_3D('',#11405,#11406,#11407);
#11405 = CARTESIAN_POINT('',(0.3,0.25,0.));
#11406 = DIRECTION('',(0.,1.,0.));
#11407 = DIRECTION('',(0.,-0.,1.));
#11408 = ADVANCED_FACE('',(#11409),#11419,.T.);
#11409 = FACE_BOUND('',#11410,.T.);
#11410 = EDGE_LOOP('',(#11411,#11412,#11413,#11414,#11415,#11416,#11417,
    #11418));
#11411 = ORIENTED_EDGE('',*,*,#11216,.F.);
#11412 = ORIENTED_EDGE('',*,*,#11256,.T.);
#11413 = ORIENTED_EDGE('',*,*,#11299,.T.);
#11414 = ORIENTED_EDGE('',*,*,#11353,.F.);
#11415 = ORIENTED_EDGE('',*,*,#11395,.T.);
#11416 = ORIENTED_EDGE('',*,*,#11372,.T.);
#11417 = ORIENTED_EDGE('',*,*,#11323,.F.);
#11418 = ORIENTED_EDGE('',*,*,#11273,.F.);
#11419 = PLANE('',#11420);
#11420 = AXIS2_PLACEMENT_3D('',#11421,#11422,#11423);
#11421 = CARTESIAN_POINT('',(0.5,-0.25,0.));
#11422 = DIRECTION('',(1.,0.,0.));
#11423 = DIRECTION('',(0.,0.,1.));
#11424 = ( GEOMETRIC_REPRESENTATION_CONTEXT(3) 
GLOBAL_UNCERTAINTY_ASSIGNED_CONTEXT((#11428)) 
GLOBAL_UNIT_ASSIGNED_CONTEXT((#11425,#11426,#11427)) 
REPRESENTATION_CONTEXT('Context #1',
  '3D Context with UNIT and UNCERTAINTY') );
#11425 = ( LENGTH_UNIT() NAMED_UNIT(*) SI_UNIT(.MILLI.,.METRE.) );
#11426 = ( NAMED_UNIT(*) PLANE_ANGLE_UNIT() SI_UNIT($,.RADIAN.) );
#11427 = ( NAMED_UNIT(*) SI_UNIT($,.STERADIAN.) SOLID_ANGLE_UNIT() );
#11428 = UNCERTAINTY_MEASURE_WITH_UNIT(LENGTH_MEASURE(1.E-07),#11425,
  'distance_accuracy_value','confusion accuracy');
#11429 = CONTEXT_DEPENDENT_SHAPE_REPRESENTATION(#11430,#11432);
#11430 = ( REPRESENTATION_RELATIONSHIP('','',#10569,#10) 
REPRESENTATION_RELATIONSHIP_WITH_TRANSFORMATION(#11431) 
SHAPE_REPRESENTATION_RELATIONSHIP() );
#11431 = ITEM_DEFINED_TRANSFORMATION('','',#11,#47);
#11432 = PRODUCT_DEFINITION_SHAPE('Placement','Placement of an item',
  #11433);
#11433 = NEXT_ASSEMBLY_USAGE_OCCURRENCE('9','C102','',#5,#10564,$);
#11434 = PRODUCT_RELATED_PRODUCT_CATEGORY('part',$,(#10566));
#11435 = SHAPE_DEFINITION_REPRESENTATION(#11436,#11442);
#11436 = PRODUCT_DEFINITION_SHAPE('','',#11437);
#11437 = PRODUCT_DEFINITION('design','',#11438,#11441);
#11438 = PRODUCT_DEFINITION_FORMATION('','',#11439);
#11439 = PRODUCT('Hydra_Encoder_PCB','Hydra_Encoder_PCB','',(#11440));
#11440 = PRODUCT_CONTEXT('',#2,'mechanical');
#11441 = PRODUCT_DEFINITION_CONTEXT('part definition',#2,'design');
#11442 = ADVANCED_BREP_SHAPE_REPRESENTATION('',(#11,#11443),#11889);
#11443 = MANIFOLD_SOLID_BREP('',#11444);
#11444 = CLOSED_SHELL('',(#11445,#11487,#11518,#11549,#11645,#11741,
    #11758,#11775,#11792,#11809,#11821,#11838,#11855,#11872));
#11445 = ADVANCED_FACE('',(#11446),#11482,.T.);
#11446 = FACE_BOUND('',#11447,.T.);
#11447 = EDGE_LOOP('',(#11448,#11458,#11467,#11475));
#11448 = ORIENTED_EDGE('',*,*,#11449,.T.);
#11449 = EDGE_CURVE('',#11450,#11452,#11454,.T.);
#11450 = VERTEX_POINT('',#11451);
#11451 = CARTESIAN_POINT('',(12.,15.,0.));
#11452 = VERTEX_POINT('',#11453);
#11453 = CARTESIAN_POINT('',(12.,15.,1.51));
#11454 = LINE('',#11455,#11456);
#11455 = CARTESIAN_POINT('',(12.,15.,0.));
#11456 = VECTOR('',#11457,1.);
#11457 = DIRECTION('',(0.,0.,1.));
#11458 = ORIENTED_EDGE('',*,*,#11459,.T.);
#11459 = EDGE_CURVE('',#11452,#11460,#11462,.T.);
#11460 = VERTEX_POINT('',#11461);
#11461 = CARTESIAN_POINT('',(15.,12.,1.51));
#11462 = CIRCLE('',#11463,3.000001172987);
#11463 = AXIS2_PLACEMENT_3D('',#11464,#11465,#11466);
#11464 = CARTESIAN_POINT('',(11.999998827013,11.999998827013,1.51));
#11465 = DIRECTION('',(0.,0.,-1.));
#11466 = DIRECTION('',(3.909953616065E-07,1.,0.));
#11467 = ORIENTED_EDGE('',*,*,#11468,.F.);
#11468 = EDGE_CURVE('',#11469,#11460,#11471,.T.);
#11469 = VERTEX_POINT('',#11470);
#11470 = CARTESIAN_POINT('',(15.,12.,0.));
#11471 = LINE('',#11472,#11473);
#11472 = CARTESIAN_POINT('',(15.,12.,0.));
#11473 = VECTOR('',#11474,1.);
#11474 = DIRECTION('',(0.,0.,1.));
#11475 = ORIENTED_EDGE('',*,*,#11476,.F.);
#11476 = EDGE_CURVE('',#11450,#11469,#11477,.T.);
#11477 = CIRCLE('',#11478,3.000001172987);
#11478 = AXIS2_PLACEMENT_3D('',#11479,#11480,#11481);
#11479 = CARTESIAN_POINT('',(11.999998827013,11.999998827013,0.));
#11480 = DIRECTION('',(0.,0.,-1.));
#11481 = DIRECTION('',(3.909953616065E-07,1.,0.));
#11482 = CYLINDRICAL_SURFACE('',#11483,3.000001172987);
#11483 = AXIS2_PLACEMENT_3D('',#11484,#11485,#11486);
#11484 = CARTESIAN_POINT('',(11.999998827013,11.999998827013,0.));
#11485 = DIRECTION('',(0.,0.,-1.));
#11486 = DIRECTION('',(3.909953616065E-07,1.,0.));
#11487 = ADVANCED_FACE('',(#11488),#11513,.T.);
#11488 = FACE_BOUND('',#11489,.T.);
#11489 = EDGE_LOOP('',(#11490,#11500,#11506,#11507));
#11490 = ORIENTED_EDGE('',*,*,#11491,.T.);
#11491 = EDGE_CURVE('',#11492,#11494,#11496,.T.);
#11492 = VERTEX_POINT('',#11493);
#11493 = CARTESIAN_POINT('',(-12.,15.,0.));
#11494 = VERTEX_POINT('',#11495);
#11495 = CARTESIAN_POINT('',(-12.,15.,1.51));
#11496 = LINE('',#11497,#11498);
#11497 = CARTESIAN_POINT('',(-12.,15.,0.));
#11498 = VECTOR('',#11499,1.);
#11499 = DIRECTION('',(0.,0.,1.));
#11500 = ORIENTED_EDGE('',*,*,#11501,.T.);
#11501 = EDGE_CURVE('',#11494,#11452,#11502,.T.);
#11502 = LINE('',#11503,#11504);
#11503 = CARTESIAN_POINT('',(-12.,15.,1.51));
#11504 = VECTOR('',#11505,1.);
#11505 = DIRECTION('',(1.,0.,0.));
#11506 = ORIENTED_EDGE('',*,*,#11449,.F.);
#11507 = ORIENTED_EDGE('',*,*,#11508,.F.);
#11508 = EDGE_CURVE('',#11492,#11450,#11509,.T.);
#11509 = LINE('',#11510,#11511);
#11510 = CARTESIAN_POINT('',(-12.,15.,0.));
#11511 = VECTOR('',#11512,1.);
#11512 = DIRECTION('',(1.,0.,0.));
#11513 = PLANE('',#11514);
#11514 = AXIS2_PLACEMENT_3D('',#11515,#11516,#11517);
#11515 = CARTESIAN_POINT('',(-12.,15.,0.));
#11516 = DIRECTION('',(0.,1.,0.));
#11517 = DIRECTION('',(1.,0.,0.));
#11518 = ADVANCED_FACE('',(#11519),#11544,.T.);
#11519 = FACE_BOUND('',#11520,.T.);
#11520 = EDGE_LOOP('',(#11521,#11522,#11530,#11538));
#11521 = ORIENTED_EDGE('',*,*,#11468,.T.);
#11522 = ORIENTED_EDGE('',*,*,#11523,.T.);
#11523 = EDGE_CURVE('',#11460,#11524,#11526,.T.);
#11524 = VERTEX_POINT('',#11525);
#11525 = CARTESIAN_POINT('',(15.,-12.,1.51));
#11526 = LINE('',#11527,#11528);
#11527 = CARTESIAN_POINT('',(15.,12.,1.51));
#11528 = VECTOR('',#11529,1.);
#11529 = DIRECTION('',(0.,-1.,0.));
#11530 = ORIENTED_EDGE('',*,*,#11531,.F.);
#11531 = EDGE_CURVE('',#11532,#11524,#11534,.T.);
#11532 = VERTEX_POINT('',#11533);
#11533 = CARTESIAN_POINT('',(15.,-12.,0.));
#11534 = LINE('',#11535,#11536);
#11535 = CARTESIAN_POINT('',(15.,-12.,0.));
#11536 = VECTOR('',#11537,1.);
#11537 = DIRECTION('',(0.,0.,1.));
#11538 = ORIENTED_EDGE('',*,*,#11539,.F.);
#11539 = EDGE_CURVE('',#11469,#11532,#11540,.T.);
#11540 = LINE('',#11541,#11542);
#11541 = CARTESIAN_POINT('',(15.,12.,0.));
#11542 = VECTOR('',#11543,1.);
#11543 = DIRECTION('',(0.,-1.,0.));
#11544 = PLANE('',#11545);
#11545 = AXIS2_PLACEMENT_3D('',#11546,#11547,#11548);
#11546 = CARTESIAN_POINT('',(15.,12.,0.));
#11547 = DIRECTION('',(1.,0.,-0.));
#11548 = DIRECTION('',(0.,-1.,0.));
#11549 = ADVANCED_FACE('',(#11550,#11596,#11607,#11618,#11629),#11640,
  .F.);
#11550 = FACE_BOUND('',#11551,.F.);
#11551 = EDGE_LOOP('',(#11552,#11553,#11554,#11563,#11571,#11580,#11588,
    #11595));
#11552 = ORIENTED_EDGE('',*,*,#11476,.F.);
#11553 = ORIENTED_EDGE('',*,*,#11508,.F.);
#11554 = ORIENTED_EDGE('',*,*,#11555,.F.);
#11555 = EDGE_CURVE('',#11556,#11492,#11558,.T.);
#11556 = VERTEX_POINT('',#11557);
#11557 = CARTESIAN_POINT('',(-15.,12.,0.));
#11558 = CIRCLE('',#11559,3.000001172987);
#11559 = AXIS2_PLACEMENT_3D('',#11560,#11561,#11562);
#11560 = CARTESIAN_POINT('',(-11.99999882701,11.999998827013,0.));
#11561 = DIRECTION('',(0.,0.,-1.));
#11562 = DIRECTION('',(-1.,3.909953616065E-07,0.));
#11563 = ORIENTED_EDGE('',*,*,#11564,.F.);
#11564 = EDGE_CURVE('',#11565,#11556,#11567,.T.);
#11565 = VERTEX_POINT('',#11566);
#11566 = CARTESIAN_POINT('',(-15.,-12.,0.));
#11567 = LINE('',#11568,#11569);
#11568 = CARTESIAN_POINT('',(-15.,-12.,0.));
#11569 = VECTOR('',#11570,1.);
#11570 = DIRECTION('',(0.,1.,0.));
#11571 = ORIENTED_EDGE('',*,*,#11572,.F.);
#11572 = EDGE_CURVE('',#11573,#11565,#11575,.T.);
#11573 = VERTEX_POINT('',#11574);
#11574 = CARTESIAN_POINT('',(-12.,-15.,0.));
#11575 = CIRCLE('',#11576,3.000001172987);
#11576 = AXIS2_PLACEMENT_3D('',#11577,#11578,#11579);
#11577 = CARTESIAN_POINT('',(-11.99999882701,-11.99999882701,0.));
#11578 = DIRECTION('',(0.,0.,-1.));
#11579 = DIRECTION('',(-3.909953616065E-07,-1.,-0.));
#11580 = ORIENTED_EDGE('',*,*,#11581,.F.);
#11581 = EDGE_CURVE('',#11582,#11573,#11584,.T.);
#11582 = VERTEX_POINT('',#11583);
#11583 = CARTESIAN_POINT('',(12.,-15.,0.));
#11584 = LINE('',#11585,#11586);
#11585 = CARTESIAN_POINT('',(12.,-15.,0.));
#11586 = VECTOR('',#11587,1.);
#11587 = DIRECTION('',(-1.,0.,0.));
#11588 = ORIENTED_EDGE('',*,*,#11589,.F.);
#11589 = EDGE_CURVE('',#11532,#11582,#11590,.T.);
#11590 = CIRCLE('',#11591,3.000001172987);
#11591 = AXIS2_PLACEMENT_3D('',#11592,#11593,#11594);
#11592 = CARTESIAN_POINT('',(11.999998827013,-11.99999882701,0.));
#11593 = DIRECTION('',(0.,0.,-1.));
#11594 = DIRECTION('',(1.,-3.909953616065E-07,0.));
#11595 = ORIENTED_EDGE('',*,*,#11539,.F.);
#11596 = FACE_BOUND('',#11597,.F.);
#11597 = EDGE_LOOP('',(#11598));
#11598 = ORIENTED_EDGE('',*,*,#11599,.T.);
#11599 = EDGE_CURVE('',#11600,#11600,#11602,.T.);
#11600 = VERTEX_POINT('',#11601);
#11601 = CARTESIAN_POINT('',(-12.021,-13.371,0.));
#11602 = CIRCLE('',#11603,1.35);
#11603 = AXIS2_PLACEMENT_3D('',#11604,#11605,#11606);
#11604 = CARTESIAN_POINT('',(-12.021,-12.021,0.));
#11605 = DIRECTION('',(-0.,0.,-1.));
#11606 = DIRECTION('',(-0.,-1.,0.));
#11607 = FACE_BOUND('',#11608,.F.);
#11608 = EDGE_LOOP('',(#11609));
#11609 = ORIENTED_EDGE('',*,*,#11610,.T.);
#11610 = EDGE_CURVE('',#11611,#11611,#11613,.T.);
#11611 = VERTEX_POINT('',#11612);
#11612 = CARTESIAN_POINT('',(12.021,-13.371,0.));
#11613 = CIRCLE('',#11614,1.35);
#11614 = AXIS2_PLACEMENT_3D('',#11615,#11616,#11617);
#11615 = CARTESIAN_POINT('',(12.021,-12.021,0.));
#11616 = DIRECTION('',(-0.,0.,-1.));
#11617 = DIRECTION('',(-0.,-1.,0.));
#11618 = FACE_BOUND('',#11619,.F.);
#11619 = EDGE_LOOP('',(#11620));
#11620 = ORIENTED_EDGE('',*,*,#11621,.T.);
#11621 = EDGE_CURVE('',#11622,#11622,#11624,.T.);
#11622 = VERTEX_POINT('',#11623);
#11623 = CARTESIAN_POINT('',(-12.021,10.671,0.));
#11624 = CIRCLE('',#11625,1.35);
#11625 = AXIS2_PLACEMENT_3D('',#11626,#11627,#11628);
#11626 = CARTESIAN_POINT('',(-12.021,12.021,0.));
#11627 = DIRECTION('',(-0.,0.,-1.));
#11628 = DIRECTION('',(-0.,-1.,0.));
#11629 = FACE_BOUND('',#11630,.F.);
#11630 = EDGE_LOOP('',(#11631));
#11631 = ORIENTED_EDGE('',*,*,#11632,.T.);
#11632 = EDGE_CURVE('',#11633,#11633,#11635,.T.);
#11633 = VERTEX_POINT('',#11634);
#11634 = CARTESIAN_POINT('',(12.021,10.671,0.));
#11635 = CIRCLE('',#11636,1.35);
#11636 = AXIS2_PLACEMENT_3D('',#11637,#11638,#11639);
#11637 = CARTESIAN_POINT('',(12.021,12.021,0.));
#11638 = DIRECTION('',(-0.,0.,-1.));
#11639 = DIRECTION('',(-0.,-1.,0.));
#11640 = PLANE('',#11641);
#11641 = AXIS2_PLACEMENT_3D('',#11642,#11643,#11644);
#11642 = CARTESIAN_POINT('',(0.,0.,0.));
#11643 = DIRECTION('',(0.,0.,1.));
#11644 = DIRECTION('',(1.,0.,-0.));
#11645 = ADVANCED_FACE('',(#11646,#11692,#11703,#11714,#11725),#11736,
  .T.);
#11646 = FACE_BOUND('',#11647,.T.);
#11647 = EDGE_LOOP('',(#11648,#11649,#11650,#11659,#11667,#11676,#11684,
    #11691));
#11648 = ORIENTED_EDGE('',*,*,#11459,.F.);
#11649 = ORIENTED_EDGE('',*,*,#11501,.F.);
#11650 = ORIENTED_EDGE('',*,*,#11651,.F.);
#11651 = EDGE_CURVE('',#11652,#11494,#11654,.T.);
#11652 = VERTEX_POINT('',#11653);
#11653 = CARTESIAN_POINT('',(-15.,12.,1.51));
#11654 = CIRCLE('',#11655,3.000001172987);
#11655 = AXIS2_PLACEMENT_3D('',#11656,#11657,#11658);
#11656 = CARTESIAN_POINT('',(-11.99999882701,11.999998827013,1.51));
#11657 = DIRECTION('',(0.,0.,-1.));
#11658 = DIRECTION('',(-1.,3.909953616065E-07,0.));
#11659 = ORIENTED_EDGE('',*,*,#11660,.F.);
#11660 = EDGE_CURVE('',#11661,#11652,#11663,.T.);
#11661 = VERTEX_POINT('',#11662);
#11662 = CARTESIAN_POINT('',(-15.,-12.,1.51));
#11663 = LINE('',#11664,#11665);
#11664 = CARTESIAN_POINT('',(-15.,-12.,1.51));
#11665 = VECTOR('',#11666,1.);
#11666 = DIRECTION('',(0.,1.,0.));
#11667 = ORIENTED_EDGE('',*,*,#11668,.F.);
#11668 = EDGE_CURVE('',#11669,#11661,#11671,.T.);
#11669 = VERTEX_POINT('',#11670);
#11670 = CARTESIAN_POINT('',(-12.,-15.,1.51));
#11671 = CIRCLE('',#11672,3.000001172987);
#11672 = AXIS2_PLACEMENT_3D('',#11673,#11674,#11675);
#11673 = CARTESIAN_POINT('',(-11.99999882701,-11.99999882701,1.51));
#11674 = DIRECTION('',(0.,0.,-1.));
#11675 = DIRECTION('',(-3.909953616065E-07,-1.,-0.));
#11676 = ORIENTED_EDGE('',*,*,#11677,.F.);
#11677 = EDGE_CURVE('',#11678,#11669,#11680,.T.);
#11678 = VERTEX_POINT('',#11679);
#11679 = CARTESIAN_POINT('',(12.,-15.,1.51));
#11680 = LINE('',#11681,#11682);
#11681 = CARTESIAN_POINT('',(12.,-15.,1.51));
#11682 = VECTOR('',#11683,1.);
#11683 = DIRECTION('',(-1.,0.,0.));
#11684 = ORIENTED_EDGE('',*,*,#11685,.F.);
#11685 = EDGE_CURVE('',#11524,#11678,#11686,.T.);
#11686 = CIRCLE('',#11687,3.000001172987);
#11687 = AXIS2_PLACEMENT_3D('',#11688,#11689,#11690);
#11688 = CARTESIAN_POINT('',(11.999998827013,-11.99999882701,1.51));
#11689 = DIRECTION('',(0.,0.,-1.));
#11690 = DIRECTION('',(1.,-3.909953616065E-07,0.));
#11691 = ORIENTED_EDGE('',*,*,#11523,.F.);
#11692 = FACE_BOUND('',#11693,.T.);
#11693 = EDGE_LOOP('',(#11694));
#11694 = ORIENTED_EDGE('',*,*,#11695,.T.);
#11695 = EDGE_CURVE('',#11696,#11696,#11698,.T.);
#11696 = VERTEX_POINT('',#11697);
#11697 = CARTESIAN_POINT('',(-12.021,-13.371,1.51));
#11698 = CIRCLE('',#11699,1.35);
#11699 = AXIS2_PLACEMENT_3D('',#11700,#11701,#11702);
#11700 = CARTESIAN_POINT('',(-12.021,-12.021,1.51));
#11701 = DIRECTION('',(-0.,0.,-1.));
#11702 = DIRECTION('',(-0.,-1.,0.));
#11703 = FACE_BOUND('',#11704,.T.);
#11704 = EDGE_LOOP('',(#11705));
#11705 = ORIENTED_EDGE('',*,*,#11706,.T.);
#11706 = EDGE_CURVE('',#11707,#11707,#11709,.T.);
#11707 = VERTEX_POINT('',#11708);
#11708 = CARTESIAN_POINT('',(12.021,-13.371,1.51));
#11709 = CIRCLE('',#11710,1.35);
#11710 = AXIS2_PLACEMENT_3D('',#11711,#11712,#11713);
#11711 = CARTESIAN_POINT('',(12.021,-12.021,1.51));
#11712 = DIRECTION('',(-0.,0.,-1.));
#11713 = DIRECTION('',(-0.,-1.,0.));
#11714 = FACE_BOUND('',#11715,.T.);
#11715 = EDGE_LOOP('',(#11716));
#11716 = ORIENTED_EDGE('',*,*,#11717,.T.);
#11717 = EDGE_CURVE('',#11718,#11718,#11720,.T.);
#11718 = VERTEX_POINT('',#11719);
#11719 = CARTESIAN_POINT('',(-12.021,10.671,1.51));
#11720 = CIRCLE('',#11721,1.35);
#11721 = AXIS2_PLACEMENT_3D('',#11722,#11723,#11724);
#11722 = CARTESIAN_POINT('',(-12.021,12.021,1.51));
#11723 = DIRECTION('',(-0.,0.,-1.));
#11724 = DIRECTION('',(-0.,-1.,0.));
#11725 = FACE_BOUND('',#11726,.T.);
#11726 = EDGE_LOOP('',(#11727));
#11727 = ORIENTED_EDGE('',*,*,#11728,.T.);
#11728 = EDGE_CURVE('',#11729,#11729,#11731,.T.);
#11729 = VERTEX_POINT('',#11730);
#11730 = CARTESIAN_POINT('',(12.021,10.671,1.51));
#11731 = CIRCLE('',#11732,1.35);
#11732 = AXIS2_PLACEMENT_3D('',#11733,#11734,#11735);
#11733 = CARTESIAN_POINT('',(12.021,12.021,1.51));
#11734 = DIRECTION('',(-0.,0.,-1.));
#11735 = DIRECTION('',(-0.,-1.,0.));
#11736 = PLANE('',#11737);
#11737 = AXIS2_PLACEMENT_3D('',#11738,#11739,#11740);
#11738 = CARTESIAN_POINT('',(0.,0.,1.51));
#11739 = DIRECTION('',(0.,0.,1.));
#11740 = DIRECTION('',(1.,0.,-0.));
#11741 = ADVANCED_FACE('',(#11742),#11753,.T.);
#11742 = FACE_BOUND('',#11743,.T.);
#11743 = EDGE_LOOP('',(#11744,#11750,#11751,#11752));
#11744 = ORIENTED_EDGE('',*,*,#11745,.T.);
#11745 = EDGE_CURVE('',#11556,#11652,#11746,.T.);
#11746 = LINE('',#11747,#11748);
#11747 = CARTESIAN_POINT('',(-15.,12.,0.));
#11748 = VECTOR('',#11749,1.);
#11749 = DIRECTION('',(0.,0.,1.));
#11750 = ORIENTED_EDGE('',*,*,#11651,.T.);
#11751 = ORIENTED_EDGE('',*,*,#11491,.F.);
#11752 = ORIENTED_EDGE('',*,*,#11555,.F.);
#11753 = CYLINDRICAL_SURFACE('',#11754,3.000001172987);
#11754 = AXIS2_PLACEMENT_3D('',#11755,#11756,#11757);
#11755 = CARTESIAN_POINT('',(-11.99999882701,11.999998827013,0.));
#11756 = DIRECTION('',(0.,0.,-1.));
#11757 = DIRECTION('',(-1.,3.909953616065E-07,0.));
#11758 = ADVANCED_FACE('',(#11759),#11770,.T.);
#11759 = FACE_BOUND('',#11760,.T.);
#11760 = EDGE_LOOP('',(#11761,#11762,#11763,#11769));
#11761 = ORIENTED_EDGE('',*,*,#11531,.T.);
#11762 = ORIENTED_EDGE('',*,*,#11685,.T.);
#11763 = ORIENTED_EDGE('',*,*,#11764,.F.);
#11764 = EDGE_CURVE('',#11582,#11678,#11765,.T.);
#11765 = LINE('',#11766,#11767);
#11766 = CARTESIAN_POINT('',(12.,-15.,0.));
#11767 = VECTOR('',#11768,1.);
#11768 = DIRECTION('',(0.,0.,1.));
#11769 = ORIENTED_EDGE('',*,*,#11589,.F.);
#11770 = CYLINDRICAL_SURFACE('',#11771,3.000001172987);
#11771 = AXIS2_PLACEMENT_3D('',#11772,#11773,#11774);
#11772 = CARTESIAN_POINT('',(11.999998827013,-11.99999882701,0.));
#11773 = DIRECTION('',(0.,0.,-1.));
#11774 = DIRECTION('',(1.,-3.909953616065E-07,0.));
#11775 = ADVANCED_FACE('',(#11776),#11787,.T.);
#11776 = FACE_BOUND('',#11777,.T.);
#11777 = EDGE_LOOP('',(#11778,#11784,#11785,#11786));
#11778 = ORIENTED_EDGE('',*,*,#11779,.T.);
#11779 = EDGE_CURVE('',#11565,#11661,#11780,.T.);
#11780 = LINE('',#11781,#11782);
#11781 = CARTESIAN_POINT('',(-15.,-12.,0.));
#11782 = VECTOR('',#11783,1.);
#11783 = DIRECTION('',(0.,0.,1.));
#11784 = ORIENTED_EDGE('',*,*,#11660,.T.);
#11785 = ORIENTED_EDGE('',*,*,#11745,.F.);
#11786 = ORIENTED_EDGE('',*,*,#11564,.F.);
#11787 = PLANE('',#11788);
#11788 = AXIS2_PLACEMENT_3D('',#11789,#11790,#11791);
#11789 = CARTESIAN_POINT('',(-15.,-12.,0.));
#11790 = DIRECTION('',(-1.,0.,0.));
#11791 = DIRECTION('',(0.,1.,0.));
#11792 = ADVANCED_FACE('',(#11793),#11804,.T.);
#11793 = FACE_BOUND('',#11794,.T.);
#11794 = EDGE_LOOP('',(#11795,#11796,#11797,#11803));
#11795 = ORIENTED_EDGE('',*,*,#11764,.T.);
#11796 = ORIENTED_EDGE('',*,*,#11677,.T.);
#11797 = ORIENTED_EDGE('',*,*,#11798,.F.);
#11798 = EDGE_CURVE('',#11573,#11669,#11799,.T.);
#11799 = LINE('',#11800,#11801);
#11800 = CARTESIAN_POINT('',(-12.,-15.,0.));
#11801 = VECTOR('',#11802,1.);
#11802 = DIRECTION('',(0.,0.,1.));
#11803 = ORIENTED_EDGE('',*,*,#11581,.F.);
#11804 = PLANE('',#11805);
#11805 = AXIS2_PLACEMENT_3D('',#11806,#11807,#11808);
#11806 = CARTESIAN_POINT('',(12.,-15.,0.));
#11807 = DIRECTION('',(0.,-1.,0.));
#11808 = DIRECTION('',(-1.,0.,0.));
#11809 = ADVANCED_FACE('',(#11810),#11816,.T.);
#11810 = FACE_BOUND('',#11811,.T.);
#11811 = EDGE_LOOP('',(#11812,#11813,#11814,#11815));
#11812 = ORIENTED_EDGE('',*,*,#11798,.T.);
#11813 = ORIENTED_EDGE('',*,*,#11668,.T.);
#11814 = ORIENTED_EDGE('',*,*,#11779,.F.);
#11815 = ORIENTED_EDGE('',*,*,#11572,.F.);
#11816 = CYLINDRICAL_SURFACE('',#11817,3.000001172987);
#11817 = AXIS2_PLACEMENT_3D('',#11818,#11819,#11820);
#11818 = CARTESIAN_POINT('',(-11.99999882701,-11.99999882701,0.));
#11819 = DIRECTION('',(0.,0.,-1.));
#11820 = DIRECTION('',(-3.909953616065E-07,-1.,-0.));
#11821 = ADVANCED_FACE('',(#11822),#11833,.F.);
#11822 = FACE_BOUND('',#11823,.T.);
#11823 = EDGE_LOOP('',(#11824,#11825,#11831,#11832));
#11824 = ORIENTED_EDGE('',*,*,#11599,.T.);
#11825 = ORIENTED_EDGE('',*,*,#11826,.T.);
#11826 = EDGE_CURVE('',#11600,#11696,#11827,.T.);
#11827 = LINE('',#11828,#11829);
#11828 = CARTESIAN_POINT('',(-12.021,-13.371,-4.6E-02));
#11829 = VECTOR('',#11830,1.);
#11830 = DIRECTION('',(0.,0.,1.));
#11831 = ORIENTED_EDGE('',*,*,#11695,.F.);
#11832 = ORIENTED_EDGE('',*,*,#11826,.F.);
#11833 = CYLINDRICAL_SURFACE('',#11834,1.35);
#11834 = AXIS2_PLACEMENT_3D('',#11835,#11836,#11837);
#11835 = CARTESIAN_POINT('',(-12.021,-12.021,-4.6E-02));
#11836 = DIRECTION('',(-0.,-0.,-1.));
#11837 = DIRECTION('',(-0.,-1.,0.));
#11838 = ADVANCED_FACE('',(#11839),#11850,.F.);
#11839 = FACE_BOUND('',#11840,.T.);
#11840 = EDGE_LOOP('',(#11841,#11842,#11848,#11849));
#11841 = ORIENTED_EDGE('',*,*,#11610,.T.);
#11842 = ORIENTED_EDGE('',*,*,#11843,.T.);
#11843 = EDGE_CURVE('',#11611,#11707,#11844,.T.);
#11844 = LINE('',#11845,#11846);
#11845 = CARTESIAN_POINT('',(12.021,-13.371,-4.6E-02));
#11846 = VECTOR('',#11847,1.);
#11847 = DIRECTION('',(0.,0.,1.));
#11848 = ORIENTED_EDGE('',*,*,#11706,.F.);
#11849 = ORIENTED_EDGE('',*,*,#11843,.F.);
#11850 = CYLINDRICAL_SURFACE('',#11851,1.35);
#11851 = AXIS2_PLACEMENT_3D('',#11852,#11853,#11854);
#11852 = CARTESIAN_POINT('',(12.021,-12.021,-4.6E-02));
#11853 = DIRECTION('',(-0.,-0.,-1.));
#11854 = DIRECTION('',(-0.,-1.,0.));
#11855 = ADVANCED_FACE('',(#11856),#11867,.F.);
#11856 = FACE_BOUND('',#11857,.T.);
#11857 = EDGE_LOOP('',(#11858,#11859,#11865,#11866));
#11858 = ORIENTED_EDGE('',*,*,#11621,.T.);
#11859 = ORIENTED_EDGE('',*,*,#11860,.T.);
#11860 = EDGE_CURVE('',#11622,#11718,#11861,.T.);
#11861 = LINE('',#11862,#11863);
#11862 = CARTESIAN_POINT('',(-12.021,10.671,-4.6E-02));
#11863 = VECTOR('',#11864,1.);
#11864 = DIRECTION('',(0.,0.,1.));
#11865 = ORIENTED_EDGE('',*,*,#11717,.F.);
#11866 = ORIENTED_EDGE('',*,*,#11860,.F.);
#11867 = CYLINDRICAL_SURFACE('',#11868,1.35);
#11868 = AXIS2_PLACEMENT_3D('',#11869,#11870,#11871);
#11869 = CARTESIAN_POINT('',(-12.021,12.021,-4.6E-02));
#11870 = DIRECTION('',(-0.,-0.,-1.));
#11871 = DIRECTION('',(-0.,-1.,0.));
#11872 = ADVANCED_FACE('',(#11873),#11884,.F.);
#11873 = FACE_BOUND('',#11874,.T.);
#11874 = EDGE_LOOP('',(#11875,#11876,#11882,#11883));
#11875 = ORIENTED_EDGE('',*,*,#11632,.T.);
#11876 = ORIENTED_EDGE('',*,*,#11877,.T.);
#11877 = EDGE_CURVE('',#11633,#11729,#11878,.T.);
#11878 = LINE('',#11879,#11880);
#11879 = CARTESIAN_POINT('',(12.021,10.671,-4.6E-02));
#11880 = VECTOR('',#11881,1.);
#11881 = DIRECTION('',(0.,0.,1.));
#11882 = ORIENTED_EDGE('',*,*,#11728,.F.);
#11883 = ORIENTED_EDGE('',*,*,#11877,.F.);
#11884 = CYLINDRICAL_SURFACE('',#11885,1.35);
#11885 = AXIS2_PLACEMENT_3D('',#11886,#11887,#11888);
#11886 = CARTESIAN_POINT('',(12.021,12.021,-4.6E-02));
#11887 = DIRECTION('',(-0.,-0.,-1.));
#11888 = DIRECTION('',(-0.,-1.,0.));
#11889 = ( GEOMETRIC_REPRESENTATION_CONTEXT(3) 
GLOBAL_UNCERTAINTY_ASSIGNED_CONTEXT((#11893)) 
GLOBAL_UNIT_ASSIGNED_CONTEXT((#11890,#11891,#11892)) 
REPRESENTATION_CONTEXT('Context #1',
  '3D Context with UNIT and UNCERTAINTY') );
#11890 = ( LENGTH_UNIT() NAMED_UNIT(*) SI_UNIT(.MILLI.,.METRE.) );
#11891 = ( NAMED_UNIT(*) PLANE_ANGLE_UNIT() SI_UNIT($,.RADIAN.) );
#11892 = ( NAMED_UNIT(*) SI_UNIT($,.STERADIAN.) SOLID_ANGLE_UNIT() );
#11893 = UNCERTAINTY_MEASURE_WITH_UNIT(LENGTH_MEASURE(1.E-07),#11890,
  'distance_accuracy_value','confusion accuracy');
#11894 = CONTEXT_DEPENDENT_SHAPE_REPRESENTATION(#11895,#11897);
#11895 = ( REPRESENTATION_RELATIONSHIP('','',#11442,#10) 
REPRESENTATION_RELATIONSHIP_WITH_TRANSFORMATION(#11896) 
SHAPE_REPRESENTATION_RELATIONSHIP() );
#11896 = ITEM_DEFINED_TRANSFORMATION('','',#11,#51);
#11897 = PRODUCT_DEFINITION_SHAPE('Placement','Placement of an item',
  #11898);
#11898 = NEXT_ASSEMBLY_USAGE_OCCURRENCE('10','=>[0:1:1:8]','',#5,#11437,
  $);
#11899 = PRODUCT_RELATED_PRODUCT_CATEGORY('part',$,(#11439));
#11900 = MECHANICAL_DESIGN_GEOMETRIC_PRESENTATION_REPRESENTATION('',(
    #11901,#11909,#11916,#11923,#11930,#11937,#11944,#11951,#11959,
    #11966,#11973,#11980,#11987,#11994,#12001,#12008,#12015,#12022,
    #12029,#12036,#12043,#12050,#12057,#12064,#12071,#12078,#12085,
    #12092,#12099,#12106,#12113,#12120,#12127,#12134,#12141,#12148,
    #12156,#12163,#12170,#12177,#12184,#12191,#12198,#12205,#12212,
    #12219,#12226,#12233,#12240,#12247),#10541);
#11901 = STYLED_ITEM('color',(#11902),#9020);
#11902 = PRESENTATION_STYLE_ASSIGNMENT((#11903));
#11903 = SURFACE_STYLE_USAGE(.BOTH.,#11904);
#11904 = SURFACE_SIDE_STYLE('',(#11905));
#11905 = SURFACE_STYLE_FILL_AREA(#11906);
#11906 = FILL_AREA_STYLE('',(#11907));
#11907 = FILL_AREA_STYLE_COLOUR('',#11908);
#11908 = COLOUR_RGB('',0.894999966383,0.890999961016,0.813000030345);
#11909 = STYLED_ITEM('color',(#11910),#9060);
#11910 = PRESENTATION_STYLE_ASSIGNMENT((#11911));
#11911 = SURFACE_STYLE_USAGE(.BOTH.,#11912);
#11912 = SURFACE_SIDE_STYLE('',(#11913));
#11913 = SURFACE_STYLE_FILL_AREA(#11914);
#11914 = FILL_AREA_STYLE('',(#11915));
#11915 = FILL_AREA_STYLE_COLOUR('',#11908);
#11916 = STYLED_ITEM('color',(#11917),#9107);
#11917 = PRESENTATION_STYLE_ASSIGNMENT((#11918));
#11918 = SURFACE_STYLE_USAGE(.BOTH.,#11919);
#11919 = SURFACE_SIDE_STYLE('',(#11920));
#11920 = SURFACE_STYLE_FILL_AREA(#11921);
#11921 = FILL_AREA_STYLE('',(#11922));
#11922 = FILL_AREA_STYLE_COLOUR('',#11908);
#11923 = STYLED_ITEM('color',(#11924),#9186);
#11924 = PRESENTATION_STYLE_ASSIGNMENT((#11925));
#11925 = SURFACE_STYLE_USAGE(.BOTH.,#11926);
#11926 = SURFACE_SIDE_STYLE('',(#11927));
#11927 = SURFACE_STYLE_FILL_AREA(#11928);
#11928 = FILL_AREA_STYLE('',(#11929));
#11929 = FILL_AREA_STYLE_COLOUR('',#11908);
#11930 = STYLED_ITEM('color',(#11931),#9210);
#11931 = PRESENTATION_STYLE_ASSIGNMENT((#11932));
#11932 = SURFACE_STYLE_USAGE(.BOTH.,#11933);
#11933 = SURFACE_SIDE_STYLE('',(#11934));
#11934 = SURFACE_STYLE_FILL_AREA(#11935);
#11935 = FILL_AREA_STYLE('',(#11936));
#11936 = FILL_AREA_STYLE_COLOUR('',#11908);
#11937 = STYLED_ITEM('color',(#11938),#9250);
#11938 = PRESENTATION_STYLE_ASSIGNMENT((#11939));
#11939 = SURFACE_STYLE_USAGE(.BOTH.,#11940);
#11940 = SURFACE_SIDE_STYLE('',(#11941));
#11941 = SURFACE_STYLE_FILL_AREA(#11942);
#11942 = FILL_AREA_STYLE('',(#11943));
#11943 = FILL_AREA_STYLE_COLOUR('',#11908);
#11944 = STYLED_ITEM('color',(#11945),#9281);
#11945 = PRESENTATION_STYLE_ASSIGNMENT((#11946));
#11946 = SURFACE_STYLE_USAGE(.BOTH.,#11947);
#11947 = SURFACE_SIDE_STYLE('',(#11948));
#11948 = SURFACE_STYLE_FILL_AREA(#11949);
#11949 = FILL_AREA_STYLE('',(#11950));
#11950 = FILL_AREA_STYLE_COLOUR('',#11908);
#11951 = STYLED_ITEM('color',(#11952),#9298);
#11952 = PRESENTATION_STYLE_ASSIGNMENT((#11953));
#11953 = SURFACE_STYLE_USAGE(.BOTH.,#11954);
#11954 = SURFACE_SIDE_STYLE('',(#11955));
#11955 = SURFACE_STYLE_FILL_AREA(#11956);
#11956 = FILL_AREA_STYLE('',(#11957));
#11957 = FILL_AREA_STYLE_COLOUR('',#11958);
#11958 = COLOUR_RGB('',0.859000020776,0.737999965183,0.495999988746);
#11959 = STYLED_ITEM('color',(#11960),#9331);
#11960 = PRESENTATION_STYLE_ASSIGNMENT((#11961));
#11961 = SURFACE_STYLE_USAGE(.BOTH.,#11962);
#11962 = SURFACE_SIDE_STYLE('',(#11963));
#11963 = SURFACE_STYLE_FILL_AREA(#11964);
#11964 = FILL_AREA_STYLE('',(#11965));
#11965 = FILL_AREA_STYLE_COLOUR('',#11908);
#11966 = STYLED_ITEM('color',(#11967),#9355);
#11967 = PRESENTATION_STYLE_ASSIGNMENT((#11968));
#11968 = SURFACE_STYLE_USAGE(.BOTH.,#11969);
#11969 = SURFACE_SIDE_STYLE('',(#11970));
#11970 = SURFACE_STYLE_FILL_AREA(#11971);
#11971 = FILL_AREA_STYLE('',(#11972));
#11972 = FILL_AREA_STYLE_COLOUR('',#11958);
#11973 = STYLED_ITEM('color',(#11974),#9422);
#11974 = PRESENTATION_STYLE_ASSIGNMENT((#11975));
#11975 = SURFACE_STYLE_USAGE(.BOTH.,#11976);
#11976 = SURFACE_SIDE_STYLE('',(#11977));
#11977 = SURFACE_STYLE_FILL_AREA(#11978);
#11978 = FILL_AREA_STYLE('',(#11979));
#11979 = FILL_AREA_STYLE_COLOUR('',#11908);
#11980 = STYLED_ITEM('color',(#11981),#9543);
#11981 = PRESENTATION_STYLE_ASSIGNMENT((#11982));
#11982 = SURFACE_STYLE_USAGE(.BOTH.,#11983);
#11983 = SURFACE_SIDE_STYLE('',(#11984));
#11984 = SURFACE_STYLE_FILL_AREA(#11985);
#11985 = FILL_AREA_STYLE('',(#11986));
#11986 = FILL_AREA_STYLE_COLOUR('',#11958);
#11987 = STYLED_ITEM('color',(#11988),#9610);
#11988 = PRESENTATION_STYLE_ASSIGNMENT((#11989));
#11989 = SURFACE_STYLE_USAGE(.BOTH.,#11990);
#11990 = SURFACE_SIDE_STYLE('',(#11991));
#11991 = SURFACE_STYLE_FILL_AREA(#11992);
#11992 = FILL_AREA_STYLE('',(#11993));
#11993 = FILL_AREA_STYLE_COLOUR('',#11908);
#11994 = STYLED_ITEM('color',(#11995),#9634);
#11995 = PRESENTATION_STYLE_ASSIGNMENT((#11996));
#11996 = SURFACE_STYLE_USAGE(.BOTH.,#11997);
#11997 = SURFACE_SIDE_STYLE('',(#11998));
#11998 = SURFACE_STYLE_FILL_AREA(#11999);
#11999 = FILL_AREA_STYLE('',(#12000));
#12000 = FILL_AREA_STYLE_COLOUR('',#11908);
#12001 = STYLED_ITEM('color',(#12002),#9665);
#12002 = PRESENTATION_STYLE_ASSIGNMENT((#12003));
#12003 = SURFACE_STYLE_USAGE(.BOTH.,#12004);
#12004 = SURFACE_SIDE_STYLE('',(#12005));
#12005 = SURFACE_STYLE_FILL_AREA(#12006);
#12006 = FILL_AREA_STYLE('',(#12007));
#12007 = FILL_AREA_STYLE_COLOUR('',#11958);
#12008 = STYLED_ITEM('color',(#12009),#9698);
#12009 = PRESENTATION_STYLE_ASSIGNMENT((#12010));
#12010 = SURFACE_STYLE_USAGE(.BOTH.,#12011);
#12011 = SURFACE_SIDE_STYLE('',(#12012));
#12012 = SURFACE_STYLE_FILL_AREA(#12013);
#12013 = FILL_AREA_STYLE('',(#12014));
#12014 = FILL_AREA_STYLE_COLOUR('',#11908);
#12015 = STYLED_ITEM('color',(#12016),#9754);
#12016 = PRESENTATION_STYLE_ASSIGNMENT((#12017));
#12017 = SURFACE_STYLE_USAGE(.BOTH.,#12018);
#12018 = SURFACE_SIDE_STYLE('',(#12019));
#12019 = SURFACE_STYLE_FILL_AREA(#12020);
#12020 = FILL_AREA_STYLE('',(#12021));
#12021 = FILL_AREA_STYLE_COLOUR('',#11958);
#12022 = STYLED_ITEM('color',(#12023),#9778);
#12023 = PRESENTATION_STYLE_ASSIGNMENT((#12024));
#12024 = SURFACE_STYLE_USAGE(.BOTH.,#12025);
#12025 = SURFACE_SIDE_STYLE('',(#12026));
#12026 = SURFACE_STYLE_FILL_AREA(#12027);
#12027 = FILL_AREA_STYLE('',(#12028));
#12028 = FILL_AREA_STYLE_COLOUR('',#11958);
#12029 = STYLED_ITEM('color',(#12030),#9802);
#12030 = PRESENTATION_STYLE_ASSIGNMENT((#12031));
#12031 = SURFACE_STYLE_USAGE(.BOTH.,#12032);
#12032 = SURFACE_SIDE_STYLE('',(#12033));
#12033 = SURFACE_STYLE_FILL_AREA(#12034);
#12034 = FILL_AREA_STYLE('',(#12035));
#12035 = FILL_AREA_STYLE_COLOUR('',#11958);
#12036 = STYLED_ITEM('color',(#12037),#9826);
#12037 = PRESENTATION_STYLE_ASSIGNMENT((#12038));
#12038 = SURFACE_STYLE_USAGE(.BOTH.,#12039);
#12039 = SURFACE_SIDE_STYLE('',(#12040));
#12040 = SURFACE_STYLE_FILL_AREA(#12041);
#12041 = FILL_AREA_STYLE('',(#12042));
#12042 = FILL_AREA_STYLE_COLOUR('',#11958);
#12043 = STYLED_ITEM('color',(#12044),#9859);
#12044 = PRESENTATION_STYLE_ASSIGNMENT((#12045));
#12045 = SURFACE_STYLE_USAGE(.BOTH.,#12046);
#12046 = SURFACE_SIDE_STYLE('',(#12047));
#12047 = SURFACE_STYLE_FILL_AREA(#12048);
#12048 = FILL_AREA_STYLE('',(#12049));
#12049 = FILL_AREA_STYLE_COLOUR('',#11958);
#12050 = STYLED_ITEM('color',(#12051),#9871);
#12051 = PRESENTATION_STYLE_ASSIGNMENT((#12052));
#12052 = SURFACE_STYLE_USAGE(.BOTH.,#12053);
#12053 = SURFACE_SIDE_STYLE('',(#12054));
#12054 = SURFACE_STYLE_FILL_AREA(#12055);
#12055 = FILL_AREA_STYLE('',(#12056));
#12056 = FILL_AREA_STYLE_COLOUR('',#11958);
#12057 = STYLED_ITEM('color',(#12058),#9934);
#12058 = PRESENTATION_STYLE_ASSIGNMENT((#12059));
#12059 = SURFACE_STYLE_USAGE(.BOTH.,#12060);
#12060 = SURFACE_SIDE_STYLE('',(#12061));
#12061 = SURFACE_STYLE_FILL_AREA(#12062);
#12062 = FILL_AREA_STYLE('',(#12063));
#12063 = FILL_AREA_STYLE_COLOUR('',#11958);
#12064 = STYLED_ITEM('color',(#12065),#9959);
#12065 = PRESENTATION_STYLE_ASSIGNMENT((#12066));
#12066 = SURFACE_STYLE_USAGE(.BOTH.,#12067);
#12067 = SURFACE_SIDE_STYLE('',(#12068));
#12068 = SURFACE_STYLE_FILL_AREA(#12069);
#12069 = FILL_AREA_STYLE('',(#12070));
#12070 = FILL_AREA_STYLE_COLOUR('',#11958);
#12071 = STYLED_ITEM('color',(#12072),#9976);
#12072 = PRESENTATION_STYLE_ASSIGNMENT((#12073));
#12073 = SURFACE_STYLE_USAGE(.BOTH.,#12074);
#12074 = SURFACE_SIDE_STYLE('',(#12075));
#12075 = SURFACE_STYLE_FILL_AREA(#12076);
#12076 = FILL_AREA_STYLE('',(#12077));
#12077 = FILL_AREA_STYLE_COLOUR('',#11958);
#12078 = STYLED_ITEM('color',(#12079),#10000);
#12079 = PRESENTATION_STYLE_ASSIGNMENT((#12080));
#12080 = SURFACE_STYLE_USAGE(.BOTH.,#12081);
#12081 = SURFACE_SIDE_STYLE('',(#12082));
#12082 = SURFACE_STYLE_FILL_AREA(#12083);
#12083 = FILL_AREA_STYLE('',(#12084));
#12084 = FILL_AREA_STYLE_COLOUR('',#11958);
#12085 = STYLED_ITEM('color',(#12086),#10018);
#12086 = PRESENTATION_STYLE_ASSIGNMENT((#12087));
#12087 = SURFACE_STYLE_USAGE(.BOTH.,#12088);
#12088 = SURFACE_SIDE_STYLE('',(#12089));
#12089 = SURFACE_STYLE_FILL_AREA(#12090);
#12090 = FILL_AREA_STYLE('',(#12091));
#12091 = FILL_AREA_STYLE_COLOUR('',#11958);
#12092 = STYLED_ITEM('color',(#12093),#10036);
#12093 = PRESENTATION_STYLE_ASSIGNMENT((#12094));
#12094 = SURFACE_STYLE_USAGE(.BOTH.,#12095);
#12095 = SURFACE_SIDE_STYLE('',(#12096));
#12096 = SURFACE_STYLE_FILL_AREA(#12097);
#12097 = FILL_AREA_STYLE('',(#12098));
#12098 = FILL_AREA_STYLE_COLOUR('',#11958);
#12099 = STYLED_ITEM('color',(#12100),#10054);
#12100 = PRESENTATION_STYLE_ASSIGNMENT((#12101));
#12101 = SURFACE_STYLE_USAGE(.BOTH.,#12102);
#12102 = SURFACE_SIDE_STYLE('',(#12103));
#12103 = SURFACE_STYLE_FILL_AREA(#12104);
#12104 = FILL_AREA_STYLE('',(#12105));
#12105 = FILL_AREA_STYLE_COLOUR('',#11958);
#12106 = STYLED_ITEM('color',(#12107),#10071);
#12107 = PRESENTATION_STYLE_ASSIGNMENT((#12108));
#12108 = SURFACE_STYLE_USAGE(.BOTH.,#12109);
#12109 = SURFACE_SIDE_STYLE('',(#12110));
#12110 = SURFACE_STYLE_FILL_AREA(#12111);
#12111 = FILL_AREA_STYLE('',(#12112));
#12112 = FILL_AREA_STYLE_COLOUR('',#11958);
#12113 = STYLED_ITEM('color',(#12114),#10088);
#12114 = PRESENTATION_STYLE_ASSIGNMENT((#12115));
#12115 = SURFACE_STYLE_USAGE(.BOTH.,#12116);
#12116 = SURFACE_SIDE_STYLE('',(#12117));
#12117 = SURFACE_STYLE_FILL_AREA(#12118);
#12118 = FILL_AREA_STYLE('',(#12119));
#12119 = FILL_AREA_STYLE_COLOUR('',#11958);
#12120 = STYLED_ITEM('color',(#12121),#10119);
#12121 = PRESENTATION_STYLE_ASSIGNMENT((#12122));
#12122 = SURFACE_STYLE_USAGE(.BOTH.,#12123);
#12123 = SURFACE_SIDE_STYLE('',(#12124));
#12124 = SURFACE_STYLE_FILL_AREA(#12125);
#12125 = FILL_AREA_STYLE('',(#12126));
#12126 = FILL_AREA_STYLE_COLOUR('',#11958);
#12127 = STYLED_ITEM('color',(#12128),#10144);
#12128 = PRESENTATION_STYLE_ASSIGNMENT((#12129));
#12129 = SURFACE_STYLE_USAGE(.BOTH.,#12130);
#12130 = SURFACE_SIDE_STYLE('',(#12131));
#12131 = SURFACE_STYLE_FILL_AREA(#12132);
#12132 = FILL_AREA_STYLE('',(#12133));
#12133 = FILL_AREA_STYLE_COLOUR('',#11958);
#12134 = STYLED_ITEM('color',(#12135),#10169);
#12135 = PRESENTATION_STYLE_ASSIGNMENT((#12136));
#12136 = SURFACE_STYLE_USAGE(.BOTH.,#12137);
#12137 = SURFACE_SIDE_STYLE('',(#12138));
#12138 = SURFACE_STYLE_FILL_AREA(#12139);
#12139 = FILL_AREA_STYLE('',(#12140));
#12140 = FILL_AREA_STYLE_COLOUR('',#11958);
#12141 = STYLED_ITEM('color',(#12142),#10193);
#12142 = PRESENTATION_STYLE_ASSIGNMENT((#12143));
#12143 = SURFACE_STYLE_USAGE(.BOTH.,#12144);
#12144 = SURFACE_SIDE_STYLE('',(#12145));
#12145 = SURFACE_STYLE_FILL_AREA(#12146);
#12146 = FILL_AREA_STYLE('',(#12147));
#12147 = FILL_AREA_STYLE_COLOUR('',#11958);
#12148 = STYLED_ITEM('color',(#12149),#10210);
#12149 = PRESENTATION_STYLE_ASSIGNMENT((#12150));
#12150 = SURFACE_STYLE_USAGE(.BOTH.,#12151);
#12151 = SURFACE_SIDE_STYLE('',(#12152));
#12152 = SURFACE_STYLE_FILL_AREA(#12153);
#12153 = FILL_AREA_STYLE('',(#12154));
#12154 = FILL_AREA_STYLE_COLOUR('',#12155);
#12155 = COLOUR_RGB('',0.340000006699,0.68000001254,0.444999988852);
#12156 = STYLED_ITEM('color',(#12157),#10241);
#12157 = PRESENTATION_STYLE_ASSIGNMENT((#12158));
#12158 = SURFACE_STYLE_USAGE(.BOTH.,#12159);
#12159 = SURFACE_SIDE_STYLE('',(#12160));
#12160 = SURFACE_STYLE_FILL_AREA(#12161);
#12161 = FILL_AREA_STYLE('',(#12162));
#12162 = FILL_AREA_STYLE_COLOUR('',#12155);
#12163 = STYLED_ITEM('color',(#12164),#10265);
#12164 = PRESENTATION_STYLE_ASSIGNMENT((#12165));
#12165 = SURFACE_STYLE_USAGE(.BOTH.,#12166);
#12166 = SURFACE_SIDE_STYLE('',(#12167));
#12167 = SURFACE_STYLE_FILL_AREA(#12168);
#12168 = FILL_AREA_STYLE('',(#12169));
#12169 = FILL_AREA_STYLE_COLOUR('',#12155);
#12170 = STYLED_ITEM('color',(#12171),#10282);
#12171 = PRESENTATION_STYLE_ASSIGNMENT((#12172));
#12172 = SURFACE_STYLE_USAGE(.BOTH.,#12173);
#12173 = SURFACE_SIDE_STYLE('',(#12174));
#12174 = SURFACE_STYLE_FILL_AREA(#12175);
#12175 = FILL_AREA_STYLE('',(#12176));
#12176 = FILL_AREA_STYLE_COLOUR('',#11958);
#12177 = STYLED_ITEM('color',(#12178),#10310);
#12178 = PRESENTATION_STYLE_ASSIGNMENT((#12179));
#12179 = SURFACE_STYLE_USAGE(.BOTH.,#12180);
#12180 = SURFACE_SIDE_STYLE('',(#12181));
#12181 = SURFACE_STYLE_FILL_AREA(#12182);
#12182 = FILL_AREA_STYLE('',(#12183));
#12183 = FILL_AREA_STYLE_COLOUR('',#11958);
#12184 = STYLED_ITEM('color',(#12185),#10335);
#12185 = PRESENTATION_STYLE_ASSIGNMENT((#12186));
#12186 = SURFACE_STYLE_USAGE(.BOTH.,#12187);
#12187 = SURFACE_SIDE_STYLE('',(#12188));
#12188 = SURFACE_STYLE_FILL_AREA(#12189);
#12189 = FILL_AREA_STYLE('',(#12190));
#12190 = FILL_AREA_STYLE_COLOUR('',#11958);
#12191 = STYLED_ITEM('color',(#12192),#10359);
#12192 = PRESENTATION_STYLE_ASSIGNMENT((#12193));
#12193 = SURFACE_STYLE_USAGE(.BOTH.,#12194);
#12194 = SURFACE_SIDE_STYLE('',(#12195));
#12195 = SURFACE_STYLE_FILL_AREA(#12196);
#12196 = FILL_AREA_STYLE('',(#12197));
#12197 = FILL_AREA_STYLE_COLOUR('',#11958);
#12198 = STYLED_ITEM('color',(#12199),#10384);
#12199 = PRESENTATION_STYLE_ASSIGNMENT((#12200));
#12200 = SURFACE_STYLE_USAGE(.BOTH.,#12201);
#12201 = SURFACE_SIDE_STYLE('',(#12202));
#12202 = SURFACE_STYLE_FILL_AREA(#12203);
#12203 = FILL_AREA_STYLE('',(#12204));
#12204 = FILL_AREA_STYLE_COLOUR('',#11958);
#12205 = STYLED_ITEM('color',(#12206),#10431);
#12206 = PRESENTATION_STYLE_ASSIGNMENT((#12207));
#12207 = SURFACE_STYLE_USAGE(.BOTH.,#12208);
#12208 = SURFACE_SIDE_STYLE('',(#12209));
#12209 = SURFACE_STYLE_FILL_AREA(#12210);
#12210 = FILL_AREA_STYLE('',(#12211));
#12211 = FILL_AREA_STYLE_COLOUR('',#11958);
#12212 = STYLED_ITEM('color',(#12213),#10448);
#12213 = PRESENTATION_STYLE_ASSIGNMENT((#12214));
#12214 = SURFACE_STYLE_USAGE(.BOTH.,#12215);
#12215 = SURFACE_SIDE_STYLE('',(#12216));
#12216 = SURFACE_STYLE_FILL_AREA(#12217);
#12217 = FILL_AREA_STYLE('',(#12218));
#12218 = FILL_AREA_STYLE_COLOUR('',#11958);
#12219 = STYLED_ITEM('color',(#12220),#10460);
#12220 = PRESENTATION_STYLE_ASSIGNMENT((#12221));
#12221 = SURFACE_STYLE_USAGE(.BOTH.,#12222);
#12222 = SURFACE_SIDE_STYLE('',(#12223));
#12223 = SURFACE_STYLE_FILL_AREA(#12224);
#12224 = FILL_AREA_STYLE('',(#12225));
#12225 = FILL_AREA_STYLE_COLOUR('',#11958);
#12226 = STYLED_ITEM('color',(#12227),#10482);
#12227 = PRESENTATION_STYLE_ASSIGNMENT((#12228));
#12228 = SURFACE_STYLE_USAGE(.BOTH.,#12229);
#12229 = SURFACE_SIDE_STYLE('',(#12230));
#12230 = SURFACE_STYLE_FILL_AREA(#12231);
#12231 = FILL_AREA_STYLE('',(#12232));
#12232 = FILL_AREA_STYLE_COLOUR('',#11958);
#12233 = STYLED_ITEM('color',(#12234),#10494);
#12234 = PRESENTATION_STYLE_ASSIGNMENT((#12235));
#12235 = SURFACE_STYLE_USAGE(.BOTH.,#12236);
#12236 = SURFACE_SIDE_STYLE('',(#12237));
#12237 = SURFACE_STYLE_FILL_AREA(#12238);
#12238 = FILL_AREA_STYLE('',(#12239));
#12239 = FILL_AREA_STYLE_COLOUR('',#11958);
#12240 = STYLED_ITEM('color',(#12241),#10512);
#12241 = PRESENTATION_STYLE_ASSIGNMENT((#12242));
#12242 = SURFACE_STYLE_USAGE(.BOTH.,#12243);
#12243 = SURFACE_SIDE_STYLE('',(#12244));
#12244 = SURFACE_STYLE_FILL_AREA(#12245);
#12245 = FILL_AREA_STYLE('',(#12246));
#12246 = FILL_AREA_STYLE_COLOUR('',#11958);
#12247 = STYLED_ITEM('color',(#12248),#10530);
#12248 = PRESENTATION_STYLE_ASSIGNMENT((#12249));
#12249 = SURFACE_STYLE_USAGE(.BOTH.,#12250);
#12250 = SURFACE_SIDE_STYLE('',(#12251));
#12251 = SURFACE_STYLE_FILL_AREA(#12252);
#12252 = FILL_AREA_STYLE('',(#12253));
#12253 = FILL_AREA_STYLE_COLOUR('',#12155);
#12254 = MECHANICAL_DESIGN_GEOMETRIC_PRESENTATION_REPRESENTATION('',(
    #12255),#8121);
#12255 = STYLED_ITEM('color',(#12256),#5365);
#12256 = PRESENTATION_STYLE_ASSIGNMENT((#12257));
#12257 = SURFACE_STYLE_USAGE(.BOTH.,#12258);
#12258 = SURFACE_SIDE_STYLE('',(#12259));
#12259 = SURFACE_STYLE_FILL_AREA(#12260);
#12260 = FILL_AREA_STYLE('',(#12261));
#12261 = FILL_AREA_STYLE_COLOUR('',#12262);
#12262 = DRAUGHTING_PRE_DEFINED_COLOUR('white');
#12263 = MECHANICAL_DESIGN_GEOMETRIC_PRESENTATION_REPRESENTATION('',(
    #12264,#12272,#12279,#12286,#12293,#12300,#12307,#12314,#12321,
    #12328,#12335,#12343,#12350,#12357,#12364,#12371,#12378,#12385,
    #12392,#12399,#12406,#12413,#12420,#12427,#12434,#12441,#12448,
    #12455),#11424);
#12264 = STYLED_ITEM('color',(#12265),#10572);
#12265 = PRESENTATION_STYLE_ASSIGNMENT((#12266));
#12266 = SURFACE_STYLE_USAGE(.BOTH.,#12267);
#12267 = SURFACE_SIDE_STYLE('',(#12268));
#12268 = SURFACE_STYLE_FILL_AREA(#12269);
#12269 = FILL_AREA_STYLE('',(#12270));
#12270 = FILL_AREA_STYLE_COLOUR('',#12271);
#12271 = COLOUR_RGB('',0.823999987314,0.819999987296,0.781000009244);
#12272 = STYLED_ITEM('color',(#12273),#10648);
#12273 = PRESENTATION_STYLE_ASSIGNMENT((#12274));
#12274 = SURFACE_STYLE_USAGE(.BOTH.,#12275);
#12275 = SURFACE_SIDE_STYLE('',(#12276));
#12276 = SURFACE_STYLE_FILL_AREA(#12277);
#12277 = FILL_AREA_STYLE('',(#12278));
#12278 = FILL_AREA_STYLE_COLOUR('',#12271);
#12279 = STYLED_ITEM('color',(#12280),#10679);
#12280 = PRESENTATION_STYLE_ASSIGNMENT((#12281));
#12281 = SURFACE_STYLE_USAGE(.BOTH.,#12282);
#12282 = SURFACE_SIDE_STYLE('',(#12283));
#12283 = SURFACE_STYLE_FILL_AREA(#12284);
#12284 = FILL_AREA_STYLE('',(#12285));
#12285 = FILL_AREA_STYLE_COLOUR('',#12271);
#12286 = STYLED_ITEM('color',(#12287),#10704);
#12287 = PRESENTATION_STYLE_ASSIGNMENT((#12288));
#12288 = SURFACE_STYLE_USAGE(.BOTH.,#12289);
#12289 = SURFACE_SIDE_STYLE('',(#12290));
#12290 = SURFACE_STYLE_FILL_AREA(#12291);
#12291 = FILL_AREA_STYLE('',(#12292));
#12292 = FILL_AREA_STYLE_COLOUR('',#12271);
#12293 = STYLED_ITEM('color',(#12294),#10729);
#12294 = PRESENTATION_STYLE_ASSIGNMENT((#12295));
#12295 = SURFACE_STYLE_USAGE(.BOTH.,#12296);
#12296 = SURFACE_SIDE_STYLE('',(#12297));
#12297 = SURFACE_STYLE_FILL_AREA(#12298);
#12298 = FILL_AREA_STYLE('',(#12299));
#12299 = FILL_AREA_STYLE_COLOUR('',#12271);
#12300 = STYLED_ITEM('color',(#12301),#10753);
#12301 = PRESENTATION_STYLE_ASSIGNMENT((#12302));
#12302 = SURFACE_STYLE_USAGE(.BOTH.,#12303);
#12303 = SURFACE_SIDE_STYLE('',(#12304));
#12304 = SURFACE_STYLE_FILL_AREA(#12305);
#12305 = FILL_AREA_STYLE('',(#12306));
#12306 = FILL_AREA_STYLE_COLOUR('',#12271);
#12307 = STYLED_ITEM('color',(#12308),#10777);
#12308 = PRESENTATION_STYLE_ASSIGNMENT((#12309));
#12309 = SURFACE_STYLE_USAGE(.BOTH.,#12310);
#12310 = SURFACE_SIDE_STYLE('',(#12311));
#12311 = SURFACE_STYLE_FILL_AREA(#12312);
#12312 = FILL_AREA_STYLE('',(#12313));
#12313 = FILL_AREA_STYLE_COLOUR('',#12271);
#12314 = STYLED_ITEM('color',(#12315),#10802);
#12315 = PRESENTATION_STYLE_ASSIGNMENT((#12316));
#12316 = SURFACE_STYLE_USAGE(.BOTH.,#12317);
#12317 = SURFACE_SIDE_STYLE('',(#12318));
#12318 = SURFACE_STYLE_FILL_AREA(#12319);
#12319 = FILL_AREA_STYLE('',(#12320));
#12320 = FILL_AREA_STYLE_COLOUR('',#12271);
#12321 = STYLED_ITEM('color',(#12322),#10827);
#12322 = PRESENTATION_STYLE_ASSIGNMENT((#12323));
#12323 = SURFACE_STYLE_USAGE(.BOTH.,#12324);
#12324 = SURFACE_SIDE_STYLE('',(#12325));
#12325 = SURFACE_STYLE_FILL_AREA(#12326);
#12326 = FILL_AREA_STYLE('',(#12327));
#12327 = FILL_AREA_STYLE_COLOUR('',#12271);
#12328 = STYLED_ITEM('color',(#12329),#10844);
#12329 = PRESENTATION_STYLE_ASSIGNMENT((#12330));
#12330 = SURFACE_STYLE_USAGE(.BOTH.,#12331);
#12331 = SURFACE_SIDE_STYLE('',(#12332));
#12332 = SURFACE_STYLE_FILL_AREA(#12333);
#12333 = FILL_AREA_STYLE('',(#12334));
#12334 = FILL_AREA_STYLE_COLOUR('',#12271);
#12335 = STYLED_ITEM('color',(#12336),#10930);
#12336 = PRESENTATION_STYLE_ASSIGNMENT((#12337));
#12337 = SURFACE_STYLE_USAGE(.BOTH.,#12338);
#12338 = SURFACE_SIDE_STYLE('',(#12339));
#12339 = SURFACE_STYLE_FILL_AREA(#12340);
#12340 = FILL_AREA_STYLE('',(#12341));
#12341 = FILL_AREA_STYLE_COLOUR('',#12342);
#12342 = COLOUR_RGB('',0.379000005575,0.270000008848,0.214999999939);
#12343 = STYLED_ITEM('color',(#12344),#10962);
#12344 = PRESENTATION_STYLE_ASSIGNMENT((#12345));
#12345 = SURFACE_STYLE_USAGE(.BOTH.,#12346);
#12346 = SURFACE_SIDE_STYLE('',(#12347));
#12347 = SURFACE_STYLE_FILL_AREA(#12348);
#12348 = FILL_AREA_STYLE('',(#12349));
#12349 = FILL_AREA_STYLE_COLOUR('',#12342);
#12350 = STYLED_ITEM('color',(#12351),#10986);
#12351 = PRESENTATION_STYLE_ASSIGNMENT((#12352));
#12352 = SURFACE_STYLE_USAGE(.BOTH.,#12353);
#12353 = SURFACE_SIDE_STYLE('',(#12354));
#12354 = SURFACE_STYLE_FILL_AREA(#12355);
#12355 = FILL_AREA_STYLE('',(#12356));
#12356 = FILL_AREA_STYLE_COLOUR('',#12342);
#12357 = STYLED_ITEM('color',(#12358),#11011);
#12358 = PRESENTATION_STYLE_ASSIGNMENT((#12359));
#12359 = SURFACE_STYLE_USAGE(.BOTH.,#12360);
#12360 = SURFACE_SIDE_STYLE('',(#12361));
#12361 = SURFACE_STYLE_FILL_AREA(#12362);
#12362 = FILL_AREA_STYLE('',(#12363));
#12363 = FILL_AREA_STYLE_COLOUR('',#12342);
#12364 = STYLED_ITEM('color',(#12365),#11035);
#12365 = PRESENTATION_STYLE_ASSIGNMENT((#12366));
#12366 = SURFACE_STYLE_USAGE(.BOTH.,#12367);
#12367 = SURFACE_SIDE_STYLE('',(#12368));
#12368 = SURFACE_STYLE_FILL_AREA(#12369);
#12369 = FILL_AREA_STYLE('',(#12370));
#12370 = FILL_AREA_STYLE_COLOUR('',#12342);
#12371 = STYLED_ITEM('color',(#12372),#11060);
#12372 = PRESENTATION_STYLE_ASSIGNMENT((#12373));
#12373 = SURFACE_STYLE_USAGE(.BOTH.,#12374);
#12374 = SURFACE_SIDE_STYLE('',(#12375));
#12375 = SURFACE_STYLE_FILL_AREA(#12376);
#12376 = FILL_AREA_STYLE('',(#12377));
#12377 = FILL_AREA_STYLE_COLOUR('',#12342);
#12378 = STYLED_ITEM('color',(#12379),#11084);
#12379 = PRESENTATION_STYLE_ASSIGNMENT((#12380));
#12380 = SURFACE_STYLE_USAGE(.BOTH.,#12381);
#12381 = SURFACE_SIDE_STYLE('',(#12382));
#12382 = SURFACE_STYLE_FILL_AREA(#12383);
#12383 = FILL_AREA_STYLE('',(#12384));
#12384 = FILL_AREA_STYLE_COLOUR('',#12342);
#12385 = STYLED_ITEM('color',(#12386),#11109);
#12386 = PRESENTATION_STYLE_ASSIGNMENT((#12387));
#12387 = SURFACE_STYLE_USAGE(.BOTH.,#12388);
#12388 = SURFACE_SIDE_STYLE('',(#12389));
#12389 = SURFACE_STYLE_FILL_AREA(#12390);
#12390 = FILL_AREA_STYLE('',(#12391));
#12391 = FILL_AREA_STYLE_COLOUR('',#12342);
#12392 = STYLED_ITEM('color',(#12393),#11126);
#12393 = PRESENTATION_STYLE_ASSIGNMENT((#12394));
#12394 = SURFACE_STYLE_USAGE(.BOTH.,#12395);
#12395 = SURFACE_SIDE_STYLE('',(#12396));
#12396 = SURFACE_STYLE_FILL_AREA(#12397);
#12397 = FILL_AREA_STYLE('',(#12398));
#12398 = FILL_AREA_STYLE_COLOUR('',#12271);
#12399 = STYLED_ITEM('color',(#12400),#11212);
#12400 = PRESENTATION_STYLE_ASSIGNMENT((#12401));
#12401 = SURFACE_STYLE_USAGE(.BOTH.,#12402);
#12402 = SURFACE_SIDE_STYLE('',(#12403));
#12403 = SURFACE_STYLE_FILL_AREA(#12404);
#12404 = FILL_AREA_STYLE('',(#12405));
#12405 = FILL_AREA_STYLE_COLOUR('',#12271);
#12406 = STYLED_ITEM('color',(#12407),#11243);
#12407 = PRESENTATION_STYLE_ASSIGNMENT((#12408));
#12408 = SURFACE_STYLE_USAGE(.BOTH.,#12409);
#12409 = SURFACE_SIDE_STYLE('',(#12410));
#12410 = SURFACE_STYLE_FILL_AREA(#12411);
#12411 = FILL_AREA_STYLE('',(#12412));
#12412 = FILL_AREA_STYLE_COLOUR('',#12271);
#12413 = STYLED_ITEM('color',(#12414),#11268);
#12414 = PRESENTATION_STYLE_ASSIGNMENT((#12415));
#12415 = SURFACE_STYLE_USAGE(.BOTH.,#12416);
#12416 = SURFACE_SIDE_STYLE('',(#12417));
#12417 = SURFACE_STYLE_FILL_AREA(#12418);
#12418 = FILL_AREA_STYLE('',(#12419));
#12419 = FILL_AREA_STYLE_COLOUR('',#12271);
#12420 = STYLED_ITEM('color',(#12421),#11293);
#12421 = PRESENTATION_STYLE_ASSIGNMENT((#12422));
#12422 = SURFACE_STYLE_USAGE(.BOTH.,#12423);
#12423 = SURFACE_SIDE_STYLE('',(#12424));
#12424 = SURFACE_STYLE_FILL_AREA(#12425);
#12425 = FILL_AREA_STYLE('',(#12426));
#12426 = FILL_AREA_STYLE_COLOUR('',#12271);
#12427 = STYLED_ITEM('color',(#12428),#11317);
#12428 = PRESENTATION_STYLE_ASSIGNMENT((#12429));
#12429 = SURFACE_STYLE_USAGE(.BOTH.,#12430);
#12430 = SURFACE_SIDE_STYLE('',(#12431));
#12431 = SURFACE_STYLE_FILL_AREA(#12432);
#12432 = FILL_AREA_STYLE('',(#12433));
#12433 = FILL_AREA_STYLE_COLOUR('',#12271);
#12434 = STYLED_ITEM('color',(#12435),#11341);
#12435 = PRESENTATION_STYLE_ASSIGNMENT((#12436));
#12436 = SURFACE_STYLE_USAGE(.BOTH.,#12437);
#12437 = SURFACE_SIDE_STYLE('',(#12438));
#12438 = SURFACE_STYLE_FILL_AREA(#12439);
#12439 = FILL_AREA_STYLE('',(#12440));
#12440 = FILL_AREA_STYLE_COLOUR('',#12271);
#12441 = STYLED_ITEM('color',(#12442),#11366);
#12442 = PRESENTATION_STYLE_ASSIGNMENT((#12443));
#12443 = SURFACE_STYLE_USAGE(.BOTH.,#12444);
#12444 = SURFACE_SIDE_STYLE('',(#12445));
#12445 = SURFACE_STYLE_FILL_AREA(#12446);
#12446 = FILL_AREA_STYLE('',(#12447));
#12447 = FILL_AREA_STYLE_COLOUR('',#12271);
#12448 = STYLED_ITEM('color',(#12449),#11391);
#12449 = PRESENTATION_STYLE_ASSIGNMENT((#12450));
#12450 = SURFACE_STYLE_USAGE(.BOTH.,#12451);
#12451 = SURFACE_SIDE_STYLE('',(#12452));
#12452 = SURFACE_STYLE_FILL_AREA(#12453);
#12453 = FILL_AREA_STYLE('',(#12454));
#12454 = FILL_AREA_STYLE_COLOUR('',#12271);
#12455 = STYLED_ITEM('color',(#12456),#11408);
#12456 = PRESENTATION_STYLE_ASSIGNMENT((#12457));
#12457 = SURFACE_STYLE_USAGE(.BOTH.,#12458);
#12458 = SURFACE_SIDE_STYLE('',(#12459));
#12459 = SURFACE_STYLE_FILL_AREA(#12460);
#12460 = FILL_AREA_STYLE('',(#12461));
#12461 = FILL_AREA_STYLE_COLOUR('',#12271);
#12462 = MECHANICAL_DESIGN_GEOMETRIC_PRESENTATION_REPRESENTATION('',(
    #12463,#12470,#12477,#12484,#12491,#12498,#12505,#12512,#12519,
    #12526,#12533,#12540,#12547,#12554,#12562,#12569,#12576,#12583,
    #12590,#12597,#12604,#12611,#12618,#12625,#12632,#12639),#5346);
#12463 = STYLED_ITEM('color',(#12464),#4558);
#12464 = PRESENTATION_STYLE_ASSIGNMENT((#12465));
#12465 = SURFACE_STYLE_USAGE(.BOTH.,#12466);
#12466 = SURFACE_SIDE_STYLE('',(#12467));
#12467 = SURFACE_STYLE_FILL_AREA(#12468);
#12468 = FILL_AREA_STYLE('',(#12469));
#12469 = FILL_AREA_STYLE_COLOUR('',#12271);
#12470 = STYLED_ITEM('color',(#12471),#4598);
#12471 = PRESENTATION_STYLE_ASSIGNMENT((#12472));
#12472 = SURFACE_STYLE_USAGE(.BOTH.,#12473);
#12473 = SURFACE_SIDE_STYLE('',(#12474));
#12474 = SURFACE_STYLE_FILL_AREA(#12475);
#12475 = FILL_AREA_STYLE('',(#12476));
#12476 = FILL_AREA_STYLE_COLOUR('',#12271);
#12477 = STYLED_ITEM('color',(#12478),#4681);
#12478 = PRESENTATION_STYLE_ASSIGNMENT((#12479));
#12479 = SURFACE_STYLE_USAGE(.BOTH.,#12480);
#12480 = SURFACE_SIDE_STYLE('',(#12481));
#12481 = SURFACE_STYLE_FILL_AREA(#12482);
#12482 = FILL_AREA_STYLE('',(#12483));
#12483 = FILL_AREA_STYLE_COLOUR('',#12271);
#12484 = STYLED_ITEM('color',(#12485),#4706);
#12485 = PRESENTATION_STYLE_ASSIGNMENT((#12486));
#12486 = SURFACE_STYLE_USAGE(.BOTH.,#12487);
#12487 = SURFACE_SIDE_STYLE('',(#12488));
#12488 = SURFACE_STYLE_FILL_AREA(#12489);
#12489 = FILL_AREA_STYLE('',(#12490));
#12490 = FILL_AREA_STYLE_COLOUR('',#12271);
#12491 = STYLED_ITEM('color',(#12492),#4731);
#12492 = PRESENTATION_STYLE_ASSIGNMENT((#12493));
#12493 = SURFACE_STYLE_USAGE(.BOTH.,#12494);
#12494 = SURFACE_SIDE_STYLE('',(#12495));
#12495 = SURFACE_STYLE_FILL_AREA(#12496);
#12496 = FILL_AREA_STYLE('',(#12497));
#12497 = FILL_AREA_STYLE_COLOUR('',#12271);
#12498 = STYLED_ITEM('color',(#12499),#4798);
#12499 = PRESENTATION_STYLE_ASSIGNMENT((#12500));
#12500 = SURFACE_STYLE_USAGE(.BOTH.,#12501);
#12501 = SURFACE_SIDE_STYLE('',(#12502));
#12502 = SURFACE_STYLE_FILL_AREA(#12503);
#12503 = FILL_AREA_STYLE('',(#12504));
#12504 = FILL_AREA_STYLE_COLOUR('',#12271);
#12505 = STYLED_ITEM('color',(#12506),#4815);
#12506 = PRESENTATION_STYLE_ASSIGNMENT((#12507));
#12507 = SURFACE_STYLE_USAGE(.BOTH.,#12508);
#12508 = SURFACE_SIDE_STYLE('',(#12509));
#12509 = SURFACE_STYLE_FILL_AREA(#12510);
#12510 = FILL_AREA_STYLE('',(#12511));
#12511 = FILL_AREA_STYLE_COLOUR('',#12271);
#12512 = STYLED_ITEM('color',(#12513),#4832);
#12513 = PRESENTATION_STYLE_ASSIGNMENT((#12514));
#12514 = SURFACE_STYLE_USAGE(.BOTH.,#12515);
#12515 = SURFACE_SIDE_STYLE('',(#12516));
#12516 = SURFACE_STYLE_FILL_AREA(#12517);
#12517 = FILL_AREA_STYLE('',(#12518));
#12518 = FILL_AREA_STYLE_COLOUR('',#11908);
#12519 = STYLED_ITEM('color',(#12520),#4881);
#12520 = PRESENTATION_STYLE_ASSIGNMENT((#12521));
#12521 = SURFACE_STYLE_USAGE(.BOTH.,#12522);
#12522 = SURFACE_SIDE_STYLE('',(#12523));
#12523 = SURFACE_STYLE_FILL_AREA(#12524);
#12524 = FILL_AREA_STYLE('',(#12525));
#12525 = FILL_AREA_STYLE_COLOUR('',#12271);
#12526 = STYLED_ITEM('color',(#12527),#4898);
#12527 = PRESENTATION_STYLE_ASSIGNMENT((#12528));
#12528 = SURFACE_STYLE_USAGE(.BOTH.,#12529);
#12529 = SURFACE_SIDE_STYLE('',(#12530));
#12530 = SURFACE_STYLE_FILL_AREA(#12531);
#12531 = FILL_AREA_STYLE('',(#12532));
#12532 = FILL_AREA_STYLE_COLOUR('',#12271);
#12533 = STYLED_ITEM('color',(#12534),#4915);
#12534 = PRESENTATION_STYLE_ASSIGNMENT((#12535));
#12535 = SURFACE_STYLE_USAGE(.BOTH.,#12536);
#12536 = SURFACE_SIDE_STYLE('',(#12537));
#12537 = SURFACE_STYLE_FILL_AREA(#12538);
#12538 = FILL_AREA_STYLE('',(#12539));
#12539 = FILL_AREA_STYLE_COLOUR('',#11908);
#12540 = STYLED_ITEM('color',(#12541),#4964);
#12541 = PRESENTATION_STYLE_ASSIGNMENT((#12542));
#12542 = SURFACE_STYLE_USAGE(.BOTH.,#12543);
#12543 = SURFACE_SIDE_STYLE('',(#12544));
#12544 = SURFACE_STYLE_FILL_AREA(#12545);
#12545 = FILL_AREA_STYLE('',(#12546));
#12546 = FILL_AREA_STYLE_COLOUR('',#11908);
#12547 = STYLED_ITEM('color',(#12548),#4981);
#12548 = PRESENTATION_STYLE_ASSIGNMENT((#12549));
#12549 = SURFACE_STYLE_USAGE(.BOTH.,#12550);
#12550 = SURFACE_SIDE_STYLE('',(#12551));
#12551 = SURFACE_STYLE_FILL_AREA(#12552);
#12552 = FILL_AREA_STYLE('',(#12553));
#12553 = FILL_AREA_STYLE_COLOUR('',#12271);
#12554 = STYLED_ITEM('color',(#12555),#5050);
#12555 = PRESENTATION_STYLE_ASSIGNMENT((#12556));
#12556 = SURFACE_STYLE_USAGE(.BOTH.,#12557);
#12557 = SURFACE_SIDE_STYLE('',(#12558));
#12558 = SURFACE_STYLE_FILL_AREA(#12559);
#12559 = FILL_AREA_STYLE('',(#12560));
#12560 = FILL_AREA_STYLE_COLOUR('',#12561);
#12561 = COLOUR_RGB('',8.200000279077E-02,8.600000121357E-02,
  9.399999706163E-02);
#12562 = STYLED_ITEM('color',(#12563),#5081);
#12563 = PRESENTATION_STYLE_ASSIGNMENT((#12564));
#12564 = SURFACE_STYLE_USAGE(.BOTH.,#12565);
#12565 = SURFACE_SIDE_STYLE('',(#12566));
#12566 = SURFACE_STYLE_FILL_AREA(#12567);
#12567 = FILL_AREA_STYLE('',(#12568));
#12568 = FILL_AREA_STYLE_COLOUR('',#12561);
#12569 = STYLED_ITEM('color',(#12570),#5105);
#12570 = PRESENTATION_STYLE_ASSIGNMENT((#12571));
#12571 = SURFACE_STYLE_USAGE(.BOTH.,#12572);
#12572 = SURFACE_SIDE_STYLE('',(#12573));
#12573 = SURFACE_STYLE_FILL_AREA(#12574);
#12574 = FILL_AREA_STYLE('',(#12575));
#12575 = FILL_AREA_STYLE_COLOUR('',#12271);
#12576 = STYLED_ITEM('color',(#12577),#5174);
#12577 = PRESENTATION_STYLE_ASSIGNMENT((#12578));
#12578 = SURFACE_STYLE_USAGE(.BOTH.,#12579);
#12579 = SURFACE_SIDE_STYLE('',(#12580));
#12580 = SURFACE_STYLE_FILL_AREA(#12581);
#12581 = FILL_AREA_STYLE('',(#12582));
#12582 = FILL_AREA_STYLE_COLOUR('',#12561);
#12583 = STYLED_ITEM('color',(#12584),#5198);
#12584 = PRESENTATION_STYLE_ASSIGNMENT((#12585));
#12585 = SURFACE_STYLE_USAGE(.BOTH.,#12586);
#12586 = SURFACE_SIDE_STYLE('',(#12587));
#12587 = SURFACE_STYLE_FILL_AREA(#12588);
#12588 = FILL_AREA_STYLE('',(#12589));
#12589 = FILL_AREA_STYLE_COLOUR('',#12271);
#12590 = STYLED_ITEM('color',(#12591),#5215);
#12591 = PRESENTATION_STYLE_ASSIGNMENT((#12592));
#12592 = SURFACE_STYLE_USAGE(.BOTH.,#12593);
#12593 = SURFACE_SIDE_STYLE('',(#12594));
#12594 = SURFACE_STYLE_FILL_AREA(#12595);
#12595 = FILL_AREA_STYLE('',(#12596));
#12596 = FILL_AREA_STYLE_COLOUR('',#12271);
#12597 = STYLED_ITEM('color',(#12598),#5232);
#12598 = PRESENTATION_STYLE_ASSIGNMENT((#12599));
#12599 = SURFACE_STYLE_USAGE(.BOTH.,#12600);
#12600 = SURFACE_SIDE_STYLE('',(#12601));
#12601 = SURFACE_STYLE_FILL_AREA(#12602);
#12602 = FILL_AREA_STYLE('',(#12603));
#12603 = FILL_AREA_STYLE_COLOUR('',#12271);
#12604 = STYLED_ITEM('color',(#12605),#5249);
#12605 = PRESENTATION_STYLE_ASSIGNMENT((#12606));
#12606 = SURFACE_STYLE_USAGE(.BOTH.,#12607);
#12607 = SURFACE_SIDE_STYLE('',(#12608));
#12608 = SURFACE_STYLE_FILL_AREA(#12609);
#12609 = FILL_AREA_STYLE('',(#12610));
#12610 = FILL_AREA_STYLE_COLOUR('',#12271);
#12611 = STYLED_ITEM('color',(#12612),#5266);
#12612 = PRESENTATION_STYLE_ASSIGNMENT((#12613));
#12613 = SURFACE_STYLE_USAGE(.BOTH.,#12614);
#12614 = SURFACE_SIDE_STYLE('',(#12615));
#12615 = SURFACE_STYLE_FILL_AREA(#12616);
#12616 = FILL_AREA_STYLE('',(#12617));
#12617 = FILL_AREA_STYLE_COLOUR('',#12271);
#12618 = STYLED_ITEM('color',(#12619),#5283);
#12619 = PRESENTATION_STYLE_ASSIGNMENT((#12620));
#12620 = SURFACE_STYLE_USAGE(.BOTH.,#12621);
#12621 = SURFACE_SIDE_STYLE('',(#12622));
#12622 = SURFACE_STYLE_FILL_AREA(#12623);
#12623 = FILL_AREA_STYLE('',(#12624));
#12624 = FILL_AREA_STYLE_COLOUR('',#12271);
#12625 = STYLED_ITEM('color',(#12626),#5300);
#12626 = PRESENTATION_STYLE_ASSIGNMENT((#12627));
#12627 = SURFACE_STYLE_USAGE(.BOTH.,#12628);
#12628 = SURFACE_SIDE_STYLE('',(#12629));
#12629 = SURFACE_STYLE_FILL_AREA(#12630);
#12630 = FILL_AREA_STYLE('',(#12631));
#12631 = FILL_AREA_STYLE_COLOUR('',#12271);
#12632 = STYLED_ITEM('color',(#12633),#5317);
#12633 = PRESENTATION_STYLE_ASSIGNMENT((#12634));
#12634 = SURFACE_STYLE_USAGE(.BOTH.,#12635);
#12635 = SURFACE_SIDE_STYLE('',(#12636));
#12636 = SURFACE_STYLE_FILL_AREA(#12637);
#12637 = FILL_AREA_STYLE('',(#12638));
#12638 = FILL_AREA_STYLE_COLOUR('',#12561);
#12639 = STYLED_ITEM('color',(#12640),#5334);
#12640 = PRESENTATION_STYLE_ASSIGNMENT((#12641));
#12641 = SURFACE_STYLE_USAGE(.BOTH.,#12642);
#12642 = SURFACE_SIDE_STYLE('',(#12643));
#12643 = SURFACE_STYLE_FILL_AREA(#12644);
#12644 = FILL_AREA_STYLE('',(#12645));
#12645 = FILL_AREA_STYLE_COLOUR('',#12561);
#12646 = MECHANICAL_DESIGN_GEOMETRIC_PRESENTATION_REPRESENTATION('',(
    #12647),#11889);
#12647 = STYLED_ITEM('color',(#12648),#11443);
#12648 = PRESENTATION_STYLE_ASSIGNMENT((#12649));
#12649 = SURFACE_STYLE_USAGE(.BOTH.,#12650);
#12650 = SURFACE_SIDE_STYLE('',(#12651));
#12651 = SURFACE_STYLE_FILL_AREA(#12652);
#12652 = FILL_AREA_STYLE('',(#12653));
#12653 = FILL_AREA_STYLE_COLOUR('',#12654);
#12654 = COLOUR_RGB('',0.313304153717,0.484529207832,0.410020903123);
#12655 = MECHANICAL_DESIGN_GEOMETRIC_PRESENTATION_REPRESENTATION('',(
    #12656,#12663,#12670,#12677,#12684,#12691,#12698,#12705,#12712,
    #12719,#12726,#12733,#12740,#12747,#12754,#12761,#12768,#12775,
    #12782,#12789,#12796,#12803,#12810,#12817,#12824,#12831,#12838,
    #12845),#8999);
#12656 = STYLED_ITEM('color',(#12657),#8147);
#12657 = PRESENTATION_STYLE_ASSIGNMENT((#12658));
#12658 = SURFACE_STYLE_USAGE(.BOTH.,#12659);
#12659 = SURFACE_SIDE_STYLE('',(#12660));
#12660 = SURFACE_STYLE_FILL_AREA(#12661);
#12661 = FILL_AREA_STYLE('',(#12662));
#12662 = FILL_AREA_STYLE_COLOUR('',#12271);
#12663 = STYLED_ITEM('color',(#12664),#8223);
#12664 = PRESENTATION_STYLE_ASSIGNMENT((#12665));
#12665 = SURFACE_STYLE_USAGE(.BOTH.,#12666);
#12666 = SURFACE_SIDE_STYLE('',(#12667));
#12667 = SURFACE_STYLE_FILL_AREA(#12668);
#12668 = FILL_AREA_STYLE('',(#12669));
#12669 = FILL_AREA_STYLE_COLOUR('',#12271);
#12670 = STYLED_ITEM('color',(#12671),#8254);
#12671 = PRESENTATION_STYLE_ASSIGNMENT((#12672));
#12672 = SURFACE_STYLE_USAGE(.BOTH.,#12673);
#12673 = SURFACE_SIDE_STYLE('',(#12674));
#12674 = SURFACE_STYLE_FILL_AREA(#12675);
#12675 = FILL_AREA_STYLE('',(#12676));
#12676 = FILL_AREA_STYLE_COLOUR('',#12271);
#12677 = STYLED_ITEM('color',(#12678),#8279);
#12678 = PRESENTATION_STYLE_ASSIGNMENT((#12679));
#12679 = SURFACE_STYLE_USAGE(.BOTH.,#12680);
#12680 = SURFACE_SIDE_STYLE('',(#12681));
#12681 = SURFACE_STYLE_FILL_AREA(#12682);
#12682 = FILL_AREA_STYLE('',(#12683));
#12683 = FILL_AREA_STYLE_COLOUR('',#12271);
#12684 = STYLED_ITEM('color',(#12685),#8304);
#12685 = PRESENTATION_STYLE_ASSIGNMENT((#12686));
#12686 = SURFACE_STYLE_USAGE(.BOTH.,#12687);
#12687 = SURFACE_SIDE_STYLE('',(#12688));
#12688 = SURFACE_STYLE_FILL_AREA(#12689);
#12689 = FILL_AREA_STYLE('',(#12690));
#12690 = FILL_AREA_STYLE_COLOUR('',#12271);
#12691 = STYLED_ITEM('color',(#12692),#8328);
#12692 = PRESENTATION_STYLE_ASSIGNMENT((#12693));
#12693 = SURFACE_STYLE_USAGE(.BOTH.,#12694);
#12694 = SURFACE_SIDE_STYLE('',(#12695));
#12695 = SURFACE_STYLE_FILL_AREA(#12696);
#12696 = FILL_AREA_STYLE('',(#12697));
#12697 = FILL_AREA_STYLE_COLOUR('',#12271);
#12698 = STYLED_ITEM('color',(#12699),#8352);
#12699 = PRESENTATION_STYLE_ASSIGNMENT((#12700));
#12700 = SURFACE_STYLE_USAGE(.BOTH.,#12701);
#12701 = SURFACE_SIDE_STYLE('',(#12702));
#12702 = SURFACE_STYLE_FILL_AREA(#12703);
#12703 = FILL_AREA_STYLE('',(#12704));
#12704 = FILL_AREA_STYLE_COLOUR('',#12271);
#12705 = STYLED_ITEM('color',(#12706),#8377);
#12706 = PRESENTATION_STYLE_ASSIGNMENT((#12707));
#12707 = SURFACE_STYLE_USAGE(.BOTH.,#12708);
#12708 = SURFACE_SIDE_STYLE('',(#12709));
#12709 = SURFACE_STYLE_FILL_AREA(#12710);
#12710 = FILL_AREA_STYLE('',(#12711));
#12711 = FILL_AREA_STYLE_COLOUR('',#12271);
#12712 = STYLED_ITEM('color',(#12713),#8402);
#12713 = PRESENTATION_STYLE_ASSIGNMENT((#12714));
#12714 = SURFACE_STYLE_USAGE(.BOTH.,#12715);
#12715 = SURFACE_SIDE_STYLE('',(#12716));
#12716 = SURFACE_STYLE_FILL_AREA(#12717);
#12717 = FILL_AREA_STYLE('',(#12718));
#12718 = FILL_AREA_STYLE_COLOUR('',#12271);
#12719 = STYLED_ITEM('color',(#12720),#8419);
#12720 = PRESENTATION_STYLE_ASSIGNMENT((#12721));
#12721 = SURFACE_STYLE_USAGE(.BOTH.,#12722);
#12722 = SURFACE_SIDE_STYLE('',(#12723));
#12723 = SURFACE_STYLE_FILL_AREA(#12724);
#12724 = FILL_AREA_STYLE('',(#12725));
#12725 = FILL_AREA_STYLE_COLOUR('',#12271);
#12726 = STYLED_ITEM('color',(#12727),#8505);
#12727 = PRESENTATION_STYLE_ASSIGNMENT((#12728));
#12728 = SURFACE_STYLE_USAGE(.BOTH.,#12729);
#12729 = SURFACE_SIDE_STYLE('',(#12730));
#12730 = SURFACE_STYLE_FILL_AREA(#12731);
#12731 = FILL_AREA_STYLE('',(#12732));
#12732 = FILL_AREA_STYLE_COLOUR('',#12342);
#12733 = STYLED_ITEM('color',(#12734),#8537);
#12734 = PRESENTATION_STYLE_ASSIGNMENT((#12735));
#12735 = SURFACE_STYLE_USAGE(.BOTH.,#12736);
#12736 = SURFACE_SIDE_STYLE('',(#12737));
#12737 = SURFACE_STYLE_FILL_AREA(#12738);
#12738 = FILL_AREA_STYLE('',(#12739));
#12739 = FILL_AREA_STYLE_COLOUR('',#12342);
#12740 = STYLED_ITEM('color',(#12741),#8561);
#12741 = PRESENTATION_STYLE_ASSIGNMENT((#12742));
#12742 = SURFACE_STYLE_USAGE(.BOTH.,#12743);
#12743 = SURFACE_SIDE_STYLE('',(#12744));
#12744 = SURFACE_STYLE_FILL_AREA(#12745);
#12745 = FILL_AREA_STYLE('',(#12746));
#12746 = FILL_AREA_STYLE_COLOUR('',#12342);
#12747 = STYLED_ITEM('color',(#12748),#8586);
#12748 = PRESENTATION_STYLE_ASSIGNMENT((#12749));
#12749 = SURFACE_STYLE_USAGE(.BOTH.,#12750);
#12750 = SURFACE_SIDE_STYLE('',(#12751));
#12751 = SURFACE_STYLE_FILL_AREA(#12752);
#12752 = FILL_AREA_STYLE('',(#12753));
#12753 = FILL_AREA_STYLE_COLOUR('',#12342);
#12754 = STYLED_ITEM('color',(#12755),#8610);
#12755 = PRESENTATION_STYLE_ASSIGNMENT((#12756));
#12756 = SURFACE_STYLE_USAGE(.BOTH.,#12757);
#12757 = SURFACE_SIDE_STYLE('',(#12758));
#12758 = SURFACE_STYLE_FILL_AREA(#12759);
#12759 = FILL_AREA_STYLE('',(#12760));
#12760 = FILL_AREA_STYLE_COLOUR('',#12342);
#12761 = STYLED_ITEM('color',(#12762),#8635);
#12762 = PRESENTATION_STYLE_ASSIGNMENT((#12763));
#12763 = SURFACE_STYLE_USAGE(.BOTH.,#12764);
#12764 = SURFACE_SIDE_STYLE('',(#12765));
#12765 = SURFACE_STYLE_FILL_AREA(#12766);
#12766 = FILL_AREA_STYLE('',(#12767));
#12767 = FILL_AREA_STYLE_COLOUR('',#12342);
#12768 = STYLED_ITEM('color',(#12769),#8659);
#12769 = PRESENTATION_STYLE_ASSIGNMENT((#12770));
#12770 = SURFACE_STYLE_USAGE(.BOTH.,#12771);
#12771 = SURFACE_SIDE_STYLE('',(#12772));
#12772 = SURFACE_STYLE_FILL_AREA(#12773);
#12773 = FILL_AREA_STYLE('',(#12774));
#12774 = FILL_AREA_STYLE_COLOUR('',#12342);
#12775 = STYLED_ITEM('color',(#12776),#8684);
#12776 = PRESENTATION_STYLE_ASSIGNMENT((#12777));
#12777 = SURFACE_STYLE_USAGE(.BOTH.,#12778);
#12778 = SURFACE_SIDE_STYLE('',(#12779));
#12779 = SURFACE_STYLE_FILL_AREA(#12780);
#12780 = FILL_AREA_STYLE('',(#12781));
#12781 = FILL_AREA_STYLE_COLOUR('',#12342);
#12782 = STYLED_ITEM('color',(#12783),#8701);
#12783 = PRESENTATION_STYLE_ASSIGNMENT((#12784));
#12784 = SURFACE_STYLE_USAGE(.BOTH.,#12785);
#12785 = SURFACE_SIDE_STYLE('',(#12786));
#12786 = SURFACE_STYLE_FILL_AREA(#12787);
#12787 = FILL_AREA_STYLE('',(#12788));
#12788 = FILL_AREA_STYLE_COLOUR('',#12271);
#12789 = STYLED_ITEM('color',(#12790),#8787);
#12790 = PRESENTATION_STYLE_ASSIGNMENT((#12791));
#12791 = SURFACE_STYLE_USAGE(.BOTH.,#12792);
#12792 = SURFACE_SIDE_STYLE('',(#12793));
#12793 = SURFACE_STYLE_FILL_AREA(#12794);
#12794 = FILL_AREA_STYLE('',(#12795));
#12795 = FILL_AREA_STYLE_COLOUR('',#12271);
#12796 = STYLED_ITEM('color',(#12797),#8818);
#12797 = PRESENTATION_STYLE_ASSIGNMENT((#12798));
#12798 = SURFACE_STYLE_USAGE(.BOTH.,#12799);
#12799 = SURFACE_SIDE_STYLE('',(#12800));
#12800 = SURFACE_STYLE_FILL_AREA(#12801);
#12801 = FILL_AREA_STYLE('',(#12802));
#12802 = FILL_AREA_STYLE_COLOUR('',#12271);
#12803 = STYLED_ITEM('color',(#12804),#8843);
#12804 = PRESENTATION_STYLE_ASSIGNMENT((#12805));
#12805 = SURFACE_STYLE_USAGE(.BOTH.,#12806);
#12806 = SURFACE_SIDE_STYLE('',(#12807));
#12807 = SURFACE_STYLE_FILL_AREA(#12808);
#12808 = FILL_AREA_STYLE('',(#12809));
#12809 = FILL_AREA_STYLE_COLOUR('',#12271);
#12810 = STYLED_ITEM('color',(#12811),#8868);
#12811 = PRESENTATION_STYLE_ASSIGNMENT((#12812));
#12812 = SURFACE_STYLE_USAGE(.BOTH.,#12813);
#12813 = SURFACE_SIDE_STYLE('',(#12814));
#12814 = SURFACE_STYLE_FILL_AREA(#12815);
#12815 = FILL_AREA_STYLE('',(#12816));
#12816 = FILL_AREA_STYLE_COLOUR('',#12271);
#12817 = STYLED_ITEM('color',(#12818),#8892);
#12818 = PRESENTATION_STYLE_ASSIGNMENT((#12819));
#12819 = SURFACE_STYLE_USAGE(.BOTH.,#12820);
#12820 = SURFACE_SIDE_STYLE('',(#12821));
#12821 = SURFACE_STYLE_FILL_AREA(#12822);
#12822 = FILL_AREA_STYLE('',(#12823));
#12823 = FILL_AREA_STYLE_COLOUR('',#12271);
#12824 = STYLED_ITEM('color',(#12825),#8916);
#12825 = PRESENTATION_STYLE_ASSIGNMENT((#12826));
#12826 = SURFACE_STYLE_USAGE(.BOTH.,#12827);
#12827 = SURFACE_SIDE_STYLE('',(#12828));
#12828 = SURFACE_STYLE_FILL_AREA(#12829);
#12829 = FILL_AREA_STYLE('',(#12830));
#12830 = FILL_AREA_STYLE_COLOUR('',#12271);
#12831 = STYLED_ITEM('color',(#12832),#8941);
#12832 = PRESENTATION_STYLE_ASSIGNMENT((#12833));
#12833 = SURFACE_STYLE_USAGE(.BOTH.,#12834);
#12834 = SURFACE_SIDE_STYLE('',(#12835));
#12835 = SURFACE_STYLE_FILL_AREA(#12836);
#12836 = FILL_AREA_STYLE('',(#12837));
#12837 = FILL_AREA_STYLE_COLOUR('',#12271);
#12838 = STYLED_ITEM('color',(#12839),#8966);
#12839 = PRESENTATION_STYLE_ASSIGNMENT((#12840));
#12840 = SURFACE_STYLE_USAGE(.BOTH.,#12841);
#12841 = SURFACE_SIDE_STYLE('',(#12842));
#12842 = SURFACE_STYLE_FILL_AREA(#12843);
#12843 = FILL_AREA_STYLE('',(#12844));
#12844 = FILL_AREA_STYLE_COLOUR('',#12271);
#12845 = STYLED_ITEM('color',(#12846),#8983);
#12846 = PRESENTATION_STYLE_ASSIGNMENT((#12847));
#12847 = SURFACE_STYLE_USAGE(.BOTH.,#12848);
#12848 = SURFACE_SIDE_STYLE('',(#12849));
#12849 = SURFACE_STYLE_FILL_AREA(#12850);
#12850 = FILL_AREA_STYLE('',(#12851));
#12851 = FILL_AREA_STYLE_COLOUR('',#12271);
#12852 = MECHANICAL_DESIGN_GEOMETRIC_PRESENTATION_REPRESENTATION('',(
    #12853,#12863,#12872,#12881,#12890,#12899,#12908,#12917,#12926,
    #12935,#12944,#12953,#12962,#12971,#12980,#12989,#12998,#13007,
    #13016,#13025,#13034,#13043,#13052,#13061,#13070,#13079,#13088,
    #13097,#13106,#13115,#13124,#13133,#13142,#13151,#13160,#13169,
    #13178,#13187,#13196,#13205,#13214,#13223,#13232,#13241,#13250,
    #13259,#13268,#13277,#13286,#13295,#13304,#13313,#13322,#13331,
    #13340,#13349,#13358,#13367,#13376,#13385,#13394,#13403,#13412,
    #13421,#13430,#13439,#13448,#13457,#13466,#13475,#13484,#13493,
    #13502,#13511,#13520,#13529,#13538,#13547,#13556,#13565,#13574,
    #13583,#13592,#13601,#13610,#13619,#13628,#13637,#13646,#13655,
    #13664,#13673,#13682,#13691,#13700,#13709,#13718,#13727,#13736,
    #13745,#13754,#13763,#13772,#13781,#13790,#13799,#13808,#13817,
    #13826,#13835,#13844,#13853,#13862,#13871,#13880,#13889,#13898,
    #13907,#13916,#13925,#13934,#13943,#13952,#13961,#13970,#13979,
    #13988,#13997,#14006,#14015,#14024,#14033,#14042,#14051,#14060,
    #14069,#14078,#14087,#14096,#14105,#14114,#14123,#14132,#14141,
    #14150,#14159,#14168),#4537);
#12853 = STYLED_ITEM('color',(#12854),#71);
#12854 = PRESENTATION_STYLE_ASSIGNMENT((#12855,#12861));
#12855 = SURFACE_STYLE_USAGE(.BOTH.,#12856);
#12856 = SURFACE_SIDE_STYLE('',(#12857));
#12857 = SURFACE_STYLE_FILL_AREA(#12858);
#12858 = FILL_AREA_STYLE('',(#12859));
#12859 = FILL_AREA_STYLE_COLOUR('',#12860);
#12860 = COLOUR_RGB('',0.147999998088,0.145000001626,0.145000001626);
#12861 = CURVE_STYLE('',#12862,POSITIVE_LENGTH_MEASURE(0.1),#12860);
#12862 = DRAUGHTING_PRE_DEFINED_CURVE_FONT('continuous');
#12863 = STYLED_ITEM('color',(#12864),#109);
#12864 = PRESENTATION_STYLE_ASSIGNMENT((#12865,#12870));
#12865 = SURFACE_STYLE_USAGE(.BOTH.,#12866);
#12866 = SURFACE_SIDE_STYLE('',(#12867));
#12867 = SURFACE_STYLE_FILL_AREA(#12868);
#12868 = FILL_AREA_STYLE('',(#12869));
#12869 = FILL_AREA_STYLE_COLOUR('',#12860);
#12870 = CURVE_STYLE('',#12871,POSITIVE_LENGTH_MEASURE(0.1),#12860);
#12871 = DRAUGHTING_PRE_DEFINED_CURVE_FONT('continuous');
#12872 = STYLED_ITEM('color',(#12873),#172);
#12873 = PRESENTATION_STYLE_ASSIGNMENT((#12874,#12879));
#12874 = SURFACE_STYLE_USAGE(.BOTH.,#12875);
#12875 = SURFACE_SIDE_STYLE('',(#12876));
#12876 = SURFACE_STYLE_FILL_AREA(#12877);
#12877 = FILL_AREA_STYLE('',(#12878));
#12878 = FILL_AREA_STYLE_COLOUR('',#12860);
#12879 = CURVE_STYLE('',#12880,POSITIVE_LENGTH_MEASURE(0.1),#12860);
#12880 = DRAUGHTING_PRE_DEFINED_CURVE_FONT('continuous');
#12881 = STYLED_ITEM('color',(#12882),#195);
#12882 = PRESENTATION_STYLE_ASSIGNMENT((#12883,#12888));
#12883 = SURFACE_STYLE_USAGE(.BOTH.,#12884);
#12884 = SURFACE_SIDE_STYLE('',(#12885));
#12885 = SURFACE_STYLE_FILL_AREA(#12886);
#12886 = FILL_AREA_STYLE('',(#12887));
#12887 = FILL_AREA_STYLE_COLOUR('',#12860);
#12888 = CURVE_STYLE('',#12889,POSITIVE_LENGTH_MEASURE(0.1),#12860);
#12889 = DRAUGHTING_PRE_DEFINED_CURVE_FONT('continuous');
#12890 = STYLED_ITEM('color',(#12891),#224);
#12891 = PRESENTATION_STYLE_ASSIGNMENT((#12892,#12897));
#12892 = SURFACE_STYLE_USAGE(.BOTH.,#12893);
#12893 = SURFACE_SIDE_STYLE('',(#12894));
#12894 = SURFACE_STYLE_FILL_AREA(#12895);
#12895 = FILL_AREA_STYLE('',(#12896));
#12896 = FILL_AREA_STYLE_COLOUR('',#12860);
#12897 = CURVE_STYLE('',#12898,POSITIVE_LENGTH_MEASURE(0.1),#12860);
#12898 = DRAUGHTING_PRE_DEFINED_CURVE_FONT('continuous');
#12899 = STYLED_ITEM('color',(#12900),#247);
#12900 = PRESENTATION_STYLE_ASSIGNMENT((#12901,#12906));
#12901 = SURFACE_STYLE_USAGE(.BOTH.,#12902);
#12902 = SURFACE_SIDE_STYLE('',(#12903));
#12903 = SURFACE_STYLE_FILL_AREA(#12904);
#12904 = FILL_AREA_STYLE('',(#12905));
#12905 = FILL_AREA_STYLE_COLOUR('',#12860);
#12906 = CURVE_STYLE('',#12907,POSITIVE_LENGTH_MEASURE(0.1),#12860);
#12907 = DRAUGHTING_PRE_DEFINED_CURVE_FONT('continuous');
#12908 = STYLED_ITEM('color',(#12909),#334);
#12909 = PRESENTATION_STYLE_ASSIGNMENT((#12910,#12915));
#12910 = SURFACE_STYLE_USAGE(.BOTH.,#12911);
#12911 = SURFACE_SIDE_STYLE('',(#12912));
#12912 = SURFACE_STYLE_FILL_AREA(#12913);
#12913 = FILL_AREA_STYLE('',(#12914));
#12914 = FILL_AREA_STYLE_COLOUR('',#12860);
#12915 = CURVE_STYLE('',#12916,POSITIVE_LENGTH_MEASURE(0.1),#12860);
#12916 = DRAUGHTING_PRE_DEFINED_CURVE_FONT('continuous');
#12917 = STYLED_ITEM('color',(#12918),#421);
#12918 = PRESENTATION_STYLE_ASSIGNMENT((#12919,#12924));
#12919 = SURFACE_STYLE_USAGE(.BOTH.,#12920);
#12920 = SURFACE_SIDE_STYLE('',(#12921));
#12921 = SURFACE_STYLE_FILL_AREA(#12922);
#12922 = FILL_AREA_STYLE('',(#12923));
#12923 = FILL_AREA_STYLE_COLOUR('',#12860);
#12924 = CURVE_STYLE('',#12925,POSITIVE_LENGTH_MEASURE(0.1),#12860);
#12925 = DRAUGHTING_PRE_DEFINED_CURVE_FONT('continuous');
#12926 = STYLED_ITEM('color',(#12927),#444);
#12927 = PRESENTATION_STYLE_ASSIGNMENT((#12928,#12933));
#12928 = SURFACE_STYLE_USAGE(.BOTH.,#12929);
#12929 = SURFACE_SIDE_STYLE('',(#12930));
#12930 = SURFACE_STYLE_FILL_AREA(#12931);
#12931 = FILL_AREA_STYLE('',(#12932));
#12932 = FILL_AREA_STYLE_COLOUR('',#12860);
#12933 = CURVE_STYLE('',#12934,POSITIVE_LENGTH_MEASURE(0.1),#12860);
#12934 = DRAUGHTING_PRE_DEFINED_CURVE_FONT('continuous');
#12935 = STYLED_ITEM('color',(#12936),#467);
#12936 = PRESENTATION_STYLE_ASSIGNMENT((#12937,#12942));
#12937 = SURFACE_STYLE_USAGE(.BOTH.,#12938);
#12938 = SURFACE_SIDE_STYLE('',(#12939));
#12939 = SURFACE_STYLE_FILL_AREA(#12940);
#12940 = FILL_AREA_STYLE('',(#12941));
#12941 = FILL_AREA_STYLE_COLOUR('',#12860);
#12942 = CURVE_STYLE('',#12943,POSITIVE_LENGTH_MEASURE(0.1),#12860);
#12943 = DRAUGHTING_PRE_DEFINED_CURVE_FONT('continuous');
#12944 = STYLED_ITEM('color',(#12945),#484);
#12945 = PRESENTATION_STYLE_ASSIGNMENT((#12946,#12951));
#12946 = SURFACE_STYLE_USAGE(.BOTH.,#12947);
#12947 = SURFACE_SIDE_STYLE('',(#12948));
#12948 = SURFACE_STYLE_FILL_AREA(#12949);
#12949 = FILL_AREA_STYLE('',(#12950));
#12950 = FILL_AREA_STYLE_COLOUR('',#12860);
#12951 = CURVE_STYLE('',#12952,POSITIVE_LENGTH_MEASURE(0.1),#12860);
#12952 = DRAUGHTING_PRE_DEFINED_CURVE_FONT('continuous');
#12953 = STYLED_ITEM('color',(#12954),#507);
#12954 = PRESENTATION_STYLE_ASSIGNMENT((#12955,#12960));
#12955 = SURFACE_STYLE_USAGE(.BOTH.,#12956);
#12956 = SURFACE_SIDE_STYLE('',(#12957));
#12957 = SURFACE_STYLE_FILL_AREA(#12958);
#12958 = FILL_AREA_STYLE('',(#12959));
#12959 = FILL_AREA_STYLE_COLOUR('',#12860);
#12960 = CURVE_STYLE('',#12961,POSITIVE_LENGTH_MEASURE(0.1),#12860);
#12961 = DRAUGHTING_PRE_DEFINED_CURVE_FONT('continuous');
#12962 = STYLED_ITEM('color',(#12963),#595);
#12963 = PRESENTATION_STYLE_ASSIGNMENT((#12964,#12969));
#12964 = SURFACE_STYLE_USAGE(.BOTH.,#12965);
#12965 = SURFACE_SIDE_STYLE('',(#12966));
#12966 = SURFACE_STYLE_FILL_AREA(#12967);
#12967 = FILL_AREA_STYLE('',(#12968));
#12968 = FILL_AREA_STYLE_COLOUR('',#12860);
#12969 = CURVE_STYLE('',#12970,POSITIVE_LENGTH_MEASURE(0.1),#12860);
#12970 = DRAUGHTING_PRE_DEFINED_CURVE_FONT('continuous');
#12971 = STYLED_ITEM('color',(#12972),#611);
#12972 = PRESENTATION_STYLE_ASSIGNMENT((#12973,#12978));
#12973 = SURFACE_STYLE_USAGE(.BOTH.,#12974);
#12974 = SURFACE_SIDE_STYLE('',(#12975));
#12975 = SURFACE_STYLE_FILL_AREA(#12976);
#12976 = FILL_AREA_STYLE('',(#12977));
#12977 = FILL_AREA_STYLE_COLOUR('',#12860);
#12978 = CURVE_STYLE('',#12979,POSITIVE_LENGTH_MEASURE(0.1),#12860);
#12979 = DRAUGHTING_PRE_DEFINED_CURVE_FONT('continuous');
#12980 = STYLED_ITEM('color',(#12981),#641);
#12981 = PRESENTATION_STYLE_ASSIGNMENT((#12982,#12987));
#12982 = SURFACE_STYLE_USAGE(.BOTH.,#12983);
#12983 = SURFACE_SIDE_STYLE('',(#12984));
#12984 = SURFACE_STYLE_FILL_AREA(#12985);
#12985 = FILL_AREA_STYLE('',(#12986));
#12986 = FILL_AREA_STYLE_COLOUR('',#12271);
#12987 = CURVE_STYLE('',#12988,POSITIVE_LENGTH_MEASURE(0.1),#12271);
#12988 = DRAUGHTING_PRE_DEFINED_CURVE_FONT('continuous');
#12989 = STYLED_ITEM('color',(#12990),#672);
#12990 = PRESENTATION_STYLE_ASSIGNMENT((#12991,#12996));
#12991 = SURFACE_STYLE_USAGE(.BOTH.,#12992);
#12992 = SURFACE_SIDE_STYLE('',(#12993));
#12993 = SURFACE_STYLE_FILL_AREA(#12994);
#12994 = FILL_AREA_STYLE('',(#12995));
#12995 = FILL_AREA_STYLE_COLOUR('',#12860);
#12996 = CURVE_STYLE('',#12997,POSITIVE_LENGTH_MEASURE(0.1),#12860);
#12997 = DRAUGHTING_PRE_DEFINED_CURVE_FONT('continuous');
#12998 = STYLED_ITEM('color',(#12999),#703);
#12999 = PRESENTATION_STYLE_ASSIGNMENT((#13000,#13005));
#13000 = SURFACE_STYLE_USAGE(.BOTH.,#13001);
#13001 = SURFACE_SIDE_STYLE('',(#13002));
#13002 = SURFACE_STYLE_FILL_AREA(#13003);
#13003 = FILL_AREA_STYLE('',(#13004));
#13004 = FILL_AREA_STYLE_COLOUR('',#12271);
#13005 = CURVE_STYLE('',#13006,POSITIVE_LENGTH_MEASURE(0.1),#12271);
#13006 = DRAUGHTING_PRE_DEFINED_CURVE_FONT('continuous');
#13007 = STYLED_ITEM('color',(#13008),#734);
#13008 = PRESENTATION_STYLE_ASSIGNMENT((#13009,#13014));
#13009 = SURFACE_STYLE_USAGE(.BOTH.,#13010);
#13010 = SURFACE_SIDE_STYLE('',(#13011));
#13011 = SURFACE_STYLE_FILL_AREA(#13012);
#13012 = FILL_AREA_STYLE('',(#13013));
#13013 = FILL_AREA_STYLE_COLOUR('',#12860);
#13014 = CURVE_STYLE('',#13015,POSITIVE_LENGTH_MEASURE(0.1),#12860);
#13015 = DRAUGHTING_PRE_DEFINED_CURVE_FONT('continuous');
#13016 = STYLED_ITEM('color',(#13017),#765);
#13017 = PRESENTATION_STYLE_ASSIGNMENT((#13018,#13023));
#13018 = SURFACE_STYLE_USAGE(.BOTH.,#13019);
#13019 = SURFACE_SIDE_STYLE('',(#13020));
#13020 = SURFACE_STYLE_FILL_AREA(#13021);
#13021 = FILL_AREA_STYLE('',(#13022));
#13022 = FILL_AREA_STYLE_COLOUR('',#12271);
#13023 = CURVE_STYLE('',#13024,POSITIVE_LENGTH_MEASURE(0.1),#12271);
#13024 = DRAUGHTING_PRE_DEFINED_CURVE_FONT('continuous');
#13025 = STYLED_ITEM('color',(#13026),#796);
#13026 = PRESENTATION_STYLE_ASSIGNMENT((#13027,#13032));
#13027 = SURFACE_STYLE_USAGE(.BOTH.,#13028);
#13028 = SURFACE_SIDE_STYLE('',(#13029));
#13029 = SURFACE_STYLE_FILL_AREA(#13030);
#13030 = FILL_AREA_STYLE('',(#13031));
#13031 = FILL_AREA_STYLE_COLOUR('',#12860);
#13032 = CURVE_STYLE('',#13033,POSITIVE_LENGTH_MEASURE(0.1),#12860);
#13033 = DRAUGHTING_PRE_DEFINED_CURVE_FONT('continuous');
#13034 = STYLED_ITEM('color',(#13035),#827);
#13035 = PRESENTATION_STYLE_ASSIGNMENT((#13036,#13041));
#13036 = SURFACE_STYLE_USAGE(.BOTH.,#13037);
#13037 = SURFACE_SIDE_STYLE('',(#13038));
#13038 = SURFACE_STYLE_FILL_AREA(#13039);
#13039 = FILL_AREA_STYLE('',(#13040));
#13040 = FILL_AREA_STYLE_COLOUR('',#12271);
#13041 = CURVE_STYLE('',#13042,POSITIVE_LENGTH_MEASURE(0.1),#12271);
#13042 = DRAUGHTING_PRE_DEFINED_CURVE_FONT('continuous');
#13043 = STYLED_ITEM('color',(#13044),#858);
#13044 = PRESENTATION_STYLE_ASSIGNMENT((#13045,#13050));
#13045 = SURFACE_STYLE_USAGE(.BOTH.,#13046);
#13046 = SURFACE_SIDE_STYLE('',(#13047));
#13047 = SURFACE_STYLE_FILL_AREA(#13048);
#13048 = FILL_AREA_STYLE('',(#13049));
#13049 = FILL_AREA_STYLE_COLOUR('',#12860);
#13050 = CURVE_STYLE('',#13051,POSITIVE_LENGTH_MEASURE(0.1),#12860);
#13051 = DRAUGHTING_PRE_DEFINED_CURVE_FONT('continuous');
#13052 = STYLED_ITEM('color',(#13053),#875);
#13053 = PRESENTATION_STYLE_ASSIGNMENT((#13054,#13059));
#13054 = SURFACE_STYLE_USAGE(.BOTH.,#13055);
#13055 = SURFACE_SIDE_STYLE('',(#13056));
#13056 = SURFACE_STYLE_FILL_AREA(#13057);
#13057 = FILL_AREA_STYLE('',(#13058));
#13058 = FILL_AREA_STYLE_COLOUR('',#12860);
#13059 = CURVE_STYLE('',#13060,POSITIVE_LENGTH_MEASURE(0.1),#12860);
#13060 = DRAUGHTING_PRE_DEFINED_CURVE_FONT('continuous');
#13061 = STYLED_ITEM('color',(#13062),#892);
#13062 = PRESENTATION_STYLE_ASSIGNMENT((#13063,#13068));
#13063 = SURFACE_STYLE_USAGE(.BOTH.,#13064);
#13064 = SURFACE_SIDE_STYLE('',(#13065));
#13065 = SURFACE_STYLE_FILL_AREA(#13066);
#13066 = FILL_AREA_STYLE('',(#13067));
#13067 = FILL_AREA_STYLE_COLOUR('',#12271);
#13068 = CURVE_STYLE('',#13069,POSITIVE_LENGTH_MEASURE(0.1),#12271);
#13069 = DRAUGHTING_PRE_DEFINED_CURVE_FONT('continuous');
#13070 = STYLED_ITEM('color',(#13071),#923);
#13071 = PRESENTATION_STYLE_ASSIGNMENT((#13072,#13077));
#13072 = SURFACE_STYLE_USAGE(.BOTH.,#13073);
#13073 = SURFACE_SIDE_STYLE('',(#13074));
#13074 = SURFACE_STYLE_FILL_AREA(#13075);
#13075 = FILL_AREA_STYLE('',(#13076));
#13076 = FILL_AREA_STYLE_COLOUR('',#12860);
#13077 = CURVE_STYLE('',#13078,POSITIVE_LENGTH_MEASURE(0.1),#12860);
#13078 = DRAUGHTING_PRE_DEFINED_CURVE_FONT('continuous');
#13079 = STYLED_ITEM('color',(#13080),#954);
#13080 = PRESENTATION_STYLE_ASSIGNMENT((#13081,#13086));
#13081 = SURFACE_STYLE_USAGE(.BOTH.,#13082);
#13082 = SURFACE_SIDE_STYLE('',(#13083));
#13083 = SURFACE_STYLE_FILL_AREA(#13084);
#13084 = FILL_AREA_STYLE('',(#13085));
#13085 = FILL_AREA_STYLE_COLOUR('',#12271);
#13086 = CURVE_STYLE('',#13087,POSITIVE_LENGTH_MEASURE(0.1),#12271);
#13087 = DRAUGHTING_PRE_DEFINED_CURVE_FONT('continuous');
#13088 = STYLED_ITEM('color',(#13089),#985);
#13089 = PRESENTATION_STYLE_ASSIGNMENT((#13090,#13095));
#13090 = SURFACE_STYLE_USAGE(.BOTH.,#13091);
#13091 = SURFACE_SIDE_STYLE('',(#13092));
#13092 = SURFACE_STYLE_FILL_AREA(#13093);
#13093 = FILL_AREA_STYLE('',(#13094));
#13094 = FILL_AREA_STYLE_COLOUR('',#12860);
#13095 = CURVE_STYLE('',#13096,POSITIVE_LENGTH_MEASURE(0.1),#12860);
#13096 = DRAUGHTING_PRE_DEFINED_CURVE_FONT('continuous');
#13097 = STYLED_ITEM('color',(#13098),#1016);
#13098 = PRESENTATION_STYLE_ASSIGNMENT((#13099,#13104));
#13099 = SURFACE_STYLE_USAGE(.BOTH.,#13100);
#13100 = SURFACE_SIDE_STYLE('',(#13101));
#13101 = SURFACE_STYLE_FILL_AREA(#13102);
#13102 = FILL_AREA_STYLE('',(#13103));
#13103 = FILL_AREA_STYLE_COLOUR('',#12271);
#13104 = CURVE_STYLE('',#13105,POSITIVE_LENGTH_MEASURE(0.1),#12271);
#13105 = DRAUGHTING_PRE_DEFINED_CURVE_FONT('continuous');
#13106 = STYLED_ITEM('color',(#13107),#1047);
#13107 = PRESENTATION_STYLE_ASSIGNMENT((#13108,#13113));
#13108 = SURFACE_STYLE_USAGE(.BOTH.,#13109);
#13109 = SURFACE_SIDE_STYLE('',(#13110));
#13110 = SURFACE_STYLE_FILL_AREA(#13111);
#13111 = FILL_AREA_STYLE('',(#13112));
#13112 = FILL_AREA_STYLE_COLOUR('',#12860);
#13113 = CURVE_STYLE('',#13114,POSITIVE_LENGTH_MEASURE(0.1),#12860);
#13114 = DRAUGHTING_PRE_DEFINED_CURVE_FONT('continuous');
#13115 = STYLED_ITEM('color',(#13116),#1078);
#13116 = PRESENTATION_STYLE_ASSIGNMENT((#13117,#13122));
#13117 = SURFACE_STYLE_USAGE(.BOTH.,#13118);
#13118 = SURFACE_SIDE_STYLE('',(#13119));
#13119 = SURFACE_STYLE_FILL_AREA(#13120);
#13120 = FILL_AREA_STYLE('',(#13121));
#13121 = FILL_AREA_STYLE_COLOUR('',#12271);
#13122 = CURVE_STYLE('',#13123,POSITIVE_LENGTH_MEASURE(0.1),#12271);
#13123 = DRAUGHTING_PRE_DEFINED_CURVE_FONT('continuous');
#13124 = STYLED_ITEM('color',(#13125),#1109);
#13125 = PRESENTATION_STYLE_ASSIGNMENT((#13126,#13131));
#13126 = SURFACE_STYLE_USAGE(.BOTH.,#13127);
#13127 = SURFACE_SIDE_STYLE('',(#13128));
#13128 = SURFACE_STYLE_FILL_AREA(#13129);
#13129 = FILL_AREA_STYLE('',(#13130));
#13130 = FILL_AREA_STYLE_COLOUR('',#12860);
#13131 = CURVE_STYLE('',#13132,POSITIVE_LENGTH_MEASURE(0.1),#12860);
#13132 = DRAUGHTING_PRE_DEFINED_CURVE_FONT('continuous');
#13133 = STYLED_ITEM('color',(#13134),#1139);
#13134 = PRESENTATION_STYLE_ASSIGNMENT((#13135,#13140));
#13135 = SURFACE_STYLE_USAGE(.BOTH.,#13136);
#13136 = SURFACE_SIDE_STYLE('',(#13137));
#13137 = SURFACE_STYLE_FILL_AREA(#13138);
#13138 = FILL_AREA_STYLE('',(#13139));
#13139 = FILL_AREA_STYLE_COLOUR('',#12860);
#13140 = CURVE_STYLE('',#13141,POSITIVE_LENGTH_MEASURE(0.1),#12860);
#13141 = DRAUGHTING_PRE_DEFINED_CURVE_FONT('continuous');
#13142 = STYLED_ITEM('color',(#13143),#1162);
#13143 = PRESENTATION_STYLE_ASSIGNMENT((#13144,#13149));
#13144 = SURFACE_STYLE_USAGE(.BOTH.,#13145);
#13145 = SURFACE_SIDE_STYLE('',(#13146));
#13146 = SURFACE_STYLE_FILL_AREA(#13147);
#13147 = FILL_AREA_STYLE('',(#13148));
#13148 = FILL_AREA_STYLE_COLOUR('',#12860);
#13149 = CURVE_STYLE('',#13150,POSITIVE_LENGTH_MEASURE(0.1),#12860);
#13150 = DRAUGHTING_PRE_DEFINED_CURVE_FONT('continuous');
#13151 = STYLED_ITEM('color',(#13152),#1185);
#13152 = PRESENTATION_STYLE_ASSIGNMENT((#13153,#13158));
#13153 = SURFACE_STYLE_USAGE(.BOTH.,#13154);
#13154 = SURFACE_SIDE_STYLE('',(#13155));
#13155 = SURFACE_STYLE_FILL_AREA(#13156);
#13156 = FILL_AREA_STYLE('',(#13157));
#13157 = FILL_AREA_STYLE_COLOUR('',#12860);
#13158 = CURVE_STYLE('',#13159,POSITIVE_LENGTH_MEASURE(0.1),#12860);
#13159 = DRAUGHTING_PRE_DEFINED_CURVE_FONT('continuous');
#13160 = STYLED_ITEM('color',(#13161),#1202);
#13161 = PRESENTATION_STYLE_ASSIGNMENT((#13162,#13167));
#13162 = SURFACE_STYLE_USAGE(.BOTH.,#13163);
#13163 = SURFACE_SIDE_STYLE('',(#13164));
#13164 = SURFACE_STYLE_FILL_AREA(#13165);
#13165 = FILL_AREA_STYLE('',(#13166));
#13166 = FILL_AREA_STYLE_COLOUR('',#12271);
#13167 = CURVE_STYLE('',#13168,POSITIVE_LENGTH_MEASURE(0.1),#12271);
#13168 = DRAUGHTING_PRE_DEFINED_CURVE_FONT('continuous');
#13169 = STYLED_ITEM('color',(#13170),#1247);
#13170 = PRESENTATION_STYLE_ASSIGNMENT((#13171,#13176));
#13171 = SURFACE_STYLE_USAGE(.BOTH.,#13172);
#13172 = SURFACE_SIDE_STYLE('',(#13173));
#13173 = SURFACE_STYLE_FILL_AREA(#13174);
#13174 = FILL_AREA_STYLE('',(#13175));
#13175 = FILL_AREA_STYLE_COLOUR('',#12860);
#13176 = CURVE_STYLE('',#13177,POSITIVE_LENGTH_MEASURE(0.1),#12860);
#13177 = DRAUGHTING_PRE_DEFINED_CURVE_FONT('continuous');
#13178 = STYLED_ITEM('color',(#13179),#1333);
#13179 = PRESENTATION_STYLE_ASSIGNMENT((#13180,#13185));
#13180 = SURFACE_STYLE_USAGE(.BOTH.,#13181);
#13181 = SURFACE_SIDE_STYLE('',(#13182));
#13182 = SURFACE_STYLE_FILL_AREA(#13183);
#13183 = FILL_AREA_STYLE('',(#13184));
#13184 = FILL_AREA_STYLE_COLOUR('',#12860);
#13185 = CURVE_STYLE('',#13186,POSITIVE_LENGTH_MEASURE(0.1),#12860);
#13186 = DRAUGHTING_PRE_DEFINED_CURVE_FONT('continuous');
#13187 = STYLED_ITEM('color',(#13188),#1356);
#13188 = PRESENTATION_STYLE_ASSIGNMENT((#13189,#13194));
#13189 = SURFACE_STYLE_USAGE(.BOTH.,#13190);
#13190 = SURFACE_SIDE_STYLE('',(#13191));
#13191 = SURFACE_STYLE_FILL_AREA(#13192);
#13192 = FILL_AREA_STYLE('',(#13193));
#13193 = FILL_AREA_STYLE_COLOUR('',#12860);
#13194 = CURVE_STYLE('',#13195,POSITIVE_LENGTH_MEASURE(0.1),#12860);
#13195 = DRAUGHTING_PRE_DEFINED_CURVE_FONT('continuous');
#13196 = STYLED_ITEM('color',(#13197),#1379);
#13197 = PRESENTATION_STYLE_ASSIGNMENT((#13198,#13203));
#13198 = SURFACE_STYLE_USAGE(.BOTH.,#13199);
#13199 = SURFACE_SIDE_STYLE('',(#13200));
#13200 = SURFACE_STYLE_FILL_AREA(#13201);
#13201 = FILL_AREA_STYLE('',(#13202));
#13202 = FILL_AREA_STYLE_COLOUR('',#12860);
#13203 = CURVE_STYLE('',#13204,POSITIVE_LENGTH_MEASURE(0.1),#12860);
#13204 = DRAUGHTING_PRE_DEFINED_CURVE_FONT('continuous');
#13205 = STYLED_ITEM('color',(#13206),#1402);
#13206 = PRESENTATION_STYLE_ASSIGNMENT((#13207,#13212));
#13207 = SURFACE_STYLE_USAGE(.BOTH.,#13208);
#13208 = SURFACE_SIDE_STYLE('',(#13209));
#13209 = SURFACE_STYLE_FILL_AREA(#13210);
#13210 = FILL_AREA_STYLE('',(#13211));
#13211 = FILL_AREA_STYLE_COLOUR('',#12860);
#13212 = CURVE_STYLE('',#13213,POSITIVE_LENGTH_MEASURE(0.1),#12860);
#13213 = DRAUGHTING_PRE_DEFINED_CURVE_FONT('continuous');
#13214 = STYLED_ITEM('color',(#13215),#1489);
#13215 = PRESENTATION_STYLE_ASSIGNMENT((#13216,#13221));
#13216 = SURFACE_STYLE_USAGE(.BOTH.,#13217);
#13217 = SURFACE_SIDE_STYLE('',(#13218));
#13218 = SURFACE_STYLE_FILL_AREA(#13219);
#13219 = FILL_AREA_STYLE('',(#13220));
#13220 = FILL_AREA_STYLE_COLOUR('',#12271);
#13221 = CURVE_STYLE('',#13222,POSITIVE_LENGTH_MEASURE(0.1),#12271);
#13222 = DRAUGHTING_PRE_DEFINED_CURVE_FONT('continuous');
#13223 = STYLED_ITEM('color',(#13224),#1527);
#13224 = PRESENTATION_STYLE_ASSIGNMENT((#13225,#13230));
#13225 = SURFACE_STYLE_USAGE(.BOTH.,#13226);
#13226 = SURFACE_SIDE_STYLE('',(#13227));
#13227 = SURFACE_STYLE_FILL_AREA(#13228);
#13228 = FILL_AREA_STYLE('',(#13229));
#13229 = FILL_AREA_STYLE_COLOUR('',#12860);
#13230 = CURVE_STYLE('',#13231,POSITIVE_LENGTH_MEASURE(0.1),#12860);
#13231 = DRAUGHTING_PRE_DEFINED_CURVE_FONT('continuous');
#13232 = STYLED_ITEM('color',(#13233),#1576);
#13233 = PRESENTATION_STYLE_ASSIGNMENT((#13234,#13239));
#13234 = SURFACE_STYLE_USAGE(.BOTH.,#13235);
#13235 = SURFACE_SIDE_STYLE('',(#13236));
#13236 = SURFACE_STYLE_FILL_AREA(#13237);
#13237 = FILL_AREA_STYLE('',(#13238));
#13238 = FILL_AREA_STYLE_COLOUR('',#12271);
#13239 = CURVE_STYLE('',#13240,POSITIVE_LENGTH_MEASURE(0.1),#12271);
#13240 = DRAUGHTING_PRE_DEFINED_CURVE_FONT('continuous');
#13241 = STYLED_ITEM('color',(#13242),#1668);
#13242 = PRESENTATION_STYLE_ASSIGNMENT((#13243,#13248));
#13243 = SURFACE_STYLE_USAGE(.BOTH.,#13244);
#13244 = SURFACE_SIDE_STYLE('',(#13245));
#13245 = SURFACE_STYLE_FILL_AREA(#13246);
#13246 = FILL_AREA_STYLE('',(#13247));
#13247 = FILL_AREA_STYLE_COLOUR('',#12271);
#13248 = CURVE_STYLE('',#13249,POSITIVE_LENGTH_MEASURE(0.1),#12271);
#13249 = DRAUGHTING_PRE_DEFINED_CURVE_FONT('continuous');
#13250 = STYLED_ITEM('color',(#13251),#1693);
#13251 = PRESENTATION_STYLE_ASSIGNMENT((#13252,#13257));
#13252 = SURFACE_STYLE_USAGE(.BOTH.,#13253);
#13253 = SURFACE_SIDE_STYLE('',(#13254));
#13254 = SURFACE_STYLE_FILL_AREA(#13255);
#13255 = FILL_AREA_STYLE('',(#13256));
#13256 = FILL_AREA_STYLE_COLOUR('',#12271);
#13257 = CURVE_STYLE('',#13258,POSITIVE_LENGTH_MEASURE(0.1),#12271);
#13258 = DRAUGHTING_PRE_DEFINED_CURVE_FONT('continuous');
#13259 = STYLED_ITEM('color',(#13260),#1777);
#13260 = PRESENTATION_STYLE_ASSIGNMENT((#13261,#13266));
#13261 = SURFACE_STYLE_USAGE(.BOTH.,#13262);
#13262 = SURFACE_SIDE_STYLE('',(#13263));
#13263 = SURFACE_STYLE_FILL_AREA(#13264);
#13264 = FILL_AREA_STYLE('',(#13265));
#13265 = FILL_AREA_STYLE_COLOUR('',#12860);
#13266 = CURVE_STYLE('',#13267,POSITIVE_LENGTH_MEASURE(0.1),#12860);
#13267 = DRAUGHTING_PRE_DEFINED_CURVE_FONT('continuous');
#13268 = STYLED_ITEM('color',(#13269),#1799);
#13269 = PRESENTATION_STYLE_ASSIGNMENT((#13270,#13275));
#13270 = SURFACE_STYLE_USAGE(.BOTH.,#13271);
#13271 = SURFACE_SIDE_STYLE('',(#13272));
#13272 = SURFACE_STYLE_FILL_AREA(#13273);
#13273 = FILL_AREA_STYLE('',(#13274));
#13274 = FILL_AREA_STYLE_COLOUR('',#12271);
#13275 = CURVE_STYLE('',#13276,POSITIVE_LENGTH_MEASURE(0.1),#12271);
#13276 = DRAUGHTING_PRE_DEFINED_CURVE_FONT('continuous');
#13277 = STYLED_ITEM('color',(#13278),#1891);
#13278 = PRESENTATION_STYLE_ASSIGNMENT((#13279,#13284));
#13279 = SURFACE_STYLE_USAGE(.BOTH.,#13280);
#13280 = SURFACE_SIDE_STYLE('',(#13281));
#13281 = SURFACE_STYLE_FILL_AREA(#13282);
#13282 = FILL_AREA_STYLE('',(#13283));
#13283 = FILL_AREA_STYLE_COLOUR('',#12271);
#13284 = CURVE_STYLE('',#13285,POSITIVE_LENGTH_MEASURE(0.1),#12271);
#13285 = DRAUGHTING_PRE_DEFINED_CURVE_FONT('continuous');
#13286 = STYLED_ITEM('color',(#13287),#1916);
#13287 = PRESENTATION_STYLE_ASSIGNMENT((#13288,#13293));
#13288 = SURFACE_STYLE_USAGE(.BOTH.,#13289);
#13289 = SURFACE_SIDE_STYLE('',(#13290));
#13290 = SURFACE_STYLE_FILL_AREA(#13291);
#13291 = FILL_AREA_STYLE('',(#13292));
#13292 = FILL_AREA_STYLE_COLOUR('',#12271);
#13293 = CURVE_STYLE('',#13294,POSITIVE_LENGTH_MEASURE(0.1),#12271);
#13294 = DRAUGHTING_PRE_DEFINED_CURVE_FONT('continuous');
#13295 = STYLED_ITEM('color',(#13296),#2000);
#13296 = PRESENTATION_STYLE_ASSIGNMENT((#13297,#13302));
#13297 = SURFACE_STYLE_USAGE(.BOTH.,#13298);
#13298 = SURFACE_SIDE_STYLE('',(#13299));
#13299 = SURFACE_STYLE_FILL_AREA(#13300);
#13300 = FILL_AREA_STYLE('',(#13301));
#13301 = FILL_AREA_STYLE_COLOUR('',#12860);
#13302 = CURVE_STYLE('',#13303,POSITIVE_LENGTH_MEASURE(0.1),#12860);
#13303 = DRAUGHTING_PRE_DEFINED_CURVE_FONT('continuous');
#13304 = STYLED_ITEM('color',(#13305),#2022);
#13305 = PRESENTATION_STYLE_ASSIGNMENT((#13306,#13311));
#13306 = SURFACE_STYLE_USAGE(.BOTH.,#13307);
#13307 = SURFACE_SIDE_STYLE('',(#13308));
#13308 = SURFACE_STYLE_FILL_AREA(#13309);
#13309 = FILL_AREA_STYLE('',(#13310));
#13310 = FILL_AREA_STYLE_COLOUR('',#12271);
#13311 = CURVE_STYLE('',#13312,POSITIVE_LENGTH_MEASURE(0.1),#12271);
#13312 = DRAUGHTING_PRE_DEFINED_CURVE_FONT('continuous');
#13313 = STYLED_ITEM('color',(#13314),#2114);
#13314 = PRESENTATION_STYLE_ASSIGNMENT((#13315,#13320));
#13315 = SURFACE_STYLE_USAGE(.BOTH.,#13316);
#13316 = SURFACE_SIDE_STYLE('',(#13317));
#13317 = SURFACE_STYLE_FILL_AREA(#13318);
#13318 = FILL_AREA_STYLE('',(#13319));
#13319 = FILL_AREA_STYLE_COLOUR('',#12271);
#13320 = CURVE_STYLE('',#13321,POSITIVE_LENGTH_MEASURE(0.1),#12271);
#13321 = DRAUGHTING_PRE_DEFINED_CURVE_FONT('continuous');
#13322 = STYLED_ITEM('color',(#13323),#2139);
#13323 = PRESENTATION_STYLE_ASSIGNMENT((#13324,#13329));
#13324 = SURFACE_STYLE_USAGE(.BOTH.,#13325);
#13325 = SURFACE_SIDE_STYLE('',(#13326));
#13326 = SURFACE_STYLE_FILL_AREA(#13327);
#13327 = FILL_AREA_STYLE('',(#13328));
#13328 = FILL_AREA_STYLE_COLOUR('',#12271);
#13329 = CURVE_STYLE('',#13330,POSITIVE_LENGTH_MEASURE(0.1),#12271);
#13330 = DRAUGHTING_PRE_DEFINED_CURVE_FONT('continuous');
#13331 = STYLED_ITEM('color',(#13332),#2223);
#13332 = PRESENTATION_STYLE_ASSIGNMENT((#13333,#13338));
#13333 = SURFACE_STYLE_USAGE(.BOTH.,#13334);
#13334 = SURFACE_SIDE_STYLE('',(#13335));
#13335 = SURFACE_STYLE_FILL_AREA(#13336);
#13336 = FILL_AREA_STYLE('',(#13337));
#13337 = FILL_AREA_STYLE_COLOUR('',#12860);
#13338 = CURVE_STYLE('',#13339,POSITIVE_LENGTH_MEASURE(0.1),#12860);
#13339 = DRAUGHTING_PRE_DEFINED_CURVE_FONT('continuous');
#13340 = STYLED_ITEM('color',(#13341),#2240);
#13341 = PRESENTATION_STYLE_ASSIGNMENT((#13342,#13347));
#13342 = SURFACE_STYLE_USAGE(.BOTH.,#13343);
#13343 = SURFACE_SIDE_STYLE('',(#13344));
#13344 = SURFACE_STYLE_FILL_AREA(#13345);
#13345 = FILL_AREA_STYLE('',(#13346));
#13346 = FILL_AREA_STYLE_COLOUR('',#12271);
#13347 = CURVE_STYLE('',#13348,POSITIVE_LENGTH_MEASURE(0.1),#12271);
#13348 = DRAUGHTING_PRE_DEFINED_CURVE_FONT('continuous');
#13349 = STYLED_ITEM('color',(#13350),#2325);
#13350 = PRESENTATION_STYLE_ASSIGNMENT((#13351,#13356));
#13351 = SURFACE_STYLE_USAGE(.BOTH.,#13352);
#13352 = SURFACE_SIDE_STYLE('',(#13353));
#13353 = SURFACE_STYLE_FILL_AREA(#13354);
#13354 = FILL_AREA_STYLE('',(#13355));
#13355 = FILL_AREA_STYLE_COLOUR('',#12271);
#13356 = CURVE_STYLE('',#13357,POSITIVE_LENGTH_MEASURE(0.1),#12271);
#13357 = DRAUGHTING_PRE_DEFINED_CURVE_FONT('continuous');
#13358 = STYLED_ITEM('color',(#13359),#2350);
#13359 = PRESENTATION_STYLE_ASSIGNMENT((#13360,#13365));
#13360 = SURFACE_STYLE_USAGE(.BOTH.,#13361);
#13361 = SURFACE_SIDE_STYLE('',(#13362));
#13362 = SURFACE_STYLE_FILL_AREA(#13363);
#13363 = FILL_AREA_STYLE('',(#13364));
#13364 = FILL_AREA_STYLE_COLOUR('',#12271);
#13365 = CURVE_STYLE('',#13366,POSITIVE_LENGTH_MEASURE(0.1),#12271);
#13366 = DRAUGHTING_PRE_DEFINED_CURVE_FONT('continuous');
#13367 = STYLED_ITEM('color',(#13368),#2427);
#13368 = PRESENTATION_STYLE_ASSIGNMENT((#13369,#13374));
#13369 = SURFACE_STYLE_USAGE(.BOTH.,#13370);
#13370 = SURFACE_SIDE_STYLE('',(#13371));
#13371 = SURFACE_STYLE_FILL_AREA(#13372);
#13372 = FILL_AREA_STYLE('',(#13373));
#13373 = FILL_AREA_STYLE_COLOUR('',#12271);
#13374 = CURVE_STYLE('',#13375,POSITIVE_LENGTH_MEASURE(0.1),#12271);
#13375 = DRAUGHTING_PRE_DEFINED_CURVE_FONT('continuous');
#13376 = STYLED_ITEM('color',(#13377),#2512);
#13377 = PRESENTATION_STYLE_ASSIGNMENT((#13378,#13383));
#13378 = SURFACE_STYLE_USAGE(.BOTH.,#13379);
#13379 = SURFACE_SIDE_STYLE('',(#13380));
#13380 = SURFACE_STYLE_FILL_AREA(#13381);
#13381 = FILL_AREA_STYLE('',(#13382));
#13382 = FILL_AREA_STYLE_COLOUR('',#12271);
#13383 = CURVE_STYLE('',#13384,POSITIVE_LENGTH_MEASURE(0.1),#12271);
#13384 = DRAUGHTING_PRE_DEFINED_CURVE_FONT('continuous');
#13385 = STYLED_ITEM('color',(#13386),#2537);
#13386 = PRESENTATION_STYLE_ASSIGNMENT((#13387,#13392));
#13387 = SURFACE_STYLE_USAGE(.BOTH.,#13388);
#13388 = SURFACE_SIDE_STYLE('',(#13389));
#13389 = SURFACE_STYLE_FILL_AREA(#13390);
#13390 = FILL_AREA_STYLE('',(#13391));
#13391 = FILL_AREA_STYLE_COLOUR('',#12271);
#13392 = CURVE_STYLE('',#13393,POSITIVE_LENGTH_MEASURE(0.1),#12271);
#13393 = DRAUGHTING_PRE_DEFINED_CURVE_FONT('continuous');
#13394 = STYLED_ITEM('color',(#13395),#2614);
#13395 = PRESENTATION_STYLE_ASSIGNMENT((#13396,#13401));
#13396 = SURFACE_STYLE_USAGE(.BOTH.,#13397);
#13397 = SURFACE_SIDE_STYLE('',(#13398));
#13398 = SURFACE_STYLE_FILL_AREA(#13399);
#13399 = FILL_AREA_STYLE('',(#13400));
#13400 = FILL_AREA_STYLE_COLOUR('',#12860);
#13401 = CURVE_STYLE('',#13402,POSITIVE_LENGTH_MEASURE(0.1),#12860);
#13402 = DRAUGHTING_PRE_DEFINED_CURVE_FONT('continuous');
#13403 = STYLED_ITEM('color',(#13404),#2631);
#13404 = PRESENTATION_STYLE_ASSIGNMENT((#13405,#13410));
#13405 = SURFACE_STYLE_USAGE(.BOTH.,#13406);
#13406 = SURFACE_SIDE_STYLE('',(#13407));
#13407 = SURFACE_STYLE_FILL_AREA(#13408);
#13408 = FILL_AREA_STYLE('',(#13409));
#13409 = FILL_AREA_STYLE_COLOUR('',#12271);
#13410 = CURVE_STYLE('',#13411,POSITIVE_LENGTH_MEASURE(0.1),#12271);
#13411 = DRAUGHTING_PRE_DEFINED_CURVE_FONT('continuous');
#13412 = STYLED_ITEM('color',(#13413),#2723);
#13413 = PRESENTATION_STYLE_ASSIGNMENT((#13414,#13419));
#13414 = SURFACE_STYLE_USAGE(.BOTH.,#13415);
#13415 = SURFACE_SIDE_STYLE('',(#13416));
#13416 = SURFACE_STYLE_FILL_AREA(#13417);
#13417 = FILL_AREA_STYLE('',(#13418));
#13418 = FILL_AREA_STYLE_COLOUR('',#12271);
#13419 = CURVE_STYLE('',#13420,POSITIVE_LENGTH_MEASURE(0.1),#12271);
#13420 = DRAUGHTING_PRE_DEFINED_CURVE_FONT('continuous');
#13421 = STYLED_ITEM('color',(#13422),#2748);
#13422 = PRESENTATION_STYLE_ASSIGNMENT((#13423,#13428));
#13423 = SURFACE_STYLE_USAGE(.BOTH.,#13424);
#13424 = SURFACE_SIDE_STYLE('',(#13425));
#13425 = SURFACE_STYLE_FILL_AREA(#13426);
#13426 = FILL_AREA_STYLE('',(#13427));
#13427 = FILL_AREA_STYLE_COLOUR('',#12271);
#13428 = CURVE_STYLE('',#13429,POSITIVE_LENGTH_MEASURE(0.1),#12271);
#13429 = DRAUGHTING_PRE_DEFINED_CURVE_FONT('continuous');
#13430 = STYLED_ITEM('color',(#13431),#2832);
#13431 = PRESENTATION_STYLE_ASSIGNMENT((#13432,#13437));
#13432 = SURFACE_STYLE_USAGE(.BOTH.,#13433);
#13433 = SURFACE_SIDE_STYLE('',(#13434));
#13434 = SURFACE_STYLE_FILL_AREA(#13435);
#13435 = FILL_AREA_STYLE('',(#13436));
#13436 = FILL_AREA_STYLE_COLOUR('',#12860);
#13437 = CURVE_STYLE('',#13438,POSITIVE_LENGTH_MEASURE(0.1),#12860);
#13438 = DRAUGHTING_PRE_DEFINED_CURVE_FONT('continuous');
#13439 = STYLED_ITEM('color',(#13440),#2854);
#13440 = PRESENTATION_STYLE_ASSIGNMENT((#13441,#13446));
#13441 = SURFACE_STYLE_USAGE(.BOTH.,#13442);
#13442 = SURFACE_SIDE_STYLE('',(#13443));
#13443 = SURFACE_STYLE_FILL_AREA(#13444);
#13444 = FILL_AREA_STYLE('',(#13445));
#13445 = FILL_AREA_STYLE_COLOUR('',#12271);
#13446 = CURVE_STYLE('',#13447,POSITIVE_LENGTH_MEASURE(0.1),#12271);
#13447 = DRAUGHTING_PRE_DEFINED_CURVE_FONT('continuous');
#13448 = STYLED_ITEM('color',(#13449),#2946);
#13449 = PRESENTATION_STYLE_ASSIGNMENT((#13450,#13455));
#13450 = SURFACE_STYLE_USAGE(.BOTH.,#13451);
#13451 = SURFACE_SIDE_STYLE('',(#13452));
#13452 = SURFACE_STYLE_FILL_AREA(#13453);
#13453 = FILL_AREA_STYLE('',(#13454));
#13454 = FILL_AREA_STYLE_COLOUR('',#12271);
#13455 = CURVE_STYLE('',#13456,POSITIVE_LENGTH_MEASURE(0.1),#12271);
#13456 = DRAUGHTING_PRE_DEFINED_CURVE_FONT('continuous');
#13457 = STYLED_ITEM('color',(#13458),#2971);
#13458 = PRESENTATION_STYLE_ASSIGNMENT((#13459,#13464));
#13459 = SURFACE_STYLE_USAGE(.BOTH.,#13460);
#13460 = SURFACE_SIDE_STYLE('',(#13461));
#13461 = SURFACE_STYLE_FILL_AREA(#13462);
#13462 = FILL_AREA_STYLE('',(#13463));
#13463 = FILL_AREA_STYLE_COLOUR('',#12271);
#13464 = CURVE_STYLE('',#13465,POSITIVE_LENGTH_MEASURE(0.1),#12271);
#13465 = DRAUGHTING_PRE_DEFINED_CURVE_FONT('continuous');
#13466 = STYLED_ITEM('color',(#13467),#3055);
#13467 = PRESENTATION_STYLE_ASSIGNMENT((#13468,#13473));
#13468 = SURFACE_STYLE_USAGE(.BOTH.,#13469);
#13469 = SURFACE_SIDE_STYLE('',(#13470));
#13470 = SURFACE_STYLE_FILL_AREA(#13471);
#13471 = FILL_AREA_STYLE('',(#13472));
#13472 = FILL_AREA_STYLE_COLOUR('',#12860);
#13473 = CURVE_STYLE('',#13474,POSITIVE_LENGTH_MEASURE(0.1),#12860);
#13474 = DRAUGHTING_PRE_DEFINED_CURVE_FONT('continuous');
#13475 = STYLED_ITEM('color',(#13476),#3077);
#13476 = PRESENTATION_STYLE_ASSIGNMENT((#13477,#13482));
#13477 = SURFACE_STYLE_USAGE(.BOTH.,#13478);
#13478 = SURFACE_SIDE_STYLE('',(#13479));
#13479 = SURFACE_STYLE_FILL_AREA(#13480);
#13480 = FILL_AREA_STYLE('',(#13481));
#13481 = FILL_AREA_STYLE_COLOUR('',#12271);
#13482 = CURVE_STYLE('',#13483,POSITIVE_LENGTH_MEASURE(0.1),#12271);
#13483 = DRAUGHTING_PRE_DEFINED_CURVE_FONT('continuous');
#13484 = STYLED_ITEM('color',(#13485),#3169);
#13485 = PRESENTATION_STYLE_ASSIGNMENT((#13486,#13491));
#13486 = SURFACE_STYLE_USAGE(.BOTH.,#13487);
#13487 = SURFACE_SIDE_STYLE('',(#13488));
#13488 = SURFACE_STYLE_FILL_AREA(#13489);
#13489 = FILL_AREA_STYLE('',(#13490));
#13490 = FILL_AREA_STYLE_COLOUR('',#12271);
#13491 = CURVE_STYLE('',#13492,POSITIVE_LENGTH_MEASURE(0.1),#12271);
#13492 = DRAUGHTING_PRE_DEFINED_CURVE_FONT('continuous');
#13493 = STYLED_ITEM('color',(#13494),#3194);
#13494 = PRESENTATION_STYLE_ASSIGNMENT((#13495,#13500));
#13495 = SURFACE_STYLE_USAGE(.BOTH.,#13496);
#13496 = SURFACE_SIDE_STYLE('',(#13497));
#13497 = SURFACE_STYLE_FILL_AREA(#13498);
#13498 = FILL_AREA_STYLE('',(#13499));
#13499 = FILL_AREA_STYLE_COLOUR('',#12271);
#13500 = CURVE_STYLE('',#13501,POSITIVE_LENGTH_MEASURE(0.1),#12271);
#13501 = DRAUGHTING_PRE_DEFINED_CURVE_FONT('continuous');
#13502 = STYLED_ITEM('color',(#13503),#3278);
#13503 = PRESENTATION_STYLE_ASSIGNMENT((#13504,#13509));
#13504 = SURFACE_STYLE_USAGE(.BOTH.,#13505);
#13505 = SURFACE_SIDE_STYLE('',(#13506));
#13506 = SURFACE_STYLE_FILL_AREA(#13507);
#13507 = FILL_AREA_STYLE('',(#13508));
#13508 = FILL_AREA_STYLE_COLOUR('',#12271);
#13509 = CURVE_STYLE('',#13510,POSITIVE_LENGTH_MEASURE(0.1),#12271);
#13510 = DRAUGHTING_PRE_DEFINED_CURVE_FONT('continuous');
#13511 = STYLED_ITEM('color',(#13512),#3295);
#13512 = PRESENTATION_STYLE_ASSIGNMENT((#13513,#13518));
#13513 = SURFACE_STYLE_USAGE(.BOTH.,#13514);
#13514 = SURFACE_SIDE_STYLE('',(#13515));
#13515 = SURFACE_STYLE_FILL_AREA(#13516);
#13516 = FILL_AREA_STYLE('',(#13517));
#13517 = FILL_AREA_STYLE_COLOUR('',#12271);
#13518 = CURVE_STYLE('',#13519,POSITIVE_LENGTH_MEASURE(0.1),#12271);
#13519 = DRAUGHTING_PRE_DEFINED_CURVE_FONT('continuous');
#13520 = STYLED_ITEM('color',(#13521),#3314);
#13521 = PRESENTATION_STYLE_ASSIGNMENT((#13522,#13527));
#13522 = SURFACE_STYLE_USAGE(.BOTH.,#13523);
#13523 = SURFACE_SIDE_STYLE('',(#13524));
#13524 = SURFACE_STYLE_FILL_AREA(#13525);
#13525 = FILL_AREA_STYLE('',(#13526));
#13526 = FILL_AREA_STYLE_COLOUR('',#12271);
#13527 = CURVE_STYLE('',#13528,POSITIVE_LENGTH_MEASURE(0.1),#12271);
#13528 = DRAUGHTING_PRE_DEFINED_CURVE_FONT('continuous');
#13529 = STYLED_ITEM('color',(#13530),#3333);
#13530 = PRESENTATION_STYLE_ASSIGNMENT((#13531,#13536));
#13531 = SURFACE_STYLE_USAGE(.BOTH.,#13532);
#13532 = SURFACE_SIDE_STYLE('',(#13533));
#13533 = SURFACE_STYLE_FILL_AREA(#13534);
#13534 = FILL_AREA_STYLE('',(#13535));
#13535 = FILL_AREA_STYLE_COLOUR('',#12271);
#13536 = CURVE_STYLE('',#13537,POSITIVE_LENGTH_MEASURE(0.1),#12271);
#13537 = DRAUGHTING_PRE_DEFINED_CURVE_FONT('continuous');
#13538 = STYLED_ITEM('color',(#13539),#3352);
#13539 = PRESENTATION_STYLE_ASSIGNMENT((#13540,#13545));
#13540 = SURFACE_STYLE_USAGE(.BOTH.,#13541);
#13541 = SURFACE_SIDE_STYLE('',(#13542));
#13542 = SURFACE_STYLE_FILL_AREA(#13543);
#13543 = FILL_AREA_STYLE('',(#13544));
#13544 = FILL_AREA_STYLE_COLOUR('',#12860);
#13545 = CURVE_STYLE('',#13546,POSITIVE_LENGTH_MEASURE(0.1),#12860);
#13546 = DRAUGHTING_PRE_DEFINED_CURVE_FONT('continuous');
#13547 = STYLED_ITEM('color',(#13548),#3398);
#13548 = PRESENTATION_STYLE_ASSIGNMENT((#13549,#13554));
#13549 = SURFACE_STYLE_USAGE(.BOTH.,#13550);
#13550 = SURFACE_SIDE_STYLE('',(#13551));
#13551 = SURFACE_STYLE_FILL_AREA(#13552);
#13552 = FILL_AREA_STYLE('',(#13553));
#13553 = FILL_AREA_STYLE_COLOUR('',#12860);
#13554 = CURVE_STYLE('',#13555,POSITIVE_LENGTH_MEASURE(0.1),#12860);
#13555 = DRAUGHTING_PRE_DEFINED_CURVE_FONT('continuous');
#13556 = STYLED_ITEM('color',(#13557),#3414);
#13557 = PRESENTATION_STYLE_ASSIGNMENT((#13558,#13563));
#13558 = SURFACE_STYLE_USAGE(.BOTH.,#13559);
#13559 = SURFACE_SIDE_STYLE('',(#13560));
#13560 = SURFACE_STYLE_FILL_AREA(#13561);
#13561 = FILL_AREA_STYLE('',(#13562));
#13562 = FILL_AREA_STYLE_COLOUR('',#12271);
#13563 = CURVE_STYLE('',#13564,POSITIVE_LENGTH_MEASURE(0.1),#12271);
#13564 = DRAUGHTING_PRE_DEFINED_CURVE_FONT('continuous');
#13565 = STYLED_ITEM('color',(#13566),#3433);
#13566 = PRESENTATION_STYLE_ASSIGNMENT((#13567,#13572));
#13567 = SURFACE_STYLE_USAGE(.BOTH.,#13568);
#13568 = SURFACE_SIDE_STYLE('',(#13569));
#13569 = SURFACE_STYLE_FILL_AREA(#13570);
#13570 = FILL_AREA_STYLE('',(#13571));
#13571 = FILL_AREA_STYLE_COLOUR('',#12271);
#13572 = CURVE_STYLE('',#13573,POSITIVE_LENGTH_MEASURE(0.1),#12271);
#13573 = DRAUGHTING_PRE_DEFINED_CURVE_FONT('continuous');
#13574 = STYLED_ITEM('color',(#13575),#3452);
#13575 = PRESENTATION_STYLE_ASSIGNMENT((#13576,#13581));
#13576 = SURFACE_STYLE_USAGE(.BOTH.,#13577);
#13577 = SURFACE_SIDE_STYLE('',(#13578));
#13578 = SURFACE_STYLE_FILL_AREA(#13579);
#13579 = FILL_AREA_STYLE('',(#13580));
#13580 = FILL_AREA_STYLE_COLOUR('',#12271);
#13581 = CURVE_STYLE('',#13582,POSITIVE_LENGTH_MEASURE(0.1),#12271);
#13582 = DRAUGHTING_PRE_DEFINED_CURVE_FONT('continuous');
#13583 = STYLED_ITEM('color',(#13584),#3471);
#13584 = PRESENTATION_STYLE_ASSIGNMENT((#13585,#13590));
#13585 = SURFACE_STYLE_USAGE(.BOTH.,#13586);
#13586 = SURFACE_SIDE_STYLE('',(#13587));
#13587 = SURFACE_STYLE_FILL_AREA(#13588);
#13588 = FILL_AREA_STYLE('',(#13589));
#13589 = FILL_AREA_STYLE_COLOUR('',#12860);
#13590 = CURVE_STYLE('',#13591,POSITIVE_LENGTH_MEASURE(0.1),#12860);
#13591 = DRAUGHTING_PRE_DEFINED_CURVE_FONT('continuous');
#13592 = STYLED_ITEM('color',(#13593),#3487);
#13593 = PRESENTATION_STYLE_ASSIGNMENT((#13594,#13599));
#13594 = SURFACE_STYLE_USAGE(.BOTH.,#13595);
#13595 = SURFACE_SIDE_STYLE('',(#13596));
#13596 = SURFACE_STYLE_FILL_AREA(#13597);
#13597 = FILL_AREA_STYLE('',(#13598));
#13598 = FILL_AREA_STYLE_COLOUR('',#12271);
#13599 = CURVE_STYLE('',#13600,POSITIVE_LENGTH_MEASURE(0.1),#12271);
#13600 = DRAUGHTING_PRE_DEFINED_CURVE_FONT('continuous');
#13601 = STYLED_ITEM('color',(#13602),#3504);
#13602 = PRESENTATION_STYLE_ASSIGNMENT((#13603,#13608));
#13603 = SURFACE_STYLE_USAGE(.BOTH.,#13604);
#13604 = SURFACE_SIDE_STYLE('',(#13605));
#13605 = SURFACE_STYLE_FILL_AREA(#13606);
#13606 = FILL_AREA_STYLE('',(#13607));
#13607 = FILL_AREA_STYLE_COLOUR('',#12860);
#13608 = CURVE_STYLE('',#13609,POSITIVE_LENGTH_MEASURE(0.1),#12860);
#13609 = DRAUGHTING_PRE_DEFINED_CURVE_FONT('continuous');
#13610 = STYLED_ITEM('color',(#13611),#3516);
#13611 = PRESENTATION_STYLE_ASSIGNMENT((#13612,#13617));
#13612 = SURFACE_STYLE_USAGE(.BOTH.,#13613);
#13613 = SURFACE_SIDE_STYLE('',(#13614));
#13614 = SURFACE_STYLE_FILL_AREA(#13615);
#13615 = FILL_AREA_STYLE('',(#13616));
#13616 = FILL_AREA_STYLE_COLOUR('',#12271);
#13617 = CURVE_STYLE('',#13618,POSITIVE_LENGTH_MEASURE(0.1),#12271);
#13618 = DRAUGHTING_PRE_DEFINED_CURVE_FONT('continuous');
#13619 = STYLED_ITEM('color',(#13620),#3533);
#13620 = PRESENTATION_STYLE_ASSIGNMENT((#13621,#13626));
#13621 = SURFACE_STYLE_USAGE(.BOTH.,#13622);
#13622 = SURFACE_SIDE_STYLE('',(#13623));
#13623 = SURFACE_STYLE_FILL_AREA(#13624);
#13624 = FILL_AREA_STYLE('',(#13625));
#13625 = FILL_AREA_STYLE_COLOUR('',#12271);
#13626 = CURVE_STYLE('',#13627,POSITIVE_LENGTH_MEASURE(0.1),#12271);
#13627 = DRAUGHTING_PRE_DEFINED_CURVE_FONT('continuous');
#13628 = STYLED_ITEM('color',(#13629),#3550);
#13629 = PRESENTATION_STYLE_ASSIGNMENT((#13630,#13635));
#13630 = SURFACE_STYLE_USAGE(.BOTH.,#13631);
#13631 = SURFACE_SIDE_STYLE('',(#13632));
#13632 = SURFACE_STYLE_FILL_AREA(#13633);
#13633 = FILL_AREA_STYLE('',(#13634));
#13634 = FILL_AREA_STYLE_COLOUR('',#12271);
#13635 = CURVE_STYLE('',#13636,POSITIVE_LENGTH_MEASURE(0.1),#12271);
#13636 = DRAUGHTING_PRE_DEFINED_CURVE_FONT('continuous');
#13637 = STYLED_ITEM('color',(#13638),#3567);
#13638 = PRESENTATION_STYLE_ASSIGNMENT((#13639,#13644));
#13639 = SURFACE_STYLE_USAGE(.BOTH.,#13640);
#13640 = SURFACE_SIDE_STYLE('',(#13641));
#13641 = SURFACE_STYLE_FILL_AREA(#13642);
#13642 = FILL_AREA_STYLE('',(#13643));
#13643 = FILL_AREA_STYLE_COLOUR('',#12271);
#13644 = CURVE_STYLE('',#13645,POSITIVE_LENGTH_MEASURE(0.1),#12271);
#13645 = DRAUGHTING_PRE_DEFINED_CURVE_FONT('continuous');
#13646 = STYLED_ITEM('color',(#13647),#3584);
#13647 = PRESENTATION_STYLE_ASSIGNMENT((#13648,#13653));
#13648 = SURFACE_STYLE_USAGE(.BOTH.,#13649);
#13649 = SURFACE_SIDE_STYLE('',(#13650));
#13650 = SURFACE_STYLE_FILL_AREA(#13651);
#13651 = FILL_AREA_STYLE('',(#13652));
#13652 = FILL_AREA_STYLE_COLOUR('',#12271);
#13653 = CURVE_STYLE('',#13654,POSITIVE_LENGTH_MEASURE(0.1),#12271);
#13654 = DRAUGHTING_PRE_DEFINED_CURVE_FONT('continuous');
#13655 = STYLED_ITEM('color',(#13656),#3601);
#13656 = PRESENTATION_STYLE_ASSIGNMENT((#13657,#13662));
#13657 = SURFACE_STYLE_USAGE(.BOTH.,#13658);
#13658 = SURFACE_SIDE_STYLE('',(#13659));
#13659 = SURFACE_STYLE_FILL_AREA(#13660);
#13660 = FILL_AREA_STYLE('',(#13661));
#13661 = FILL_AREA_STYLE_COLOUR('',#12271);
#13662 = CURVE_STYLE('',#13663,POSITIVE_LENGTH_MEASURE(0.1),#12271);
#13663 = DRAUGHTING_PRE_DEFINED_CURVE_FONT('continuous');
#13664 = STYLED_ITEM('color',(#13665),#3618);
#13665 = PRESENTATION_STYLE_ASSIGNMENT((#13666,#13671));
#13666 = SURFACE_STYLE_USAGE(.BOTH.,#13667);
#13667 = SURFACE_SIDE_STYLE('',(#13668));
#13668 = SURFACE_STYLE_FILL_AREA(#13669);
#13669 = FILL_AREA_STYLE('',(#13670));
#13670 = FILL_AREA_STYLE_COLOUR('',#12271);
#13671 = CURVE_STYLE('',#13672,POSITIVE_LENGTH_MEASURE(0.1),#12271);
#13672 = DRAUGHTING_PRE_DEFINED_CURVE_FONT('continuous');
#13673 = STYLED_ITEM('color',(#13674),#3635);
#13674 = PRESENTATION_STYLE_ASSIGNMENT((#13675,#13680));
#13675 = SURFACE_STYLE_USAGE(.BOTH.,#13676);
#13676 = SURFACE_SIDE_STYLE('',(#13677));
#13677 = SURFACE_STYLE_FILL_AREA(#13678);
#13678 = FILL_AREA_STYLE('',(#13679));
#13679 = FILL_AREA_STYLE_COLOUR('',#12271);
#13680 = CURVE_STYLE('',#13681,POSITIVE_LENGTH_MEASURE(0.1),#12271);
#13681 = DRAUGHTING_PRE_DEFINED_CURVE_FONT('continuous');
#13682 = STYLED_ITEM('color',(#13683),#3647);
#13683 = PRESENTATION_STYLE_ASSIGNMENT((#13684,#13689));
#13684 = SURFACE_STYLE_USAGE(.BOTH.,#13685);
#13685 = SURFACE_SIDE_STYLE('',(#13686));
#13686 = SURFACE_STYLE_FILL_AREA(#13687);
#13687 = FILL_AREA_STYLE('',(#13688));
#13688 = FILL_AREA_STYLE_COLOUR('',#12271);
#13689 = CURVE_STYLE('',#13690,POSITIVE_LENGTH_MEASURE(0.1),#12271);
#13690 = DRAUGHTING_PRE_DEFINED_CURVE_FONT('continuous');
#13691 = STYLED_ITEM('color',(#13692),#3664);
#13692 = PRESENTATION_STYLE_ASSIGNMENT((#13693,#13698));
#13693 = SURFACE_STYLE_USAGE(.BOTH.,#13694);
#13694 = SURFACE_SIDE_STYLE('',(#13695));
#13695 = SURFACE_STYLE_FILL_AREA(#13696);
#13696 = FILL_AREA_STYLE('',(#13697));
#13697 = FILL_AREA_STYLE_COLOUR('',#12271);
#13698 = CURVE_STYLE('',#13699,POSITIVE_LENGTH_MEASURE(0.1),#12271);
#13699 = DRAUGHTING_PRE_DEFINED_CURVE_FONT('continuous');
#13700 = STYLED_ITEM('color',(#13701),#3681);
#13701 = PRESENTATION_STYLE_ASSIGNMENT((#13702,#13707));
#13702 = SURFACE_STYLE_USAGE(.BOTH.,#13703);
#13703 = SURFACE_SIDE_STYLE('',(#13704));
#13704 = SURFACE_STYLE_FILL_AREA(#13705);
#13705 = FILL_AREA_STYLE('',(#13706));
#13706 = FILL_AREA_STYLE_COLOUR('',#12271);
#13707 = CURVE_STYLE('',#13708,POSITIVE_LENGTH_MEASURE(0.1),#12271);
#13708 = DRAUGHTING_PRE_DEFINED_CURVE_FONT('continuous');
#13709 = STYLED_ITEM('color',(#13710),#3698);
#13710 = PRESENTATION_STYLE_ASSIGNMENT((#13711,#13716));
#13711 = SURFACE_STYLE_USAGE(.BOTH.,#13712);
#13712 = SURFACE_SIDE_STYLE('',(#13713));
#13713 = SURFACE_STYLE_FILL_AREA(#13714);
#13714 = FILL_AREA_STYLE('',(#13715));
#13715 = FILL_AREA_STYLE_COLOUR('',#12271);
#13716 = CURVE_STYLE('',#13717,POSITIVE_LENGTH_MEASURE(0.1),#12271);
#13717 = DRAUGHTING_PRE_DEFINED_CURVE_FONT('continuous');
#13718 = STYLED_ITEM('color',(#13719),#3715);
#13719 = PRESENTATION_STYLE_ASSIGNMENT((#13720,#13725));
#13720 = SURFACE_STYLE_USAGE(.BOTH.,#13721);
#13721 = SURFACE_SIDE_STYLE('',(#13722));
#13722 = SURFACE_STYLE_FILL_AREA(#13723);
#13723 = FILL_AREA_STYLE('',(#13724));
#13724 = FILL_AREA_STYLE_COLOUR('',#12271);
#13725 = CURVE_STYLE('',#13726,POSITIVE_LENGTH_MEASURE(0.1),#12271);
#13726 = DRAUGHTING_PRE_DEFINED_CURVE_FONT('continuous');
#13727 = STYLED_ITEM('color',(#13728),#3732);
#13728 = PRESENTATION_STYLE_ASSIGNMENT((#13729,#13734));
#13729 = SURFACE_STYLE_USAGE(.BOTH.,#13730);
#13730 = SURFACE_SIDE_STYLE('',(#13731));
#13731 = SURFACE_STYLE_FILL_AREA(#13732);
#13732 = FILL_AREA_STYLE('',(#13733));
#13733 = FILL_AREA_STYLE_COLOUR('',#12271);
#13734 = CURVE_STYLE('',#13735,POSITIVE_LENGTH_MEASURE(0.1),#12271);
#13735 = DRAUGHTING_PRE_DEFINED_CURVE_FONT('continuous');
#13736 = STYLED_ITEM('color',(#13737),#3749);
#13737 = PRESENTATION_STYLE_ASSIGNMENT((#13738,#13743));
#13738 = SURFACE_STYLE_USAGE(.BOTH.,#13739);
#13739 = SURFACE_SIDE_STYLE('',(#13740));
#13740 = SURFACE_STYLE_FILL_AREA(#13741);
#13741 = FILL_AREA_STYLE('',(#13742));
#13742 = FILL_AREA_STYLE_COLOUR('',#12271);
#13743 = CURVE_STYLE('',#13744,POSITIVE_LENGTH_MEASURE(0.1),#12271);
#13744 = DRAUGHTING_PRE_DEFINED_CURVE_FONT('continuous');
#13745 = STYLED_ITEM('color',(#13746),#3766);
#13746 = PRESENTATION_STYLE_ASSIGNMENT((#13747,#13752));
#13747 = SURFACE_STYLE_USAGE(.BOTH.,#13748);
#13748 = SURFACE_SIDE_STYLE('',(#13749));
#13749 = SURFACE_STYLE_FILL_AREA(#13750);
#13750 = FILL_AREA_STYLE('',(#13751));
#13751 = FILL_AREA_STYLE_COLOUR('',#12271);
#13752 = CURVE_STYLE('',#13753,POSITIVE_LENGTH_MEASURE(0.1),#12271);
#13753 = DRAUGHTING_PRE_DEFINED_CURVE_FONT('continuous');
#13754 = STYLED_ITEM('color',(#13755),#3778);
#13755 = PRESENTATION_STYLE_ASSIGNMENT((#13756,#13761));
#13756 = SURFACE_STYLE_USAGE(.BOTH.,#13757);
#13757 = SURFACE_SIDE_STYLE('',(#13758));
#13758 = SURFACE_STYLE_FILL_AREA(#13759);
#13759 = FILL_AREA_STYLE('',(#13760));
#13760 = FILL_AREA_STYLE_COLOUR('',#12271);
#13761 = CURVE_STYLE('',#13762,POSITIVE_LENGTH_MEASURE(0.1),#12271);
#13762 = DRAUGHTING_PRE_DEFINED_CURVE_FONT('continuous');
#13763 = STYLED_ITEM('color',(#13764),#3795);
#13764 = PRESENTATION_STYLE_ASSIGNMENT((#13765,#13770));
#13765 = SURFACE_STYLE_USAGE(.BOTH.,#13766);
#13766 = SURFACE_SIDE_STYLE('',(#13767));
#13767 = SURFACE_STYLE_FILL_AREA(#13768);
#13768 = FILL_AREA_STYLE('',(#13769));
#13769 = FILL_AREA_STYLE_COLOUR('',#12271);
#13770 = CURVE_STYLE('',#13771,POSITIVE_LENGTH_MEASURE(0.1),#12271);
#13771 = DRAUGHTING_PRE_DEFINED_CURVE_FONT('continuous');
#13772 = STYLED_ITEM('color',(#13773),#3812);
#13773 = PRESENTATION_STYLE_ASSIGNMENT((#13774,#13779));
#13774 = SURFACE_STYLE_USAGE(.BOTH.,#13775);
#13775 = SURFACE_SIDE_STYLE('',(#13776));
#13776 = SURFACE_STYLE_FILL_AREA(#13777);
#13777 = FILL_AREA_STYLE('',(#13778));
#13778 = FILL_AREA_STYLE_COLOUR('',#12271);
#13779 = CURVE_STYLE('',#13780,POSITIVE_LENGTH_MEASURE(0.1),#12271);
#13780 = DRAUGHTING_PRE_DEFINED_CURVE_FONT('continuous');
#13781 = STYLED_ITEM('color',(#13782),#3829);
#13782 = PRESENTATION_STYLE_ASSIGNMENT((#13783,#13788));
#13783 = SURFACE_STYLE_USAGE(.BOTH.,#13784);
#13784 = SURFACE_SIDE_STYLE('',(#13785));
#13785 = SURFACE_STYLE_FILL_AREA(#13786);
#13786 = FILL_AREA_STYLE('',(#13787));
#13787 = FILL_AREA_STYLE_COLOUR('',#12271);
#13788 = CURVE_STYLE('',#13789,POSITIVE_LENGTH_MEASURE(0.1),#12271);
#13789 = DRAUGHTING_PRE_DEFINED_CURVE_FONT('continuous');
#13790 = STYLED_ITEM('color',(#13791),#3846);
#13791 = PRESENTATION_STYLE_ASSIGNMENT((#13792,#13797));
#13792 = SURFACE_STYLE_USAGE(.BOTH.,#13793);
#13793 = SURFACE_SIDE_STYLE('',(#13794));
#13794 = SURFACE_STYLE_FILL_AREA(#13795);
#13795 = FILL_AREA_STYLE('',(#13796));
#13796 = FILL_AREA_STYLE_COLOUR('',#12271);
#13797 = CURVE_STYLE('',#13798,POSITIVE_LENGTH_MEASURE(0.1),#12271);
#13798 = DRAUGHTING_PRE_DEFINED_CURVE_FONT('continuous');
#13799 = STYLED_ITEM('color',(#13800),#3863);
#13800 = PRESENTATION_STYLE_ASSIGNMENT((#13801,#13806));
#13801 = SURFACE_STYLE_USAGE(.BOTH.,#13802);
#13802 = SURFACE_SIDE_STYLE('',(#13803));
#13803 = SURFACE_STYLE_FILL_AREA(#13804);
#13804 = FILL_AREA_STYLE('',(#13805));
#13805 = FILL_AREA_STYLE_COLOUR('',#12271);
#13806 = CURVE_STYLE('',#13807,POSITIVE_LENGTH_MEASURE(0.1),#12271);
#13807 = DRAUGHTING_PRE_DEFINED_CURVE_FONT('continuous');
#13808 = STYLED_ITEM('color',(#13809),#3880);
#13809 = PRESENTATION_STYLE_ASSIGNMENT((#13810,#13815));
#13810 = SURFACE_STYLE_USAGE(.BOTH.,#13811);
#13811 = SURFACE_SIDE_STYLE('',(#13812));
#13812 = SURFACE_STYLE_FILL_AREA(#13813);
#13813 = FILL_AREA_STYLE('',(#13814));
#13814 = FILL_AREA_STYLE_COLOUR('',#12271);
#13815 = CURVE_STYLE('',#13816,POSITIVE_LENGTH_MEASURE(0.1),#12271);
#13816 = DRAUGHTING_PRE_DEFINED_CURVE_FONT('continuous');
#13817 = STYLED_ITEM('color',(#13818),#3897);
#13818 = PRESENTATION_STYLE_ASSIGNMENT((#13819,#13824));
#13819 = SURFACE_STYLE_USAGE(.BOTH.,#13820);
#13820 = SURFACE_SIDE_STYLE('',(#13821));
#13821 = SURFACE_STYLE_FILL_AREA(#13822);
#13822 = FILL_AREA_STYLE('',(#13823));
#13823 = FILL_AREA_STYLE_COLOUR('',#12271);
#13824 = CURVE_STYLE('',#13825,POSITIVE_LENGTH_MEASURE(0.1),#12271);
#13825 = DRAUGHTING_PRE_DEFINED_CURVE_FONT('continuous');
#13826 = STYLED_ITEM('color',(#13827),#3909);
#13827 = PRESENTATION_STYLE_ASSIGNMENT((#13828,#13833));
#13828 = SURFACE_STYLE_USAGE(.BOTH.,#13829);
#13829 = SURFACE_SIDE_STYLE('',(#13830));
#13830 = SURFACE_STYLE_FILL_AREA(#13831);
#13831 = FILL_AREA_STYLE('',(#13832));
#13832 = FILL_AREA_STYLE_COLOUR('',#12271);
#13833 = CURVE_STYLE('',#13834,POSITIVE_LENGTH_MEASURE(0.1),#12271);
#13834 = DRAUGHTING_PRE_DEFINED_CURVE_FONT('continuous');
#13835 = STYLED_ITEM('color',(#13836),#3926);
#13836 = PRESENTATION_STYLE_ASSIGNMENT((#13837,#13842));
#13837 = SURFACE_STYLE_USAGE(.BOTH.,#13838);
#13838 = SURFACE_SIDE_STYLE('',(#13839));
#13839 = SURFACE_STYLE_FILL_AREA(#13840);
#13840 = FILL_AREA_STYLE('',(#13841));
#13841 = FILL_AREA_STYLE_COLOUR('',#12271);
#13842 = CURVE_STYLE('',#13843,POSITIVE_LENGTH_MEASURE(0.1),#12271);
#13843 = DRAUGHTING_PRE_DEFINED_CURVE_FONT('continuous');
#13844 = STYLED_ITEM('color',(#13845),#3943);
#13845 = PRESENTATION_STYLE_ASSIGNMENT((#13846,#13851));
#13846 = SURFACE_STYLE_USAGE(.BOTH.,#13847);
#13847 = SURFACE_SIDE_STYLE('',(#13848));
#13848 = SURFACE_STYLE_FILL_AREA(#13849);
#13849 = FILL_AREA_STYLE('',(#13850));
#13850 = FILL_AREA_STYLE_COLOUR('',#12271);
#13851 = CURVE_STYLE('',#13852,POSITIVE_LENGTH_MEASURE(0.1),#12271);
#13852 = DRAUGHTING_PRE_DEFINED_CURVE_FONT('continuous');
#13853 = STYLED_ITEM('color',(#13854),#3960);
#13854 = PRESENTATION_STYLE_ASSIGNMENT((#13855,#13860));
#13855 = SURFACE_STYLE_USAGE(.BOTH.,#13856);
#13856 = SURFACE_SIDE_STYLE('',(#13857));
#13857 = SURFACE_STYLE_FILL_AREA(#13858);
#13858 = FILL_AREA_STYLE('',(#13859));
#13859 = FILL_AREA_STYLE_COLOUR('',#12271);
#13860 = CURVE_STYLE('',#13861,POSITIVE_LENGTH_MEASURE(0.1),#12271);
#13861 = DRAUGHTING_PRE_DEFINED_CURVE_FONT('continuous');
#13862 = STYLED_ITEM('color',(#13863),#3977);
#13863 = PRESENTATION_STYLE_ASSIGNMENT((#13864,#13869));
#13864 = SURFACE_STYLE_USAGE(.BOTH.,#13865);
#13865 = SURFACE_SIDE_STYLE('',(#13866));
#13866 = SURFACE_STYLE_FILL_AREA(#13867);
#13867 = FILL_AREA_STYLE('',(#13868));
#13868 = FILL_AREA_STYLE_COLOUR('',#12271);
#13869 = CURVE_STYLE('',#13870,POSITIVE_LENGTH_MEASURE(0.1),#12271);
#13870 = DRAUGHTING_PRE_DEFINED_CURVE_FONT('continuous');
#13871 = STYLED_ITEM('color',(#13872),#3994);
#13872 = PRESENTATION_STYLE_ASSIGNMENT((#13873,#13878));
#13873 = SURFACE_STYLE_USAGE(.BOTH.,#13874);
#13874 = SURFACE_SIDE_STYLE('',(#13875));
#13875 = SURFACE_STYLE_FILL_AREA(#13876);
#13876 = FILL_AREA_STYLE('',(#13877));
#13877 = FILL_AREA_STYLE_COLOUR('',#12271);
#13878 = CURVE_STYLE('',#13879,POSITIVE_LENGTH_MEASURE(0.1),#12271);
#13879 = DRAUGHTING_PRE_DEFINED_CURVE_FONT('continuous');
#13880 = STYLED_ITEM('color',(#13881),#4011);
#13881 = PRESENTATION_STYLE_ASSIGNMENT((#13882,#13887));
#13882 = SURFACE_STYLE_USAGE(.BOTH.,#13883);
#13883 = SURFACE_SIDE_STYLE('',(#13884));
#13884 = SURFACE_STYLE_FILL_AREA(#13885);
#13885 = FILL_AREA_STYLE('',(#13886));
#13886 = FILL_AREA_STYLE_COLOUR('',#12271);
#13887 = CURVE_STYLE('',#13888,POSITIVE_LENGTH_MEASURE(0.1),#12271);
#13888 = DRAUGHTING_PRE_DEFINED_CURVE_FONT('continuous');
#13889 = STYLED_ITEM('color',(#13890),#4023);
#13890 = PRESENTATION_STYLE_ASSIGNMENT((#13891,#13896));
#13891 = SURFACE_STYLE_USAGE(.BOTH.,#13892);
#13892 = SURFACE_SIDE_STYLE('',(#13893));
#13893 = SURFACE_STYLE_FILL_AREA(#13894);
#13894 = FILL_AREA_STYLE('',(#13895));
#13895 = FILL_AREA_STYLE_COLOUR('',#12271);
#13896 = CURVE_STYLE('',#13897,POSITIVE_LENGTH_MEASURE(0.1),#12271);
#13897 = DRAUGHTING_PRE_DEFINED_CURVE_FONT('continuous');
#13898 = STYLED_ITEM('color',(#13899),#4040);
#13899 = PRESENTATION_STYLE_ASSIGNMENT((#13900,#13905));
#13900 = SURFACE_STYLE_USAGE(.BOTH.,#13901);
#13901 = SURFACE_SIDE_STYLE('',(#13902));
#13902 = SURFACE_STYLE_FILL_AREA(#13903);
#13903 = FILL_AREA_STYLE('',(#13904));
#13904 = FILL_AREA_STYLE_COLOUR('',#12271);
#13905 = CURVE_STYLE('',#13906,POSITIVE_LENGTH_MEASURE(0.1),#12271);
#13906 = DRAUGHTING_PRE_DEFINED_CURVE_FONT('continuous');
#13907 = STYLED_ITEM('color',(#13908),#4057);
#13908 = PRESENTATION_STYLE_ASSIGNMENT((#13909,#13914));
#13909 = SURFACE_STYLE_USAGE(.BOTH.,#13910);
#13910 = SURFACE_SIDE_STYLE('',(#13911));
#13911 = SURFACE_STYLE_FILL_AREA(#13912);
#13912 = FILL_AREA_STYLE('',(#13913));
#13913 = FILL_AREA_STYLE_COLOUR('',#12271);
#13914 = CURVE_STYLE('',#13915,POSITIVE_LENGTH_MEASURE(0.1),#12271);
#13915 = DRAUGHTING_PRE_DEFINED_CURVE_FONT('continuous');
#13916 = STYLED_ITEM('color',(#13917),#4074);
#13917 = PRESENTATION_STYLE_ASSIGNMENT((#13918,#13923));
#13918 = SURFACE_STYLE_USAGE(.BOTH.,#13919);
#13919 = SURFACE_SIDE_STYLE('',(#13920));
#13920 = SURFACE_STYLE_FILL_AREA(#13921);
#13921 = FILL_AREA_STYLE('',(#13922));
#13922 = FILL_AREA_STYLE_COLOUR('',#12271);
#13923 = CURVE_STYLE('',#13924,POSITIVE_LENGTH_MEASURE(0.1),#12271);
#13924 = DRAUGHTING_PRE_DEFINED_CURVE_FONT('continuous');
#13925 = STYLED_ITEM('color',(#13926),#4091);
#13926 = PRESENTATION_STYLE_ASSIGNMENT((#13927,#13932));
#13927 = SURFACE_STYLE_USAGE(.BOTH.,#13928);
#13928 = SURFACE_SIDE_STYLE('',(#13929));
#13929 = SURFACE_STYLE_FILL_AREA(#13930);
#13930 = FILL_AREA_STYLE('',(#13931));
#13931 = FILL_AREA_STYLE_COLOUR('',#12271);
#13932 = CURVE_STYLE('',#13933,POSITIVE_LENGTH_MEASURE(0.1),#12271);
#13933 = DRAUGHTING_PRE_DEFINED_CURVE_FONT('continuous');
#13934 = STYLED_ITEM('color',(#13935),#4108);
#13935 = PRESENTATION_STYLE_ASSIGNMENT((#13936,#13941));
#13936 = SURFACE_STYLE_USAGE(.BOTH.,#13937);
#13937 = SURFACE_SIDE_STYLE('',(#13938));
#13938 = SURFACE_STYLE_FILL_AREA(#13939);
#13939 = FILL_AREA_STYLE('',(#13940));
#13940 = FILL_AREA_STYLE_COLOUR('',#12271);
#13941 = CURVE_STYLE('',#13942,POSITIVE_LENGTH_MEASURE(0.1),#12271);
#13942 = DRAUGHTING_PRE_DEFINED_CURVE_FONT('continuous');
#13943 = STYLED_ITEM('color',(#13944),#4125);
#13944 = PRESENTATION_STYLE_ASSIGNMENT((#13945,#13950));
#13945 = SURFACE_STYLE_USAGE(.BOTH.,#13946);
#13946 = SURFACE_SIDE_STYLE('',(#13947));
#13947 = SURFACE_STYLE_FILL_AREA(#13948);
#13948 = FILL_AREA_STYLE('',(#13949));
#13949 = FILL_AREA_STYLE_COLOUR('',#12271);
#13950 = CURVE_STYLE('',#13951,POSITIVE_LENGTH_MEASURE(0.1),#12271);
#13951 = DRAUGHTING_PRE_DEFINED_CURVE_FONT('continuous');
#13952 = STYLED_ITEM('color',(#13953),#4137);
#13953 = PRESENTATION_STYLE_ASSIGNMENT((#13954,#13959));
#13954 = SURFACE_STYLE_USAGE(.BOTH.,#13955);
#13955 = SURFACE_SIDE_STYLE('',(#13956));
#13956 = SURFACE_STYLE_FILL_AREA(#13957);
#13957 = FILL_AREA_STYLE('',(#13958));
#13958 = FILL_AREA_STYLE_COLOUR('',#12271);
#13959 = CURVE_STYLE('',#13960,POSITIVE_LENGTH_MEASURE(0.1),#12271);
#13960 = DRAUGHTING_PRE_DEFINED_CURVE_FONT('continuous');
#13961 = STYLED_ITEM('color',(#13962),#4154);
#13962 = PRESENTATION_STYLE_ASSIGNMENT((#13963,#13968));
#13963 = SURFACE_STYLE_USAGE(.BOTH.,#13964);
#13964 = SURFACE_SIDE_STYLE('',(#13965));
#13965 = SURFACE_STYLE_FILL_AREA(#13966);
#13966 = FILL_AREA_STYLE('',(#13967));
#13967 = FILL_AREA_STYLE_COLOUR('',#12271);
#13968 = CURVE_STYLE('',#13969,POSITIVE_LENGTH_MEASURE(0.1),#12271);
#13969 = DRAUGHTING_PRE_DEFINED_CURVE_FONT('continuous');
#13970 = STYLED_ITEM('color',(#13971),#4171);
#13971 = PRESENTATION_STYLE_ASSIGNMENT((#13972,#13977));
#13972 = SURFACE_STYLE_USAGE(.BOTH.,#13973);
#13973 = SURFACE_SIDE_STYLE('',(#13974));
#13974 = SURFACE_STYLE_FILL_AREA(#13975);
#13975 = FILL_AREA_STYLE('',(#13976));
#13976 = FILL_AREA_STYLE_COLOUR('',#12271);
#13977 = CURVE_STYLE('',#13978,POSITIVE_LENGTH_MEASURE(0.1),#12271);
#13978 = DRAUGHTING_PRE_DEFINED_CURVE_FONT('continuous');
#13979 = STYLED_ITEM('color',(#13980),#4188);
#13980 = PRESENTATION_STYLE_ASSIGNMENT((#13981,#13986));
#13981 = SURFACE_STYLE_USAGE(.BOTH.,#13982);
#13982 = SURFACE_SIDE_STYLE('',(#13983));
#13983 = SURFACE_STYLE_FILL_AREA(#13984);
#13984 = FILL_AREA_STYLE('',(#13985));
#13985 = FILL_AREA_STYLE_COLOUR('',#12271);
#13986 = CURVE_STYLE('',#13987,POSITIVE_LENGTH_MEASURE(0.1),#12271);
#13987 = DRAUGHTING_PRE_DEFINED_CURVE_FONT('continuous');
#13988 = STYLED_ITEM('color',(#13989),#4205);
#13989 = PRESENTATION_STYLE_ASSIGNMENT((#13990,#13995));
#13990 = SURFACE_STYLE_USAGE(.BOTH.,#13991);
#13991 = SURFACE_SIDE_STYLE('',(#13992));
#13992 = SURFACE_STYLE_FILL_AREA(#13993);
#13993 = FILL_AREA_STYLE('',(#13994));
#13994 = FILL_AREA_STYLE_COLOUR('',#12271);
#13995 = CURVE_STYLE('',#13996,POSITIVE_LENGTH_MEASURE(0.1),#12271);
#13996 = DRAUGHTING_PRE_DEFINED_CURVE_FONT('continuous');
#13997 = STYLED_ITEM('color',(#13998),#4222);
#13998 = PRESENTATION_STYLE_ASSIGNMENT((#13999,#14004));
#13999 = SURFACE_STYLE_USAGE(.BOTH.,#14000);
#14000 = SURFACE_SIDE_STYLE('',(#14001));
#14001 = SURFACE_STYLE_FILL_AREA(#14002);
#14002 = FILL_AREA_STYLE('',(#14003));
#14003 = FILL_AREA_STYLE_COLOUR('',#12271);
#14004 = CURVE_STYLE('',#14005,POSITIVE_LENGTH_MEASURE(0.1),#12271);
#14005 = DRAUGHTING_PRE_DEFINED_CURVE_FONT('continuous');
#14006 = STYLED_ITEM('color',(#14007),#4239);
#14007 = PRESENTATION_STYLE_ASSIGNMENT((#14008,#14013));
#14008 = SURFACE_STYLE_USAGE(.BOTH.,#14009);
#14009 = SURFACE_SIDE_STYLE('',(#14010));
#14010 = SURFACE_STYLE_FILL_AREA(#14011);
#14011 = FILL_AREA_STYLE('',(#14012));
#14012 = FILL_AREA_STYLE_COLOUR('',#12271);
#14013 = CURVE_STYLE('',#14014,POSITIVE_LENGTH_MEASURE(0.1),#12271);
#14014 = DRAUGHTING_PRE_DEFINED_CURVE_FONT('continuous');
#14015 = STYLED_ITEM('color',(#14016),#4256);
#14016 = PRESENTATION_STYLE_ASSIGNMENT((#14017,#14022));
#14017 = SURFACE_STYLE_USAGE(.BOTH.,#14018);
#14018 = SURFACE_SIDE_STYLE('',(#14019));
#14019 = SURFACE_STYLE_FILL_AREA(#14020);
#14020 = FILL_AREA_STYLE('',(#14021));
#14021 = FILL_AREA_STYLE_COLOUR('',#12271);
#14022 = CURVE_STYLE('',#14023,POSITIVE_LENGTH_MEASURE(0.1),#12271);
#14023 = DRAUGHTING_PRE_DEFINED_CURVE_FONT('continuous');
#14024 = STYLED_ITEM('color',(#14025),#4268);
#14025 = PRESENTATION_STYLE_ASSIGNMENT((#14026,#14031));
#14026 = SURFACE_STYLE_USAGE(.BOTH.,#14027);
#14027 = SURFACE_SIDE_STYLE('',(#14028));
#14028 = SURFACE_STYLE_FILL_AREA(#14029);
#14029 = FILL_AREA_STYLE('',(#14030));
#14030 = FILL_AREA_STYLE_COLOUR('',#12271);
#14031 = CURVE_STYLE('',#14032,POSITIVE_LENGTH_MEASURE(0.1),#12271);
#14032 = DRAUGHTING_PRE_DEFINED_CURVE_FONT('continuous');
#14033 = STYLED_ITEM('color',(#14034),#4285);
#14034 = PRESENTATION_STYLE_ASSIGNMENT((#14035,#14040));
#14035 = SURFACE_STYLE_USAGE(.BOTH.,#14036);
#14036 = SURFACE_SIDE_STYLE('',(#14037));
#14037 = SURFACE_STYLE_FILL_AREA(#14038);
#14038 = FILL_AREA_STYLE('',(#14039));
#14039 = FILL_AREA_STYLE_COLOUR('',#12271);
#14040 = CURVE_STYLE('',#14041,POSITIVE_LENGTH_MEASURE(0.1),#12271);
#14041 = DRAUGHTING_PRE_DEFINED_CURVE_FONT('continuous');
#14042 = STYLED_ITEM('color',(#14043),#4302);
#14043 = PRESENTATION_STYLE_ASSIGNMENT((#14044,#14049));
#14044 = SURFACE_STYLE_USAGE(.BOTH.,#14045);
#14045 = SURFACE_SIDE_STYLE('',(#14046));
#14046 = SURFACE_STYLE_FILL_AREA(#14047);
#14047 = FILL_AREA_STYLE('',(#14048));
#14048 = FILL_AREA_STYLE_COLOUR('',#12271);
#14049 = CURVE_STYLE('',#14050,POSITIVE_LENGTH_MEASURE(0.1),#12271);
#14050 = DRAUGHTING_PRE_DEFINED_CURVE_FONT('continuous');
#14051 = STYLED_ITEM('color',(#14052),#4319);
#14052 = PRESENTATION_STYLE_ASSIGNMENT((#14053,#14058));
#14053 = SURFACE_STYLE_USAGE(.BOTH.,#14054);
#14054 = SURFACE_SIDE_STYLE('',(#14055));
#14055 = SURFACE_STYLE_FILL_AREA(#14056);
#14056 = FILL_AREA_STYLE('',(#14057));
#14057 = FILL_AREA_STYLE_COLOUR('',#12271);
#14058 = CURVE_STYLE('',#14059,POSITIVE_LENGTH_MEASURE(0.1),#12271);
#14059 = DRAUGHTING_PRE_DEFINED_CURVE_FONT('continuous');
#14060 = STYLED_ITEM('color',(#14061),#4336);
#14061 = PRESENTATION_STYLE_ASSIGNMENT((#14062,#14067));
#14062 = SURFACE_STYLE_USAGE(.BOTH.,#14063);
#14063 = SURFACE_SIDE_STYLE('',(#14064));
#14064 = SURFACE_STYLE_FILL_AREA(#14065);
#14065 = FILL_AREA_STYLE('',(#14066));
#14066 = FILL_AREA_STYLE_COLOUR('',#12271);
#14067 = CURVE_STYLE('',#14068,POSITIVE_LENGTH_MEASURE(0.1),#12271);
#14068 = DRAUGHTING_PRE_DEFINED_CURVE_FONT('continuous');
#14069 = STYLED_ITEM('color',(#14070),#4353);
#14070 = PRESENTATION_STYLE_ASSIGNMENT((#14071,#14076));
#14071 = SURFACE_STYLE_USAGE(.BOTH.,#14072);
#14072 = SURFACE_SIDE_STYLE('',(#14073));
#14073 = SURFACE_STYLE_FILL_AREA(#14074);
#14074 = FILL_AREA_STYLE('',(#14075));
#14075 = FILL_AREA_STYLE_COLOUR('',#12271);
#14076 = CURVE_STYLE('',#14077,POSITIVE_LENGTH_MEASURE(0.1),#12271);
#14077 = DRAUGHTING_PRE_DEFINED_CURVE_FONT('continuous');
#14078 = STYLED_ITEM('color',(#14079),#4370);
#14079 = PRESENTATION_STYLE_ASSIGNMENT((#14080,#14085));
#14080 = SURFACE_STYLE_USAGE(.BOTH.,#14081);
#14081 = SURFACE_SIDE_STYLE('',(#14082));
#14082 = SURFACE_STYLE_FILL_AREA(#14083);
#14083 = FILL_AREA_STYLE('',(#14084));
#14084 = FILL_AREA_STYLE_COLOUR('',#12271);
#14085 = CURVE_STYLE('',#14086,POSITIVE_LENGTH_MEASURE(0.1),#12271);
#14086 = DRAUGHTING_PRE_DEFINED_CURVE_FONT('continuous');
#14087 = STYLED_ITEM('color',(#14088),#4387);
#14088 = PRESENTATION_STYLE_ASSIGNMENT((#14089,#14094));
#14089 = SURFACE_STYLE_USAGE(.BOTH.,#14090);
#14090 = SURFACE_SIDE_STYLE('',(#14091));
#14091 = SURFACE_STYLE_FILL_AREA(#14092);
#14092 = FILL_AREA_STYLE('',(#14093));
#14093 = FILL_AREA_STYLE_COLOUR('',#12271);
#14094 = CURVE_STYLE('',#14095,POSITIVE_LENGTH_MEASURE(0.1),#12271);
#14095 = DRAUGHTING_PRE_DEFINED_CURVE_FONT('continuous');
#14096 = STYLED_ITEM('color',(#14097),#4399);
#14097 = PRESENTATION_STYLE_ASSIGNMENT((#14098,#14103));
#14098 = SURFACE_STYLE_USAGE(.BOTH.,#14099);
#14099 = SURFACE_SIDE_STYLE('',(#14100));
#14100 = SURFACE_STYLE_FILL_AREA(#14101);
#14101 = FILL_AREA_STYLE('',(#14102));
#14102 = FILL_AREA_STYLE_COLOUR('',#12271);
#14103 = CURVE_STYLE('',#14104,POSITIVE_LENGTH_MEASURE(0.1),#12271);
#14104 = DRAUGHTING_PRE_DEFINED_CURVE_FONT('continuous');
#14105 = STYLED_ITEM('color',(#14106),#4416);
#14106 = PRESENTATION_STYLE_ASSIGNMENT((#14107,#14112));
#14107 = SURFACE_STYLE_USAGE(.BOTH.,#14108);
#14108 = SURFACE_SIDE_STYLE('',(#14109));
#14109 = SURFACE_STYLE_FILL_AREA(#14110);
#14110 = FILL_AREA_STYLE('',(#14111));
#14111 = FILL_AREA_STYLE_COLOUR('',#12271);
#14112 = CURVE_STYLE('',#14113,POSITIVE_LENGTH_MEASURE(0.1),#12271);
#14113 = DRAUGHTING_PRE_DEFINED_CURVE_FONT('continuous');
#14114 = STYLED_ITEM('color',(#14115),#4433);
#14115 = PRESENTATION_STYLE_ASSIGNMENT((#14116,#14121));
#14116 = SURFACE_STYLE_USAGE(.BOTH.,#14117);
#14117 = SURFACE_SIDE_STYLE('',(#14118));
#14118 = SURFACE_STYLE_FILL_AREA(#14119);
#14119 = FILL_AREA_STYLE('',(#14120));
#14120 = FILL_AREA_STYLE_COLOUR('',#12271);
#14121 = CURVE_STYLE('',#14122,POSITIVE_LENGTH_MEASURE(0.1),#12271);
#14122 = DRAUGHTING_PRE_DEFINED_CURVE_FONT('continuous');
#14123 = STYLED_ITEM('color',(#14124),#4450);
#14124 = PRESENTATION_STYLE_ASSIGNMENT((#14125,#14130));
#14125 = SURFACE_STYLE_USAGE(.BOTH.,#14126);
#14126 = SURFACE_SIDE_STYLE('',(#14127));
#14127 = SURFACE_STYLE_FILL_AREA(#14128);
#14128 = FILL_AREA_STYLE('',(#14129));
#14129 = FILL_AREA_STYLE_COLOUR('',#12271);
#14130 = CURVE_STYLE('',#14131,POSITIVE_LENGTH_MEASURE(0.1),#12271);
#14131 = DRAUGHTING_PRE_DEFINED_CURVE_FONT('continuous');
#14132 = STYLED_ITEM('color',(#14133),#4467);
#14133 = PRESENTATION_STYLE_ASSIGNMENT((#14134,#14139));
#14134 = SURFACE_STYLE_USAGE(.BOTH.,#14135);
#14135 = SURFACE_SIDE_STYLE('',(#14136));
#14136 = SURFACE_STYLE_FILL_AREA(#14137);
#14137 = FILL_AREA_STYLE('',(#14138));
#14138 = FILL_AREA_STYLE_COLOUR('',#12271);
#14139 = CURVE_STYLE('',#14140,POSITIVE_LENGTH_MEASURE(0.1),#12271);
#14140 = DRAUGHTING_PRE_DEFINED_CURVE_FONT('continuous');
#14141 = STYLED_ITEM('color',(#14142),#4484);
#14142 = PRESENTATION_STYLE_ASSIGNMENT((#14143,#14148));
#14143 = SURFACE_STYLE_USAGE(.BOTH.,#14144);
#14144 = SURFACE_SIDE_STYLE('',(#14145));
#14145 = SURFACE_STYLE_FILL_AREA(#14146);
#14146 = FILL_AREA_STYLE('',(#14147));
#14147 = FILL_AREA_STYLE_COLOUR('',#12271);
#14148 = CURVE_STYLE('',#14149,POSITIVE_LENGTH_MEASURE(0.1),#12271);
#14149 = DRAUGHTING_PRE_DEFINED_CURVE_FONT('continuous');
#14150 = STYLED_ITEM('color',(#14151),#4501);
#14151 = PRESENTATION_STYLE_ASSIGNMENT((#14152,#14157));
#14152 = SURFACE_STYLE_USAGE(.BOTH.,#14153);
#14153 = SURFACE_SIDE_STYLE('',(#14154));
#14154 = SURFACE_STYLE_FILL_AREA(#14155);
#14155 = FILL_AREA_STYLE('',(#14156));
#14156 = FILL_AREA_STYLE_COLOUR('',#12271);
#14157 = CURVE_STYLE('',#14158,POSITIVE_LENGTH_MEASURE(0.1),#12271);
#14158 = DRAUGHTING_PRE_DEFINED_CURVE_FONT('continuous');
#14159 = STYLED_ITEM('color',(#14160),#4518);
#14160 = PRESENTATION_STYLE_ASSIGNMENT((#14161,#14166));
#14161 = SURFACE_STYLE_USAGE(.BOTH.,#14162);
#14162 = SURFACE_SIDE_STYLE('',(#14163));
#14163 = SURFACE_STYLE_FILL_AREA(#14164);
#14164 = FILL_AREA_STYLE('',(#14165));
#14165 = FILL_AREA_STYLE_COLOUR('',#12271);
#14166 = CURVE_STYLE('',#14167,POSITIVE_LENGTH_MEASURE(0.1),#12271);
#14167 = DRAUGHTING_PRE_DEFINED_CURVE_FONT('continuous');
#14168 = STYLED_ITEM('color',(#14169),#4530);
#14169 = PRESENTATION_STYLE_ASSIGNMENT((#14170,#14176));
#14170 = SURFACE_STYLE_USAGE(.BOTH.,#14171);
#14171 = SURFACE_SIDE_STYLE('',(#14172));
#14172 = SURFACE_STYLE_FILL_AREA(#14173);
#14173 = FILL_AREA_STYLE('',(#14174));
#14174 = FILL_AREA_STYLE_COLOUR('',#14175);
#14175 = COLOUR_RGB('',0.690999998585,0.664000007176,0.597999987832);
#14176 = CURVE_STYLE('',#14177,POSITIVE_LENGTH_MEASURE(0.1),#14175);
#14177 = DRAUGHTING_PRE_DEFINED_CURVE_FONT('continuous');
ENDSEC;
END-ISO-10303-21;
