ISO-10303-21;
HEADER;
FILE_DESCRIPTION(('KiCad electronic assembly'),'2;1');
FILE_NAME('Encoder_Button.step','2026-08-03T21:13:15',('Pcbnew'),(
    'Kicad'),'Open CASCADE STEP processor 7.9','KiCad to STEP converter'
  ,'Unknown');
FILE_SCHEMA(('AUTOMOTIVE_DESIGN { 1 0 10303 214 1 1 1 1 }'));
ENDSEC;
DATA;
#1 = APPLICATION_PROTOCOL_DEFINITION('international standard',
  'automotive_design',2000,#2);
#2 = APPLICATION_CONTEXT(
  'core data for automotive mechanical design processes');
#3 = SHAPE_DEFINITION_REPRESENTATION(#4,#10);
#4 = PRODUCT_DEFINITION_SHAPE('','',#5);
#5 = PRODUCT_DEFINITION('design','',#6,#9);
#6 = PRODUCT_DEFINITION_FORMATION('','',#7);
#7 = PRODUCT('Encoder_Button 1','Encoder_Button 1','',(#8));
#8 = PRODUCT_CONTEXT('',#2,'mechanical');
#9 = PRODUCT_DEFINITION_CONTEXT('part definition',#2,'design');
#10 = SHAPE_REPRESENTATION('',(#11,#15,#19,#23,#27,#31,#35,#39,#43),#47
  );
#11 = AXIS2_PLACEMENT_3D('',#12,#13,#14);
#12 = CARTESIAN_POINT('',(0.,0.,0.));
#13 = DIRECTION('',(0.,0.,1.));
#14 = DIRECTION('',(1.,0.,-0.));
#15 = AXIS2_PLACEMENT_3D('',#16,#17,#18);
#16 = CARTESIAN_POINT('',(0.,0.,0.595));
#17 = DIRECTION('',(0.,0.,1.));
#18 = DIRECTION('',(1.,0.,0.));
#19 = AXIS2_PLACEMENT_3D('',#20,#21,#22);
#20 = CARTESIAN_POINT('',(0.,-6.,0.595));
#21 = DIRECTION('',(0.,0.,1.));
#22 = DIRECTION('',(1.,0.,0.));
#23 = AXIS2_PLACEMENT_3D('',#24,#25,#26);
#24 = CARTESIAN_POINT('',(4.75,0.75,0.595));
#25 = DIRECTION('',(0.,0.,1.));
#26 = DIRECTION('',(-1.,1.224646799147E-16,0.));
#27 = AXIS2_PLACEMENT_3D('',#28,#29,#30);
#28 = CARTESIAN_POINT('',(-4.75,-0.75,0.595));
#29 = DIRECTION('',(-0.,0.,1.));
#30 = DIRECTION('',(1.110223024625E-16,-1.,0.));
#31 = AXIS2_PLACEMENT_3D('',#32,#33,#34);
#32 = CARTESIAN_POINT('',(4.75,2.,0.595));
#33 = DIRECTION('',(0.,0.,1.));
#34 = DIRECTION('',(-1.,1.224646799147E-16,0.));
#35 = AXIS2_PLACEMENT_3D('',#36,#37,#38);
#36 = CARTESIAN_POINT('',(4.75,-0.75,0.595));
#37 = DIRECTION('',(0.,0.,1.));
#38 = DIRECTION('',(-1.,1.224646799147E-16,0.));
#39 = AXIS2_PLACEMENT_3D('',#40,#41,#42);
#40 = CARTESIAN_POINT('',(-4.75,2.,0.595));
#41 = DIRECTION('',(0.,0.,1.));
#42 = DIRECTION('',(-1.,1.224646799147E-16,0.));
#43 = AXIS2_PLACEMENT_3D('',#44,#45,#46);
#44 = CARTESIAN_POINT('',(0.,0.,0.));
#45 = DIRECTION('',(0.,0.,1.));
#46 = DIRECTION('',(1.,0.,-0.));
#47 = ( GEOMETRIC_REPRESENTATION_CONTEXT(3) 
GLOBAL_UNCERTAINTY_ASSIGNED_CONTEXT((#51)) GLOBAL_UNIT_ASSIGNED_CONTEXT(
(#48,#49,#50)) REPRESENTATION_CONTEXT('Context #1',
  '3D Context with UNIT and UNCERTAINTY') );
#48 = ( LENGTH_UNIT() NAMED_UNIT(*) SI_UNIT(.MILLI.,.METRE.) );
#49 = ( NAMED_UNIT(*) PLANE_ANGLE_UNIT() SI_UNIT($,.RADIAN.) );
#50 = ( NAMED_UNIT(*) SI_UNIT($,.STERADIAN.) SOLID_ANGLE_UNIT() );
#51 = UNCERTAINTY_MEASURE_WITH_UNIT(LENGTH_MEASURE(1.E-07),#48,
  'distance_accuracy_value','confusion accuracy');
#52 = PRODUCT_RELATED_PRODUCT_CATEGORY('part',$,(#7));
#53 = SHAPE_DEFINITION_REPRESENTATION(#54,#60);
#54 = PRODUCT_DEFINITION_SHAPE('','',#55);
#55 = PRODUCT_DEFINITION('design','',#56,#59);
#56 = PRODUCT_DEFINITION_FORMATION('','',#57);
#57 = PRODUCT('SOIC-8_3.9x4.9mm_P1.27mm','SOIC-8_3.9x4.9mm_P1.27mm','',(
    #58));
#58 = PRODUCT_CONTEXT('',#2,'mechanical');
#59 = PRODUCT_DEFINITION_CONTEXT('part definition',#2,'design');
#60 = ADVANCED_BREP_SHAPE_REPRESENTATION('',(#11,#61),#4529);
#61 = MANIFOLD_SOLID_BREP('',#62);
#62 = CLOSED_SHELL('',(#63,#101,#164,#187,#216,#239,#326,#413,#436,#459,
    #476,#499,#587,#603,#633,#664,#695,#726,#757,#788,#819,#850,#867,
    #884,#915,#946,#977,#1008,#1039,#1070,#1101,#1131,#1154,#1177,#1194,
    #1239,#1325,#1348,#1371,#1394,#1481,#1519,#1568,#1660,#1685,#1769,
    #1791,#1883,#1908,#1992,#2014,#2106,#2131,#2215,#2232,#2317,#2342,
    #2419,#2504,#2529,#2606,#2623,#2715,#2740,#2824,#2846,#2938,#2963,
    #3047,#3069,#3161,#3186,#3270,#3287,#3306,#3325,#3344,#3390,#3406,
    #3425,#3444,#3463,#3479,#3496,#3508,#3525,#3542,#3559,#3576,#3593,
    #3610,#3627,#3639,#3656,#3673,#3690,#3707,#3724,#3741,#3758,#3770,
    #3787,#3804,#3821,#3838,#3855,#3872,#3889,#3901,#3918,#3935,#3952,
    #3969,#3986,#4003,#4015,#4032,#4049,#4066,#4083,#4100,#4117,#4129,
    #4146,#4163,#4180,#4197,#4214,#4231,#4248,#4260,#4277,#4294,#4311,
    #4328,#4345,#4362,#4379,#4391,#4408,#4425,#4442,#4459,#4476,#4493,
    #4510,#4522));
#63 = ADVANCED_FACE('',(#64),#96,.F.);
#64 = FACE_BOUND('',#65,.F.);
#65 = EDGE_LOOP('',(#66,#76,#83,#91));
#66 = ORIENTED_EDGE('',*,*,#67,.T.);
#67 = EDGE_CURVE('',#68,#70,#72,.T.);
#68 = VERTEX_POINT('',#69);
#69 = CARTESIAN_POINT('',(-1.717585640382,2.335171280765,0.1));
#70 = VERTEX_POINT('',#71);
#71 = CARTESIAN_POINT('',(1.717585640382,2.335171280765,0.1));
#72 = LINE('',#73,#74);
#73 = CARTESIAN_POINT('',(-1.717585640382,2.335171280765,0.1));
#74 = VECTOR('',#75,1.);
#75 = DIRECTION('',(1.,1.110223024625E-16,0.));
#76 = ORIENTED_EDGE('',*,*,#77,.T.);
#77 = EDGE_CURVE('',#70,#78,#80,.T.);
#78 = VERTEX_POINT('',#79);
#79 = CARTESIAN_POINT('',(1.775,2.45,0.825));
#80 = B_SPLINE_CURVE_WITH_KNOTS('',1,(#81,#82),.UNSPECIFIED.,.F.,.F.,(2,
    2),(0.,1.),.PIECEWISE_BEZIER_KNOTS.);
#81 = CARTESIAN_POINT('',(1.717585640382,2.335171280765,0.1));
#82 = CARTESIAN_POINT('',(1.775,2.45,0.825));
#83 = ORIENTED_EDGE('',*,*,#84,.F.);
#84 = EDGE_CURVE('',#85,#78,#87,.T.);
#85 = VERTEX_POINT('',#86);
#86 = CARTESIAN_POINT('',(-1.775,2.45,0.825));
#87 = LINE('',#88,#89);
#88 = CARTESIAN_POINT('',(-1.775,2.45,0.825));
#89 = VECTOR('',#90,1.);
#90 = DIRECTION('',(1.,1.110223024625E-16,0.));
#91 = ORIENTED_EDGE('',*,*,#92,.F.);
#92 = EDGE_CURVE('',#68,#85,#93,.T.);
#93 = B_SPLINE_CURVE_WITH_KNOTS('',1,(#94,#95),.UNSPECIFIED.,.F.,.F.,(2,
    2),(0.,1.),.PIECEWISE_BEZIER_KNOTS.);
#94 = CARTESIAN_POINT('',(-1.717585640382,2.335171280765,0.1));
#95 = CARTESIAN_POINT('',(-1.775,2.45,0.825));
#96 = B_SPLINE_SURFACE_WITH_KNOTS('',1,1,(
    (#97,#98)
    ,(#99,#100
  )),.UNSPECIFIED.,.F.,.F.,.F.,(2,2),(2,2),(0.,3.55),(0.,1.),
  .PIECEWISE_BEZIER_KNOTS.);
#97 = CARTESIAN_POINT('',(-1.717585640382,2.335171280765,0.1));
#98 = CARTESIAN_POINT('',(-1.775,2.45,0.825));
#99 = CARTESIAN_POINT('',(1.717585640382,2.335171280765,0.1));
#100 = CARTESIAN_POINT('',(1.775,2.45,0.825));
#101 = ADVANCED_FACE('',(#102),#159,.F.);
#102 = FACE_BOUND('',#103,.T.);
#103 = EDGE_LOOP('',(#104,#105,#113,#121,#129,#137,#145,#153));
#104 = ORIENTED_EDGE('',*,*,#67,.T.);
#105 = ORIENTED_EDGE('',*,*,#106,.T.);
#106 = EDGE_CURVE('',#70,#107,#109,.T.);
#107 = VERTEX_POINT('',#108);
#108 = CARTESIAN_POINT('',(1.835171280765,2.217585640382,0.1));
#109 = LINE('',#110,#111);
#110 = CARTESIAN_POINT('',(1.717585640382,2.335171280765,0.1));
#111 = VECTOR('',#112,1.);
#112 = DIRECTION('',(0.707106781187,-0.707106781187,0.));
#113 = ORIENTED_EDGE('',*,*,#114,.T.);
#114 = EDGE_CURVE('',#107,#115,#117,.T.);
#115 = VERTEX_POINT('',#116);
#116 = CARTESIAN_POINT('',(1.835171280765,-2.217585640382,0.1));
#117 = LINE('',#118,#119);
#118 = CARTESIAN_POINT('',(1.835171280765,2.217585640382,0.1));
#119 = VECTOR('',#120,1.);
#120 = DIRECTION('',(1.110223024625E-16,-1.,0.));
#121 = ORIENTED_EDGE('',*,*,#122,.T.);
#122 = EDGE_CURVE('',#115,#123,#125,.T.);
#123 = VERTEX_POINT('',#124);
#124 = CARTESIAN_POINT('',(1.717585640382,-2.335171280765,0.1));
#125 = LINE('',#126,#127);
#126 = CARTESIAN_POINT('',(1.835171280765,-2.217585640382,0.1));
#127 = VECTOR('',#128,1.);
#128 = DIRECTION('',(-0.707106781187,-0.707106781187,0.));
#129 = ORIENTED_EDGE('',*,*,#130,.T.);
#130 = EDGE_CURVE('',#123,#131,#133,.T.);
#131 = VERTEX_POINT('',#132);
#132 = CARTESIAN_POINT('',(-1.717585640382,-2.335171280765,0.1));
#133 = LINE('',#134,#135);
#134 = CARTESIAN_POINT('',(1.717585640382,-2.335171280765,0.1));
#135 = VECTOR('',#136,1.);
#136 = DIRECTION('',(-1.,-1.110223024625E-16,0.));
#137 = ORIENTED_EDGE('',*,*,#138,.T.);
#138 = EDGE_CURVE('',#131,#139,#141,.T.);
#139 = VERTEX_POINT('',#140);
#140 = CARTESIAN_POINT('',(-1.835171280765,-2.217585640382,0.1));
#141 = LINE('',#142,#143);
#142 = CARTESIAN_POINT('',(-1.717585640382,-2.335171280765,0.1));
#143 = VECTOR('',#144,1.);
#144 = DIRECTION('',(-0.707106781187,0.707106781187,0.));
#145 = ORIENTED_EDGE('',*,*,#146,.T.);
#146 = EDGE_CURVE('',#139,#147,#149,.T.);
#147 = VERTEX_POINT('',#148);
#148 = CARTESIAN_POINT('',(-1.835171280765,2.217585640382,0.1));
#149 = LINE('',#150,#151);
#150 = CARTESIAN_POINT('',(-1.835171280765,-2.217585640382,0.1));
#151 = VECTOR('',#152,1.);
#152 = DIRECTION('',(-1.110223024625E-16,1.,0.));
#153 = ORIENTED_EDGE('',*,*,#154,.T.);
#154 = EDGE_CURVE('',#147,#68,#155,.T.);
#155 = LINE('',#156,#157);
#156 = CARTESIAN_POINT('',(-1.835171280765,2.217585640382,0.1));
#157 = VECTOR('',#158,1.);
#158 = DIRECTION('',(0.707106781187,0.707106781187,0.));
#159 = PLANE('',#160);
#160 = AXIS2_PLACEMENT_3D('',#161,#162,#163);
#161 = CARTESIAN_POINT('',(-1.717585640382,2.335171280765,0.1));
#162 = DIRECTION('',(0.,0.,1.));
#163 = DIRECTION('',(0.592513131498,-0.805560791625,0.));
#164 = ADVANCED_FACE('',(#165),#182,.F.);
#165 = FACE_BOUND('',#166,.F.);
#166 = EDGE_LOOP('',(#167,#168,#175,#181));
#167 = ORIENTED_EDGE('',*,*,#106,.T.);
#168 = ORIENTED_EDGE('',*,*,#169,.T.);
#169 = EDGE_CURVE('',#107,#170,#172,.T.);
#170 = VERTEX_POINT('',#171);
#171 = CARTESIAN_POINT('',(1.95,2.275,0.825));
#172 = B_SPLINE_CURVE_WITH_KNOTS('',1,(#173,#174),.UNSPECIFIED.,.F.,.F.,
  (2,2),(0.,1.),.PIECEWISE_BEZIER_KNOTS.);
#173 = CARTESIAN_POINT('',(1.835171280765,2.217585640382,0.1));
#174 = CARTESIAN_POINT('',(1.95,2.275,0.825));
#175 = ORIENTED_EDGE('',*,*,#176,.F.);
#176 = EDGE_CURVE('',#78,#170,#177,.T.);
#177 = LINE('',#178,#179);
#178 = CARTESIAN_POINT('',(1.775,2.45,0.825));
#179 = VECTOR('',#180,1.);
#180 = DIRECTION('',(0.707106781187,-0.707106781187,0.));
#181 = ORIENTED_EDGE('',*,*,#77,.F.);
#182 = B_SPLINE_SURFACE_WITH_KNOTS('',1,1,(
    (#183,#184)
    ,(#185,#186
    )),.UNSPECIFIED.,.F.,.F.,.F.,(2,2),(2,2),(0.,0.247487373415),(0.,1.)
  ,.PIECEWISE_BEZIER_KNOTS.);
#183 = CARTESIAN_POINT('',(1.717585640382,2.335171280765,0.1));
#184 = CARTESIAN_POINT('',(1.775,2.45,0.825));
#185 = CARTESIAN_POINT('',(1.835171280765,2.217585640382,0.1));
#186 = CARTESIAN_POINT('',(1.95,2.275,0.825));
#187 = ADVANCED_FACE('',(#188),#211,.F.);
#188 = FACE_BOUND('',#189,.F.);
#189 = EDGE_LOOP('',(#190,#191,#198,#206));
#190 = ORIENTED_EDGE('',*,*,#84,.T.);
#191 = ORIENTED_EDGE('',*,*,#192,.T.);
#192 = EDGE_CURVE('',#78,#193,#195,.T.);
#193 = VERTEX_POINT('',#194);
#194 = CARTESIAN_POINT('',(1.775,2.45,1.025));
#195 = B_SPLINE_CURVE_WITH_KNOTS('',1,(#196,#197),.UNSPECIFIED.,.F.,.F.,
  (2,2),(0.,1.),.PIECEWISE_BEZIER_KNOTS.);
#196 = CARTESIAN_POINT('',(1.775,2.45,0.825));
#197 = CARTESIAN_POINT('',(1.775,2.45,1.025));
#198 = ORIENTED_EDGE('',*,*,#199,.F.);
#199 = EDGE_CURVE('',#200,#193,#202,.T.);
#200 = VERTEX_POINT('',#201);
#201 = CARTESIAN_POINT('',(-1.775,2.45,1.025));
#202 = LINE('',#203,#204);
#203 = CARTESIAN_POINT('',(-1.775,2.45,1.025));
#204 = VECTOR('',#205,1.);
#205 = DIRECTION('',(1.,1.110223024625E-16,0.));
#206 = ORIENTED_EDGE('',*,*,#207,.F.);
#207 = EDGE_CURVE('',#85,#200,#208,.T.);
#208 = B_SPLINE_CURVE_WITH_KNOTS('',1,(#209,#210),.UNSPECIFIED.,.F.,.F.,
  (2,2),(0.,1.),.PIECEWISE_BEZIER_KNOTS.);
#209 = CARTESIAN_POINT('',(-1.775,2.45,0.825));
#210 = CARTESIAN_POINT('',(-1.775,2.45,1.025));
#211 = PLANE('',#212);
#212 = AXIS2_PLACEMENT_3D('',#213,#214,#215);
#213 = CARTESIAN_POINT('',(-1.775,2.45,1.025));
#214 = DIRECTION('',(1.110223024625E-16,-1.,0.));
#215 = DIRECTION('',(1.,1.110223024625E-16,0.));
#216 = ADVANCED_FACE('',(#217),#234,.F.);
#217 = FACE_BOUND('',#218,.F.);
#218 = EDGE_LOOP('',(#219,#220,#221,#229));
#219 = ORIENTED_EDGE('',*,*,#154,.T.);
#220 = ORIENTED_EDGE('',*,*,#92,.T.);
#221 = ORIENTED_EDGE('',*,*,#222,.F.);
#222 = EDGE_CURVE('',#223,#85,#225,.T.);
#223 = VERTEX_POINT('',#224);
#224 = CARTESIAN_POINT('',(-1.95,2.275,0.825));
#225 = LINE('',#226,#227);
#226 = CARTESIAN_POINT('',(-1.95,2.275,0.825));
#227 = VECTOR('',#228,1.);
#228 = DIRECTION('',(0.707106781187,0.707106781187,0.));
#229 = ORIENTED_EDGE('',*,*,#230,.F.);
#230 = EDGE_CURVE('',#147,#223,#231,.T.);
#231 = B_SPLINE_CURVE_WITH_KNOTS('',1,(#232,#233),.UNSPECIFIED.,.F.,.F.,
  (2,2),(0.,1.),.PIECEWISE_BEZIER_KNOTS.);
#232 = CARTESIAN_POINT('',(-1.835171280765,2.217585640382,0.1));
#233 = CARTESIAN_POINT('',(-1.95,2.275,0.825));
#234 = B_SPLINE_SURFACE_WITH_KNOTS('',1,1,(
    (#235,#236)
    ,(#237,#238
    )),.UNSPECIFIED.,.F.,.F.,.F.,(2,2),(2,2),(0.,0.247487373415),(0.,1.)
  ,.PIECEWISE_BEZIER_KNOTS.);
#235 = CARTESIAN_POINT('',(-1.835171280765,2.217585640382,0.1));
#236 = CARTESIAN_POINT('',(-1.95,2.275,0.825));
#237 = CARTESIAN_POINT('',(-1.717585640382,2.335171280765,0.1));
#238 = CARTESIAN_POINT('',(-1.775,2.45,0.825));
#239 = ADVANCED_FACE('',(#240),#321,.F.);
#240 = FACE_BOUND('',#241,.F.);
#241 = EDGE_LOOP('',(#242,#243,#244,#252,#260,#268,#276,#284,#292,#300,
    #308,#316));
#242 = ORIENTED_EDGE('',*,*,#146,.T.);
#243 = ORIENTED_EDGE('',*,*,#230,.T.);
#244 = ORIENTED_EDGE('',*,*,#245,.F.);
#245 = EDGE_CURVE('',#246,#223,#248,.T.);
#246 = VERTEX_POINT('',#247);
#247 = CARTESIAN_POINT('',(-1.95,2.11,0.825));
#248 = LINE('',#249,#250);
#249 = CARTESIAN_POINT('',(-1.95,-2.275,0.825));
#250 = VECTOR('',#251,1.);
#251 = DIRECTION('',(-1.110223024625E-16,1.,0.));
#252 = ORIENTED_EDGE('',*,*,#253,.F.);
#253 = EDGE_CURVE('',#254,#246,#256,.T.);
#254 = VERTEX_POINT('',#255);
#255 = CARTESIAN_POINT('',(-1.95,1.7,0.825));
#256 = LINE('',#257,#258);
#257 = CARTESIAN_POINT('',(-1.95,-2.275,0.825));
#258 = VECTOR('',#259,1.);
#259 = DIRECTION('',(-1.110223024625E-16,1.,0.));
#260 = ORIENTED_EDGE('',*,*,#261,.F.);
#261 = EDGE_CURVE('',#262,#254,#264,.T.);
#262 = VERTEX_POINT('',#263);
#263 = CARTESIAN_POINT('',(-1.95,0.84,0.825));
#264 = LINE('',#265,#266);
#265 = CARTESIAN_POINT('',(-1.95,-2.275,0.825));
#266 = VECTOR('',#267,1.);
#267 = DIRECTION('',(-1.110223024625E-16,1.,0.));
#268 = ORIENTED_EDGE('',*,*,#269,.F.);
#269 = EDGE_CURVE('',#270,#262,#272,.T.);
#270 = VERTEX_POINT('',#271);
#271 = CARTESIAN_POINT('',(-1.95,0.43,0.825));
#272 = LINE('',#273,#274);
#273 = CARTESIAN_POINT('',(-1.95,-2.275,0.825));
#274 = VECTOR('',#275,1.);
#275 = DIRECTION('',(-1.110223024625E-16,1.,0.));
#276 = ORIENTED_EDGE('',*,*,#277,.F.);
#277 = EDGE_CURVE('',#278,#270,#280,.T.);
#278 = VERTEX_POINT('',#279);
#279 = CARTESIAN_POINT('',(-1.95,-0.43,0.825));
#280 = LINE('',#281,#282);
#281 = CARTESIAN_POINT('',(-1.95,-2.275,0.825));
#282 = VECTOR('',#283,1.);
#283 = DIRECTION('',(-1.110223024625E-16,1.,0.));
#284 = ORIENTED_EDGE('',*,*,#285,.F.);
#285 = EDGE_CURVE('',#286,#278,#288,.T.);
#286 = VERTEX_POINT('',#287);
#287 = CARTESIAN_POINT('',(-1.95,-0.84,0.825));
#288 = LINE('',#289,#290);
#289 = CARTESIAN_POINT('',(-1.95,-2.275,0.825));
#290 = VECTOR('',#291,1.);
#291 = DIRECTION('',(-1.110223024625E-16,1.,0.));
#292 = ORIENTED_EDGE('',*,*,#293,.F.);
#293 = EDGE_CURVE('',#294,#286,#296,.T.);
#294 = VERTEX_POINT('',#295);
#295 = CARTESIAN_POINT('',(-1.95,-1.7,0.825));
#296 = LINE('',#297,#298);
#297 = CARTESIAN_POINT('',(-1.95,-2.275,0.825));
#298 = VECTOR('',#299,1.);
#299 = DIRECTION('',(-1.110223024625E-16,1.,0.));
#300 = ORIENTED_EDGE('',*,*,#301,.F.);
#301 = EDGE_CURVE('',#302,#294,#304,.T.);
#302 = VERTEX_POINT('',#303);
#303 = CARTESIAN_POINT('',(-1.95,-2.11,0.825));
#304 = LINE('',#305,#306);
#305 = CARTESIAN_POINT('',(-1.95,-2.275,0.825));
#306 = VECTOR('',#307,1.);
#307 = DIRECTION('',(-1.110223024625E-16,1.,0.));
#308 = ORIENTED_EDGE('',*,*,#309,.F.);
#309 = EDGE_CURVE('',#310,#302,#312,.T.);
#310 = VERTEX_POINT('',#311);
#311 = CARTESIAN_POINT('',(-1.95,-2.275,0.825));
#312 = LINE('',#313,#314);
#313 = CARTESIAN_POINT('',(-1.95,-2.275,0.825));
#314 = VECTOR('',#315,1.);
#315 = DIRECTION('',(-1.110223024625E-16,1.,0.));
#316 = ORIENTED_EDGE('',*,*,#317,.F.);
#317 = EDGE_CURVE('',#139,#310,#318,.T.);
#318 = B_SPLINE_CURVE_WITH_KNOTS('',1,(#319,#320),.UNSPECIFIED.,.F.,.F.,
  (2,2),(0.,1.),.PIECEWISE_BEZIER_KNOTS.);
#319 = CARTESIAN_POINT('',(-1.835171280765,-2.217585640382,0.1));
#320 = CARTESIAN_POINT('',(-1.95,-2.275,0.825));
#321 = B_SPLINE_SURFACE_WITH_KNOTS('',1,1,(
    (#322,#323)
    ,(#324,#325
    )),.UNSPECIFIED.,.F.,.F.,.F.,(2,2),(2,2),(0.,4.55),(0.,1.),
  .PIECEWISE_BEZIER_KNOTS.);
#322 = CARTESIAN_POINT('',(-1.835171280765,-2.217585640382,0.1));
#323 = CARTESIAN_POINT('',(-1.95,-2.275,0.825));
#324 = CARTESIAN_POINT('',(-1.835171280765,2.217585640382,0.1));
#325 = CARTESIAN_POINT('',(-1.95,2.275,0.825));
#326 = ADVANCED_FACE('',(#327),#408,.F.);
#327 = FACE_BOUND('',#328,.F.);
#328 = EDGE_LOOP('',(#329,#330,#337,#345,#353,#361,#369,#377,#385,#393,
    #401,#407));
#329 = ORIENTED_EDGE('',*,*,#114,.T.);
#330 = ORIENTED_EDGE('',*,*,#331,.T.);
#331 = EDGE_CURVE('',#115,#332,#334,.T.);
#332 = VERTEX_POINT('',#333);
#333 = CARTESIAN_POINT('',(1.95,-2.275,0.825));
#334 = B_SPLINE_CURVE_WITH_KNOTS('',1,(#335,#336),.UNSPECIFIED.,.F.,.F.,
  (2,2),(0.,1.),.PIECEWISE_BEZIER_KNOTS.);
#335 = CARTESIAN_POINT('',(1.835171280765,-2.217585640382,0.1));
#336 = CARTESIAN_POINT('',(1.95,-2.275,0.825));
#337 = ORIENTED_EDGE('',*,*,#338,.F.);
#338 = EDGE_CURVE('',#339,#332,#341,.T.);
#339 = VERTEX_POINT('',#340);
#340 = CARTESIAN_POINT('',(1.95,-2.11,0.825));
#341 = LINE('',#342,#343);
#342 = CARTESIAN_POINT('',(1.95,2.275,0.825));
#343 = VECTOR('',#344,1.);
#344 = DIRECTION('',(1.110223024625E-16,-1.,0.));
#345 = ORIENTED_EDGE('',*,*,#346,.F.);
#346 = EDGE_CURVE('',#347,#339,#349,.T.);
#347 = VERTEX_POINT('',#348);
#348 = CARTESIAN_POINT('',(1.95,-1.7,0.825));
#349 = LINE('',#350,#351);
#350 = CARTESIAN_POINT('',(1.95,2.275,0.825));
#351 = VECTOR('',#352,1.);
#352 = DIRECTION('',(1.110223024625E-16,-1.,0.));
#353 = ORIENTED_EDGE('',*,*,#354,.F.);
#354 = EDGE_CURVE('',#355,#347,#357,.T.);
#355 = VERTEX_POINT('',#356);
#356 = CARTESIAN_POINT('',(1.95,-0.84,0.825));
#357 = LINE('',#358,#359);
#358 = CARTESIAN_POINT('',(1.95,2.275,0.825));
#359 = VECTOR('',#360,1.);
#360 = DIRECTION('',(1.110223024625E-16,-1.,0.));
#361 = ORIENTED_EDGE('',*,*,#362,.F.);
#362 = EDGE_CURVE('',#363,#355,#365,.T.);
#363 = VERTEX_POINT('',#364);
#364 = CARTESIAN_POINT('',(1.95,-0.43,0.825));
#365 = LINE('',#366,#367);
#366 = CARTESIAN_POINT('',(1.95,2.275,0.825));
#367 = VECTOR('',#368,1.);
#368 = DIRECTION('',(1.110223024625E-16,-1.,0.));
#369 = ORIENTED_EDGE('',*,*,#370,.F.);
#370 = EDGE_CURVE('',#371,#363,#373,.T.);
#371 = VERTEX_POINT('',#372);
#372 = CARTESIAN_POINT('',(1.95,0.43,0.825));
#373 = LINE('',#374,#375);
#374 = CARTESIAN_POINT('',(1.95,2.275,0.825));
#375 = VECTOR('',#376,1.);
#376 = DIRECTION('',(1.110223024625E-16,-1.,0.));
#377 = ORIENTED_EDGE('',*,*,#378,.F.);
#378 = EDGE_CURVE('',#379,#371,#381,.T.);
#379 = VERTEX_POINT('',#380);
#380 = CARTESIAN_POINT('',(1.95,0.84,0.825));
#381 = LINE('',#382,#383);
#382 = CARTESIAN_POINT('',(1.95,2.275,0.825));
#383 = VECTOR('',#384,1.);
#384 = DIRECTION('',(1.110223024625E-16,-1.,0.));
#385 = ORIENTED_EDGE('',*,*,#386,.F.);
#386 = EDGE_CURVE('',#387,#379,#389,.T.);
#387 = VERTEX_POINT('',#388);
#388 = CARTESIAN_POINT('',(1.95,1.7,0.825));
#389 = LINE('',#390,#391);
#390 = CARTESIAN_POINT('',(1.95,2.275,0.825));
#391 = VECTOR('',#392,1.);
#392 = DIRECTION('',(1.110223024625E-16,-1.,0.));
#393 = ORIENTED_EDGE('',*,*,#394,.F.);
#394 = EDGE_CURVE('',#395,#387,#397,.T.);
#395 = VERTEX_POINT('',#396);
#396 = CARTESIAN_POINT('',(1.95,2.11,0.825));
#397 = LINE('',#398,#399);
#398 = CARTESIAN_POINT('',(1.95,2.275,0.825));
#399 = VECTOR('',#400,1.);
#400 = DIRECTION('',(1.110223024625E-16,-1.,0.));
#401 = ORIENTED_EDGE('',*,*,#402,.F.);
#402 = EDGE_CURVE('',#170,#395,#403,.T.);
#403 = LINE('',#404,#405);
#404 = CARTESIAN_POINT('',(1.95,2.275,0.825));
#405 = VECTOR('',#406,1.);
#406 = DIRECTION('',(1.110223024625E-16,-1.,0.));
#407 = ORIENTED_EDGE('',*,*,#169,.F.);
#408 = B_SPLINE_SURFACE_WITH_KNOTS('',1,1,(
    (#409,#410)
    ,(#411,#412
    )),.UNSPECIFIED.,.F.,.F.,.F.,(2,2),(2,2),(0.,4.55),(0.,1.),
  .PIECEWISE_BEZIER_KNOTS.);
#409 = CARTESIAN_POINT('',(1.835171280765,2.217585640382,0.1));
#410 = CARTESIAN_POINT('',(1.95,2.275,0.825));
#411 = CARTESIAN_POINT('',(1.835171280765,-2.217585640382,0.1));
#412 = CARTESIAN_POINT('',(1.95,-2.275,0.825));
#413 = ADVANCED_FACE('',(#414),#431,.F.);
#414 = FACE_BOUND('',#415,.F.);
#415 = EDGE_LOOP('',(#416,#417,#418,#426));
#416 = ORIENTED_EDGE('',*,*,#138,.T.);
#417 = ORIENTED_EDGE('',*,*,#317,.T.);
#418 = ORIENTED_EDGE('',*,*,#419,.F.);
#419 = EDGE_CURVE('',#420,#310,#422,.T.);
#420 = VERTEX_POINT('',#421);
#421 = CARTESIAN_POINT('',(-1.775,-2.45,0.825));
#422 = LINE('',#423,#424);
#423 = CARTESIAN_POINT('',(-1.775,-2.45,0.825));
#424 = VECTOR('',#425,1.);
#425 = DIRECTION('',(-0.707106781187,0.707106781187,0.));
#426 = ORIENTED_EDGE('',*,*,#427,.F.);
#427 = EDGE_CURVE('',#131,#420,#428,.T.);
#428 = B_SPLINE_CURVE_WITH_KNOTS('',1,(#429,#430),.UNSPECIFIED.,.F.,.F.,
  (2,2),(0.,1.),.PIECEWISE_BEZIER_KNOTS.);
#429 = CARTESIAN_POINT('',(-1.717585640382,-2.335171280765,0.1));
#430 = CARTESIAN_POINT('',(-1.775,-2.45,0.825));
#431 = B_SPLINE_SURFACE_WITH_KNOTS('',1,1,(
    (#432,#433)
    ,(#434,#435
    )),.UNSPECIFIED.,.F.,.F.,.F.,(2,2),(2,2),(0.,0.247487373415),(0.,1.)
  ,.PIECEWISE_BEZIER_KNOTS.);
#432 = CARTESIAN_POINT('',(-1.717585640382,-2.335171280765,0.1));
#433 = CARTESIAN_POINT('',(-1.775,-2.45,0.825));
#434 = CARTESIAN_POINT('',(-1.835171280765,-2.217585640382,0.1));
#435 = CARTESIAN_POINT('',(-1.95,-2.275,0.825));
#436 = ADVANCED_FACE('',(#437),#454,.F.);
#437 = FACE_BOUND('',#438,.F.);
#438 = EDGE_LOOP('',(#439,#440,#447,#453));
#439 = ORIENTED_EDGE('',*,*,#122,.T.);
#440 = ORIENTED_EDGE('',*,*,#441,.T.);
#441 = EDGE_CURVE('',#123,#442,#444,.T.);
#442 = VERTEX_POINT('',#443);
#443 = CARTESIAN_POINT('',(1.775,-2.45,0.825));
#444 = B_SPLINE_CURVE_WITH_KNOTS('',1,(#445,#446),.UNSPECIFIED.,.F.,.F.,
  (2,2),(0.,1.),.PIECEWISE_BEZIER_KNOTS.);
#445 = CARTESIAN_POINT('',(1.717585640382,-2.335171280765,0.1));
#446 = CARTESIAN_POINT('',(1.775,-2.45,0.825));
#447 = ORIENTED_EDGE('',*,*,#448,.F.);
#448 = EDGE_CURVE('',#332,#442,#449,.T.);
#449 = LINE('',#450,#451);
#450 = CARTESIAN_POINT('',(1.95,-2.275,0.825));
#451 = VECTOR('',#452,1.);
#452 = DIRECTION('',(-0.707106781187,-0.707106781187,0.));
#453 = ORIENTED_EDGE('',*,*,#331,.F.);
#454 = B_SPLINE_SURFACE_WITH_KNOTS('',1,1,(
    (#455,#456)
    ,(#457,#458
    )),.UNSPECIFIED.,.F.,.F.,.F.,(2,2),(2,2),(0.,0.247487373415),(0.,1.)
  ,.PIECEWISE_BEZIER_KNOTS.);
#455 = CARTESIAN_POINT('',(1.835171280765,-2.217585640382,0.1));
#456 = CARTESIAN_POINT('',(1.95,-2.275,0.825));
#457 = CARTESIAN_POINT('',(1.717585640382,-2.335171280765,0.1));
#458 = CARTESIAN_POINT('',(1.775,-2.45,0.825));
#459 = ADVANCED_FACE('',(#460),#471,.F.);
#460 = FACE_BOUND('',#461,.F.);
#461 = EDGE_LOOP('',(#462,#463,#464,#470));
#462 = ORIENTED_EDGE('',*,*,#130,.T.);
#463 = ORIENTED_EDGE('',*,*,#427,.T.);
#464 = ORIENTED_EDGE('',*,*,#465,.F.);
#465 = EDGE_CURVE('',#442,#420,#466,.T.);
#466 = LINE('',#467,#468);
#467 = CARTESIAN_POINT('',(1.775,-2.45,0.825));
#468 = VECTOR('',#469,1.);
#469 = DIRECTION('',(-1.,-1.110223024625E-16,0.));
#470 = ORIENTED_EDGE('',*,*,#441,.F.);
#471 = B_SPLINE_SURFACE_WITH_KNOTS('',1,1,(
    (#472,#473)
    ,(#474,#475
    )),.UNSPECIFIED.,.F.,.F.,.F.,(2,2),(2,2),(0.,3.55),(0.,1.),
  .PIECEWISE_BEZIER_KNOTS.);
#472 = CARTESIAN_POINT('',(1.717585640382,-2.335171280765,0.1));
#473 = CARTESIAN_POINT('',(1.775,-2.45,0.825));
#474 = CARTESIAN_POINT('',(-1.717585640382,-2.335171280765,0.1));
#475 = CARTESIAN_POINT('',(-1.775,-2.45,0.825));
#476 = ADVANCED_FACE('',(#477),#494,.F.);
#477 = FACE_BOUND('',#478,.F.);
#478 = EDGE_LOOP('',(#479,#480,#487,#493));
#479 = ORIENTED_EDGE('',*,*,#176,.T.);
#480 = ORIENTED_EDGE('',*,*,#481,.T.);
#481 = EDGE_CURVE('',#170,#482,#484,.T.);
#482 = VERTEX_POINT('',#483);
#483 = CARTESIAN_POINT('',(1.95,2.275,1.025));
#484 = B_SPLINE_CURVE_WITH_KNOTS('',1,(#485,#486),.UNSPECIFIED.,.F.,.F.,
  (2,2),(0.,1.),.PIECEWISE_BEZIER_KNOTS.);
#485 = CARTESIAN_POINT('',(1.95,2.275,0.825));
#486 = CARTESIAN_POINT('',(1.95,2.275,1.025));
#487 = ORIENTED_EDGE('',*,*,#488,.F.);
#488 = EDGE_CURVE('',#193,#482,#489,.T.);
#489 = LINE('',#490,#491);
#490 = CARTESIAN_POINT('',(1.775,2.45,1.025));
#491 = VECTOR('',#492,1.);
#492 = DIRECTION('',(0.707106781187,-0.707106781187,0.));
#493 = ORIENTED_EDGE('',*,*,#192,.F.);
#494 = PLANE('',#495);
#495 = AXIS2_PLACEMENT_3D('',#496,#497,#498);
#496 = CARTESIAN_POINT('',(1.775,2.45,1.025));
#497 = DIRECTION('',(-0.707106781187,-0.707106781187,0.));
#498 = DIRECTION('',(0.707106781187,-0.707106781187,0.));
#499 = ADVANCED_FACE('',(#500),#582,.F.);
#500 = FACE_BOUND('',#501,.F.);
#501 = EDGE_LOOP('',(#502,#510,#511,#512,#520,#528,#536,#544,#552,#560,
    #568,#576));
#502 = ORIENTED_EDGE('',*,*,#503,.T.);
#503 = EDGE_CURVE('',#504,#200,#506,.T.);
#504 = VERTEX_POINT('',#505);
#505 = CARTESIAN_POINT('',(-1.95,2.275,1.025));
#506 = LINE('',#507,#508);
#507 = CARTESIAN_POINT('',(-1.95,2.275,1.025));
#508 = VECTOR('',#509,1.);
#509 = DIRECTION('',(0.707106781187,0.707106781187,0.));
#510 = ORIENTED_EDGE('',*,*,#199,.T.);
#511 = ORIENTED_EDGE('',*,*,#488,.T.);
#512 = ORIENTED_EDGE('',*,*,#513,.T.);
#513 = EDGE_CURVE('',#482,#514,#516,.T.);
#514 = VERTEX_POINT('',#515);
#515 = CARTESIAN_POINT('',(1.95,2.11,1.025));
#516 = LINE('',#517,#518);
#517 = CARTESIAN_POINT('',(1.95,2.275,1.025));
#518 = VECTOR('',#519,1.);
#519 = DIRECTION('',(1.110223024625E-16,-1.,0.));
#520 = ORIENTED_EDGE('',*,*,#521,.T.);
#521 = EDGE_CURVE('',#514,#522,#524,.T.);
#522 = VERTEX_POINT('',#523);
#523 = CARTESIAN_POINT('',(1.875,2.11,1.025));
#524 = LINE('',#525,#526);
#525 = CARTESIAN_POINT('',(2.25,2.11,1.025));
#526 = VECTOR('',#527,1.);
#527 = DIRECTION('',(-1.,-1.110223024625E-16,0.));
#528 = ORIENTED_EDGE('',*,*,#529,.F.);
#529 = EDGE_CURVE('',#530,#522,#532,.T.);
#530 = VERTEX_POINT('',#531);
#531 = CARTESIAN_POINT('',(1.875,2.2375,1.025));
#532 = LINE('',#533,#534);
#533 = CARTESIAN_POINT('',(1.875,2.2375,1.025));
#534 = VECTOR('',#535,1.);
#535 = DIRECTION('',(1.110223024625E-16,-1.,0.));
#536 = ORIENTED_EDGE('',*,*,#537,.F.);
#537 = EDGE_CURVE('',#538,#530,#540,.T.);
#538 = VERTEX_POINT('',#539);
#539 = CARTESIAN_POINT('',(1.7375,2.375,1.025));
#540 = LINE('',#541,#542);
#541 = CARTESIAN_POINT('',(1.7375,2.375,1.025));
#542 = VECTOR('',#543,1.);
#543 = DIRECTION('',(0.707106781187,-0.707106781187,0.));
#544 = ORIENTED_EDGE('',*,*,#545,.F.);
#545 = EDGE_CURVE('',#546,#538,#548,.T.);
#546 = VERTEX_POINT('',#547);
#547 = CARTESIAN_POINT('',(-1.7375,2.375,1.025));
#548 = LINE('',#549,#550);
#549 = CARTESIAN_POINT('',(-1.7375,2.375,1.025));
#550 = VECTOR('',#551,1.);
#551 = DIRECTION('',(1.,1.110223024625E-16,0.));
#552 = ORIENTED_EDGE('',*,*,#553,.F.);
#553 = EDGE_CURVE('',#554,#546,#556,.T.);
#554 = VERTEX_POINT('',#555);
#555 = CARTESIAN_POINT('',(-1.875,2.2375,1.025));
#556 = LINE('',#557,#558);
#557 = CARTESIAN_POINT('',(-1.875,2.2375,1.025));
#558 = VECTOR('',#559,1.);
#559 = DIRECTION('',(0.707106781187,0.707106781187,0.));
#560 = ORIENTED_EDGE('',*,*,#561,.F.);
#561 = EDGE_CURVE('',#562,#554,#564,.T.);
#562 = VERTEX_POINT('',#563);
#563 = CARTESIAN_POINT('',(-1.875,2.11,1.025));
#564 = LINE('',#565,#566);
#565 = CARTESIAN_POINT('',(-1.875,-2.2375,1.025));
#566 = VECTOR('',#567,1.);
#567 = DIRECTION('',(-1.110223024625E-16,1.,0.));
#568 = ORIENTED_EDGE('',*,*,#569,.F.);
#569 = EDGE_CURVE('',#570,#562,#572,.T.);
#570 = VERTEX_POINT('',#571);
#571 = CARTESIAN_POINT('',(-1.95,2.11,1.025));
#572 = LINE('',#573,#574);
#573 = CARTESIAN_POINT('',(-2.25,2.11,1.025));
#574 = VECTOR('',#575,1.);
#575 = DIRECTION('',(1.,-1.144237745222E-17,0.));
#576 = ORIENTED_EDGE('',*,*,#577,.T.);
#577 = EDGE_CURVE('',#570,#504,#578,.T.);
#578 = LINE('',#579,#580);
#579 = CARTESIAN_POINT('',(-1.95,-2.275,1.025));
#580 = VECTOR('',#581,1.);
#581 = DIRECTION('',(-1.110223024625E-16,1.,0.));
#582 = PLANE('',#583);
#583 = AXIS2_PLACEMENT_3D('',#584,#585,#586);
#584 = CARTESIAN_POINT('',(-3.027078129022E-16,2.4125,1.025));
#585 = DIRECTION('',(2.007919022429E-31,-7.713306628828E-27,-1.));
#586 = DIRECTION('',(1.,1.112083013911E-16,2.00791902242E-31));
#587 = ADVANCED_FACE('',(#588),#598,.F.);
#588 = FACE_BOUND('',#589,.F.);
#589 = EDGE_LOOP('',(#590,#591,#592,#593));
#590 = ORIENTED_EDGE('',*,*,#222,.T.);
#591 = ORIENTED_EDGE('',*,*,#207,.T.);
#592 = ORIENTED_EDGE('',*,*,#503,.F.);
#593 = ORIENTED_EDGE('',*,*,#594,.F.);
#594 = EDGE_CURVE('',#223,#504,#595,.T.);
#595 = B_SPLINE_CURVE_WITH_KNOTS('',1,(#596,#597),.UNSPECIFIED.,.F.,.F.,
  (2,2),(0.,1.),.PIECEWISE_BEZIER_KNOTS.);
#596 = CARTESIAN_POINT('',(-1.95,2.275,0.825));
#597 = CARTESIAN_POINT('',(-1.95,2.275,1.025));
#598 = PLANE('',#599);
#599 = AXIS2_PLACEMENT_3D('',#600,#601,#602);
#600 = CARTESIAN_POINT('',(-1.95,2.275,1.025));
#601 = DIRECTION('',(0.707106781187,-0.707106781187,0.));
#602 = DIRECTION('',(0.707106781187,0.707106781187,0.));
#603 = ADVANCED_FACE('',(#604),#628,.F.);
#604 = FACE_BOUND('',#605,.F.);
#605 = EDGE_LOOP('',(#606,#613,#614,#622));
#606 = ORIENTED_EDGE('',*,*,#607,.F.);
#607 = EDGE_CURVE('',#310,#608,#610,.T.);
#608 = VERTEX_POINT('',#609);
#609 = CARTESIAN_POINT('',(-1.95,-2.275,1.025));
#610 = B_SPLINE_CURVE_WITH_KNOTS('',1,(#611,#612),.UNSPECIFIED.,.F.,.F.,
  (2,2),(0.,1.),.PIECEWISE_BEZIER_KNOTS.);
#611 = CARTESIAN_POINT('',(-1.95,-2.275,0.825));
#612 = CARTESIAN_POINT('',(-1.95,-2.275,1.025));
#613 = ORIENTED_EDGE('',*,*,#309,.T.);
#614 = ORIENTED_EDGE('',*,*,#615,.T.);
#615 = EDGE_CURVE('',#302,#616,#618,.T.);
#616 = VERTEX_POINT('',#617);
#617 = CARTESIAN_POINT('',(-1.95,-2.11,1.025));
#618 = LINE('',#619,#620);
#619 = CARTESIAN_POINT('',(-1.95,-2.11,0.786976568901));
#620 = VECTOR('',#621,1.);
#621 = DIRECTION('',(0.,0.,1.));
#622 = ORIENTED_EDGE('',*,*,#623,.F.);
#623 = EDGE_CURVE('',#608,#616,#624,.T.);
#624 = LINE('',#625,#626);
#625 = CARTESIAN_POINT('',(-1.95,-2.275,1.025));
#626 = VECTOR('',#627,1.);
#627 = DIRECTION('',(-1.110223024625E-16,1.,0.));
#628 = PLANE('',#629);
#629 = AXIS2_PLACEMENT_3D('',#630,#631,#632);
#630 = CARTESIAN_POINT('',(-1.95,-2.275,1.025));
#631 = DIRECTION('',(1.,1.110223024625E-16,0.));
#632 = DIRECTION('',(-1.110223024625E-16,1.,0.));
#633 = ADVANCED_FACE('',(#634),#659,.F.);
#634 = FACE_BOUND('',#635,.F.);
#635 = EDGE_LOOP('',(#636,#644,#645,#653));
#636 = ORIENTED_EDGE('',*,*,#637,.F.);
#637 = EDGE_CURVE('',#302,#638,#640,.T.);
#638 = VERTEX_POINT('',#639);
#639 = CARTESIAN_POINT('',(-2.25,-2.11,0.825));
#640 = LINE('',#641,#642);
#641 = CARTESIAN_POINT('',(-1.8,-2.11,0.825));
#642 = VECTOR('',#643,1.);
#643 = DIRECTION('',(-1.,1.144237745222E-17,0.));
#644 = ORIENTED_EDGE('',*,*,#301,.T.);
#645 = ORIENTED_EDGE('',*,*,#646,.T.);
#646 = EDGE_CURVE('',#294,#647,#649,.T.);
#647 = VERTEX_POINT('',#648);
#648 = CARTESIAN_POINT('',(-2.25,-1.7,0.825));
#649 = LINE('',#650,#651);
#650 = CARTESIAN_POINT('',(-1.8,-1.7,0.825));
#651 = VECTOR('',#652,1.);
#652 = DIRECTION('',(-1.,1.144237745222E-17,0.));
#653 = ORIENTED_EDGE('',*,*,#654,.F.);
#654 = EDGE_CURVE('',#638,#647,#655,.T.);
#655 = LINE('',#656,#657);
#656 = CARTESIAN_POINT('',(-2.25,-2.11,0.825));
#657 = VECTOR('',#658,1.);
#658 = DIRECTION('',(1.144237745222E-17,1.,0.));
#659 = PLANE('',#660);
#660 = AXIS2_PLACEMENT_3D('',#661,#662,#663);
#661 = CARTESIAN_POINT('',(-1.8,-2.11,0.825));
#662 = DIRECTION('',(0.,0.,1.));
#663 = DIRECTION('',(-1.,1.144237745222E-17,0.));
#664 = ADVANCED_FACE('',(#665),#690,.F.);
#665 = FACE_BOUND('',#666,.F.);
#666 = EDGE_LOOP('',(#667,#675,#676,#684));
#667 = ORIENTED_EDGE('',*,*,#668,.F.);
#668 = EDGE_CURVE('',#294,#669,#671,.T.);
#669 = VERTEX_POINT('',#670);
#670 = CARTESIAN_POINT('',(-1.95,-1.7,1.025));
#671 = LINE('',#672,#673);
#672 = CARTESIAN_POINT('',(-1.95,-1.7,0.786976568901));
#673 = VECTOR('',#674,1.);
#674 = DIRECTION('',(0.,0.,1.));
#675 = ORIENTED_EDGE('',*,*,#293,.T.);
#676 = ORIENTED_EDGE('',*,*,#677,.T.);
#677 = EDGE_CURVE('',#286,#678,#680,.T.);
#678 = VERTEX_POINT('',#679);
#679 = CARTESIAN_POINT('',(-1.95,-0.84,1.025));
#680 = LINE('',#681,#682);
#681 = CARTESIAN_POINT('',(-1.95,-0.84,0.786976568901));
#682 = VECTOR('',#683,1.);
#683 = DIRECTION('',(0.,0.,1.));
#684 = ORIENTED_EDGE('',*,*,#685,.F.);
#685 = EDGE_CURVE('',#669,#678,#686,.T.);
#686 = LINE('',#687,#688);
#687 = CARTESIAN_POINT('',(-1.95,-2.275,1.025));
#688 = VECTOR('',#689,1.);
#689 = DIRECTION('',(-1.110223024625E-16,1.,0.));
#690 = PLANE('',#691);
#691 = AXIS2_PLACEMENT_3D('',#692,#693,#694);
#692 = CARTESIAN_POINT('',(-1.95,-2.275,1.025));
#693 = DIRECTION('',(1.,1.110223024625E-16,0.));
#694 = DIRECTION('',(-1.110223024625E-16,1.,0.));
#695 = ADVANCED_FACE('',(#696),#721,.F.);
#696 = FACE_BOUND('',#697,.F.);
#697 = EDGE_LOOP('',(#698,#706,#707,#715));
#698 = ORIENTED_EDGE('',*,*,#699,.F.);
#699 = EDGE_CURVE('',#286,#700,#702,.T.);
#700 = VERTEX_POINT('',#701);
#701 = CARTESIAN_POINT('',(-2.25,-0.84,0.825));
#702 = LINE('',#703,#704);
#703 = CARTESIAN_POINT('',(-1.8,-0.84,0.825));
#704 = VECTOR('',#705,1.);
#705 = DIRECTION('',(-1.,1.144237745222E-17,0.));
#706 = ORIENTED_EDGE('',*,*,#285,.T.);
#707 = ORIENTED_EDGE('',*,*,#708,.T.);
#708 = EDGE_CURVE('',#278,#709,#711,.T.);
#709 = VERTEX_POINT('',#710);
#710 = CARTESIAN_POINT('',(-2.25,-0.43,0.825));
#711 = LINE('',#712,#713);
#712 = CARTESIAN_POINT('',(-1.8,-0.43,0.825));
#713 = VECTOR('',#714,1.);
#714 = DIRECTION('',(-1.,1.144237745222E-17,0.));
#715 = ORIENTED_EDGE('',*,*,#716,.F.);
#716 = EDGE_CURVE('',#700,#709,#717,.T.);
#717 = LINE('',#718,#719);
#718 = CARTESIAN_POINT('',(-2.25,-0.84,0.825));
#719 = VECTOR('',#720,1.);
#720 = DIRECTION('',(1.144237745222E-17,1.,0.));
#721 = PLANE('',#722);
#722 = AXIS2_PLACEMENT_3D('',#723,#724,#725);
#723 = CARTESIAN_POINT('',(-1.8,-0.84,0.825));
#724 = DIRECTION('',(0.,0.,1.));
#725 = DIRECTION('',(-1.,1.144237745222E-17,0.));
#726 = ADVANCED_FACE('',(#727),#752,.F.);
#727 = FACE_BOUND('',#728,.F.);
#728 = EDGE_LOOP('',(#729,#737,#738,#746));
#729 = ORIENTED_EDGE('',*,*,#730,.F.);
#730 = EDGE_CURVE('',#278,#731,#733,.T.);
#731 = VERTEX_POINT('',#732);
#732 = CARTESIAN_POINT('',(-1.95,-0.43,1.025));
#733 = LINE('',#734,#735);
#734 = CARTESIAN_POINT('',(-1.95,-0.43,0.786976568901));
#735 = VECTOR('',#736,1.);
#736 = DIRECTION('',(0.,0.,1.));
#737 = ORIENTED_EDGE('',*,*,#277,.T.);
#738 = ORIENTED_EDGE('',*,*,#739,.T.);
#739 = EDGE_CURVE('',#270,#740,#742,.T.);
#740 = VERTEX_POINT('',#741);
#741 = CARTESIAN_POINT('',(-1.95,0.43,1.025));
#742 = LINE('',#743,#744);
#743 = CARTESIAN_POINT('',(-1.95,0.43,0.786976568901));
#744 = VECTOR('',#745,1.);
#745 = DIRECTION('',(0.,0.,1.));
#746 = ORIENTED_EDGE('',*,*,#747,.F.);
#747 = EDGE_CURVE('',#731,#740,#748,.T.);
#748 = LINE('',#749,#750);
#749 = CARTESIAN_POINT('',(-1.95,-2.275,1.025));
#750 = VECTOR('',#751,1.);
#751 = DIRECTION('',(-1.110223024625E-16,1.,0.));
#752 = PLANE('',#753);
#753 = AXIS2_PLACEMENT_3D('',#754,#755,#756);
#754 = CARTESIAN_POINT('',(-1.95,-2.275,1.025));
#755 = DIRECTION('',(1.,1.110223024625E-16,0.));
#756 = DIRECTION('',(-1.110223024625E-16,1.,0.));
#757 = ADVANCED_FACE('',(#758),#783,.F.);
#758 = FACE_BOUND('',#759,.F.);
#759 = EDGE_LOOP('',(#760,#768,#769,#777));
#760 = ORIENTED_EDGE('',*,*,#761,.F.);
#761 = EDGE_CURVE('',#270,#762,#764,.T.);
#762 = VERTEX_POINT('',#763);
#763 = CARTESIAN_POINT('',(-2.25,0.43,0.825));
#764 = LINE('',#765,#766);
#765 = CARTESIAN_POINT('',(-1.8,0.43,0.825));
#766 = VECTOR('',#767,1.);
#767 = DIRECTION('',(-1.,1.144237745222E-17,0.));
#768 = ORIENTED_EDGE('',*,*,#269,.T.);
#769 = ORIENTED_EDGE('',*,*,#770,.T.);
#770 = EDGE_CURVE('',#262,#771,#773,.T.);
#771 = VERTEX_POINT('',#772);
#772 = CARTESIAN_POINT('',(-2.25,0.84,0.825));
#773 = LINE('',#774,#775);
#774 = CARTESIAN_POINT('',(-1.8,0.84,0.825));
#775 = VECTOR('',#776,1.);
#776 = DIRECTION('',(-1.,1.144237745222E-17,0.));
#777 = ORIENTED_EDGE('',*,*,#778,.F.);
#778 = EDGE_CURVE('',#762,#771,#779,.T.);
#779 = LINE('',#780,#781);
#780 = CARTESIAN_POINT('',(-2.25,0.43,0.825));
#781 = VECTOR('',#782,1.);
#782 = DIRECTION('',(1.144237745222E-17,1.,0.));
#783 = PLANE('',#784);
#784 = AXIS2_PLACEMENT_3D('',#785,#786,#787);
#785 = CARTESIAN_POINT('',(-1.8,0.43,0.825));
#786 = DIRECTION('',(0.,0.,1.));
#787 = DIRECTION('',(-1.,1.144237745222E-17,0.));
#788 = ADVANCED_FACE('',(#789),#814,.F.);
#789 = FACE_BOUND('',#790,.F.);
#790 = EDGE_LOOP('',(#791,#799,#800,#808));
#791 = ORIENTED_EDGE('',*,*,#792,.F.);
#792 = EDGE_CURVE('',#262,#793,#795,.T.);
#793 = VERTEX_POINT('',#794);
#794 = CARTESIAN_POINT('',(-1.95,0.84,1.025));
#795 = LINE('',#796,#797);
#796 = CARTESIAN_POINT('',(-1.95,0.84,0.786976568901));
#797 = VECTOR('',#798,1.);
#798 = DIRECTION('',(0.,0.,1.));
#799 = ORIENTED_EDGE('',*,*,#261,.T.);
#800 = ORIENTED_EDGE('',*,*,#801,.T.);
#801 = EDGE_CURVE('',#254,#802,#804,.T.);
#802 = VERTEX_POINT('',#803);
#803 = CARTESIAN_POINT('',(-1.95,1.7,1.025));
#804 = LINE('',#805,#806);
#805 = CARTESIAN_POINT('',(-1.95,1.7,0.786976568901));
#806 = VECTOR('',#807,1.);
#807 = DIRECTION('',(0.,0.,1.));
#808 = ORIENTED_EDGE('',*,*,#809,.F.);
#809 = EDGE_CURVE('',#793,#802,#810,.T.);
#810 = LINE('',#811,#812);
#811 = CARTESIAN_POINT('',(-1.95,-2.275,1.025));
#812 = VECTOR('',#813,1.);
#813 = DIRECTION('',(-1.110223024625E-16,1.,0.));
#814 = PLANE('',#815);
#815 = AXIS2_PLACEMENT_3D('',#816,#817,#818);
#816 = CARTESIAN_POINT('',(-1.95,-2.275,1.025));
#817 = DIRECTION('',(1.,1.110223024625E-16,0.));
#818 = DIRECTION('',(-1.110223024625E-16,1.,0.));
#819 = ADVANCED_FACE('',(#820),#845,.F.);
#820 = FACE_BOUND('',#821,.F.);
#821 = EDGE_LOOP('',(#822,#830,#831,#839));
#822 = ORIENTED_EDGE('',*,*,#823,.F.);
#823 = EDGE_CURVE('',#254,#824,#826,.T.);
#824 = VERTEX_POINT('',#825);
#825 = CARTESIAN_POINT('',(-2.25,1.7,0.825));
#826 = LINE('',#827,#828);
#827 = CARTESIAN_POINT('',(-1.8,1.7,0.825));
#828 = VECTOR('',#829,1.);
#829 = DIRECTION('',(-1.,1.144237745222E-17,0.));
#830 = ORIENTED_EDGE('',*,*,#253,.T.);
#831 = ORIENTED_EDGE('',*,*,#832,.T.);
#832 = EDGE_CURVE('',#246,#833,#835,.T.);
#833 = VERTEX_POINT('',#834);
#834 = CARTESIAN_POINT('',(-2.25,2.11,0.825));
#835 = LINE('',#836,#837);
#836 = CARTESIAN_POINT('',(-1.8,2.11,0.825));
#837 = VECTOR('',#838,1.);
#838 = DIRECTION('',(-1.,1.144237745222E-17,0.));
#839 = ORIENTED_EDGE('',*,*,#840,.F.);
#840 = EDGE_CURVE('',#824,#833,#841,.T.);
#841 = LINE('',#842,#843);
#842 = CARTESIAN_POINT('',(-2.25,1.7,0.825));
#843 = VECTOR('',#844,1.);
#844 = DIRECTION('',(1.144237745222E-17,1.,0.));
#845 = PLANE('',#846);
#846 = AXIS2_PLACEMENT_3D('',#847,#848,#849);
#847 = CARTESIAN_POINT('',(-1.8,1.7,0.825));
#848 = DIRECTION('',(0.,0.,1.));
#849 = DIRECTION('',(-1.,1.144237745222E-17,0.));
#850 = ADVANCED_FACE('',(#851),#862,.F.);
#851 = FACE_BOUND('',#852,.F.);
#852 = EDGE_LOOP('',(#853,#859,#860,#861));
#853 = ORIENTED_EDGE('',*,*,#854,.F.);
#854 = EDGE_CURVE('',#246,#570,#855,.T.);
#855 = LINE('',#856,#857);
#856 = CARTESIAN_POINT('',(-1.95,2.11,0.786976568901));
#857 = VECTOR('',#858,1.);
#858 = DIRECTION('',(0.,0.,1.));
#859 = ORIENTED_EDGE('',*,*,#245,.T.);
#860 = ORIENTED_EDGE('',*,*,#594,.T.);
#861 = ORIENTED_EDGE('',*,*,#577,.F.);
#862 = PLANE('',#863);
#863 = AXIS2_PLACEMENT_3D('',#864,#865,#866);
#864 = CARTESIAN_POINT('',(-1.95,-2.275,1.025));
#865 = DIRECTION('',(1.,1.110223024625E-16,0.));
#866 = DIRECTION('',(-1.110223024625E-16,1.,0.));
#867 = ADVANCED_FACE('',(#868),#879,.F.);
#868 = FACE_BOUND('',#869,.F.);
#869 = EDGE_LOOP('',(#870,#871,#872,#878));
#870 = ORIENTED_EDGE('',*,*,#481,.F.);
#871 = ORIENTED_EDGE('',*,*,#402,.T.);
#872 = ORIENTED_EDGE('',*,*,#873,.T.);
#873 = EDGE_CURVE('',#395,#514,#874,.T.);
#874 = LINE('',#875,#876);
#875 = CARTESIAN_POINT('',(1.95,2.11,0.786976568901));
#876 = VECTOR('',#877,1.);
#877 = DIRECTION('',(0.,0.,1.));
#878 = ORIENTED_EDGE('',*,*,#513,.F.);
#879 = PLANE('',#880);
#880 = AXIS2_PLACEMENT_3D('',#881,#882,#883);
#881 = CARTESIAN_POINT('',(1.95,2.275,1.025));
#882 = DIRECTION('',(-1.,-1.110223024625E-16,0.));
#883 = DIRECTION('',(1.110223024625E-16,-1.,0.));
#884 = ADVANCED_FACE('',(#885),#910,.F.);
#885 = FACE_BOUND('',#886,.F.);
#886 = EDGE_LOOP('',(#887,#895,#896,#904));
#887 = ORIENTED_EDGE('',*,*,#888,.F.);
#888 = EDGE_CURVE('',#395,#889,#891,.T.);
#889 = VERTEX_POINT('',#890);
#890 = CARTESIAN_POINT('',(2.25,2.11,0.825));
#891 = LINE('',#892,#893);
#892 = CARTESIAN_POINT('',(1.8,2.11,0.825));
#893 = VECTOR('',#894,1.);
#894 = DIRECTION('',(1.,1.110223024625E-16,0.));
#895 = ORIENTED_EDGE('',*,*,#394,.T.);
#896 = ORIENTED_EDGE('',*,*,#897,.T.);
#897 = EDGE_CURVE('',#387,#898,#900,.T.);
#898 = VERTEX_POINT('',#899);
#899 = CARTESIAN_POINT('',(2.25,1.7,0.825));
#900 = LINE('',#901,#902);
#901 = CARTESIAN_POINT('',(1.8,1.7,0.825));
#902 = VECTOR('',#903,1.);
#903 = DIRECTION('',(1.,1.110223024625E-16,0.));
#904 = ORIENTED_EDGE('',*,*,#905,.F.);
#905 = EDGE_CURVE('',#889,#898,#906,.T.);
#906 = LINE('',#907,#908);
#907 = CARTESIAN_POINT('',(2.25,2.11,0.825));
#908 = VECTOR('',#909,1.);
#909 = DIRECTION('',(1.110223024625E-16,-1.,0.));
#910 = PLANE('',#911);
#911 = AXIS2_PLACEMENT_3D('',#912,#913,#914);
#912 = CARTESIAN_POINT('',(1.8,2.11,0.825));
#913 = DIRECTION('',(0.,0.,1.));
#914 = DIRECTION('',(1.,1.110223024625E-16,-0.));
#915 = ADVANCED_FACE('',(#916),#941,.F.);
#916 = FACE_BOUND('',#917,.F.);
#917 = EDGE_LOOP('',(#918,#926,#927,#935));
#918 = ORIENTED_EDGE('',*,*,#919,.F.);
#919 = EDGE_CURVE('',#387,#920,#922,.T.);
#920 = VERTEX_POINT('',#921);
#921 = CARTESIAN_POINT('',(1.95,1.7,1.025));
#922 = LINE('',#923,#924);
#923 = CARTESIAN_POINT('',(1.95,1.7,0.786976568901));
#924 = VECTOR('',#925,1.);
#925 = DIRECTION('',(0.,0.,1.));
#926 = ORIENTED_EDGE('',*,*,#386,.T.);
#927 = ORIENTED_EDGE('',*,*,#928,.T.);
#928 = EDGE_CURVE('',#379,#929,#931,.T.);
#929 = VERTEX_POINT('',#930);
#930 = CARTESIAN_POINT('',(1.95,0.84,1.025));
#931 = LINE('',#932,#933);
#932 = CARTESIAN_POINT('',(1.95,0.84,0.786976568901));
#933 = VECTOR('',#934,1.);
#934 = DIRECTION('',(0.,0.,1.));
#935 = ORIENTED_EDGE('',*,*,#936,.F.);
#936 = EDGE_CURVE('',#920,#929,#937,.T.);
#937 = LINE('',#938,#939);
#938 = CARTESIAN_POINT('',(1.95,2.275,1.025));
#939 = VECTOR('',#940,1.);
#940 = DIRECTION('',(1.110223024625E-16,-1.,0.));
#941 = PLANE('',#942);
#942 = AXIS2_PLACEMENT_3D('',#943,#944,#945);
#943 = CARTESIAN_POINT('',(1.95,2.275,1.025));
#944 = DIRECTION('',(-1.,-1.110223024625E-16,0.));
#945 = DIRECTION('',(1.110223024625E-16,-1.,0.));
#946 = ADVANCED_FACE('',(#947),#972,.F.);
#947 = FACE_BOUND('',#948,.F.);
#948 = EDGE_LOOP('',(#949,#957,#958,#966));
#949 = ORIENTED_EDGE('',*,*,#950,.F.);
#950 = EDGE_CURVE('',#379,#951,#953,.T.);
#951 = VERTEX_POINT('',#952);
#952 = CARTESIAN_POINT('',(2.25,0.84,0.825));
#953 = LINE('',#954,#955);
#954 = CARTESIAN_POINT('',(1.8,0.84,0.825));
#955 = VECTOR('',#956,1.);
#956 = DIRECTION('',(1.,1.110223024625E-16,0.));
#957 = ORIENTED_EDGE('',*,*,#378,.T.);
#958 = ORIENTED_EDGE('',*,*,#959,.T.);
#959 = EDGE_CURVE('',#371,#960,#962,.T.);
#960 = VERTEX_POINT('',#961);
#961 = CARTESIAN_POINT('',(2.25,0.43,0.825));
#962 = LINE('',#963,#964);
#963 = CARTESIAN_POINT('',(1.8,0.43,0.825));
#964 = VECTOR('',#965,1.);
#965 = DIRECTION('',(1.,1.110223024625E-16,0.));
#966 = ORIENTED_EDGE('',*,*,#967,.F.);
#967 = EDGE_CURVE('',#951,#960,#968,.T.);
#968 = LINE('',#969,#970);
#969 = CARTESIAN_POINT('',(2.25,0.84,0.825));
#970 = VECTOR('',#971,1.);
#971 = DIRECTION('',(1.110223024625E-16,-1.,0.));
#972 = PLANE('',#973);
#973 = AXIS2_PLACEMENT_3D('',#974,#975,#976);
#974 = CARTESIAN_POINT('',(1.8,0.84,0.825));
#975 = DIRECTION('',(0.,0.,1.));
#976 = DIRECTION('',(1.,1.110223024625E-16,-0.));
#977 = ADVANCED_FACE('',(#978),#1003,.F.);
#978 = FACE_BOUND('',#979,.F.);
#979 = EDGE_LOOP('',(#980,#988,#989,#997));
#980 = ORIENTED_EDGE('',*,*,#981,.F.);
#981 = EDGE_CURVE('',#371,#982,#984,.T.);
#982 = VERTEX_POINT('',#983);
#983 = CARTESIAN_POINT('',(1.95,0.43,1.025));
#984 = LINE('',#985,#986);
#985 = CARTESIAN_POINT('',(1.95,0.43,0.786976568901));
#986 = VECTOR('',#987,1.);
#987 = DIRECTION('',(0.,0.,1.));
#988 = ORIENTED_EDGE('',*,*,#370,.T.);
#989 = ORIENTED_EDGE('',*,*,#990,.T.);
#990 = EDGE_CURVE('',#363,#991,#993,.T.);
#991 = VERTEX_POINT('',#992);
#992 = CARTESIAN_POINT('',(1.95,-0.43,1.025));
#993 = LINE('',#994,#995);
#994 = CARTESIAN_POINT('',(1.95,-0.43,0.786976568901));
#995 = VECTOR('',#996,1.);
#996 = DIRECTION('',(0.,0.,1.));
#997 = ORIENTED_EDGE('',*,*,#998,.F.);
#998 = EDGE_CURVE('',#982,#991,#999,.T.);
#999 = LINE('',#1000,#1001);
#1000 = CARTESIAN_POINT('',(1.95,2.275,1.025));
#1001 = VECTOR('',#1002,1.);
#1002 = DIRECTION('',(1.110223024625E-16,-1.,0.));
#1003 = PLANE('',#1004);
#1004 = AXIS2_PLACEMENT_3D('',#1005,#1006,#1007);
#1005 = CARTESIAN_POINT('',(1.95,2.275,1.025));
#1006 = DIRECTION('',(-1.,-1.110223024625E-16,0.));
#1007 = DIRECTION('',(1.110223024625E-16,-1.,0.));
#1008 = ADVANCED_FACE('',(#1009),#1034,.F.);
#1009 = FACE_BOUND('',#1010,.F.);
#1010 = EDGE_LOOP('',(#1011,#1019,#1020,#1028));
#1011 = ORIENTED_EDGE('',*,*,#1012,.F.);
#1012 = EDGE_CURVE('',#363,#1013,#1015,.T.);
#1013 = VERTEX_POINT('',#1014);
#1014 = CARTESIAN_POINT('',(2.25,-0.43,0.825));
#1015 = LINE('',#1016,#1017);
#1016 = CARTESIAN_POINT('',(1.8,-0.43,0.825));
#1017 = VECTOR('',#1018,1.);
#1018 = DIRECTION('',(1.,1.110223024625E-16,0.));
#1019 = ORIENTED_EDGE('',*,*,#362,.T.);
#1020 = ORIENTED_EDGE('',*,*,#1021,.T.);
#1021 = EDGE_CURVE('',#355,#1022,#1024,.T.);
#1022 = VERTEX_POINT('',#1023);
#1023 = CARTESIAN_POINT('',(2.25,-0.84,0.825));
#1024 = LINE('',#1025,#1026);
#1025 = CARTESIAN_POINT('',(1.8,-0.84,0.825));
#1026 = VECTOR('',#1027,1.);
#1027 = DIRECTION('',(1.,1.110223024625E-16,0.));
#1028 = ORIENTED_EDGE('',*,*,#1029,.F.);
#1029 = EDGE_CURVE('',#1013,#1022,#1030,.T.);
#1030 = LINE('',#1031,#1032);
#1031 = CARTESIAN_POINT('',(2.25,-0.43,0.825));
#1032 = VECTOR('',#1033,1.);
#1033 = DIRECTION('',(1.110223024625E-16,-1.,0.));
#1034 = PLANE('',#1035);
#1035 = AXIS2_PLACEMENT_3D('',#1036,#1037,#1038);
#1036 = CARTESIAN_POINT('',(1.8,-0.43,0.825));
#1037 = DIRECTION('',(0.,0.,1.));
#1038 = DIRECTION('',(1.,1.110223024625E-16,-0.));
#1039 = ADVANCED_FACE('',(#1040),#1065,.F.);
#1040 = FACE_BOUND('',#1041,.F.);
#1041 = EDGE_LOOP('',(#1042,#1050,#1051,#1059));
#1042 = ORIENTED_EDGE('',*,*,#1043,.F.);
#1043 = EDGE_CURVE('',#355,#1044,#1046,.T.);
#1044 = VERTEX_POINT('',#1045);
#1045 = CARTESIAN_POINT('',(1.95,-0.84,1.025));
#1046 = LINE('',#1047,#1048);
#1047 = CARTESIAN_POINT('',(1.95,-0.84,0.786976568901));
#1048 = VECTOR('',#1049,1.);
#1049 = DIRECTION('',(0.,0.,1.));
#1050 = ORIENTED_EDGE('',*,*,#354,.T.);
#1051 = ORIENTED_EDGE('',*,*,#1052,.T.);
#1052 = EDGE_CURVE('',#347,#1053,#1055,.T.);
#1053 = VERTEX_POINT('',#1054);
#1054 = CARTESIAN_POINT('',(1.95,-1.7,1.025));
#1055 = LINE('',#1056,#1057);
#1056 = CARTESIAN_POINT('',(1.95,-1.7,0.786976568901));
#1057 = VECTOR('',#1058,1.);
#1058 = DIRECTION('',(0.,0.,1.));
#1059 = ORIENTED_EDGE('',*,*,#1060,.F.);
#1060 = EDGE_CURVE('',#1044,#1053,#1061,.T.);
#1061 = LINE('',#1062,#1063);
#1062 = CARTESIAN_POINT('',(1.95,2.275,1.025));
#1063 = VECTOR('',#1064,1.);
#1064 = DIRECTION('',(1.110223024625E-16,-1.,0.));
#1065 = PLANE('',#1066);
#1066 = AXIS2_PLACEMENT_3D('',#1067,#1068,#1069);
#1067 = CARTESIAN_POINT('',(1.95,2.275,1.025));
#1068 = DIRECTION('',(-1.,-1.110223024625E-16,0.));
#1069 = DIRECTION('',(1.110223024625E-16,-1.,0.));
#1070 = ADVANCED_FACE('',(#1071),#1096,.F.);
#1071 = FACE_BOUND('',#1072,.F.);
#1072 = EDGE_LOOP('',(#1073,#1081,#1082,#1090));
#1073 = ORIENTED_EDGE('',*,*,#1074,.F.);
#1074 = EDGE_CURVE('',#347,#1075,#1077,.T.);
#1075 = VERTEX_POINT('',#1076);
#1076 = CARTESIAN_POINT('',(2.25,-1.7,0.825));
#1077 = LINE('',#1078,#1079);
#1078 = CARTESIAN_POINT('',(1.8,-1.7,0.825));
#1079 = VECTOR('',#1080,1.);
#1080 = DIRECTION('',(1.,1.110223024625E-16,0.));
#1081 = ORIENTED_EDGE('',*,*,#346,.T.);
#1082 = ORIENTED_EDGE('',*,*,#1083,.T.);
#1083 = EDGE_CURVE('',#339,#1084,#1086,.T.);
#1084 = VERTEX_POINT('',#1085);
#1085 = CARTESIAN_POINT('',(2.25,-2.11,0.825));
#1086 = LINE('',#1087,#1088);
#1087 = CARTESIAN_POINT('',(1.8,-2.11,0.825));
#1088 = VECTOR('',#1089,1.);
#1089 = DIRECTION('',(1.,1.110223024625E-16,0.));
#1090 = ORIENTED_EDGE('',*,*,#1091,.F.);
#1091 = EDGE_CURVE('',#1075,#1084,#1092,.T.);
#1092 = LINE('',#1093,#1094);
#1093 = CARTESIAN_POINT('',(2.25,-1.7,0.825));
#1094 = VECTOR('',#1095,1.);
#1095 = DIRECTION('',(1.110223024625E-16,-1.,0.));
#1096 = PLANE('',#1097);
#1097 = AXIS2_PLACEMENT_3D('',#1098,#1099,#1100);
#1098 = CARTESIAN_POINT('',(1.8,-1.7,0.825));
#1099 = DIRECTION('',(0.,0.,1.));
#1100 = DIRECTION('',(1.,1.110223024625E-16,-0.));
#1101 = ADVANCED_FACE('',(#1102),#1126,.F.);
#1102 = FACE_BOUND('',#1103,.F.);
#1103 = EDGE_LOOP('',(#1104,#1112,#1113,#1120));
#1104 = ORIENTED_EDGE('',*,*,#1105,.F.);
#1105 = EDGE_CURVE('',#339,#1106,#1108,.T.);
#1106 = VERTEX_POINT('',#1107);
#1107 = CARTESIAN_POINT('',(1.95,-2.11,1.025));
#1108 = LINE('',#1109,#1110);
#1109 = CARTESIAN_POINT('',(1.95,-2.11,0.786976568901));
#1110 = VECTOR('',#1111,1.);
#1111 = DIRECTION('',(0.,0.,1.));
#1112 = ORIENTED_EDGE('',*,*,#338,.T.);
#1113 = ORIENTED_EDGE('',*,*,#1114,.T.);
#1114 = EDGE_CURVE('',#332,#1115,#1117,.T.);
#1115 = VERTEX_POINT('',#1116);
#1116 = CARTESIAN_POINT('',(1.95,-2.275,1.025));
#1117 = B_SPLINE_CURVE_WITH_KNOTS('',1,(#1118,#1119),.UNSPECIFIED.,.F.,
  .F.,(2,2),(0.,1.),.PIECEWISE_BEZIER_KNOTS.);
#1118 = CARTESIAN_POINT('',(1.95,-2.275,0.825));
#1119 = CARTESIAN_POINT('',(1.95,-2.275,1.025));
#1120 = ORIENTED_EDGE('',*,*,#1121,.F.);
#1121 = EDGE_CURVE('',#1106,#1115,#1122,.T.);
#1122 = LINE('',#1123,#1124);
#1123 = CARTESIAN_POINT('',(1.95,2.275,1.025));
#1124 = VECTOR('',#1125,1.);
#1125 = DIRECTION('',(1.110223024625E-16,-1.,0.));
#1126 = PLANE('',#1127);
#1127 = AXIS2_PLACEMENT_3D('',#1128,#1129,#1130);
#1128 = CARTESIAN_POINT('',(1.95,2.275,1.025));
#1129 = DIRECTION('',(-1.,-1.110223024625E-16,0.));
#1130 = DIRECTION('',(1.110223024625E-16,-1.,0.));
#1131 = ADVANCED_FACE('',(#1132),#1149,.F.);
#1132 = FACE_BOUND('',#1133,.F.);
#1133 = EDGE_LOOP('',(#1134,#1135,#1136,#1144));
#1134 = ORIENTED_EDGE('',*,*,#419,.T.);
#1135 = ORIENTED_EDGE('',*,*,#607,.T.);
#1136 = ORIENTED_EDGE('',*,*,#1137,.F.);
#1137 = EDGE_CURVE('',#1138,#608,#1140,.T.);
#1138 = VERTEX_POINT('',#1139);
#1139 = CARTESIAN_POINT('',(-1.775,-2.45,1.025));
#1140 = LINE('',#1141,#1142);
#1141 = CARTESIAN_POINT('',(-1.775,-2.45,1.025));
#1142 = VECTOR('',#1143,1.);
#1143 = DIRECTION('',(-0.707106781187,0.707106781187,0.));
#1144 = ORIENTED_EDGE('',*,*,#1145,.F.);
#1145 = EDGE_CURVE('',#420,#1138,#1146,.T.);
#1146 = B_SPLINE_CURVE_WITH_KNOTS('',1,(#1147,#1148),.UNSPECIFIED.,.F.,
  .F.,(2,2),(0.,1.),.PIECEWISE_BEZIER_KNOTS.);
#1147 = CARTESIAN_POINT('',(-1.775,-2.45,0.825));
#1148 = CARTESIAN_POINT('',(-1.775,-2.45,1.025));
#1149 = PLANE('',#1150);
#1150 = AXIS2_PLACEMENT_3D('',#1151,#1152,#1153);
#1151 = CARTESIAN_POINT('',(-1.775,-2.45,1.025));
#1152 = DIRECTION('',(0.707106781187,0.707106781187,0.));
#1153 = DIRECTION('',(-0.707106781187,0.707106781187,0.));
#1154 = ADVANCED_FACE('',(#1155),#1172,.F.);
#1155 = FACE_BOUND('',#1156,.F.);
#1156 = EDGE_LOOP('',(#1157,#1158,#1165,#1171));
#1157 = ORIENTED_EDGE('',*,*,#448,.T.);
#1158 = ORIENTED_EDGE('',*,*,#1159,.T.);
#1159 = EDGE_CURVE('',#442,#1160,#1162,.T.);
#1160 = VERTEX_POINT('',#1161);
#1161 = CARTESIAN_POINT('',(1.775,-2.45,1.025));
#1162 = B_SPLINE_CURVE_WITH_KNOTS('',1,(#1163,#1164),.UNSPECIFIED.,.F.,
  .F.,(2,2),(0.,1.),.PIECEWISE_BEZIER_KNOTS.);
#1163 = CARTESIAN_POINT('',(1.775,-2.45,0.825));
#1164 = CARTESIAN_POINT('',(1.775,-2.45,1.025));
#1165 = ORIENTED_EDGE('',*,*,#1166,.F.);
#1166 = EDGE_CURVE('',#1115,#1160,#1167,.T.);
#1167 = LINE('',#1168,#1169);
#1168 = CARTESIAN_POINT('',(1.95,-2.275,1.025));
#1169 = VECTOR('',#1170,1.);
#1170 = DIRECTION('',(-0.707106781187,-0.707106781187,0.));
#1171 = ORIENTED_EDGE('',*,*,#1114,.F.);
#1172 = PLANE('',#1173);
#1173 = AXIS2_PLACEMENT_3D('',#1174,#1175,#1176);
#1174 = CARTESIAN_POINT('',(1.95,-2.275,1.025));
#1175 = DIRECTION('',(-0.707106781187,0.707106781187,0.));
#1176 = DIRECTION('',(-0.707106781187,-0.707106781187,0.));
#1177 = ADVANCED_FACE('',(#1178),#1189,.F.);
#1178 = FACE_BOUND('',#1179,.F.);
#1179 = EDGE_LOOP('',(#1180,#1181,#1182,#1188));
#1180 = ORIENTED_EDGE('',*,*,#465,.T.);
#1181 = ORIENTED_EDGE('',*,*,#1145,.T.);
#1182 = ORIENTED_EDGE('',*,*,#1183,.F.);
#1183 = EDGE_CURVE('',#1160,#1138,#1184,.T.);
#1184 = LINE('',#1185,#1186);
#1185 = CARTESIAN_POINT('',(1.775,-2.45,1.025));
#1186 = VECTOR('',#1187,1.);
#1187 = DIRECTION('',(-1.,-1.110223024625E-16,0.));
#1188 = ORIENTED_EDGE('',*,*,#1159,.F.);
#1189 = PLANE('',#1190);
#1190 = AXIS2_PLACEMENT_3D('',#1191,#1192,#1193);
#1191 = CARTESIAN_POINT('',(1.775,-2.45,1.025));
#1192 = DIRECTION('',(-1.110223024625E-16,1.,0.));
#1193 = DIRECTION('',(-1.,-1.110223024625E-16,0.));
#1194 = ADVANCED_FACE('',(#1195),#1234,.F.);
#1195 = FACE_BOUND('',#1196,.F.);
#1196 = EDGE_LOOP('',(#1197,#1205,#1213,#1219,#1220,#1228));
#1197 = ORIENTED_EDGE('',*,*,#1198,.F.);
#1198 = EDGE_CURVE('',#1199,#802,#1201,.T.);
#1199 = VERTEX_POINT('',#1200);
#1200 = CARTESIAN_POINT('',(-2.25,1.7,1.025));
#1201 = LINE('',#1202,#1203);
#1202 = CARTESIAN_POINT('',(-2.25,1.7,1.025));
#1203 = VECTOR('',#1204,1.);
#1204 = DIRECTION('',(1.,-1.144237745222E-17,0.));
#1205 = ORIENTED_EDGE('',*,*,#1206,.T.);
#1206 = EDGE_CURVE('',#1199,#1207,#1209,.T.);
#1207 = VERTEX_POINT('',#1208);
#1208 = CARTESIAN_POINT('',(-2.25,2.11,1.025));
#1209 = LINE('',#1210,#1211);
#1210 = CARTESIAN_POINT('',(-2.25,1.7,1.025));
#1211 = VECTOR('',#1212,1.);
#1212 = DIRECTION('',(1.144237745222E-17,1.,0.));
#1213 = ORIENTED_EDGE('',*,*,#1214,.T.);
#1214 = EDGE_CURVE('',#1207,#570,#1215,.T.);
#1215 = LINE('',#1216,#1217);
#1216 = CARTESIAN_POINT('',(-2.25,2.11,1.025));
#1217 = VECTOR('',#1218,1.);
#1218 = DIRECTION('',(1.,-1.144237745222E-17,0.));
#1219 = ORIENTED_EDGE('',*,*,#569,.T.);
#1220 = ORIENTED_EDGE('',*,*,#1221,.F.);
#1221 = EDGE_CURVE('',#1222,#562,#1224,.T.);
#1222 = VERTEX_POINT('',#1223);
#1223 = CARTESIAN_POINT('',(-1.875,1.7,1.025));
#1224 = LINE('',#1225,#1226);
#1225 = CARTESIAN_POINT('',(-1.875,-2.2375,1.025));
#1226 = VECTOR('',#1227,1.);
#1227 = DIRECTION('',(-1.110223024625E-16,1.,0.));
#1228 = ORIENTED_EDGE('',*,*,#1229,.F.);
#1229 = EDGE_CURVE('',#802,#1222,#1230,.T.);
#1230 = LINE('',#1231,#1232);
#1231 = CARTESIAN_POINT('',(-2.25,1.7,1.025));
#1232 = VECTOR('',#1233,1.);
#1233 = DIRECTION('',(1.,-1.144237745222E-17,0.));
#1234 = PLANE('',#1235);
#1235 = AXIS2_PLACEMENT_3D('',#1236,#1237,#1238);
#1236 = CARTESIAN_POINT('',(-2.25,1.7,1.025));
#1237 = DIRECTION('',(0.,0.,-1.));
#1238 = DIRECTION('',(1.,-1.144237745222E-17,0.));
#1239 = ADVANCED_FACE('',(#1240),#1320,.F.);
#1240 = FACE_BOUND('',#1241,.F.);
#1241 = EDGE_LOOP('',(#1242,#1252,#1260,#1268,#1276,#1284,#1292,#1298,
    #1299,#1300,#1307,#1315));
#1242 = ORIENTED_EDGE('',*,*,#1243,.T.);
#1243 = EDGE_CURVE('',#1244,#1246,#1248,.T.);
#1244 = VERTEX_POINT('',#1245);
#1245 = CARTESIAN_POINT('',(-1.875,-2.2375,1.025));
#1246 = VERTEX_POINT('',#1247);
#1247 = CARTESIAN_POINT('',(-1.875,-2.11,1.025));
#1248 = LINE('',#1249,#1250);
#1249 = CARTESIAN_POINT('',(-1.875,-2.2375,1.025));
#1250 = VECTOR('',#1251,1.);
#1251 = DIRECTION('',(-1.110223024625E-16,1.,0.));
#1252 = ORIENTED_EDGE('',*,*,#1253,.T.);
#1253 = EDGE_CURVE('',#1246,#1254,#1256,.T.);
#1254 = VERTEX_POINT('',#1255);
#1255 = CARTESIAN_POINT('',(-1.875,-1.7,1.025));
#1256 = LINE('',#1257,#1258);
#1257 = CARTESIAN_POINT('',(-1.875,-2.2375,1.025));
#1258 = VECTOR('',#1259,1.);
#1259 = DIRECTION('',(-1.110223024625E-16,1.,0.));
#1260 = ORIENTED_EDGE('',*,*,#1261,.T.);
#1261 = EDGE_CURVE('',#1254,#1262,#1264,.T.);
#1262 = VERTEX_POINT('',#1263);
#1263 = CARTESIAN_POINT('',(-1.875,-0.84,1.025));
#1264 = LINE('',#1265,#1266);
#1265 = CARTESIAN_POINT('',(-1.875,-2.2375,1.025));
#1266 = VECTOR('',#1267,1.);
#1267 = DIRECTION('',(-1.110223024625E-16,1.,0.));
#1268 = ORIENTED_EDGE('',*,*,#1269,.T.);
#1269 = EDGE_CURVE('',#1262,#1270,#1272,.T.);
#1270 = VERTEX_POINT('',#1271);
#1271 = CARTESIAN_POINT('',(-1.875,-0.43,1.025));
#1272 = LINE('',#1273,#1274);
#1273 = CARTESIAN_POINT('',(-1.875,-2.2375,1.025));
#1274 = VECTOR('',#1275,1.);
#1275 = DIRECTION('',(-1.110223024625E-16,1.,0.));
#1276 = ORIENTED_EDGE('',*,*,#1277,.T.);
#1277 = EDGE_CURVE('',#1270,#1278,#1280,.T.);
#1278 = VERTEX_POINT('',#1279);
#1279 = CARTESIAN_POINT('',(-1.875,0.43,1.025));
#1280 = LINE('',#1281,#1282);
#1281 = CARTESIAN_POINT('',(-1.875,-2.2375,1.025));
#1282 = VECTOR('',#1283,1.);
#1283 = DIRECTION('',(-1.110223024625E-16,1.,0.));
#1284 = ORIENTED_EDGE('',*,*,#1285,.T.);
#1285 = EDGE_CURVE('',#1278,#1286,#1288,.T.);
#1286 = VERTEX_POINT('',#1287);
#1287 = CARTESIAN_POINT('',(-1.875,0.84,1.025));
#1288 = LINE('',#1289,#1290);
#1289 = CARTESIAN_POINT('',(-1.875,-2.2375,1.025));
#1290 = VECTOR('',#1291,1.);
#1291 = DIRECTION('',(-1.110223024625E-16,1.,0.));
#1292 = ORIENTED_EDGE('',*,*,#1293,.T.);
#1293 = EDGE_CURVE('',#1286,#1222,#1294,.T.);
#1294 = LINE('',#1295,#1296);
#1295 = CARTESIAN_POINT('',(-1.875,-2.2375,1.025));
#1296 = VECTOR('',#1297,1.);
#1297 = DIRECTION('',(-1.110223024625E-16,1.,0.));
#1298 = ORIENTED_EDGE('',*,*,#1221,.T.);
#1299 = ORIENTED_EDGE('',*,*,#561,.T.);
#1300 = ORIENTED_EDGE('',*,*,#1301,.T.);
#1301 = EDGE_CURVE('',#554,#1302,#1304,.T.);
#1302 = VERTEX_POINT('',#1303);
#1303 = CARTESIAN_POINT('',(-1.760171280765,2.180085640382,1.75));
#1304 = B_SPLINE_CURVE_WITH_KNOTS('',1,(#1305,#1306),.UNSPECIFIED.,.F.,
  .F.,(2,2),(0.,1.),.PIECEWISE_BEZIER_KNOTS.);
#1305 = CARTESIAN_POINT('',(-1.875,2.2375,1.025));
#1306 = CARTESIAN_POINT('',(-1.760171280765,2.180085640382,1.75));
#1307 = ORIENTED_EDGE('',*,*,#1308,.F.);
#1308 = EDGE_CURVE('',#1309,#1302,#1311,.T.);
#1309 = VERTEX_POINT('',#1310);
#1310 = CARTESIAN_POINT('',(-1.760171280765,-2.180085640382,1.75));
#1311 = LINE('',#1312,#1313);
#1312 = CARTESIAN_POINT('',(-1.760171280765,-2.180085640382,1.75));
#1313 = VECTOR('',#1314,1.);
#1314 = DIRECTION('',(-1.110223024625E-16,1.,0.));
#1315 = ORIENTED_EDGE('',*,*,#1316,.F.);
#1316 = EDGE_CURVE('',#1244,#1309,#1317,.T.);
#1317 = B_SPLINE_CURVE_WITH_KNOTS('',1,(#1318,#1319),.UNSPECIFIED.,.F.,
  .F.,(2,2),(0.,1.),.PIECEWISE_BEZIER_KNOTS.);
#1318 = CARTESIAN_POINT('',(-1.875,-2.2375,1.025));
#1319 = CARTESIAN_POINT('',(-1.760171280765,-2.180085640382,1.75));
#1320 = B_SPLINE_SURFACE_WITH_KNOTS('',1,1,(
    (#1321,#1322)
    ,(#1323,#1324
    )),.UNSPECIFIED.,.F.,.F.,.F.,(2,2),(2,2),(0.,4.475),(0.,1.),
  .PIECEWISE_BEZIER_KNOTS.);
#1321 = CARTESIAN_POINT('',(-1.875,-2.2375,1.025));
#1322 = CARTESIAN_POINT('',(-1.760171280765,-2.180085640382,1.75));
#1323 = CARTESIAN_POINT('',(-1.875,2.2375,1.025));
#1324 = CARTESIAN_POINT('',(-1.760171280765,2.180085640382,1.75));
#1325 = ADVANCED_FACE('',(#1326),#1343,.F.);
#1326 = FACE_BOUND('',#1327,.F.);
#1327 = EDGE_LOOP('',(#1328,#1329,#1336,#1342));
#1328 = ORIENTED_EDGE('',*,*,#553,.T.);
#1329 = ORIENTED_EDGE('',*,*,#1330,.T.);
#1330 = EDGE_CURVE('',#546,#1331,#1333,.T.);
#1331 = VERTEX_POINT('',#1332);
#1332 = CARTESIAN_POINT('',(-1.680085640382,2.260171280765,1.75));
#1333 = B_SPLINE_CURVE_WITH_KNOTS('',1,(#1334,#1335),.UNSPECIFIED.,.F.,
  .F.,(2,2),(0.,1.),.PIECEWISE_BEZIER_KNOTS.);
#1334 = CARTESIAN_POINT('',(-1.7375,2.375,1.025));
#1335 = CARTESIAN_POINT('',(-1.680085640382,2.260171280765,1.75));
#1336 = ORIENTED_EDGE('',*,*,#1337,.F.);
#1337 = EDGE_CURVE('',#1302,#1331,#1338,.T.);
#1338 = LINE('',#1339,#1340);
#1339 = CARTESIAN_POINT('',(-1.760171280765,2.180085640382,1.75));
#1340 = VECTOR('',#1341,1.);
#1341 = DIRECTION('',(0.707106781187,0.707106781187,0.));
#1342 = ORIENTED_EDGE('',*,*,#1301,.F.);
#1343 = B_SPLINE_SURFACE_WITH_KNOTS('',1,1,(
    (#1344,#1345)
    ,(#1346,#1347
    )),.UNSPECIFIED.,.F.,.F.,.F.,(2,2),(2,2),(0.,0.194454364826),(0.,1.)
  ,.PIECEWISE_BEZIER_KNOTS.);
#1344 = CARTESIAN_POINT('',(-1.875,2.2375,1.025));
#1345 = CARTESIAN_POINT('',(-1.760171280765,2.180085640382,1.75));
#1346 = CARTESIAN_POINT('',(-1.7375,2.375,1.025));
#1347 = CARTESIAN_POINT('',(-1.680085640382,2.260171280765,1.75));
#1348 = ADVANCED_FACE('',(#1349),#1366,.F.);
#1349 = FACE_BOUND('',#1350,.F.);
#1350 = EDGE_LOOP('',(#1351,#1352,#1359,#1365));
#1351 = ORIENTED_EDGE('',*,*,#545,.T.);
#1352 = ORIENTED_EDGE('',*,*,#1353,.T.);
#1353 = EDGE_CURVE('',#538,#1354,#1356,.T.);
#1354 = VERTEX_POINT('',#1355);
#1355 = CARTESIAN_POINT('',(1.680085640382,2.260171280765,1.75));
#1356 = B_SPLINE_CURVE_WITH_KNOTS('',1,(#1357,#1358),.UNSPECIFIED.,.F.,
  .F.,(2,2),(0.,1.),.PIECEWISE_BEZIER_KNOTS.);
#1357 = CARTESIAN_POINT('',(1.7375,2.375,1.025));
#1358 = CARTESIAN_POINT('',(1.680085640382,2.260171280765,1.75));
#1359 = ORIENTED_EDGE('',*,*,#1360,.F.);
#1360 = EDGE_CURVE('',#1331,#1354,#1361,.T.);
#1361 = LINE('',#1362,#1363);
#1362 = CARTESIAN_POINT('',(-1.680085640382,2.260171280765,1.75));
#1363 = VECTOR('',#1364,1.);
#1364 = DIRECTION('',(1.,1.110223024625E-16,0.));
#1365 = ORIENTED_EDGE('',*,*,#1330,.F.);
#1366 = B_SPLINE_SURFACE_WITH_KNOTS('',1,1,(
    (#1367,#1368)
    ,(#1369,#1370
    )),.UNSPECIFIED.,.F.,.F.,.F.,(2,2),(2,2),(0.,3.475),(0.,1.),
  .PIECEWISE_BEZIER_KNOTS.);
#1367 = CARTESIAN_POINT('',(-1.7375,2.375,1.025));
#1368 = CARTESIAN_POINT('',(-1.680085640382,2.260171280765,1.75));
#1369 = CARTESIAN_POINT('',(1.7375,2.375,1.025));
#1370 = CARTESIAN_POINT('',(1.680085640382,2.260171280765,1.75));
#1371 = ADVANCED_FACE('',(#1372),#1389,.F.);
#1372 = FACE_BOUND('',#1373,.F.);
#1373 = EDGE_LOOP('',(#1374,#1375,#1382,#1388));
#1374 = ORIENTED_EDGE('',*,*,#537,.T.);
#1375 = ORIENTED_EDGE('',*,*,#1376,.T.);
#1376 = EDGE_CURVE('',#530,#1377,#1379,.T.);
#1377 = VERTEX_POINT('',#1378);
#1378 = CARTESIAN_POINT('',(1.760171280765,2.180085640382,1.75));
#1379 = B_SPLINE_CURVE_WITH_KNOTS('',1,(#1380,#1381),.UNSPECIFIED.,.F.,
  .F.,(2,2),(0.,1.),.PIECEWISE_BEZIER_KNOTS.);
#1380 = CARTESIAN_POINT('',(1.875,2.2375,1.025));
#1381 = CARTESIAN_POINT('',(1.760171280765,2.180085640382,1.75));
#1382 = ORIENTED_EDGE('',*,*,#1383,.F.);
#1383 = EDGE_CURVE('',#1354,#1377,#1384,.T.);
#1384 = LINE('',#1385,#1386);
#1385 = CARTESIAN_POINT('',(1.680085640382,2.260171280765,1.75));
#1386 = VECTOR('',#1387,1.);
#1387 = DIRECTION('',(0.707106781187,-0.707106781187,0.));
#1388 = ORIENTED_EDGE('',*,*,#1353,.F.);
#1389 = B_SPLINE_SURFACE_WITH_KNOTS('',1,1,(
    (#1390,#1391)
    ,(#1392,#1393
    )),.UNSPECIFIED.,.F.,.F.,.F.,(2,2),(2,2),(0.,0.194454364826),(0.,1.)
  ,.PIECEWISE_BEZIER_KNOTS.);
#1390 = CARTESIAN_POINT('',(1.7375,2.375,1.025));
#1391 = CARTESIAN_POINT('',(1.680085640382,2.260171280765,1.75));
#1392 = CARTESIAN_POINT('',(1.875,2.2375,1.025));
#1393 = CARTESIAN_POINT('',(1.760171280765,2.180085640382,1.75));
#1394 = ADVANCED_FACE('',(#1395),#1476,.F.);
#1395 = FACE_BOUND('',#1396,.F.);
#1396 = EDGE_LOOP('',(#1397,#1398,#1406,#1414,#1422,#1430,#1438,#1446,
    #1454,#1462,#1469,#1475));
#1397 = ORIENTED_EDGE('',*,*,#529,.T.);
#1398 = ORIENTED_EDGE('',*,*,#1399,.T.);
#1399 = EDGE_CURVE('',#522,#1400,#1402,.T.);
#1400 = VERTEX_POINT('',#1401);
#1401 = CARTESIAN_POINT('',(1.875,1.7,1.025));
#1402 = LINE('',#1403,#1404);
#1403 = CARTESIAN_POINT('',(1.875,2.2375,1.025));
#1404 = VECTOR('',#1405,1.);
#1405 = DIRECTION('',(1.110223024625E-16,-1.,0.));
#1406 = ORIENTED_EDGE('',*,*,#1407,.T.);
#1407 = EDGE_CURVE('',#1400,#1408,#1410,.T.);
#1408 = VERTEX_POINT('',#1409);
#1409 = CARTESIAN_POINT('',(1.875,0.84,1.025));
#1410 = LINE('',#1411,#1412);
#1411 = CARTESIAN_POINT('',(1.875,2.2375,1.025));
#1412 = VECTOR('',#1413,1.);
#1413 = DIRECTION('',(1.110223024625E-16,-1.,0.));
#1414 = ORIENTED_EDGE('',*,*,#1415,.T.);
#1415 = EDGE_CURVE('',#1408,#1416,#1418,.T.);
#1416 = VERTEX_POINT('',#1417);
#1417 = CARTESIAN_POINT('',(1.875,0.43,1.025));
#1418 = LINE('',#1419,#1420);
#1419 = CARTESIAN_POINT('',(1.875,2.2375,1.025));
#1420 = VECTOR('',#1421,1.);
#1421 = DIRECTION('',(1.110223024625E-16,-1.,0.));
#1422 = ORIENTED_EDGE('',*,*,#1423,.T.);
#1423 = EDGE_CURVE('',#1416,#1424,#1426,.T.);
#1424 = VERTEX_POINT('',#1425);
#1425 = CARTESIAN_POINT('',(1.875,-0.43,1.025));
#1426 = LINE('',#1427,#1428);
#1427 = CARTESIAN_POINT('',(1.875,2.2375,1.025));
#1428 = VECTOR('',#1429,1.);
#1429 = DIRECTION('',(1.110223024625E-16,-1.,0.));
#1430 = ORIENTED_EDGE('',*,*,#1431,.T.);
#1431 = EDGE_CURVE('',#1424,#1432,#1434,.T.);
#1432 = VERTEX_POINT('',#1433);
#1433 = CARTESIAN_POINT('',(1.875,-0.84,1.025));
#1434 = LINE('',#1435,#1436);
#1435 = CARTESIAN_POINT('',(1.875,2.2375,1.025));
#1436 = VECTOR('',#1437,1.);
#1437 = DIRECTION('',(1.110223024625E-16,-1.,0.));
#1438 = ORIENTED_EDGE('',*,*,#1439,.T.);
#1439 = EDGE_CURVE('',#1432,#1440,#1442,.T.);
#1440 = VERTEX_POINT('',#1441);
#1441 = CARTESIAN_POINT('',(1.875,-1.7,1.025));
#1442 = LINE('',#1443,#1444);
#1443 = CARTESIAN_POINT('',(1.875,2.2375,1.025));
#1444 = VECTOR('',#1445,1.);
#1445 = DIRECTION('',(1.110223024625E-16,-1.,0.));
#1446 = ORIENTED_EDGE('',*,*,#1447,.T.);
#1447 = EDGE_CURVE('',#1440,#1448,#1450,.T.);
#1448 = VERTEX_POINT('',#1449);
#1449 = CARTESIAN_POINT('',(1.875,-2.11,1.025));
#1450 = LINE('',#1451,#1452);
#1451 = CARTESIAN_POINT('',(1.875,2.2375,1.025));
#1452 = VECTOR('',#1453,1.);
#1453 = DIRECTION('',(1.110223024625E-16,-1.,0.));
#1454 = ORIENTED_EDGE('',*,*,#1455,.T.);
#1455 = EDGE_CURVE('',#1448,#1456,#1458,.T.);
#1456 = VERTEX_POINT('',#1457);
#1457 = CARTESIAN_POINT('',(1.875,-2.2375,1.025));
#1458 = LINE('',#1459,#1460);
#1459 = CARTESIAN_POINT('',(1.875,2.2375,1.025));
#1460 = VECTOR('',#1461,1.);
#1461 = DIRECTION('',(1.110223024625E-16,-1.,0.));
#1462 = ORIENTED_EDGE('',*,*,#1463,.T.);
#1463 = EDGE_CURVE('',#1456,#1464,#1466,.T.);
#1464 = VERTEX_POINT('',#1465);
#1465 = CARTESIAN_POINT('',(1.760171280765,-2.180085640382,1.75));
#1466 = B_SPLINE_CURVE_WITH_KNOTS('',1,(#1467,#1468),.UNSPECIFIED.,.F.,
  .F.,(2,2),(0.,1.),.PIECEWISE_BEZIER_KNOTS.);
#1467 = CARTESIAN_POINT('',(1.875,-2.2375,1.025));
#1468 = CARTESIAN_POINT('',(1.760171280765,-2.180085640382,1.75));
#1469 = ORIENTED_EDGE('',*,*,#1470,.F.);
#1470 = EDGE_CURVE('',#1377,#1464,#1471,.T.);
#1471 = LINE('',#1472,#1473);
#1472 = CARTESIAN_POINT('',(1.760171280765,2.180085640382,1.75));
#1473 = VECTOR('',#1474,1.);
#1474 = DIRECTION('',(1.110223024625E-16,-1.,0.));
#1475 = ORIENTED_EDGE('',*,*,#1376,.F.);
#1476 = B_SPLINE_SURFACE_WITH_KNOTS('',1,1,(
    (#1477,#1478)
    ,(#1479,#1480
    )),.UNSPECIFIED.,.F.,.F.,.F.,(2,2),(2,2),(0.,4.475),(0.,1.),
  .PIECEWISE_BEZIER_KNOTS.);
#1477 = CARTESIAN_POINT('',(1.875,2.2375,1.025));
#1478 = CARTESIAN_POINT('',(1.760171280765,2.180085640382,1.75));
#1479 = CARTESIAN_POINT('',(1.875,-2.2375,1.025));
#1480 = CARTESIAN_POINT('',(1.760171280765,-2.180085640382,1.75));
#1481 = ADVANCED_FACE('',(#1482),#1514,.F.);
#1482 = FACE_BOUND('',#1483,.F.);
#1483 = EDGE_LOOP('',(#1484,#1492,#1500,#1506,#1512,#1513));
#1484 = ORIENTED_EDGE('',*,*,#1485,.F.);
#1485 = EDGE_CURVE('',#1486,#514,#1488,.T.);
#1486 = VERTEX_POINT('',#1487);
#1487 = CARTESIAN_POINT('',(2.25,2.11,1.025));
#1488 = LINE('',#1489,#1490);
#1489 = CARTESIAN_POINT('',(2.25,2.11,1.025));
#1490 = VECTOR('',#1491,1.);
#1491 = DIRECTION('',(-1.,-1.110223024625E-16,0.));
#1492 = ORIENTED_EDGE('',*,*,#1493,.T.);
#1493 = EDGE_CURVE('',#1486,#1494,#1496,.T.);
#1494 = VERTEX_POINT('',#1495);
#1495 = CARTESIAN_POINT('',(2.25,1.7,1.025));
#1496 = LINE('',#1497,#1498);
#1497 = CARTESIAN_POINT('',(2.25,2.11,1.025));
#1498 = VECTOR('',#1499,1.);
#1499 = DIRECTION('',(1.110223024625E-16,-1.,0.));
#1500 = ORIENTED_EDGE('',*,*,#1501,.T.);
#1501 = EDGE_CURVE('',#1494,#920,#1502,.T.);
#1502 = LINE('',#1503,#1504);
#1503 = CARTESIAN_POINT('',(2.25,1.7,1.025));
#1504 = VECTOR('',#1505,1.);
#1505 = DIRECTION('',(-1.,-1.110223024625E-16,0.));
#1506 = ORIENTED_EDGE('',*,*,#1507,.T.);
#1507 = EDGE_CURVE('',#920,#1400,#1508,.T.);
#1508 = LINE('',#1509,#1510);
#1509 = CARTESIAN_POINT('',(2.25,1.7,1.025));
#1510 = VECTOR('',#1511,1.);
#1511 = DIRECTION('',(-1.,-1.110223024625E-16,0.));
#1512 = ORIENTED_EDGE('',*,*,#1399,.F.);
#1513 = ORIENTED_EDGE('',*,*,#521,.F.);
#1514 = PLANE('',#1515);
#1515 = AXIS2_PLACEMENT_3D('',#1516,#1517,#1518);
#1516 = CARTESIAN_POINT('',(2.25,2.11,1.025));
#1517 = DIRECTION('',(0.,0.,-1.));
#1518 = DIRECTION('',(-1.,-1.110223024625E-16,-0.));
#1519 = ADVANCED_FACE('',(#1520),#1563,.F.);
#1520 = FACE_BOUND('',#1521,.F.);
#1521 = EDGE_LOOP('',(#1522,#1523,#1529,#1530,#1538,#1546,#1552,#1553,
    #1559,#1560,#1561,#1562));
#1522 = ORIENTED_EDGE('',*,*,#623,.T.);
#1523 = ORIENTED_EDGE('',*,*,#1524,.T.);
#1524 = EDGE_CURVE('',#616,#1246,#1525,.T.);
#1525 = LINE('',#1526,#1527);
#1526 = CARTESIAN_POINT('',(-2.25,-2.11,1.025));
#1527 = VECTOR('',#1528,1.);
#1528 = DIRECTION('',(1.,-1.144237745222E-17,0.));
#1529 = ORIENTED_EDGE('',*,*,#1243,.F.);
#1530 = ORIENTED_EDGE('',*,*,#1531,.F.);
#1531 = EDGE_CURVE('',#1532,#1244,#1534,.T.);
#1532 = VERTEX_POINT('',#1533);
#1533 = CARTESIAN_POINT('',(-1.7375,-2.375,1.025));
#1534 = LINE('',#1535,#1536);
#1535 = CARTESIAN_POINT('',(-1.7375,-2.375,1.025));
#1536 = VECTOR('',#1537,1.);
#1537 = DIRECTION('',(-0.707106781187,0.707106781187,0.));
#1538 = ORIENTED_EDGE('',*,*,#1539,.F.);
#1539 = EDGE_CURVE('',#1540,#1532,#1542,.T.);
#1540 = VERTEX_POINT('',#1541);
#1541 = CARTESIAN_POINT('',(1.7375,-2.375,1.025));
#1542 = LINE('',#1543,#1544);
#1543 = CARTESIAN_POINT('',(1.7375,-2.375,1.025));
#1544 = VECTOR('',#1545,1.);
#1545 = DIRECTION('',(-1.,-1.110223024625E-16,0.));
#1546 = ORIENTED_EDGE('',*,*,#1547,.F.);
#1547 = EDGE_CURVE('',#1456,#1540,#1548,.T.);
#1548 = LINE('',#1549,#1550);
#1549 = CARTESIAN_POINT('',(1.875,-2.2375,1.025));
#1550 = VECTOR('',#1551,1.);
#1551 = DIRECTION('',(-0.707106781187,-0.707106781187,0.));
#1552 = ORIENTED_EDGE('',*,*,#1455,.F.);
#1553 = ORIENTED_EDGE('',*,*,#1554,.F.);
#1554 = EDGE_CURVE('',#1106,#1448,#1555,.T.);
#1555 = LINE('',#1556,#1557);
#1556 = CARTESIAN_POINT('',(2.25,-2.11,1.025));
#1557 = VECTOR('',#1558,1.);
#1558 = DIRECTION('',(-1.,-1.110223024625E-16,0.));
#1559 = ORIENTED_EDGE('',*,*,#1121,.T.);
#1560 = ORIENTED_EDGE('',*,*,#1166,.T.);
#1561 = ORIENTED_EDGE('',*,*,#1183,.T.);
#1562 = ORIENTED_EDGE('',*,*,#1137,.T.);
#1563 = PLANE('',#1564);
#1564 = AXIS2_PLACEMENT_3D('',#1565,#1566,#1567);
#1565 = CARTESIAN_POINT('',(-3.027078129022E-16,2.4125,1.025));
#1566 = DIRECTION('',(2.007919022429E-31,-7.713306628828E-27,-1.));
#1567 = DIRECTION('',(1.,1.112083013911E-16,2.00791902242E-31));
#1568 = ADVANCED_FACE('',(#1569),#1655,.F.);
#1569 = FACE_BOUND('',#1570,.F.);
#1570 = EDGE_LOOP('',(#1571,#1572,#1573,#1582,#1590,#1599,#1607,#1615,
    #1623,#1632,#1640,#1649));
#1571 = ORIENTED_EDGE('',*,*,#615,.F.);
#1572 = ORIENTED_EDGE('',*,*,#637,.T.);
#1573 = ORIENTED_EDGE('',*,*,#1574,.T.);
#1574 = EDGE_CURVE('',#638,#1575,#1577,.T.);
#1575 = VERTEX_POINT('',#1576);
#1576 = CARTESIAN_POINT('',(-2.348480775301,-2.11,0.742364817767));
#1577 = CIRCLE('',#1578,0.1);
#1578 = AXIS2_PLACEMENT_3D('',#1579,#1580,#1581);
#1579 = CARTESIAN_POINT('',(-2.25,-2.11,0.725));
#1580 = DIRECTION('',(-1.144237745222E-17,-1.,3.284293275761E-47));
#1581 = DIRECTION('',(-4.440892098501E-15,5.081436361563E-32,1.));
#1582 = ORIENTED_EDGE('',*,*,#1583,.T.);
#1583 = EDGE_CURVE('',#1575,#1584,#1586,.T.);
#1584 = VERTEX_POINT('',#1585);
#1585 = CARTESIAN_POINT('',(-2.429496640897,-2.11,0.2479055467));
#1586 = LINE('',#1587,#1588);
#1587 = CARTESIAN_POINT('',(-2.348480775301,-2.11,0.742364817767));
#1588 = VECTOR('',#1589,1.);
#1589 = DIRECTION('',(-0.161691392282,1.85013394127E-18,-0.986841372087)
  );
#1590 = ORIENTED_EDGE('',*,*,#1591,.T.);
#1591 = EDGE_CURVE('',#1584,#1592,#1594,.T.);
#1592 = VERTEX_POINT('',#1593);
#1593 = CARTESIAN_POINT('',(-2.724938966801,-2.11,-1.665334536938E-16));
#1594 = CIRCLE('',#1595,0.3);
#1595 = AXIS2_PLACEMENT_3D('',#1596,#1597,#1598);
#1596 = CARTESIAN_POINT('',(-2.724938966801,-2.11,0.3));
#1597 = DIRECTION('',(1.144237745222E-17,1.,7.703719777549E-34));
#1598 = DIRECTION('',(0.984807753012,-1.126854202784E-17,-0.173648177667
    ));
#1599 = ORIENTED_EDGE('',*,*,#1600,.T.);
#1600 = EDGE_CURVE('',#1592,#1601,#1603,.T.);
#1601 = VERTEX_POINT('',#1602);
#1602 = CARTESIAN_POINT('',(-3.,-2.11,-1.665334536938E-16));
#1603 = LINE('',#1604,#1605);
#1604 = CARTESIAN_POINT('',(-2.724938966801,-2.11,-1.665334536938E-16));
#1605 = VECTOR('',#1606,1.);
#1606 = DIRECTION('',(-1.,1.144237745222E-17,0.));
#1607 = ORIENTED_EDGE('',*,*,#1608,.T.);
#1608 = EDGE_CURVE('',#1601,#1609,#1611,.T.);
#1609 = VERTEX_POINT('',#1610);
#1610 = CARTESIAN_POINT('',(-3.,-2.11,0.2));
#1611 = LINE('',#1612,#1613);
#1612 = CARTESIAN_POINT('',(-3.,-2.11,-1.665334536938E-16));
#1613 = VECTOR('',#1614,1.);
#1614 = DIRECTION('',(0.,0.,1.));
#1615 = ORIENTED_EDGE('',*,*,#1616,.T.);
#1616 = EDGE_CURVE('',#1609,#1617,#1619,.T.);
#1617 = VERTEX_POINT('',#1618);
#1618 = CARTESIAN_POINT('',(-2.724938966801,-2.11,0.2));
#1619 = LINE('',#1620,#1621);
#1620 = CARTESIAN_POINT('',(-3.,-2.11,0.2));
#1621 = VECTOR('',#1622,1.);
#1622 = DIRECTION('',(1.,-1.144237745222E-17,0.));
#1623 = ORIENTED_EDGE('',*,*,#1624,.T.);
#1624 = EDGE_CURVE('',#1617,#1625,#1627,.T.);
#1625 = VERTEX_POINT('',#1626);
#1626 = CARTESIAN_POINT('',(-2.6264581915,-2.11,0.282635182233));
#1627 = CIRCLE('',#1628,0.1);
#1628 = AXIS2_PLACEMENT_3D('',#1629,#1630,#1631);
#1629 = CARTESIAN_POINT('',(-2.724938966801,-2.11,0.3));
#1630 = DIRECTION('',(-1.144237745222E-17,-1.,-0.));
#1631 = DIRECTION('',(0.,0.,-1.));
#1632 = ORIENTED_EDGE('',*,*,#1633,.T.);
#1633 = EDGE_CURVE('',#1625,#1634,#1636,.T.);
#1634 = VERTEX_POINT('',#1635);
#1635 = CARTESIAN_POINT('',(-2.545442325904,-2.11,0.7770944533));
#1636 = LINE('',#1637,#1638);
#1637 = CARTESIAN_POINT('',(-2.6264581915,-2.11,0.282635182233));
#1638 = VECTOR('',#1639,1.);
#1639 = DIRECTION('',(0.161691392282,-1.85013394127E-18,0.986841372087)
  );
#1640 = ORIENTED_EDGE('',*,*,#1641,.T.);
#1641 = EDGE_CURVE('',#1634,#1642,#1644,.T.);
#1642 = VERTEX_POINT('',#1643);
#1643 = CARTESIAN_POINT('',(-2.25,-2.11,1.025));
#1644 = CIRCLE('',#1645,0.3);
#1645 = AXIS2_PLACEMENT_3D('',#1646,#1647,#1648);
#1646 = CARTESIAN_POINT('',(-2.25,-2.11,0.725));
#1647 = DIRECTION('',(1.144237745222E-17,1.,7.703719777549E-34));
#1648 = DIRECTION('',(-0.984807753012,1.126854202784E-17,0.173648177667)
  );
#1649 = ORIENTED_EDGE('',*,*,#1650,.T.);
#1650 = EDGE_CURVE('',#1642,#616,#1651,.T.);
#1651 = LINE('',#1652,#1653);
#1652 = CARTESIAN_POINT('',(-2.25,-2.11,1.025));
#1653 = VECTOR('',#1654,1.);
#1654 = DIRECTION('',(1.,-1.144237745222E-17,0.));
#1655 = PLANE('',#1656);
#1656 = AXIS2_PLACEMENT_3D('',#1657,#1658,#1659);
#1657 = CARTESIAN_POINT('',(-2.42560961319,-2.11,0.548953137803));
#1658 = DIRECTION('',(1.144237745222E-17,1.,0.));
#1659 = DIRECTION('',(0.,-0.,1.));
#1660 = ADVANCED_FACE('',(#1661),#1680,.F.);
#1661 = FACE_BOUND('',#1662,.F.);
#1662 = EDGE_LOOP('',(#1663,#1664,#1673,#1679));
#1663 = ORIENTED_EDGE('',*,*,#654,.T.);
#1664 = ORIENTED_EDGE('',*,*,#1665,.T.);
#1665 = EDGE_CURVE('',#647,#1666,#1668,.T.);
#1666 = VERTEX_POINT('',#1667);
#1667 = CARTESIAN_POINT('',(-2.348480775301,-1.7,0.742364817767));
#1668 = CIRCLE('',#1669,0.1);
#1669 = AXIS2_PLACEMENT_3D('',#1670,#1671,#1672);
#1670 = CARTESIAN_POINT('',(-2.25,-1.7,0.725));
#1671 = DIRECTION('',(-1.144237745222E-17,-1.,3.284293275761E-47));
#1672 = DIRECTION('',(-4.440892098501E-15,5.081436361563E-32,1.));
#1673 = ORIENTED_EDGE('',*,*,#1674,.F.);
#1674 = EDGE_CURVE('',#1575,#1666,#1675,.T.);
#1675 = LINE('',#1676,#1677);
#1676 = CARTESIAN_POINT('',(-2.348480775301,-2.11,0.742364817767));
#1677 = VECTOR('',#1678,1.);
#1678 = DIRECTION('',(1.144237745222E-17,1.,0.));
#1679 = ORIENTED_EDGE('',*,*,#1574,.F.);
#1680 = CYLINDRICAL_SURFACE('',#1681,0.1);
#1681 = AXIS2_PLACEMENT_3D('',#1682,#1683,#1684);
#1682 = CARTESIAN_POINT('',(-2.25,-2.11,0.725));
#1683 = DIRECTION('',(-1.144237745222E-17,-1.,0.));
#1684 = DIRECTION('',(-4.440892098501E-15,5.081436361563E-32,1.));
#1685 = ADVANCED_FACE('',(#1686),#1764,.T.);
#1686 = FACE_BOUND('',#1687,.T.);
#1687 = EDGE_LOOP('',(#1688,#1689,#1690,#1691,#1699,#1708,#1716,#1724,
    #1732,#1741,#1749,#1758));
#1688 = ORIENTED_EDGE('',*,*,#668,.F.);
#1689 = ORIENTED_EDGE('',*,*,#646,.T.);
#1690 = ORIENTED_EDGE('',*,*,#1665,.T.);
#1691 = ORIENTED_EDGE('',*,*,#1692,.T.);
#1692 = EDGE_CURVE('',#1666,#1693,#1695,.T.);
#1693 = VERTEX_POINT('',#1694);
#1694 = CARTESIAN_POINT('',(-2.429496640897,-1.7,0.2479055467));
#1695 = LINE('',#1696,#1697);
#1696 = CARTESIAN_POINT('',(-2.348480775301,-1.7,0.742364817767));
#1697 = VECTOR('',#1698,1.);
#1698 = DIRECTION('',(-0.161691392282,1.85013394127E-18,-0.986841372087)
  );
#1699 = ORIENTED_EDGE('',*,*,#1700,.T.);
#1700 = EDGE_CURVE('',#1693,#1701,#1703,.T.);
#1701 = VERTEX_POINT('',#1702);
#1702 = CARTESIAN_POINT('',(-2.724938966801,-1.7,-1.665334536938E-16));
#1703 = CIRCLE('',#1704,0.3);
#1704 = AXIS2_PLACEMENT_3D('',#1705,#1706,#1707);
#1705 = CARTESIAN_POINT('',(-2.724938966801,-1.7,0.3));
#1706 = DIRECTION('',(1.144237745222E-17,1.,7.703719777549E-34));
#1707 = DIRECTION('',(0.984807753012,-1.126854202784E-17,-0.173648177667
    ));
#1708 = ORIENTED_EDGE('',*,*,#1709,.T.);
#1709 = EDGE_CURVE('',#1701,#1710,#1712,.T.);
#1710 = VERTEX_POINT('',#1711);
#1711 = CARTESIAN_POINT('',(-3.,-1.7,-1.665334536938E-16));
#1712 = LINE('',#1713,#1714);
#1713 = CARTESIAN_POINT('',(-2.724938966801,-1.7,-1.665334536938E-16));
#1714 = VECTOR('',#1715,1.);
#1715 = DIRECTION('',(-1.,1.144237745222E-17,0.));
#1716 = ORIENTED_EDGE('',*,*,#1717,.T.);
#1717 = EDGE_CURVE('',#1710,#1718,#1720,.T.);
#1718 = VERTEX_POINT('',#1719);
#1719 = CARTESIAN_POINT('',(-3.,-1.7,0.2));
#1720 = LINE('',#1721,#1722);
#1721 = CARTESIAN_POINT('',(-3.,-1.7,-1.665334536938E-16));
#1722 = VECTOR('',#1723,1.);
#1723 = DIRECTION('',(0.,0.,1.));
#1724 = ORIENTED_EDGE('',*,*,#1725,.T.);
#1725 = EDGE_CURVE('',#1718,#1726,#1728,.T.);
#1726 = VERTEX_POINT('',#1727);
#1727 = CARTESIAN_POINT('',(-2.724938966801,-1.7,0.2));
#1728 = LINE('',#1729,#1730);
#1729 = CARTESIAN_POINT('',(-3.,-1.7,0.2));
#1730 = VECTOR('',#1731,1.);
#1731 = DIRECTION('',(1.,-1.144237745222E-17,0.));
#1732 = ORIENTED_EDGE('',*,*,#1733,.T.);
#1733 = EDGE_CURVE('',#1726,#1734,#1736,.T.);
#1734 = VERTEX_POINT('',#1735);
#1735 = CARTESIAN_POINT('',(-2.6264581915,-1.7,0.282635182233));
#1736 = CIRCLE('',#1737,0.1);
#1737 = AXIS2_PLACEMENT_3D('',#1738,#1739,#1740);
#1738 = CARTESIAN_POINT('',(-2.724938966801,-1.7,0.3));
#1739 = DIRECTION('',(-1.144237745222E-17,-1.,-0.));
#1740 = DIRECTION('',(0.,0.,-1.));
#1741 = ORIENTED_EDGE('',*,*,#1742,.T.);
#1742 = EDGE_CURVE('',#1734,#1743,#1745,.T.);
#1743 = VERTEX_POINT('',#1744);
#1744 = CARTESIAN_POINT('',(-2.545442325904,-1.7,0.7770944533));
#1745 = LINE('',#1746,#1747);
#1746 = CARTESIAN_POINT('',(-2.6264581915,-1.7,0.282635182233));
#1747 = VECTOR('',#1748,1.);
#1748 = DIRECTION('',(0.161691392282,-1.85013394127E-18,0.986841372087)
  );
#1749 = ORIENTED_EDGE('',*,*,#1750,.T.);
#1750 = EDGE_CURVE('',#1743,#1751,#1753,.T.);
#1751 = VERTEX_POINT('',#1752);
#1752 = CARTESIAN_POINT('',(-2.25,-1.7,1.025));
#1753 = CIRCLE('',#1754,0.3);
#1754 = AXIS2_PLACEMENT_3D('',#1755,#1756,#1757);
#1755 = CARTESIAN_POINT('',(-2.25,-1.7,0.725));
#1756 = DIRECTION('',(1.144237745222E-17,1.,7.703719777549E-34));
#1757 = DIRECTION('',(-0.984807753012,1.126854202784E-17,0.173648177667)
  );
#1758 = ORIENTED_EDGE('',*,*,#1759,.T.);
#1759 = EDGE_CURVE('',#1751,#669,#1760,.T.);
#1760 = LINE('',#1761,#1762);
#1761 = CARTESIAN_POINT('',(-2.25,-1.7,1.025));
#1762 = VECTOR('',#1763,1.);
#1763 = DIRECTION('',(1.,-1.144237745222E-17,0.));
#1764 = PLANE('',#1765);
#1765 = AXIS2_PLACEMENT_3D('',#1766,#1767,#1768);
#1766 = CARTESIAN_POINT('',(-2.42560961319,-1.7,0.548953137803));
#1767 = DIRECTION('',(1.144237745222E-17,1.,0.));
#1768 = DIRECTION('',(0.,-0.,1.));
#1769 = ADVANCED_FACE('',(#1770),#1786,.F.);
#1770 = FACE_BOUND('',#1771,.F.);
#1771 = EDGE_LOOP('',(#1772,#1773,#1779,#1780));
#1772 = ORIENTED_EDGE('',*,*,#685,.T.);
#1773 = ORIENTED_EDGE('',*,*,#1774,.T.);
#1774 = EDGE_CURVE('',#678,#1262,#1775,.T.);
#1775 = LINE('',#1776,#1777);
#1776 = CARTESIAN_POINT('',(-2.25,-0.84,1.025));
#1777 = VECTOR('',#1778,1.);
#1778 = DIRECTION('',(1.,-1.144237745222E-17,0.));
#1779 = ORIENTED_EDGE('',*,*,#1261,.F.);
#1780 = ORIENTED_EDGE('',*,*,#1781,.F.);
#1781 = EDGE_CURVE('',#669,#1254,#1782,.T.);
#1782 = LINE('',#1783,#1784);
#1783 = CARTESIAN_POINT('',(-2.25,-1.7,1.025));
#1784 = VECTOR('',#1785,1.);
#1785 = DIRECTION('',(1.,-1.144237745222E-17,0.));
#1786 = PLANE('',#1787);
#1787 = AXIS2_PLACEMENT_3D('',#1788,#1789,#1790);
#1788 = CARTESIAN_POINT('',(-3.027078129022E-16,2.4125,1.025));
#1789 = DIRECTION('',(2.007919022429E-31,-7.713306628828E-27,-1.));
#1790 = DIRECTION('',(1.,1.112083013911E-16,2.00791902242E-31));
#1791 = ADVANCED_FACE('',(#1792),#1878,.F.);
#1792 = FACE_BOUND('',#1793,.F.);
#1793 = EDGE_LOOP('',(#1794,#1795,#1796,#1805,#1813,#1822,#1830,#1838,
    #1846,#1855,#1863,#1872));
#1794 = ORIENTED_EDGE('',*,*,#677,.F.);
#1795 = ORIENTED_EDGE('',*,*,#699,.T.);
#1796 = ORIENTED_EDGE('',*,*,#1797,.T.);
#1797 = EDGE_CURVE('',#700,#1798,#1800,.T.);
#1798 = VERTEX_POINT('',#1799);
#1799 = CARTESIAN_POINT('',(-2.348480775301,-0.84,0.742364817767));
#1800 = CIRCLE('',#1801,0.1);
#1801 = AXIS2_PLACEMENT_3D('',#1802,#1803,#1804);
#1802 = CARTESIAN_POINT('',(-2.25,-0.84,0.725));
#1803 = DIRECTION('',(-1.144237745222E-17,-1.,3.284293275761E-47));
#1804 = DIRECTION('',(-4.440892098501E-15,5.081436361563E-32,1.));
#1805 = ORIENTED_EDGE('',*,*,#1806,.T.);
#1806 = EDGE_CURVE('',#1798,#1807,#1809,.T.);
#1807 = VERTEX_POINT('',#1808);
#1808 = CARTESIAN_POINT('',(-2.429496640897,-0.84,0.2479055467));
#1809 = LINE('',#1810,#1811);
#1810 = CARTESIAN_POINT('',(-2.348480775301,-0.84,0.742364817767));
#1811 = VECTOR('',#1812,1.);
#1812 = DIRECTION('',(-0.161691392282,1.85013394127E-18,-0.986841372087)
  );
#1813 = ORIENTED_EDGE('',*,*,#1814,.T.);
#1814 = EDGE_CURVE('',#1807,#1815,#1817,.T.);
#1815 = VERTEX_POINT('',#1816);
#1816 = CARTESIAN_POINT('',(-2.724938966801,-0.84,-1.665334536938E-16));
#1817 = CIRCLE('',#1818,0.3);
#1818 = AXIS2_PLACEMENT_3D('',#1819,#1820,#1821);
#1819 = CARTESIAN_POINT('',(-2.724938966801,-0.84,0.3));
#1820 = DIRECTION('',(1.144237745222E-17,1.,7.703719777549E-34));
#1821 = DIRECTION('',(0.984807753012,-1.126854202784E-17,-0.173648177667
    ));
#1822 = ORIENTED_EDGE('',*,*,#1823,.T.);
#1823 = EDGE_CURVE('',#1815,#1824,#1826,.T.);
#1824 = VERTEX_POINT('',#1825);
#1825 = CARTESIAN_POINT('',(-3.,-0.84,-1.665334536938E-16));
#1826 = LINE('',#1827,#1828);
#1827 = CARTESIAN_POINT('',(-2.724938966801,-0.84,-1.665334536938E-16));
#1828 = VECTOR('',#1829,1.);
#1829 = DIRECTION('',(-1.,1.144237745222E-17,0.));
#1830 = ORIENTED_EDGE('',*,*,#1831,.T.);
#1831 = EDGE_CURVE('',#1824,#1832,#1834,.T.);
#1832 = VERTEX_POINT('',#1833);
#1833 = CARTESIAN_POINT('',(-3.,-0.84,0.2));
#1834 = LINE('',#1835,#1836);
#1835 = CARTESIAN_POINT('',(-3.,-0.84,-1.665334536938E-16));
#1836 = VECTOR('',#1837,1.);
#1837 = DIRECTION('',(0.,0.,1.));
#1838 = ORIENTED_EDGE('',*,*,#1839,.T.);
#1839 = EDGE_CURVE('',#1832,#1840,#1842,.T.);
#1840 = VERTEX_POINT('',#1841);
#1841 = CARTESIAN_POINT('',(-2.724938966801,-0.84,0.2));
#1842 = LINE('',#1843,#1844);
#1843 = CARTESIAN_POINT('',(-3.,-0.84,0.2));
#1844 = VECTOR('',#1845,1.);
#1845 = DIRECTION('',(1.,-1.144237745222E-17,0.));
#1846 = ORIENTED_EDGE('',*,*,#1847,.T.);
#1847 = EDGE_CURVE('',#1840,#1848,#1850,.T.);
#1848 = VERTEX_POINT('',#1849);
#1849 = CARTESIAN_POINT('',(-2.6264581915,-0.84,0.282635182233));
#1850 = CIRCLE('',#1851,0.1);
#1851 = AXIS2_PLACEMENT_3D('',#1852,#1853,#1854);
#1852 = CARTESIAN_POINT('',(-2.724938966801,-0.84,0.3));
#1853 = DIRECTION('',(-1.144237745222E-17,-1.,-0.));
#1854 = DIRECTION('',(0.,0.,-1.));
#1855 = ORIENTED_EDGE('',*,*,#1856,.T.);
#1856 = EDGE_CURVE('',#1848,#1857,#1859,.T.);
#1857 = VERTEX_POINT('',#1858);
#1858 = CARTESIAN_POINT('',(-2.545442325904,-0.84,0.7770944533));
#1859 = LINE('',#1860,#1861);
#1860 = CARTESIAN_POINT('',(-2.6264581915,-0.84,0.282635182233));
#1861 = VECTOR('',#1862,1.);
#1862 = DIRECTION('',(0.161691392282,-1.85013394127E-18,0.986841372087)
  );
#1863 = ORIENTED_EDGE('',*,*,#1864,.T.);
#1864 = EDGE_CURVE('',#1857,#1865,#1867,.T.);
#1865 = VERTEX_POINT('',#1866);
#1866 = CARTESIAN_POINT('',(-2.25,-0.84,1.025));
#1867 = CIRCLE('',#1868,0.3);
#1868 = AXIS2_PLACEMENT_3D('',#1869,#1870,#1871);
#1869 = CARTESIAN_POINT('',(-2.25,-0.84,0.725));
#1870 = DIRECTION('',(1.144237745222E-17,1.,7.703719777549E-34));
#1871 = DIRECTION('',(-0.984807753012,1.126854202784E-17,0.173648177667)
  );
#1872 = ORIENTED_EDGE('',*,*,#1873,.T.);
#1873 = EDGE_CURVE('',#1865,#678,#1874,.T.);
#1874 = LINE('',#1875,#1876);
#1875 = CARTESIAN_POINT('',(-2.25,-0.84,1.025));
#1876 = VECTOR('',#1877,1.);
#1877 = DIRECTION('',(1.,-1.144237745222E-17,0.));
#1878 = PLANE('',#1879);
#1879 = AXIS2_PLACEMENT_3D('',#1880,#1881,#1882);
#1880 = CARTESIAN_POINT('',(-2.42560961319,-0.84,0.548953137803));
#1881 = DIRECTION('',(1.144237745222E-17,1.,0.));
#1882 = DIRECTION('',(0.,-0.,1.));
#1883 = ADVANCED_FACE('',(#1884),#1903,.F.);
#1884 = FACE_BOUND('',#1885,.F.);
#1885 = EDGE_LOOP('',(#1886,#1887,#1896,#1902));
#1886 = ORIENTED_EDGE('',*,*,#716,.T.);
#1887 = ORIENTED_EDGE('',*,*,#1888,.T.);
#1888 = EDGE_CURVE('',#709,#1889,#1891,.T.);
#1889 = VERTEX_POINT('',#1890);
#1890 = CARTESIAN_POINT('',(-2.348480775301,-0.43,0.742364817767));
#1891 = CIRCLE('',#1892,0.1);
#1892 = AXIS2_PLACEMENT_3D('',#1893,#1894,#1895);
#1893 = CARTESIAN_POINT('',(-2.25,-0.43,0.725));
#1894 = DIRECTION('',(-1.144237745222E-17,-1.,3.284293275761E-47));
#1895 = DIRECTION('',(-4.440892098501E-15,5.081436361563E-32,1.));
#1896 = ORIENTED_EDGE('',*,*,#1897,.F.);
#1897 = EDGE_CURVE('',#1798,#1889,#1898,.T.);
#1898 = LINE('',#1899,#1900);
#1899 = CARTESIAN_POINT('',(-2.348480775301,-0.84,0.742364817767));
#1900 = VECTOR('',#1901,1.);
#1901 = DIRECTION('',(1.144237745222E-17,1.,0.));
#1902 = ORIENTED_EDGE('',*,*,#1797,.F.);
#1903 = CYLINDRICAL_SURFACE('',#1904,0.1);
#1904 = AXIS2_PLACEMENT_3D('',#1905,#1906,#1907);
#1905 = CARTESIAN_POINT('',(-2.25,-0.84,0.725));
#1906 = DIRECTION('',(-1.144237745222E-17,-1.,0.));
#1907 = DIRECTION('',(-4.440892098501E-15,5.081436361563E-32,1.));
#1908 = ADVANCED_FACE('',(#1909),#1987,.T.);
#1909 = FACE_BOUND('',#1910,.T.);
#1910 = EDGE_LOOP('',(#1911,#1912,#1913,#1914,#1922,#1931,#1939,#1947,
    #1955,#1964,#1972,#1981));
#1911 = ORIENTED_EDGE('',*,*,#730,.F.);
#1912 = ORIENTED_EDGE('',*,*,#708,.T.);
#1913 = ORIENTED_EDGE('',*,*,#1888,.T.);
#1914 = ORIENTED_EDGE('',*,*,#1915,.T.);
#1915 = EDGE_CURVE('',#1889,#1916,#1918,.T.);
#1916 = VERTEX_POINT('',#1917);
#1917 = CARTESIAN_POINT('',(-2.429496640897,-0.43,0.2479055467));
#1918 = LINE('',#1919,#1920);
#1919 = CARTESIAN_POINT('',(-2.348480775301,-0.43,0.742364817767));
#1920 = VECTOR('',#1921,1.);
#1921 = DIRECTION('',(-0.161691392282,1.85013394127E-18,-0.986841372087)
  );
#1922 = ORIENTED_EDGE('',*,*,#1923,.T.);
#1923 = EDGE_CURVE('',#1916,#1924,#1926,.T.);
#1924 = VERTEX_POINT('',#1925);
#1925 = CARTESIAN_POINT('',(-2.724938966801,-0.43,-1.665334536938E-16));
#1926 = CIRCLE('',#1927,0.3);
#1927 = AXIS2_PLACEMENT_3D('',#1928,#1929,#1930);
#1928 = CARTESIAN_POINT('',(-2.724938966801,-0.43,0.3));
#1929 = DIRECTION('',(1.144237745222E-17,1.,7.703719777549E-34));
#1930 = DIRECTION('',(0.984807753012,-1.126854202784E-17,-0.173648177667
    ));
#1931 = ORIENTED_EDGE('',*,*,#1932,.T.);
#1932 = EDGE_CURVE('',#1924,#1933,#1935,.T.);
#1933 = VERTEX_POINT('',#1934);
#1934 = CARTESIAN_POINT('',(-3.,-0.43,-1.665334536938E-16));
#1935 = LINE('',#1936,#1937);
#1936 = CARTESIAN_POINT('',(-2.724938966801,-0.43,-1.665334536938E-16));
#1937 = VECTOR('',#1938,1.);
#1938 = DIRECTION('',(-1.,1.144237745222E-17,0.));
#1939 = ORIENTED_EDGE('',*,*,#1940,.T.);
#1940 = EDGE_CURVE('',#1933,#1941,#1943,.T.);
#1941 = VERTEX_POINT('',#1942);
#1942 = CARTESIAN_POINT('',(-3.,-0.43,0.2));
#1943 = LINE('',#1944,#1945);
#1944 = CARTESIAN_POINT('',(-3.,-0.43,-1.665334536938E-16));
#1945 = VECTOR('',#1946,1.);
#1946 = DIRECTION('',(0.,0.,1.));
#1947 = ORIENTED_EDGE('',*,*,#1948,.T.);
#1948 = EDGE_CURVE('',#1941,#1949,#1951,.T.);
#1949 = VERTEX_POINT('',#1950);
#1950 = CARTESIAN_POINT('',(-2.724938966801,-0.43,0.2));
#1951 = LINE('',#1952,#1953);
#1952 = CARTESIAN_POINT('',(-3.,-0.43,0.2));
#1953 = VECTOR('',#1954,1.);
#1954 = DIRECTION('',(1.,-1.144237745222E-17,0.));
#1955 = ORIENTED_EDGE('',*,*,#1956,.T.);
#1956 = EDGE_CURVE('',#1949,#1957,#1959,.T.);
#1957 = VERTEX_POINT('',#1958);
#1958 = CARTESIAN_POINT('',(-2.6264581915,-0.43,0.282635182233));
#1959 = CIRCLE('',#1960,0.1);
#1960 = AXIS2_PLACEMENT_3D('',#1961,#1962,#1963);
#1961 = CARTESIAN_POINT('',(-2.724938966801,-0.43,0.3));
#1962 = DIRECTION('',(-1.144237745222E-17,-1.,-0.));
#1963 = DIRECTION('',(0.,0.,-1.));
#1964 = ORIENTED_EDGE('',*,*,#1965,.T.);
#1965 = EDGE_CURVE('',#1957,#1966,#1968,.T.);
#1966 = VERTEX_POINT('',#1967);
#1967 = CARTESIAN_POINT('',(-2.545442325904,-0.43,0.7770944533));
#1968 = LINE('',#1969,#1970);
#1969 = CARTESIAN_POINT('',(-2.6264581915,-0.43,0.282635182233));
#1970 = VECTOR('',#1971,1.);
#1971 = DIRECTION('',(0.161691392282,-1.85013394127E-18,0.986841372087)
  );
#1972 = ORIENTED_EDGE('',*,*,#1973,.T.);
#1973 = EDGE_CURVE('',#1966,#1974,#1976,.T.);
#1974 = VERTEX_POINT('',#1975);
#1975 = CARTESIAN_POINT('',(-2.25,-0.43,1.025));
#1976 = CIRCLE('',#1977,0.3);
#1977 = AXIS2_PLACEMENT_3D('',#1978,#1979,#1980);
#1978 = CARTESIAN_POINT('',(-2.25,-0.43,0.725));
#1979 = DIRECTION('',(1.144237745222E-17,1.,7.703719777549E-34));
#1980 = DIRECTION('',(-0.984807753012,1.126854202784E-17,0.173648177667)
  );
#1981 = ORIENTED_EDGE('',*,*,#1982,.T.);
#1982 = EDGE_CURVE('',#1974,#731,#1983,.T.);
#1983 = LINE('',#1984,#1985);
#1984 = CARTESIAN_POINT('',(-2.25,-0.43,1.025));
#1985 = VECTOR('',#1986,1.);
#1986 = DIRECTION('',(1.,-1.144237745222E-17,0.));
#1987 = PLANE('',#1988);
#1988 = AXIS2_PLACEMENT_3D('',#1989,#1990,#1991);
#1989 = CARTESIAN_POINT('',(-2.42560961319,-0.43,0.548953137803));
#1990 = DIRECTION('',(1.144237745222E-17,1.,0.));
#1991 = DIRECTION('',(0.,-0.,1.));
#1992 = ADVANCED_FACE('',(#1993),#2009,.F.);
#1993 = FACE_BOUND('',#1994,.F.);
#1994 = EDGE_LOOP('',(#1995,#1996,#2002,#2003));
#1995 = ORIENTED_EDGE('',*,*,#747,.T.);
#1996 = ORIENTED_EDGE('',*,*,#1997,.T.);
#1997 = EDGE_CURVE('',#740,#1278,#1998,.T.);
#1998 = LINE('',#1999,#2000);
#1999 = CARTESIAN_POINT('',(-2.25,0.43,1.025));
#2000 = VECTOR('',#2001,1.);
#2001 = DIRECTION('',(1.,-1.144237745222E-17,0.));
#2002 = ORIENTED_EDGE('',*,*,#1277,.F.);
#2003 = ORIENTED_EDGE('',*,*,#2004,.F.);
#2004 = EDGE_CURVE('',#731,#1270,#2005,.T.);
#2005 = LINE('',#2006,#2007);
#2006 = CARTESIAN_POINT('',(-2.25,-0.43,1.025));
#2007 = VECTOR('',#2008,1.);
#2008 = DIRECTION('',(1.,-1.144237745222E-17,0.));
#2009 = PLANE('',#2010);
#2010 = AXIS2_PLACEMENT_3D('',#2011,#2012,#2013);
#2011 = CARTESIAN_POINT('',(-3.027078129022E-16,2.4125,1.025));
#2012 = DIRECTION('',(2.007919022429E-31,-7.713306628828E-27,-1.));
#2013 = DIRECTION('',(1.,1.112083013911E-16,2.00791902242E-31));
#2014 = ADVANCED_FACE('',(#2015),#2101,.F.);
#2015 = FACE_BOUND('',#2016,.F.);
#2016 = EDGE_LOOP('',(#2017,#2018,#2019,#2028,#2036,#2045,#2053,#2061,
    #2069,#2078,#2086,#2095));
#2017 = ORIENTED_EDGE('',*,*,#739,.F.);
#2018 = ORIENTED_EDGE('',*,*,#761,.T.);
#2019 = ORIENTED_EDGE('',*,*,#2020,.T.);
#2020 = EDGE_CURVE('',#762,#2021,#2023,.T.);
#2021 = VERTEX_POINT('',#2022);
#2022 = CARTESIAN_POINT('',(-2.348480775301,0.43,0.742364817767));
#2023 = CIRCLE('',#2024,0.1);
#2024 = AXIS2_PLACEMENT_3D('',#2025,#2026,#2027);
#2025 = CARTESIAN_POINT('',(-2.25,0.43,0.725));
#2026 = DIRECTION('',(-1.144237745222E-17,-1.,3.284293275761E-47));
#2027 = DIRECTION('',(-4.440892098501E-15,5.081436361563E-32,1.));
#2028 = ORIENTED_EDGE('',*,*,#2029,.T.);
#2029 = EDGE_CURVE('',#2021,#2030,#2032,.T.);
#2030 = VERTEX_POINT('',#2031);
#2031 = CARTESIAN_POINT('',(-2.429496640897,0.43,0.2479055467));
#2032 = LINE('',#2033,#2034);
#2033 = CARTESIAN_POINT('',(-2.348480775301,0.43,0.742364817767));
#2034 = VECTOR('',#2035,1.);
#2035 = DIRECTION('',(-0.161691392282,1.85013394127E-18,-0.986841372087)
  );
#2036 = ORIENTED_EDGE('',*,*,#2037,.T.);
#2037 = EDGE_CURVE('',#2030,#2038,#2040,.T.);
#2038 = VERTEX_POINT('',#2039);
#2039 = CARTESIAN_POINT('',(-2.724938966801,0.43,-1.665334536938E-16));
#2040 = CIRCLE('',#2041,0.3);
#2041 = AXIS2_PLACEMENT_3D('',#2042,#2043,#2044);
#2042 = CARTESIAN_POINT('',(-2.724938966801,0.43,0.3));
#2043 = DIRECTION('',(1.144237745222E-17,1.,7.703719777549E-34));
#2044 = DIRECTION('',(0.984807753012,-1.126854202784E-17,-0.173648177667
    ));
#2045 = ORIENTED_EDGE('',*,*,#2046,.T.);
#2046 = EDGE_CURVE('',#2038,#2047,#2049,.T.);
#2047 = VERTEX_POINT('',#2048);
#2048 = CARTESIAN_POINT('',(-3.,0.43,-1.665334536938E-16));
#2049 = LINE('',#2050,#2051);
#2050 = CARTESIAN_POINT('',(-2.724938966801,0.43,-1.665334536938E-16));
#2051 = VECTOR('',#2052,1.);
#2052 = DIRECTION('',(-1.,1.144237745222E-17,0.));
#2053 = ORIENTED_EDGE('',*,*,#2054,.T.);
#2054 = EDGE_CURVE('',#2047,#2055,#2057,.T.);
#2055 = VERTEX_POINT('',#2056);
#2056 = CARTESIAN_POINT('',(-3.,0.43,0.2));
#2057 = LINE('',#2058,#2059);
#2058 = CARTESIAN_POINT('',(-3.,0.43,-1.665334536938E-16));
#2059 = VECTOR('',#2060,1.);
#2060 = DIRECTION('',(0.,0.,1.));
#2061 = ORIENTED_EDGE('',*,*,#2062,.T.);
#2062 = EDGE_CURVE('',#2055,#2063,#2065,.T.);
#2063 = VERTEX_POINT('',#2064);
#2064 = CARTESIAN_POINT('',(-2.724938966801,0.43,0.2));
#2065 = LINE('',#2066,#2067);
#2066 = CARTESIAN_POINT('',(-3.,0.43,0.2));
#2067 = VECTOR('',#2068,1.);
#2068 = DIRECTION('',(1.,-1.144237745222E-17,0.));
#2069 = ORIENTED_EDGE('',*,*,#2070,.T.);
#2070 = EDGE_CURVE('',#2063,#2071,#2073,.T.);
#2071 = VERTEX_POINT('',#2072);
#2072 = CARTESIAN_POINT('',(-2.6264581915,0.43,0.282635182233));
#2073 = CIRCLE('',#2074,0.1);
#2074 = AXIS2_PLACEMENT_3D('',#2075,#2076,#2077);
#2075 = CARTESIAN_POINT('',(-2.724938966801,0.43,0.3));
#2076 = DIRECTION('',(-1.144237745222E-17,-1.,-0.));
#2077 = DIRECTION('',(0.,0.,-1.));
#2078 = ORIENTED_EDGE('',*,*,#2079,.T.);
#2079 = EDGE_CURVE('',#2071,#2080,#2082,.T.);
#2080 = VERTEX_POINT('',#2081);
#2081 = CARTESIAN_POINT('',(-2.545442325904,0.43,0.7770944533));
#2082 = LINE('',#2083,#2084);
#2083 = CARTESIAN_POINT('',(-2.6264581915,0.43,0.282635182233));
#2084 = VECTOR('',#2085,1.);
#2085 = DIRECTION('',(0.161691392282,-1.85013394127E-18,0.986841372087)
  );
#2086 = ORIENTED_EDGE('',*,*,#2087,.T.);
#2087 = EDGE_CURVE('',#2080,#2088,#2090,.T.);
#2088 = VERTEX_POINT('',#2089);
#2089 = CARTESIAN_POINT('',(-2.25,0.43,1.025));
#2090 = CIRCLE('',#2091,0.3);
#2091 = AXIS2_PLACEMENT_3D('',#2092,#2093,#2094);
#2092 = CARTESIAN_POINT('',(-2.25,0.43,0.725));
#2093 = DIRECTION('',(1.144237745222E-17,1.,7.703719777549E-34));
#2094 = DIRECTION('',(-0.984807753012,1.126854202784E-17,0.173648177667)
  );
#2095 = ORIENTED_EDGE('',*,*,#2096,.T.);
#2096 = EDGE_CURVE('',#2088,#740,#2097,.T.);
#2097 = LINE('',#2098,#2099);
#2098 = CARTESIAN_POINT('',(-2.25,0.43,1.025));
#2099 = VECTOR('',#2100,1.);
#2100 = DIRECTION('',(1.,-1.144237745222E-17,0.));
#2101 = PLANE('',#2102);
#2102 = AXIS2_PLACEMENT_3D('',#2103,#2104,#2105);
#2103 = CARTESIAN_POINT('',(-2.42560961319,0.43,0.548953137803));
#2104 = DIRECTION('',(1.144237745222E-17,1.,0.));
#2105 = DIRECTION('',(0.,-0.,1.));
#2106 = ADVANCED_FACE('',(#2107),#2126,.F.);
#2107 = FACE_BOUND('',#2108,.F.);
#2108 = EDGE_LOOP('',(#2109,#2110,#2119,#2125));
#2109 = ORIENTED_EDGE('',*,*,#778,.T.);
#2110 = ORIENTED_EDGE('',*,*,#2111,.T.);
#2111 = EDGE_CURVE('',#771,#2112,#2114,.T.);
#2112 = VERTEX_POINT('',#2113);
#2113 = CARTESIAN_POINT('',(-2.348480775301,0.84,0.742364817767));
#2114 = CIRCLE('',#2115,0.1);
#2115 = AXIS2_PLACEMENT_3D('',#2116,#2117,#2118);
#2116 = CARTESIAN_POINT('',(-2.25,0.84,0.725));
#2117 = DIRECTION('',(-1.144237745222E-17,-1.,3.284293275761E-47));
#2118 = DIRECTION('',(-4.440892098501E-15,5.081436361563E-32,1.));
#2119 = ORIENTED_EDGE('',*,*,#2120,.F.);
#2120 = EDGE_CURVE('',#2021,#2112,#2121,.T.);
#2121 = LINE('',#2122,#2123);
#2122 = CARTESIAN_POINT('',(-2.348480775301,0.43,0.742364817767));
#2123 = VECTOR('',#2124,1.);
#2124 = DIRECTION('',(1.144237745222E-17,1.,0.));
#2125 = ORIENTED_EDGE('',*,*,#2020,.F.);
#2126 = CYLINDRICAL_SURFACE('',#2127,0.1);
#2127 = AXIS2_PLACEMENT_3D('',#2128,#2129,#2130);
#2128 = CARTESIAN_POINT('',(-2.25,0.43,0.725));
#2129 = DIRECTION('',(-1.144237745222E-17,-1.,0.));
#2130 = DIRECTION('',(-4.440892098501E-15,5.081436361563E-32,1.));
#2131 = ADVANCED_FACE('',(#2132),#2210,.T.);
#2132 = FACE_BOUND('',#2133,.T.);
#2133 = EDGE_LOOP('',(#2134,#2135,#2136,#2137,#2145,#2154,#2162,#2170,
    #2178,#2187,#2195,#2204));
#2134 = ORIENTED_EDGE('',*,*,#792,.F.);
#2135 = ORIENTED_EDGE('',*,*,#770,.T.);
#2136 = ORIENTED_EDGE('',*,*,#2111,.T.);
#2137 = ORIENTED_EDGE('',*,*,#2138,.T.);
#2138 = EDGE_CURVE('',#2112,#2139,#2141,.T.);
#2139 = VERTEX_POINT('',#2140);
#2140 = CARTESIAN_POINT('',(-2.429496640897,0.84,0.2479055467));
#2141 = LINE('',#2142,#2143);
#2142 = CARTESIAN_POINT('',(-2.348480775301,0.84,0.742364817767));
#2143 = VECTOR('',#2144,1.);
#2144 = DIRECTION('',(-0.161691392282,1.85013394127E-18,-0.986841372087)
  );
#2145 = ORIENTED_EDGE('',*,*,#2146,.T.);
#2146 = EDGE_CURVE('',#2139,#2147,#2149,.T.);
#2147 = VERTEX_POINT('',#2148);
#2148 = CARTESIAN_POINT('',(-2.724938966801,0.84,-1.665334536938E-16));
#2149 = CIRCLE('',#2150,0.3);
#2150 = AXIS2_PLACEMENT_3D('',#2151,#2152,#2153);
#2151 = CARTESIAN_POINT('',(-2.724938966801,0.84,0.3));
#2152 = DIRECTION('',(1.144237745222E-17,1.,7.703719777549E-34));
#2153 = DIRECTION('',(0.984807753012,-1.126854202784E-17,-0.173648177667
    ));
#2154 = ORIENTED_EDGE('',*,*,#2155,.T.);
#2155 = EDGE_CURVE('',#2147,#2156,#2158,.T.);
#2156 = VERTEX_POINT('',#2157);
#2157 = CARTESIAN_POINT('',(-3.,0.84,-1.665334536938E-16));
#2158 = LINE('',#2159,#2160);
#2159 = CARTESIAN_POINT('',(-2.724938966801,0.84,-1.665334536938E-16));
#2160 = VECTOR('',#2161,1.);
#2161 = DIRECTION('',(-1.,1.144237745222E-17,0.));
#2162 = ORIENTED_EDGE('',*,*,#2163,.T.);
#2163 = EDGE_CURVE('',#2156,#2164,#2166,.T.);
#2164 = VERTEX_POINT('',#2165);
#2165 = CARTESIAN_POINT('',(-3.,0.84,0.2));
#2166 = LINE('',#2167,#2168);
#2167 = CARTESIAN_POINT('',(-3.,0.84,-1.665334536938E-16));
#2168 = VECTOR('',#2169,1.);
#2169 = DIRECTION('',(0.,0.,1.));
#2170 = ORIENTED_EDGE('',*,*,#2171,.T.);
#2171 = EDGE_CURVE('',#2164,#2172,#2174,.T.);
#2172 = VERTEX_POINT('',#2173);
#2173 = CARTESIAN_POINT('',(-2.724938966801,0.84,0.2));
#2174 = LINE('',#2175,#2176);
#2175 = CARTESIAN_POINT('',(-3.,0.84,0.2));
#2176 = VECTOR('',#2177,1.);
#2177 = DIRECTION('',(1.,-1.144237745222E-17,0.));
#2178 = ORIENTED_EDGE('',*,*,#2179,.T.);
#2179 = EDGE_CURVE('',#2172,#2180,#2182,.T.);
#2180 = VERTEX_POINT('',#2181);
#2181 = CARTESIAN_POINT('',(-2.6264581915,0.84,0.282635182233));
#2182 = CIRCLE('',#2183,0.1);
#2183 = AXIS2_PLACEMENT_3D('',#2184,#2185,#2186);
#2184 = CARTESIAN_POINT('',(-2.724938966801,0.84,0.3));
#2185 = DIRECTION('',(-1.144237745222E-17,-1.,-0.));
#2186 = DIRECTION('',(0.,0.,-1.));
#2187 = ORIENTED_EDGE('',*,*,#2188,.T.);
#2188 = EDGE_CURVE('',#2180,#2189,#2191,.T.);
#2189 = VERTEX_POINT('',#2190);
#2190 = CARTESIAN_POINT('',(-2.545442325904,0.84,0.7770944533));
#2191 = LINE('',#2192,#2193);
#2192 = CARTESIAN_POINT('',(-2.6264581915,0.84,0.282635182233));
#2193 = VECTOR('',#2194,1.);
#2194 = DIRECTION('',(0.161691392282,-1.85013394127E-18,0.986841372087)
  );
#2195 = ORIENTED_EDGE('',*,*,#2196,.T.);
#2196 = EDGE_CURVE('',#2189,#2197,#2199,.T.);
#2197 = VERTEX_POINT('',#2198);
#2198 = CARTESIAN_POINT('',(-2.25,0.84,1.025));
#2199 = CIRCLE('',#2200,0.3);
#2200 = AXIS2_PLACEMENT_3D('',#2201,#2202,#2203);
#2201 = CARTESIAN_POINT('',(-2.25,0.84,0.725));
#2202 = DIRECTION('',(1.144237745222E-17,1.,7.703719777549E-34));
#2203 = DIRECTION('',(-0.984807753012,1.126854202784E-17,0.173648177667)
  );
#2204 = ORIENTED_EDGE('',*,*,#2205,.T.);
#2205 = EDGE_CURVE('',#2197,#793,#2206,.T.);
#2206 = LINE('',#2207,#2208);
#2207 = CARTESIAN_POINT('',(-2.25,0.84,1.025));
#2208 = VECTOR('',#2209,1.);
#2209 = DIRECTION('',(1.,-1.144237745222E-17,0.));
#2210 = PLANE('',#2211);
#2211 = AXIS2_PLACEMENT_3D('',#2212,#2213,#2214);
#2212 = CARTESIAN_POINT('',(-2.42560961319,0.84,0.548953137803));
#2213 = DIRECTION('',(1.144237745222E-17,1.,0.));
#2214 = DIRECTION('',(0.,-0.,1.));
#2215 = ADVANCED_FACE('',(#2216),#2227,.F.);
#2216 = FACE_BOUND('',#2217,.F.);
#2217 = EDGE_LOOP('',(#2218,#2219,#2220,#2221));
#2218 = ORIENTED_EDGE('',*,*,#809,.T.);
#2219 = ORIENTED_EDGE('',*,*,#1229,.T.);
#2220 = ORIENTED_EDGE('',*,*,#1293,.F.);
#2221 = ORIENTED_EDGE('',*,*,#2222,.F.);
#2222 = EDGE_CURVE('',#793,#1286,#2223,.T.);
#2223 = LINE('',#2224,#2225);
#2224 = CARTESIAN_POINT('',(-2.25,0.84,1.025));
#2225 = VECTOR('',#2226,1.);
#2226 = DIRECTION('',(1.,-1.144237745222E-17,0.));
#2227 = PLANE('',#2228);
#2228 = AXIS2_PLACEMENT_3D('',#2229,#2230,#2231);
#2229 = CARTESIAN_POINT('',(-3.027078129022E-16,2.4125,1.025));
#2230 = DIRECTION('',(2.007919022429E-31,-7.713306628828E-27,-1.));
#2231 = DIRECTION('',(1.,1.112083013911E-16,2.00791902242E-31));
#2232 = ADVANCED_FACE('',(#2233),#2312,.F.);
#2233 = FACE_BOUND('',#2234,.F.);
#2234 = EDGE_LOOP('',(#2235,#2236,#2237,#2246,#2254,#2263,#2271,#2279,
    #2287,#2296,#2304,#2311));
#2235 = ORIENTED_EDGE('',*,*,#801,.F.);
#2236 = ORIENTED_EDGE('',*,*,#823,.T.);
#2237 = ORIENTED_EDGE('',*,*,#2238,.T.);
#2238 = EDGE_CURVE('',#824,#2239,#2241,.T.);
#2239 = VERTEX_POINT('',#2240);
#2240 = CARTESIAN_POINT('',(-2.348480775301,1.7,0.742364817767));
#2241 = CIRCLE('',#2242,0.1);
#2242 = AXIS2_PLACEMENT_3D('',#2243,#2244,#2245);
#2243 = CARTESIAN_POINT('',(-2.25,1.7,0.725));
#2244 = DIRECTION('',(-1.144237745222E-17,-1.,3.284293275761E-47));
#2245 = DIRECTION('',(-4.440892098501E-15,5.081436361563E-32,1.));
#2246 = ORIENTED_EDGE('',*,*,#2247,.T.);
#2247 = EDGE_CURVE('',#2239,#2248,#2250,.T.);
#2248 = VERTEX_POINT('',#2249);
#2249 = CARTESIAN_POINT('',(-2.429496640897,1.7,0.2479055467));
#2250 = LINE('',#2251,#2252);
#2251 = CARTESIAN_POINT('',(-2.348480775301,1.7,0.742364817767));
#2252 = VECTOR('',#2253,1.);
#2253 = DIRECTION('',(-0.161691392282,1.85013394127E-18,-0.986841372087)
  );
#2254 = ORIENTED_EDGE('',*,*,#2255,.T.);
#2255 = EDGE_CURVE('',#2248,#2256,#2258,.T.);
#2256 = VERTEX_POINT('',#2257);
#2257 = CARTESIAN_POINT('',(-2.724938966801,1.7,-1.665334536938E-16));
#2258 = CIRCLE('',#2259,0.3);
#2259 = AXIS2_PLACEMENT_3D('',#2260,#2261,#2262);
#2260 = CARTESIAN_POINT('',(-2.724938966801,1.7,0.3));
#2261 = DIRECTION('',(1.144237745222E-17,1.,7.703719777549E-34));
#2262 = DIRECTION('',(0.984807753012,-1.126854202784E-17,-0.173648177667
    ));
#2263 = ORIENTED_EDGE('',*,*,#2264,.T.);
#2264 = EDGE_CURVE('',#2256,#2265,#2267,.T.);
#2265 = VERTEX_POINT('',#2266);
#2266 = CARTESIAN_POINT('',(-3.,1.7,-1.665334536938E-16));
#2267 = LINE('',#2268,#2269);
#2268 = CARTESIAN_POINT('',(-2.724938966801,1.7,-1.665334536938E-16));
#2269 = VECTOR('',#2270,1.);
#2270 = DIRECTION('',(-1.,1.144237745222E-17,0.));
#2271 = ORIENTED_EDGE('',*,*,#2272,.T.);
#2272 = EDGE_CURVE('',#2265,#2273,#2275,.T.);
#2273 = VERTEX_POINT('',#2274);
#2274 = CARTESIAN_POINT('',(-3.,1.7,0.2));
#2275 = LINE('',#2276,#2277);
#2276 = CARTESIAN_POINT('',(-3.,1.7,-1.665334536938E-16));
#2277 = VECTOR('',#2278,1.);
#2278 = DIRECTION('',(0.,0.,1.));
#2279 = ORIENTED_EDGE('',*,*,#2280,.T.);
#2280 = EDGE_CURVE('',#2273,#2281,#2283,.T.);
#2281 = VERTEX_POINT('',#2282);
#2282 = CARTESIAN_POINT('',(-2.724938966801,1.7,0.2));
#2283 = LINE('',#2284,#2285);
#2284 = CARTESIAN_POINT('',(-3.,1.7,0.2));
#2285 = VECTOR('',#2286,1.);
#2286 = DIRECTION('',(1.,-1.144237745222E-17,0.));
#2287 = ORIENTED_EDGE('',*,*,#2288,.T.);
#2288 = EDGE_CURVE('',#2281,#2289,#2291,.T.);
#2289 = VERTEX_POINT('',#2290);
#2290 = CARTESIAN_POINT('',(-2.6264581915,1.7,0.282635182233));
#2291 = CIRCLE('',#2292,0.1);
#2292 = AXIS2_PLACEMENT_3D('',#2293,#2294,#2295);
#2293 = CARTESIAN_POINT('',(-2.724938966801,1.7,0.3));
#2294 = DIRECTION('',(-1.144237745222E-17,-1.,-0.));
#2295 = DIRECTION('',(0.,0.,-1.));
#2296 = ORIENTED_EDGE('',*,*,#2297,.T.);
#2297 = EDGE_CURVE('',#2289,#2298,#2300,.T.);
#2298 = VERTEX_POINT('',#2299);
#2299 = CARTESIAN_POINT('',(-2.545442325904,1.7,0.7770944533));
#2300 = LINE('',#2301,#2302);
#2301 = CARTESIAN_POINT('',(-2.6264581915,1.7,0.282635182233));
#2302 = VECTOR('',#2303,1.);
#2303 = DIRECTION('',(0.161691392282,-1.85013394127E-18,0.986841372087)
  );
#2304 = ORIENTED_EDGE('',*,*,#2305,.T.);
#2305 = EDGE_CURVE('',#2298,#1199,#2306,.T.);
#2306 = CIRCLE('',#2307,0.3);
#2307 = AXIS2_PLACEMENT_3D('',#2308,#2309,#2310);
#2308 = CARTESIAN_POINT('',(-2.25,1.7,0.725));
#2309 = DIRECTION('',(1.144237745222E-17,1.,7.703719777549E-34));
#2310 = DIRECTION('',(-0.984807753012,1.126854202784E-17,0.173648177667)
  );
#2311 = ORIENTED_EDGE('',*,*,#1198,.T.);
#2312 = PLANE('',#2313);
#2313 = AXIS2_PLACEMENT_3D('',#2314,#2315,#2316);
#2314 = CARTESIAN_POINT('',(-2.42560961319,1.7,0.548953137803));
#2315 = DIRECTION('',(1.144237745222E-17,1.,0.));
#2316 = DIRECTION('',(0.,-0.,1.));
#2317 = ADVANCED_FACE('',(#2318),#2337,.F.);
#2318 = FACE_BOUND('',#2319,.F.);
#2319 = EDGE_LOOP('',(#2320,#2321,#2330,#2336));
#2320 = ORIENTED_EDGE('',*,*,#840,.T.);
#2321 = ORIENTED_EDGE('',*,*,#2322,.T.);
#2322 = EDGE_CURVE('',#833,#2323,#2325,.T.);
#2323 = VERTEX_POINT('',#2324);
#2324 = CARTESIAN_POINT('',(-2.348480775301,2.11,0.742364817767));
#2325 = CIRCLE('',#2326,0.1);
#2326 = AXIS2_PLACEMENT_3D('',#2327,#2328,#2329);
#2327 = CARTESIAN_POINT('',(-2.25,2.11,0.725));
#2328 = DIRECTION('',(-1.144237745222E-17,-1.,3.284293275761E-47));
#2329 = DIRECTION('',(-4.440892098501E-15,5.081436361563E-32,1.));
#2330 = ORIENTED_EDGE('',*,*,#2331,.F.);
#2331 = EDGE_CURVE('',#2239,#2323,#2332,.T.);
#2332 = LINE('',#2333,#2334);
#2333 = CARTESIAN_POINT('',(-2.348480775301,1.7,0.742364817767));
#2334 = VECTOR('',#2335,1.);
#2335 = DIRECTION('',(1.144237745222E-17,1.,0.));
#2336 = ORIENTED_EDGE('',*,*,#2238,.F.);
#2337 = CYLINDRICAL_SURFACE('',#2338,0.1);
#2338 = AXIS2_PLACEMENT_3D('',#2339,#2340,#2341);
#2339 = CARTESIAN_POINT('',(-2.25,1.7,0.725));
#2340 = DIRECTION('',(-1.144237745222E-17,-1.,0.));
#2341 = DIRECTION('',(-4.440892098501E-15,5.081436361563E-32,1.));
#2342 = ADVANCED_FACE('',(#2343),#2414,.T.);
#2343 = FACE_BOUND('',#2344,.T.);
#2344 = EDGE_LOOP('',(#2345,#2346,#2347,#2348,#2356,#2365,#2373,#2381,
    #2389,#2398,#2406,#2413));
#2345 = ORIENTED_EDGE('',*,*,#854,.F.);
#2346 = ORIENTED_EDGE('',*,*,#832,.T.);
#2347 = ORIENTED_EDGE('',*,*,#2322,.T.);
#2348 = ORIENTED_EDGE('',*,*,#2349,.T.);
#2349 = EDGE_CURVE('',#2323,#2350,#2352,.T.);
#2350 = VERTEX_POINT('',#2351);
#2351 = CARTESIAN_POINT('',(-2.429496640897,2.11,0.2479055467));
#2352 = LINE('',#2353,#2354);
#2353 = CARTESIAN_POINT('',(-2.348480775301,2.11,0.742364817767));
#2354 = VECTOR('',#2355,1.);
#2355 = DIRECTION('',(-0.161691392282,1.85013394127E-18,-0.986841372087)
  );
#2356 = ORIENTED_EDGE('',*,*,#2357,.T.);
#2357 = EDGE_CURVE('',#2350,#2358,#2360,.T.);
#2358 = VERTEX_POINT('',#2359);
#2359 = CARTESIAN_POINT('',(-2.724938966801,2.11,-1.665334536938E-16));
#2360 = CIRCLE('',#2361,0.3);
#2361 = AXIS2_PLACEMENT_3D('',#2362,#2363,#2364);
#2362 = CARTESIAN_POINT('',(-2.724938966801,2.11,0.3));
#2363 = DIRECTION('',(1.144237745222E-17,1.,7.703719777549E-34));
#2364 = DIRECTION('',(0.984807753012,-1.126854202784E-17,-0.173648177667
    ));
#2365 = ORIENTED_EDGE('',*,*,#2366,.T.);
#2366 = EDGE_CURVE('',#2358,#2367,#2369,.T.);
#2367 = VERTEX_POINT('',#2368);
#2368 = CARTESIAN_POINT('',(-3.,2.11,-1.665334536938E-16));
#2369 = LINE('',#2370,#2371);
#2370 = CARTESIAN_POINT('',(-2.724938966801,2.11,-1.665334536938E-16));
#2371 = VECTOR('',#2372,1.);
#2372 = DIRECTION('',(-1.,1.144237745222E-17,0.));
#2373 = ORIENTED_EDGE('',*,*,#2374,.T.);
#2374 = EDGE_CURVE('',#2367,#2375,#2377,.T.);
#2375 = VERTEX_POINT('',#2376);
#2376 = CARTESIAN_POINT('',(-3.,2.11,0.2));
#2377 = LINE('',#2378,#2379);
#2378 = CARTESIAN_POINT('',(-3.,2.11,-1.665334536938E-16));
#2379 = VECTOR('',#2380,1.);
#2380 = DIRECTION('',(0.,0.,1.));
#2381 = ORIENTED_EDGE('',*,*,#2382,.T.);
#2382 = EDGE_CURVE('',#2375,#2383,#2385,.T.);
#2383 = VERTEX_POINT('',#2384);
#2384 = CARTESIAN_POINT('',(-2.724938966801,2.11,0.2));
#2385 = LINE('',#2386,#2387);
#2386 = CARTESIAN_POINT('',(-3.,2.11,0.2));
#2387 = VECTOR('',#2388,1.);
#2388 = DIRECTION('',(1.,-1.144237745222E-17,0.));
#2389 = ORIENTED_EDGE('',*,*,#2390,.T.);
#2390 = EDGE_CURVE('',#2383,#2391,#2393,.T.);
#2391 = VERTEX_POINT('',#2392);
#2392 = CARTESIAN_POINT('',(-2.6264581915,2.11,0.282635182233));
#2393 = CIRCLE('',#2394,0.1);
#2394 = AXIS2_PLACEMENT_3D('',#2395,#2396,#2397);
#2395 = CARTESIAN_POINT('',(-2.724938966801,2.11,0.3));
#2396 = DIRECTION('',(-1.144237745222E-17,-1.,-0.));
#2397 = DIRECTION('',(0.,0.,-1.));
#2398 = ORIENTED_EDGE('',*,*,#2399,.T.);
#2399 = EDGE_CURVE('',#2391,#2400,#2402,.T.);
#2400 = VERTEX_POINT('',#2401);
#2401 = CARTESIAN_POINT('',(-2.545442325904,2.11,0.7770944533));
#2402 = LINE('',#2403,#2404);
#2403 = CARTESIAN_POINT('',(-2.6264581915,2.11,0.282635182233));
#2404 = VECTOR('',#2405,1.);
#2405 = DIRECTION('',(0.161691392282,-1.85013394127E-18,0.986841372087)
  );
#2406 = ORIENTED_EDGE('',*,*,#2407,.T.);
#2407 = EDGE_CURVE('',#2400,#1207,#2408,.T.);
#2408 = CIRCLE('',#2409,0.3);
#2409 = AXIS2_PLACEMENT_3D('',#2410,#2411,#2412);
#2410 = CARTESIAN_POINT('',(-2.25,2.11,0.725));
#2411 = DIRECTION('',(1.144237745222E-17,1.,7.703719777549E-34));
#2412 = DIRECTION('',(-0.984807753012,1.126854202784E-17,0.173648177667)
  );
#2413 = ORIENTED_EDGE('',*,*,#1214,.T.);
#2414 = PLANE('',#2415);
#2415 = AXIS2_PLACEMENT_3D('',#2416,#2417,#2418);
#2416 = CARTESIAN_POINT('',(-2.42560961319,2.11,0.548953137803));
#2417 = DIRECTION('',(1.144237745222E-17,1.,0.));
#2418 = DIRECTION('',(0.,-0.,1.));
#2419 = ADVANCED_FACE('',(#2420),#2499,.F.);
#2420 = FACE_BOUND('',#2421,.F.);
#2421 = EDGE_LOOP('',(#2422,#2423,#2424,#2433,#2441,#2450,#2458,#2466,
    #2474,#2483,#2491,#2498));
#2422 = ORIENTED_EDGE('',*,*,#873,.F.);
#2423 = ORIENTED_EDGE('',*,*,#888,.T.);
#2424 = ORIENTED_EDGE('',*,*,#2425,.T.);
#2425 = EDGE_CURVE('',#889,#2426,#2428,.T.);
#2426 = VERTEX_POINT('',#2427);
#2427 = CARTESIAN_POINT('',(2.348480775301,2.11,0.742364817767));
#2428 = CIRCLE('',#2429,0.1);
#2429 = AXIS2_PLACEMENT_3D('',#2430,#2431,#2432);
#2430 = CARTESIAN_POINT('',(2.25,2.11,0.725));
#2431 = DIRECTION('',(-1.110223024625E-16,1.,0.));
#2432 = DIRECTION('',(4.440892098501E-15,4.930380657631E-31,1.));
#2433 = ORIENTED_EDGE('',*,*,#2434,.T.);
#2434 = EDGE_CURVE('',#2426,#2435,#2437,.T.);
#2435 = VERTEX_POINT('',#2436);
#2436 = CARTESIAN_POINT('',(2.429496640897,2.11,0.2479055467));
#2437 = LINE('',#2438,#2439);
#2438 = CARTESIAN_POINT('',(2.348480775301,2.11,0.742364817767));
#2439 = VECTOR('',#2440,1.);
#2440 = DIRECTION('',(0.161691392282,1.795135065956E-17,-0.986841372087)
  );
#2441 = ORIENTED_EDGE('',*,*,#2442,.T.);
#2442 = EDGE_CURVE('',#2435,#2443,#2445,.T.);
#2443 = VERTEX_POINT('',#2444);
#2444 = CARTESIAN_POINT('',(2.724938966801,2.11,-1.665334536938E-16));
#2445 = CIRCLE('',#2446,0.3);
#2446 = AXIS2_PLACEMENT_3D('',#2447,#2448,#2449);
#2447 = CARTESIAN_POINT('',(2.724938966801,2.11,0.3));
#2448 = DIRECTION('',(1.110223024625E-16,-1.,0.));
#2449 = DIRECTION('',(-0.984807753012,-1.093356242223E-16,
    -0.173648177667));
#2450 = ORIENTED_EDGE('',*,*,#2451,.T.);
#2451 = EDGE_CURVE('',#2443,#2452,#2454,.T.);
#2452 = VERTEX_POINT('',#2453);
#2453 = CARTESIAN_POINT('',(3.,2.11,-1.665334536938E-16));
#2454 = LINE('',#2455,#2456);
#2455 = CARTESIAN_POINT('',(2.724938966801,2.11,-1.665334536938E-16));
#2456 = VECTOR('',#2457,1.);
#2457 = DIRECTION('',(1.,1.110223024625E-16,0.));
#2458 = ORIENTED_EDGE('',*,*,#2459,.T.);
#2459 = EDGE_CURVE('',#2452,#2460,#2462,.T.);
#2460 = VERTEX_POINT('',#2461);
#2461 = CARTESIAN_POINT('',(3.,2.11,0.2));
#2462 = LINE('',#2463,#2464);
#2463 = CARTESIAN_POINT('',(3.,2.11,-1.665334536938E-16));
#2464 = VECTOR('',#2465,1.);
#2465 = DIRECTION('',(0.,0.,1.));
#2466 = ORIENTED_EDGE('',*,*,#2467,.T.);
#2467 = EDGE_CURVE('',#2460,#2468,#2470,.T.);
#2468 = VERTEX_POINT('',#2469);
#2469 = CARTESIAN_POINT('',(2.724938966801,2.11,0.2));
#2470 = LINE('',#2471,#2472);
#2471 = CARTESIAN_POINT('',(3.,2.11,0.2));
#2472 = VECTOR('',#2473,1.);
#2473 = DIRECTION('',(-1.,-1.110223024625E-16,0.));
#2474 = ORIENTED_EDGE('',*,*,#2475,.T.);
#2475 = EDGE_CURVE('',#2468,#2476,#2478,.T.);
#2476 = VERTEX_POINT('',#2477);
#2477 = CARTESIAN_POINT('',(2.6264581915,2.11,0.282635182233));
#2478 = CIRCLE('',#2479,0.1);
#2479 = AXIS2_PLACEMENT_3D('',#2480,#2481,#2482);
#2480 = CARTESIAN_POINT('',(2.724938966801,2.11,0.3));
#2481 = DIRECTION('',(-1.110223024625E-16,1.,0.));
#2482 = DIRECTION('',(0.,0.,-1.));
#2483 = ORIENTED_EDGE('',*,*,#2484,.T.);
#2484 = EDGE_CURVE('',#2476,#2485,#2487,.T.);
#2485 = VERTEX_POINT('',#2486);
#2486 = CARTESIAN_POINT('',(2.545442325904,2.11,0.7770944533));
#2487 = LINE('',#2488,#2489);
#2488 = CARTESIAN_POINT('',(2.6264581915,2.11,0.282635182233));
#2489 = VECTOR('',#2490,1.);
#2490 = DIRECTION('',(-0.161691392282,-1.795135065956E-17,0.986841372087
    ));
#2491 = ORIENTED_EDGE('',*,*,#2492,.T.);
#2492 = EDGE_CURVE('',#2485,#1486,#2493,.T.);
#2493 = CIRCLE('',#2494,0.3);
#2494 = AXIS2_PLACEMENT_3D('',#2495,#2496,#2497);
#2495 = CARTESIAN_POINT('',(2.25,2.11,0.725));
#2496 = DIRECTION('',(1.110223024625E-16,-1.,0.));
#2497 = DIRECTION('',(0.984807753012,1.093356242223E-16,0.173648177667)
  );
#2498 = ORIENTED_EDGE('',*,*,#1485,.T.);
#2499 = PLANE('',#2500);
#2500 = AXIS2_PLACEMENT_3D('',#2501,#2502,#2503);
#2501 = CARTESIAN_POINT('',(2.42560961319,2.11,0.548953137803));
#2502 = DIRECTION('',(1.110223024625E-16,-1.,0.));
#2503 = DIRECTION('',(0.,0.,1.));
#2504 = ADVANCED_FACE('',(#2505),#2524,.F.);
#2505 = FACE_BOUND('',#2506,.F.);
#2506 = EDGE_LOOP('',(#2507,#2508,#2517,#2523));
#2507 = ORIENTED_EDGE('',*,*,#905,.T.);
#2508 = ORIENTED_EDGE('',*,*,#2509,.T.);
#2509 = EDGE_CURVE('',#898,#2510,#2512,.T.);
#2510 = VERTEX_POINT('',#2511);
#2511 = CARTESIAN_POINT('',(2.348480775301,1.7,0.742364817767));
#2512 = CIRCLE('',#2513,0.1);
#2513 = AXIS2_PLACEMENT_3D('',#2514,#2515,#2516);
#2514 = CARTESIAN_POINT('',(2.25,1.7,0.725));
#2515 = DIRECTION('',(-1.110223024625E-16,1.,0.));
#2516 = DIRECTION('',(4.440892098501E-15,4.930380657631E-31,1.));
#2517 = ORIENTED_EDGE('',*,*,#2518,.F.);
#2518 = EDGE_CURVE('',#2426,#2510,#2519,.T.);
#2519 = LINE('',#2520,#2521);
#2520 = CARTESIAN_POINT('',(2.348480775301,2.11,0.742364817767));
#2521 = VECTOR('',#2522,1.);
#2522 = DIRECTION('',(1.110223024625E-16,-1.,0.));
#2523 = ORIENTED_EDGE('',*,*,#2425,.F.);
#2524 = CYLINDRICAL_SURFACE('',#2525,0.1);
#2525 = AXIS2_PLACEMENT_3D('',#2526,#2527,#2528);
#2526 = CARTESIAN_POINT('',(2.25,2.11,0.725));
#2527 = DIRECTION('',(-1.110223024625E-16,1.,0.));
#2528 = DIRECTION('',(4.440892098501E-15,4.930380657631E-31,1.));
#2529 = ADVANCED_FACE('',(#2530),#2601,.T.);
#2530 = FACE_BOUND('',#2531,.T.);
#2531 = EDGE_LOOP('',(#2532,#2533,#2534,#2535,#2543,#2552,#2560,#2568,
    #2576,#2585,#2593,#2600));
#2532 = ORIENTED_EDGE('',*,*,#919,.F.);
#2533 = ORIENTED_EDGE('',*,*,#897,.T.);
#2534 = ORIENTED_EDGE('',*,*,#2509,.T.);
#2535 = ORIENTED_EDGE('',*,*,#2536,.T.);
#2536 = EDGE_CURVE('',#2510,#2537,#2539,.T.);
#2537 = VERTEX_POINT('',#2538);
#2538 = CARTESIAN_POINT('',(2.429496640897,1.7,0.2479055467));
#2539 = LINE('',#2540,#2541);
#2540 = CARTESIAN_POINT('',(2.348480775301,1.7,0.742364817767));
#2541 = VECTOR('',#2542,1.);
#2542 = DIRECTION('',(0.161691392282,1.795135065956E-17,-0.986841372087)
  );
#2543 = ORIENTED_EDGE('',*,*,#2544,.T.);
#2544 = EDGE_CURVE('',#2537,#2545,#2547,.T.);
#2545 = VERTEX_POINT('',#2546);
#2546 = CARTESIAN_POINT('',(2.724938966801,1.7,-1.665334536938E-16));
#2547 = CIRCLE('',#2548,0.3);
#2548 = AXIS2_PLACEMENT_3D('',#2549,#2550,#2551);
#2549 = CARTESIAN_POINT('',(2.724938966801,1.7,0.3));
#2550 = DIRECTION('',(1.110223024625E-16,-1.,0.));
#2551 = DIRECTION('',(-0.984807753012,-1.093356242223E-16,
    -0.173648177667));
#2552 = ORIENTED_EDGE('',*,*,#2553,.T.);
#2553 = EDGE_CURVE('',#2545,#2554,#2556,.T.);
#2554 = VERTEX_POINT('',#2555);
#2555 = CARTESIAN_POINT('',(3.,1.7,-1.665334536938E-16));
#2556 = LINE('',#2557,#2558);
#2557 = CARTESIAN_POINT('',(2.724938966801,1.7,-1.665334536938E-16));
#2558 = VECTOR('',#2559,1.);
#2559 = DIRECTION('',(1.,1.110223024625E-16,0.));
#2560 = ORIENTED_EDGE('',*,*,#2561,.T.);
#2561 = EDGE_CURVE('',#2554,#2562,#2564,.T.);
#2562 = VERTEX_POINT('',#2563);
#2563 = CARTESIAN_POINT('',(3.,1.7,0.2));
#2564 = LINE('',#2565,#2566);
#2565 = CARTESIAN_POINT('',(3.,1.7,-1.665334536938E-16));
#2566 = VECTOR('',#2567,1.);
#2567 = DIRECTION('',(0.,0.,1.));
#2568 = ORIENTED_EDGE('',*,*,#2569,.T.);
#2569 = EDGE_CURVE('',#2562,#2570,#2572,.T.);
#2570 = VERTEX_POINT('',#2571);
#2571 = CARTESIAN_POINT('',(2.724938966801,1.7,0.2));
#2572 = LINE('',#2573,#2574);
#2573 = CARTESIAN_POINT('',(3.,1.7,0.2));
#2574 = VECTOR('',#2575,1.);
#2575 = DIRECTION('',(-1.,-1.110223024625E-16,0.));
#2576 = ORIENTED_EDGE('',*,*,#2577,.T.);
#2577 = EDGE_CURVE('',#2570,#2578,#2580,.T.);
#2578 = VERTEX_POINT('',#2579);
#2579 = CARTESIAN_POINT('',(2.6264581915,1.7,0.282635182233));
#2580 = CIRCLE('',#2581,0.1);
#2581 = AXIS2_PLACEMENT_3D('',#2582,#2583,#2584);
#2582 = CARTESIAN_POINT('',(2.724938966801,1.7,0.3));
#2583 = DIRECTION('',(-1.110223024625E-16,1.,0.));
#2584 = DIRECTION('',(0.,0.,-1.));
#2585 = ORIENTED_EDGE('',*,*,#2586,.T.);
#2586 = EDGE_CURVE('',#2578,#2587,#2589,.T.);
#2587 = VERTEX_POINT('',#2588);
#2588 = CARTESIAN_POINT('',(2.545442325904,1.7,0.7770944533));
#2589 = LINE('',#2590,#2591);
#2590 = CARTESIAN_POINT('',(2.6264581915,1.7,0.282635182233));
#2591 = VECTOR('',#2592,1.);
#2592 = DIRECTION('',(-0.161691392282,-1.795135065956E-17,0.986841372087
    ));
#2593 = ORIENTED_EDGE('',*,*,#2594,.T.);
#2594 = EDGE_CURVE('',#2587,#1494,#2595,.T.);
#2595 = CIRCLE('',#2596,0.3);
#2596 = AXIS2_PLACEMENT_3D('',#2597,#2598,#2599);
#2597 = CARTESIAN_POINT('',(2.25,1.7,0.725));
#2598 = DIRECTION('',(1.110223024625E-16,-1.,0.));
#2599 = DIRECTION('',(0.984807753012,1.093356242223E-16,0.173648177667)
  );
#2600 = ORIENTED_EDGE('',*,*,#1501,.T.);
#2601 = PLANE('',#2602);
#2602 = AXIS2_PLACEMENT_3D('',#2603,#2604,#2605);
#2603 = CARTESIAN_POINT('',(2.42560961319,1.7,0.548953137803));
#2604 = DIRECTION('',(1.110223024625E-16,-1.,0.));
#2605 = DIRECTION('',(0.,0.,1.));
#2606 = ADVANCED_FACE('',(#2607),#2618,.F.);
#2607 = FACE_BOUND('',#2608,.F.);
#2608 = EDGE_LOOP('',(#2609,#2610,#2611,#2617));
#2609 = ORIENTED_EDGE('',*,*,#1507,.F.);
#2610 = ORIENTED_EDGE('',*,*,#936,.T.);
#2611 = ORIENTED_EDGE('',*,*,#2612,.T.);
#2612 = EDGE_CURVE('',#929,#1408,#2613,.T.);
#2613 = LINE('',#2614,#2615);
#2614 = CARTESIAN_POINT('',(2.25,0.84,1.025));
#2615 = VECTOR('',#2616,1.);
#2616 = DIRECTION('',(-1.,-1.110223024625E-16,0.));
#2617 = ORIENTED_EDGE('',*,*,#1407,.F.);
#2618 = PLANE('',#2619);
#2619 = AXIS2_PLACEMENT_3D('',#2620,#2621,#2622);
#2620 = CARTESIAN_POINT('',(-3.027078129022E-16,2.4125,1.025));
#2621 = DIRECTION('',(2.007919022429E-31,-7.713306628828E-27,-1.));
#2622 = DIRECTION('',(1.,1.112083013911E-16,2.00791902242E-31));
#2623 = ADVANCED_FACE('',(#2624),#2710,.F.);
#2624 = FACE_BOUND('',#2625,.F.);
#2625 = EDGE_LOOP('',(#2626,#2627,#2628,#2637,#2645,#2654,#2662,#2670,
    #2678,#2687,#2695,#2704));
#2626 = ORIENTED_EDGE('',*,*,#928,.F.);
#2627 = ORIENTED_EDGE('',*,*,#950,.T.);
#2628 = ORIENTED_EDGE('',*,*,#2629,.T.);
#2629 = EDGE_CURVE('',#951,#2630,#2632,.T.);
#2630 = VERTEX_POINT('',#2631);
#2631 = CARTESIAN_POINT('',(2.348480775301,0.84,0.742364817767));
#2632 = CIRCLE('',#2633,0.1);
#2633 = AXIS2_PLACEMENT_3D('',#2634,#2635,#2636);
#2634 = CARTESIAN_POINT('',(2.25,0.84,0.725));
#2635 = DIRECTION('',(-1.110223024625E-16,1.,0.));
#2636 = DIRECTION('',(4.440892098501E-15,4.930380657631E-31,1.));
#2637 = ORIENTED_EDGE('',*,*,#2638,.T.);
#2638 = EDGE_CURVE('',#2630,#2639,#2641,.T.);
#2639 = VERTEX_POINT('',#2640);
#2640 = CARTESIAN_POINT('',(2.429496640897,0.84,0.2479055467));
#2641 = LINE('',#2642,#2643);
#2642 = CARTESIAN_POINT('',(2.348480775301,0.84,0.742364817767));
#2643 = VECTOR('',#2644,1.);
#2644 = DIRECTION('',(0.161691392282,1.795135065956E-17,-0.986841372087)
  );
#2645 = ORIENTED_EDGE('',*,*,#2646,.T.);
#2646 = EDGE_CURVE('',#2639,#2647,#2649,.T.);
#2647 = VERTEX_POINT('',#2648);
#2648 = CARTESIAN_POINT('',(2.724938966801,0.84,-1.665334536938E-16));
#2649 = CIRCLE('',#2650,0.3);
#2650 = AXIS2_PLACEMENT_3D('',#2651,#2652,#2653);
#2651 = CARTESIAN_POINT('',(2.724938966801,0.84,0.3));
#2652 = DIRECTION('',(1.110223024625E-16,-1.,0.));
#2653 = DIRECTION('',(-0.984807753012,-1.093356242223E-16,
    -0.173648177667));
#2654 = ORIENTED_EDGE('',*,*,#2655,.T.);
#2655 = EDGE_CURVE('',#2647,#2656,#2658,.T.);
#2656 = VERTEX_POINT('',#2657);
#2657 = CARTESIAN_POINT('',(3.,0.84,-1.665334536938E-16));
#2658 = LINE('',#2659,#2660);
#2659 = CARTESIAN_POINT('',(2.724938966801,0.84,-1.665334536938E-16));
#2660 = VECTOR('',#2661,1.);
#2661 = DIRECTION('',(1.,1.110223024625E-16,0.));
#2662 = ORIENTED_EDGE('',*,*,#2663,.T.);
#2663 = EDGE_CURVE('',#2656,#2664,#2666,.T.);
#2664 = VERTEX_POINT('',#2665);
#2665 = CARTESIAN_POINT('',(3.,0.84,0.2));
#2666 = LINE('',#2667,#2668);
#2667 = CARTESIAN_POINT('',(3.,0.84,-1.665334536938E-16));
#2668 = VECTOR('',#2669,1.);
#2669 = DIRECTION('',(0.,0.,1.));
#2670 = ORIENTED_EDGE('',*,*,#2671,.T.);
#2671 = EDGE_CURVE('',#2664,#2672,#2674,.T.);
#2672 = VERTEX_POINT('',#2673);
#2673 = CARTESIAN_POINT('',(2.724938966801,0.84,0.2));
#2674 = LINE('',#2675,#2676);
#2675 = CARTESIAN_POINT('',(3.,0.84,0.2));
#2676 = VECTOR('',#2677,1.);
#2677 = DIRECTION('',(-1.,-1.110223024625E-16,0.));
#2678 = ORIENTED_EDGE('',*,*,#2679,.T.);
#2679 = EDGE_CURVE('',#2672,#2680,#2682,.T.);
#2680 = VERTEX_POINT('',#2681);
#2681 = CARTESIAN_POINT('',(2.6264581915,0.84,0.282635182233));
#2682 = CIRCLE('',#2683,0.1);
#2683 = AXIS2_PLACEMENT_3D('',#2684,#2685,#2686);
#2684 = CARTESIAN_POINT('',(2.724938966801,0.84,0.3));
#2685 = DIRECTION('',(-1.110223024625E-16,1.,0.));
#2686 = DIRECTION('',(0.,0.,-1.));
#2687 = ORIENTED_EDGE('',*,*,#2688,.T.);
#2688 = EDGE_CURVE('',#2680,#2689,#2691,.T.);
#2689 = VERTEX_POINT('',#2690);
#2690 = CARTESIAN_POINT('',(2.545442325904,0.84,0.7770944533));
#2691 = LINE('',#2692,#2693);
#2692 = CARTESIAN_POINT('',(2.6264581915,0.84,0.282635182233));
#2693 = VECTOR('',#2694,1.);
#2694 = DIRECTION('',(-0.161691392282,-1.795135065956E-17,0.986841372087
    ));
#2695 = ORIENTED_EDGE('',*,*,#2696,.T.);
#2696 = EDGE_CURVE('',#2689,#2697,#2699,.T.);
#2697 = VERTEX_POINT('',#2698);
#2698 = CARTESIAN_POINT('',(2.25,0.84,1.025));
#2699 = CIRCLE('',#2700,0.3);
#2700 = AXIS2_PLACEMENT_3D('',#2701,#2702,#2703);
#2701 = CARTESIAN_POINT('',(2.25,0.84,0.725));
#2702 = DIRECTION('',(1.110223024625E-16,-1.,0.));
#2703 = DIRECTION('',(0.984807753012,1.093356242223E-16,0.173648177667)
  );
#2704 = ORIENTED_EDGE('',*,*,#2705,.T.);
#2705 = EDGE_CURVE('',#2697,#929,#2706,.T.);
#2706 = LINE('',#2707,#2708);
#2707 = CARTESIAN_POINT('',(2.25,0.84,1.025));
#2708 = VECTOR('',#2709,1.);
#2709 = DIRECTION('',(-1.,-1.110223024625E-16,0.));
#2710 = PLANE('',#2711);
#2711 = AXIS2_PLACEMENT_3D('',#2712,#2713,#2714);
#2712 = CARTESIAN_POINT('',(2.42560961319,0.84,0.548953137803));
#2713 = DIRECTION('',(1.110223024625E-16,-1.,0.));
#2714 = DIRECTION('',(0.,0.,1.));
#2715 = ADVANCED_FACE('',(#2716),#2735,.F.);
#2716 = FACE_BOUND('',#2717,.F.);
#2717 = EDGE_LOOP('',(#2718,#2719,#2728,#2734));
#2718 = ORIENTED_EDGE('',*,*,#967,.T.);
#2719 = ORIENTED_EDGE('',*,*,#2720,.T.);
#2720 = EDGE_CURVE('',#960,#2721,#2723,.T.);
#2721 = VERTEX_POINT('',#2722);
#2722 = CARTESIAN_POINT('',(2.348480775301,0.43,0.742364817767));
#2723 = CIRCLE('',#2724,0.1);
#2724 = AXIS2_PLACEMENT_3D('',#2725,#2726,#2727);
#2725 = CARTESIAN_POINT('',(2.25,0.43,0.725));
#2726 = DIRECTION('',(-1.110223024625E-16,1.,0.));
#2727 = DIRECTION('',(4.440892098501E-15,4.930380657631E-31,1.));
#2728 = ORIENTED_EDGE('',*,*,#2729,.F.);
#2729 = EDGE_CURVE('',#2630,#2721,#2730,.T.);
#2730 = LINE('',#2731,#2732);
#2731 = CARTESIAN_POINT('',(2.348480775301,0.84,0.742364817767));
#2732 = VECTOR('',#2733,1.);
#2733 = DIRECTION('',(1.110223024625E-16,-1.,0.));
#2734 = ORIENTED_EDGE('',*,*,#2629,.F.);
#2735 = CYLINDRICAL_SURFACE('',#2736,0.1);
#2736 = AXIS2_PLACEMENT_3D('',#2737,#2738,#2739);
#2737 = CARTESIAN_POINT('',(2.25,0.84,0.725));
#2738 = DIRECTION('',(-1.110223024625E-16,1.,0.));
#2739 = DIRECTION('',(4.440892098501E-15,4.930380657631E-31,1.));
#2740 = ADVANCED_FACE('',(#2741),#2819,.T.);
#2741 = FACE_BOUND('',#2742,.T.);
#2742 = EDGE_LOOP('',(#2743,#2744,#2745,#2746,#2754,#2763,#2771,#2779,
    #2787,#2796,#2804,#2813));
#2743 = ORIENTED_EDGE('',*,*,#981,.F.);
#2744 = ORIENTED_EDGE('',*,*,#959,.T.);
#2745 = ORIENTED_EDGE('',*,*,#2720,.T.);
#2746 = ORIENTED_EDGE('',*,*,#2747,.T.);
#2747 = EDGE_CURVE('',#2721,#2748,#2750,.T.);
#2748 = VERTEX_POINT('',#2749);
#2749 = CARTESIAN_POINT('',(2.429496640897,0.43,0.2479055467));
#2750 = LINE('',#2751,#2752);
#2751 = CARTESIAN_POINT('',(2.348480775301,0.43,0.742364817767));
#2752 = VECTOR('',#2753,1.);
#2753 = DIRECTION('',(0.161691392282,1.795135065956E-17,-0.986841372087)
  );
#2754 = ORIENTED_EDGE('',*,*,#2755,.T.);
#2755 = EDGE_CURVE('',#2748,#2756,#2758,.T.);
#2756 = VERTEX_POINT('',#2757);
#2757 = CARTESIAN_POINT('',(2.724938966801,0.43,-1.665334536938E-16));
#2758 = CIRCLE('',#2759,0.3);
#2759 = AXIS2_PLACEMENT_3D('',#2760,#2761,#2762);
#2760 = CARTESIAN_POINT('',(2.724938966801,0.43,0.3));
#2761 = DIRECTION('',(1.110223024625E-16,-1.,0.));
#2762 = DIRECTION('',(-0.984807753012,-1.093356242223E-16,
    -0.173648177667));
#2763 = ORIENTED_EDGE('',*,*,#2764,.T.);
#2764 = EDGE_CURVE('',#2756,#2765,#2767,.T.);
#2765 = VERTEX_POINT('',#2766);
#2766 = CARTESIAN_POINT('',(3.,0.43,-1.665334536938E-16));
#2767 = LINE('',#2768,#2769);
#2768 = CARTESIAN_POINT('',(2.724938966801,0.43,-1.665334536938E-16));
#2769 = VECTOR('',#2770,1.);
#2770 = DIRECTION('',(1.,1.110223024625E-16,0.));
#2771 = ORIENTED_EDGE('',*,*,#2772,.T.);
#2772 = EDGE_CURVE('',#2765,#2773,#2775,.T.);
#2773 = VERTEX_POINT('',#2774);
#2774 = CARTESIAN_POINT('',(3.,0.43,0.2));
#2775 = LINE('',#2776,#2777);
#2776 = CARTESIAN_POINT('',(3.,0.43,-1.665334536938E-16));
#2777 = VECTOR('',#2778,1.);
#2778 = DIRECTION('',(0.,0.,1.));
#2779 = ORIENTED_EDGE('',*,*,#2780,.T.);
#2780 = EDGE_CURVE('',#2773,#2781,#2783,.T.);
#2781 = VERTEX_POINT('',#2782);
#2782 = CARTESIAN_POINT('',(2.724938966801,0.43,0.2));
#2783 = LINE('',#2784,#2785);
#2784 = CARTESIAN_POINT('',(3.,0.43,0.2));
#2785 = VECTOR('',#2786,1.);
#2786 = DIRECTION('',(-1.,-1.110223024625E-16,0.));
#2787 = ORIENTED_EDGE('',*,*,#2788,.T.);
#2788 = EDGE_CURVE('',#2781,#2789,#2791,.T.);
#2789 = VERTEX_POINT('',#2790);
#2790 = CARTESIAN_POINT('',(2.6264581915,0.43,0.282635182233));
#2791 = CIRCLE('',#2792,0.1);
#2792 = AXIS2_PLACEMENT_3D('',#2793,#2794,#2795);
#2793 = CARTESIAN_POINT('',(2.724938966801,0.43,0.3));
#2794 = DIRECTION('',(-1.110223024625E-16,1.,0.));
#2795 = DIRECTION('',(0.,0.,-1.));
#2796 = ORIENTED_EDGE('',*,*,#2797,.T.);
#2797 = EDGE_CURVE('',#2789,#2798,#2800,.T.);
#2798 = VERTEX_POINT('',#2799);
#2799 = CARTESIAN_POINT('',(2.545442325904,0.43,0.7770944533));
#2800 = LINE('',#2801,#2802);
#2801 = CARTESIAN_POINT('',(2.6264581915,0.43,0.282635182233));
#2802 = VECTOR('',#2803,1.);
#2803 = DIRECTION('',(-0.161691392282,-1.795135065956E-17,0.986841372087
    ));
#2804 = ORIENTED_EDGE('',*,*,#2805,.T.);
#2805 = EDGE_CURVE('',#2798,#2806,#2808,.T.);
#2806 = VERTEX_POINT('',#2807);
#2807 = CARTESIAN_POINT('',(2.25,0.43,1.025));
#2808 = CIRCLE('',#2809,0.3);
#2809 = AXIS2_PLACEMENT_3D('',#2810,#2811,#2812);
#2810 = CARTESIAN_POINT('',(2.25,0.43,0.725));
#2811 = DIRECTION('',(1.110223024625E-16,-1.,0.));
#2812 = DIRECTION('',(0.984807753012,1.093356242223E-16,0.173648177667)
  );
#2813 = ORIENTED_EDGE('',*,*,#2814,.T.);
#2814 = EDGE_CURVE('',#2806,#982,#2815,.T.);
#2815 = LINE('',#2816,#2817);
#2816 = CARTESIAN_POINT('',(2.25,0.43,1.025));
#2817 = VECTOR('',#2818,1.);
#2818 = DIRECTION('',(-1.,-1.110223024625E-16,0.));
#2819 = PLANE('',#2820);
#2820 = AXIS2_PLACEMENT_3D('',#2821,#2822,#2823);
#2821 = CARTESIAN_POINT('',(2.42560961319,0.43,0.548953137803));
#2822 = DIRECTION('',(1.110223024625E-16,-1.,0.));
#2823 = DIRECTION('',(0.,0.,1.));
#2824 = ADVANCED_FACE('',(#2825),#2841,.F.);
#2825 = FACE_BOUND('',#2826,.F.);
#2826 = EDGE_LOOP('',(#2827,#2833,#2834,#2840));
#2827 = ORIENTED_EDGE('',*,*,#2828,.F.);
#2828 = EDGE_CURVE('',#982,#1416,#2829,.T.);
#2829 = LINE('',#2830,#2831);
#2830 = CARTESIAN_POINT('',(2.25,0.43,1.025));
#2831 = VECTOR('',#2832,1.);
#2832 = DIRECTION('',(-1.,-1.110223024625E-16,0.));
#2833 = ORIENTED_EDGE('',*,*,#998,.T.);
#2834 = ORIENTED_EDGE('',*,*,#2835,.T.);
#2835 = EDGE_CURVE('',#991,#1424,#2836,.T.);
#2836 = LINE('',#2837,#2838);
#2837 = CARTESIAN_POINT('',(2.25,-0.43,1.025));
#2838 = VECTOR('',#2839,1.);
#2839 = DIRECTION('',(-1.,-1.110223024625E-16,0.));
#2840 = ORIENTED_EDGE('',*,*,#1423,.F.);
#2841 = PLANE('',#2842);
#2842 = AXIS2_PLACEMENT_3D('',#2843,#2844,#2845);
#2843 = CARTESIAN_POINT('',(-3.027078129022E-16,2.4125,1.025));
#2844 = DIRECTION('',(2.007919022429E-31,-7.713306628828E-27,-1.));
#2845 = DIRECTION('',(1.,1.112083013911E-16,2.00791902242E-31));
#2846 = ADVANCED_FACE('',(#2847),#2933,.F.);
#2847 = FACE_BOUND('',#2848,.F.);
#2848 = EDGE_LOOP('',(#2849,#2850,#2851,#2860,#2868,#2877,#2885,#2893,
    #2901,#2910,#2918,#2927));
#2849 = ORIENTED_EDGE('',*,*,#990,.F.);
#2850 = ORIENTED_EDGE('',*,*,#1012,.T.);
#2851 = ORIENTED_EDGE('',*,*,#2852,.T.);
#2852 = EDGE_CURVE('',#1013,#2853,#2855,.T.);
#2853 = VERTEX_POINT('',#2854);
#2854 = CARTESIAN_POINT('',(2.348480775301,-0.43,0.742364817767));
#2855 = CIRCLE('',#2856,0.1);
#2856 = AXIS2_PLACEMENT_3D('',#2857,#2858,#2859);
#2857 = CARTESIAN_POINT('',(2.25,-0.43,0.725));
#2858 = DIRECTION('',(-1.110223024625E-16,1.,0.));
#2859 = DIRECTION('',(4.440892098501E-15,4.930380657631E-31,1.));
#2860 = ORIENTED_EDGE('',*,*,#2861,.T.);
#2861 = EDGE_CURVE('',#2853,#2862,#2864,.T.);
#2862 = VERTEX_POINT('',#2863);
#2863 = CARTESIAN_POINT('',(2.429496640897,-0.43,0.2479055467));
#2864 = LINE('',#2865,#2866);
#2865 = CARTESIAN_POINT('',(2.348480775301,-0.43,0.742364817767));
#2866 = VECTOR('',#2867,1.);
#2867 = DIRECTION('',(0.161691392282,1.795135065956E-17,-0.986841372087)
  );
#2868 = ORIENTED_EDGE('',*,*,#2869,.T.);
#2869 = EDGE_CURVE('',#2862,#2870,#2872,.T.);
#2870 = VERTEX_POINT('',#2871);
#2871 = CARTESIAN_POINT('',(2.724938966801,-0.43,-1.665334536938E-16));
#2872 = CIRCLE('',#2873,0.3);
#2873 = AXIS2_PLACEMENT_3D('',#2874,#2875,#2876);
#2874 = CARTESIAN_POINT('',(2.724938966801,-0.43,0.3));
#2875 = DIRECTION('',(1.110223024625E-16,-1.,0.));
#2876 = DIRECTION('',(-0.984807753012,-1.093356242223E-16,
    -0.173648177667));
#2877 = ORIENTED_EDGE('',*,*,#2878,.T.);
#2878 = EDGE_CURVE('',#2870,#2879,#2881,.T.);
#2879 = VERTEX_POINT('',#2880);
#2880 = CARTESIAN_POINT('',(3.,-0.43,-1.665334536938E-16));
#2881 = LINE('',#2882,#2883);
#2882 = CARTESIAN_POINT('',(2.724938966801,-0.43,-1.665334536938E-16));
#2883 = VECTOR('',#2884,1.);
#2884 = DIRECTION('',(1.,1.110223024625E-16,0.));
#2885 = ORIENTED_EDGE('',*,*,#2886,.T.);
#2886 = EDGE_CURVE('',#2879,#2887,#2889,.T.);
#2887 = VERTEX_POINT('',#2888);
#2888 = CARTESIAN_POINT('',(3.,-0.43,0.2));
#2889 = LINE('',#2890,#2891);
#2890 = CARTESIAN_POINT('',(3.,-0.43,-1.665334536938E-16));
#2891 = VECTOR('',#2892,1.);
#2892 = DIRECTION('',(0.,0.,1.));
#2893 = ORIENTED_EDGE('',*,*,#2894,.T.);
#2894 = EDGE_CURVE('',#2887,#2895,#2897,.T.);
#2895 = VERTEX_POINT('',#2896);
#2896 = CARTESIAN_POINT('',(2.724938966801,-0.43,0.2));
#2897 = LINE('',#2898,#2899);
#2898 = CARTESIAN_POINT('',(3.,-0.43,0.2));
#2899 = VECTOR('',#2900,1.);
#2900 = DIRECTION('',(-1.,-1.110223024625E-16,0.));
#2901 = ORIENTED_EDGE('',*,*,#2902,.T.);
#2902 = EDGE_CURVE('',#2895,#2903,#2905,.T.);
#2903 = VERTEX_POINT('',#2904);
#2904 = CARTESIAN_POINT('',(2.6264581915,-0.43,0.282635182233));
#2905 = CIRCLE('',#2906,0.1);
#2906 = AXIS2_PLACEMENT_3D('',#2907,#2908,#2909);
#2907 = CARTESIAN_POINT('',(2.724938966801,-0.43,0.3));
#2908 = DIRECTION('',(-1.110223024625E-16,1.,0.));
#2909 = DIRECTION('',(0.,0.,-1.));
#2910 = ORIENTED_EDGE('',*,*,#2911,.T.);
#2911 = EDGE_CURVE('',#2903,#2912,#2914,.T.);
#2912 = VERTEX_POINT('',#2913);
#2913 = CARTESIAN_POINT('',(2.545442325904,-0.43,0.7770944533));
#2914 = LINE('',#2915,#2916);
#2915 = CARTESIAN_POINT('',(2.6264581915,-0.43,0.282635182233));
#2916 = VECTOR('',#2917,1.);
#2917 = DIRECTION('',(-0.161691392282,-1.795135065956E-17,0.986841372087
    ));
#2918 = ORIENTED_EDGE('',*,*,#2919,.T.);
#2919 = EDGE_CURVE('',#2912,#2920,#2922,.T.);
#2920 = VERTEX_POINT('',#2921);
#2921 = CARTESIAN_POINT('',(2.25,-0.43,1.025));
#2922 = CIRCLE('',#2923,0.3);
#2923 = AXIS2_PLACEMENT_3D('',#2924,#2925,#2926);
#2924 = CARTESIAN_POINT('',(2.25,-0.43,0.725));
#2925 = DIRECTION('',(1.110223024625E-16,-1.,0.));
#2926 = DIRECTION('',(0.984807753012,1.093356242223E-16,0.173648177667)
  );
#2927 = ORIENTED_EDGE('',*,*,#2928,.T.);
#2928 = EDGE_CURVE('',#2920,#991,#2929,.T.);
#2929 = LINE('',#2930,#2931);
#2930 = CARTESIAN_POINT('',(2.25,-0.43,1.025));
#2931 = VECTOR('',#2932,1.);
#2932 = DIRECTION('',(-1.,-1.110223024625E-16,0.));
#2933 = PLANE('',#2934);
#2934 = AXIS2_PLACEMENT_3D('',#2935,#2936,#2937);
#2935 = CARTESIAN_POINT('',(2.42560961319,-0.43,0.548953137803));
#2936 = DIRECTION('',(1.110223024625E-16,-1.,0.));
#2937 = DIRECTION('',(0.,0.,1.));
#2938 = ADVANCED_FACE('',(#2939),#2958,.F.);
#2939 = FACE_BOUND('',#2940,.F.);
#2940 = EDGE_LOOP('',(#2941,#2942,#2951,#2957));
#2941 = ORIENTED_EDGE('',*,*,#1029,.T.);
#2942 = ORIENTED_EDGE('',*,*,#2943,.T.);
#2943 = EDGE_CURVE('',#1022,#2944,#2946,.T.);
#2944 = VERTEX_POINT('',#2945);
#2945 = CARTESIAN_POINT('',(2.348480775301,-0.84,0.742364817767));
#2946 = CIRCLE('',#2947,0.1);
#2947 = AXIS2_PLACEMENT_3D('',#2948,#2949,#2950);
#2948 = CARTESIAN_POINT('',(2.25,-0.84,0.725));
#2949 = DIRECTION('',(-1.110223024625E-16,1.,0.));
#2950 = DIRECTION('',(4.440892098501E-15,4.930380657631E-31,1.));
#2951 = ORIENTED_EDGE('',*,*,#2952,.F.);
#2952 = EDGE_CURVE('',#2853,#2944,#2953,.T.);
#2953 = LINE('',#2954,#2955);
#2954 = CARTESIAN_POINT('',(2.348480775301,-0.43,0.742364817767));
#2955 = VECTOR('',#2956,1.);
#2956 = DIRECTION('',(1.110223024625E-16,-1.,0.));
#2957 = ORIENTED_EDGE('',*,*,#2852,.F.);
#2958 = CYLINDRICAL_SURFACE('',#2959,0.1);
#2959 = AXIS2_PLACEMENT_3D('',#2960,#2961,#2962);
#2960 = CARTESIAN_POINT('',(2.25,-0.43,0.725));
#2961 = DIRECTION('',(-1.110223024625E-16,1.,0.));
#2962 = DIRECTION('',(4.440892098501E-15,4.930380657631E-31,1.));
#2963 = ADVANCED_FACE('',(#2964),#3042,.T.);
#2964 = FACE_BOUND('',#2965,.T.);
#2965 = EDGE_LOOP('',(#2966,#2967,#2968,#2969,#2977,#2986,#2994,#3002,
    #3010,#3019,#3027,#3036));
#2966 = ORIENTED_EDGE('',*,*,#1043,.F.);
#2967 = ORIENTED_EDGE('',*,*,#1021,.T.);
#2968 = ORIENTED_EDGE('',*,*,#2943,.T.);
#2969 = ORIENTED_EDGE('',*,*,#2970,.T.);
#2970 = EDGE_CURVE('',#2944,#2971,#2973,.T.);
#2971 = VERTEX_POINT('',#2972);
#2972 = CARTESIAN_POINT('',(2.429496640897,-0.84,0.2479055467));
#2973 = LINE('',#2974,#2975);
#2974 = CARTESIAN_POINT('',(2.348480775301,-0.84,0.742364817767));
#2975 = VECTOR('',#2976,1.);
#2976 = DIRECTION('',(0.161691392282,1.795135065956E-17,-0.986841372087)
  );
#2977 = ORIENTED_EDGE('',*,*,#2978,.T.);
#2978 = EDGE_CURVE('',#2971,#2979,#2981,.T.);
#2979 = VERTEX_POINT('',#2980);
#2980 = CARTESIAN_POINT('',(2.724938966801,-0.84,-1.665334536938E-16));
#2981 = CIRCLE('',#2982,0.3);
#2982 = AXIS2_PLACEMENT_3D('',#2983,#2984,#2985);
#2983 = CARTESIAN_POINT('',(2.724938966801,-0.84,0.3));
#2984 = DIRECTION('',(1.110223024625E-16,-1.,0.));
#2985 = DIRECTION('',(-0.984807753012,-1.093356242223E-16,
    -0.173648177667));
#2986 = ORIENTED_EDGE('',*,*,#2987,.T.);
#2987 = EDGE_CURVE('',#2979,#2988,#2990,.T.);
#2988 = VERTEX_POINT('',#2989);
#2989 = CARTESIAN_POINT('',(3.,-0.84,-1.665334536938E-16));
#2990 = LINE('',#2991,#2992);
#2991 = CARTESIAN_POINT('',(2.724938966801,-0.84,-1.665334536938E-16));
#2992 = VECTOR('',#2993,1.);
#2993 = DIRECTION('',(1.,1.110223024625E-16,0.));
#2994 = ORIENTED_EDGE('',*,*,#2995,.T.);
#2995 = EDGE_CURVE('',#2988,#2996,#2998,.T.);
#2996 = VERTEX_POINT('',#2997);
#2997 = CARTESIAN_POINT('',(3.,-0.84,0.2));
#2998 = LINE('',#2999,#3000);
#2999 = CARTESIAN_POINT('',(3.,-0.84,-1.665334536938E-16));
#3000 = VECTOR('',#3001,1.);
#3001 = DIRECTION('',(0.,0.,1.));
#3002 = ORIENTED_EDGE('',*,*,#3003,.T.);
#3003 = EDGE_CURVE('',#2996,#3004,#3006,.T.);
#3004 = VERTEX_POINT('',#3005);
#3005 = CARTESIAN_POINT('',(2.724938966801,-0.84,0.2));
#3006 = LINE('',#3007,#3008);
#3007 = CARTESIAN_POINT('',(3.,-0.84,0.2));
#3008 = VECTOR('',#3009,1.);
#3009 = DIRECTION('',(-1.,-1.110223024625E-16,0.));
#3010 = ORIENTED_EDGE('',*,*,#3011,.T.);
#3011 = EDGE_CURVE('',#3004,#3012,#3014,.T.);
#3012 = VERTEX_POINT('',#3013);
#3013 = CARTESIAN_POINT('',(2.6264581915,-0.84,0.282635182233));
#3014 = CIRCLE('',#3015,0.1);
#3015 = AXIS2_PLACEMENT_3D('',#3016,#3017,#3018);
#3016 = CARTESIAN_POINT('',(2.724938966801,-0.84,0.3));
#3017 = DIRECTION('',(-1.110223024625E-16,1.,0.));
#3018 = DIRECTION('',(0.,0.,-1.));
#3019 = ORIENTED_EDGE('',*,*,#3020,.T.);
#3020 = EDGE_CURVE('',#3012,#3021,#3023,.T.);
#3021 = VERTEX_POINT('',#3022);
#3022 = CARTESIAN_POINT('',(2.545442325904,-0.84,0.7770944533));
#3023 = LINE('',#3024,#3025);
#3024 = CARTESIAN_POINT('',(2.6264581915,-0.84,0.282635182233));
#3025 = VECTOR('',#3026,1.);
#3026 = DIRECTION('',(-0.161691392282,-1.795135065956E-17,0.986841372087
    ));
#3027 = ORIENTED_EDGE('',*,*,#3028,.T.);
#3028 = EDGE_CURVE('',#3021,#3029,#3031,.T.);
#3029 = VERTEX_POINT('',#3030);
#3030 = CARTESIAN_POINT('',(2.25,-0.84,1.025));
#3031 = CIRCLE('',#3032,0.3);
#3032 = AXIS2_PLACEMENT_3D('',#3033,#3034,#3035);
#3033 = CARTESIAN_POINT('',(2.25,-0.84,0.725));
#3034 = DIRECTION('',(1.110223024625E-16,-1.,0.));
#3035 = DIRECTION('',(0.984807753012,1.093356242223E-16,0.173648177667)
  );
#3036 = ORIENTED_EDGE('',*,*,#3037,.T.);
#3037 = EDGE_CURVE('',#3029,#1044,#3038,.T.);
#3038 = LINE('',#3039,#3040);
#3039 = CARTESIAN_POINT('',(2.25,-0.84,1.025));
#3040 = VECTOR('',#3041,1.);
#3041 = DIRECTION('',(-1.,-1.110223024625E-16,0.));
#3042 = PLANE('',#3043);
#3043 = AXIS2_PLACEMENT_3D('',#3044,#3045,#3046);
#3044 = CARTESIAN_POINT('',(2.42560961319,-0.84,0.548953137803));
#3045 = DIRECTION('',(1.110223024625E-16,-1.,0.));
#3046 = DIRECTION('',(0.,0.,1.));
#3047 = ADVANCED_FACE('',(#3048),#3064,.F.);
#3048 = FACE_BOUND('',#3049,.F.);
#3049 = EDGE_LOOP('',(#3050,#3056,#3057,#3063));
#3050 = ORIENTED_EDGE('',*,*,#3051,.F.);
#3051 = EDGE_CURVE('',#1044,#1432,#3052,.T.);
#3052 = LINE('',#3053,#3054);
#3053 = CARTESIAN_POINT('',(2.25,-0.84,1.025));
#3054 = VECTOR('',#3055,1.);
#3055 = DIRECTION('',(-1.,-1.110223024625E-16,0.));
#3056 = ORIENTED_EDGE('',*,*,#1060,.T.);
#3057 = ORIENTED_EDGE('',*,*,#3058,.T.);
#3058 = EDGE_CURVE('',#1053,#1440,#3059,.T.);
#3059 = LINE('',#3060,#3061);
#3060 = CARTESIAN_POINT('',(2.25,-1.7,1.025));
#3061 = VECTOR('',#3062,1.);
#3062 = DIRECTION('',(-1.,-1.110223024625E-16,0.));
#3063 = ORIENTED_EDGE('',*,*,#1439,.F.);
#3064 = PLANE('',#3065);
#3065 = AXIS2_PLACEMENT_3D('',#3066,#3067,#3068);
#3066 = CARTESIAN_POINT('',(-3.027078129022E-16,2.4125,1.025));
#3067 = DIRECTION('',(2.007919022429E-31,-7.713306628828E-27,-1.));
#3068 = DIRECTION('',(1.,1.112083013911E-16,2.00791902242E-31));
#3069 = ADVANCED_FACE('',(#3070),#3156,.F.);
#3070 = FACE_BOUND('',#3071,.F.);
#3071 = EDGE_LOOP('',(#3072,#3073,#3074,#3083,#3091,#3100,#3108,#3116,
    #3124,#3133,#3141,#3150));
#3072 = ORIENTED_EDGE('',*,*,#1052,.F.);
#3073 = ORIENTED_EDGE('',*,*,#1074,.T.);
#3074 = ORIENTED_EDGE('',*,*,#3075,.T.);
#3075 = EDGE_CURVE('',#1075,#3076,#3078,.T.);
#3076 = VERTEX_POINT('',#3077);
#3077 = CARTESIAN_POINT('',(2.348480775301,-1.7,0.742364817767));
#3078 = CIRCLE('',#3079,0.1);
#3079 = AXIS2_PLACEMENT_3D('',#3080,#3081,#3082);
#3080 = CARTESIAN_POINT('',(2.25,-1.7,0.725));
#3081 = DIRECTION('',(-1.110223024625E-16,1.,0.));
#3082 = DIRECTION('',(4.440892098501E-15,4.930380657631E-31,1.));
#3083 = ORIENTED_EDGE('',*,*,#3084,.T.);
#3084 = EDGE_CURVE('',#3076,#3085,#3087,.T.);
#3085 = VERTEX_POINT('',#3086);
#3086 = CARTESIAN_POINT('',(2.429496640897,-1.7,0.2479055467));
#3087 = LINE('',#3088,#3089);
#3088 = CARTESIAN_POINT('',(2.348480775301,-1.7,0.742364817767));
#3089 = VECTOR('',#3090,1.);
#3090 = DIRECTION('',(0.161691392282,1.795135065956E-17,-0.986841372087)
  );
#3091 = ORIENTED_EDGE('',*,*,#3092,.T.);
#3092 = EDGE_CURVE('',#3085,#3093,#3095,.T.);
#3093 = VERTEX_POINT('',#3094);
#3094 = CARTESIAN_POINT('',(2.724938966801,-1.7,-1.665334536938E-16));
#3095 = CIRCLE('',#3096,0.3);
#3096 = AXIS2_PLACEMENT_3D('',#3097,#3098,#3099);
#3097 = CARTESIAN_POINT('',(2.724938966801,-1.7,0.3));
#3098 = DIRECTION('',(1.110223024625E-16,-1.,0.));
#3099 = DIRECTION('',(-0.984807753012,-1.093356242223E-16,
    -0.173648177667));
#3100 = ORIENTED_EDGE('',*,*,#3101,.T.);
#3101 = EDGE_CURVE('',#3093,#3102,#3104,.T.);
#3102 = VERTEX_POINT('',#3103);
#3103 = CARTESIAN_POINT('',(3.,-1.7,-1.665334536938E-16));
#3104 = LINE('',#3105,#3106);
#3105 = CARTESIAN_POINT('',(2.724938966801,-1.7,-1.665334536938E-16));
#3106 = VECTOR('',#3107,1.);
#3107 = DIRECTION('',(1.,1.110223024625E-16,0.));
#3108 = ORIENTED_EDGE('',*,*,#3109,.T.);
#3109 = EDGE_CURVE('',#3102,#3110,#3112,.T.);
#3110 = VERTEX_POINT('',#3111);
#3111 = CARTESIAN_POINT('',(3.,-1.7,0.2));
#3112 = LINE('',#3113,#3114);
#3113 = CARTESIAN_POINT('',(3.,-1.7,-1.665334536938E-16));
#3114 = VECTOR('',#3115,1.);
#3115 = DIRECTION('',(0.,0.,1.));
#3116 = ORIENTED_EDGE('',*,*,#3117,.T.);
#3117 = EDGE_CURVE('',#3110,#3118,#3120,.T.);
#3118 = VERTEX_POINT('',#3119);
#3119 = CARTESIAN_POINT('',(2.724938966801,-1.7,0.2));
#3120 = LINE('',#3121,#3122);
#3121 = CARTESIAN_POINT('',(3.,-1.7,0.2));
#3122 = VECTOR('',#3123,1.);
#3123 = DIRECTION('',(-1.,-1.110223024625E-16,0.));
#3124 = ORIENTED_EDGE('',*,*,#3125,.T.);
#3125 = EDGE_CURVE('',#3118,#3126,#3128,.T.);
#3126 = VERTEX_POINT('',#3127);
#3127 = CARTESIAN_POINT('',(2.6264581915,-1.7,0.282635182233));
#3128 = CIRCLE('',#3129,0.1);
#3129 = AXIS2_PLACEMENT_3D('',#3130,#3131,#3132);
#3130 = CARTESIAN_POINT('',(2.724938966801,-1.7,0.3));
#3131 = DIRECTION('',(-1.110223024625E-16,1.,0.));
#3132 = DIRECTION('',(0.,0.,-1.));
#3133 = ORIENTED_EDGE('',*,*,#3134,.T.);
#3134 = EDGE_CURVE('',#3126,#3135,#3137,.T.);
#3135 = VERTEX_POINT('',#3136);
#3136 = CARTESIAN_POINT('',(2.545442325904,-1.7,0.7770944533));
#3137 = LINE('',#3138,#3139);
#3138 = CARTESIAN_POINT('',(2.6264581915,-1.7,0.282635182233));
#3139 = VECTOR('',#3140,1.);
#3140 = DIRECTION('',(-0.161691392282,-1.795135065956E-17,0.986841372087
    ));
#3141 = ORIENTED_EDGE('',*,*,#3142,.T.);
#3142 = EDGE_CURVE('',#3135,#3143,#3145,.T.);
#3143 = VERTEX_POINT('',#3144);
#3144 = CARTESIAN_POINT('',(2.25,-1.7,1.025));
#3145 = CIRCLE('',#3146,0.3);
#3146 = AXIS2_PLACEMENT_3D('',#3147,#3148,#3149);
#3147 = CARTESIAN_POINT('',(2.25,-1.7,0.725));
#3148 = DIRECTION('',(1.110223024625E-16,-1.,0.));
#3149 = DIRECTION('',(0.984807753012,1.093356242223E-16,0.173648177667)
  );
#3150 = ORIENTED_EDGE('',*,*,#3151,.T.);
#3151 = EDGE_CURVE('',#3143,#1053,#3152,.T.);
#3152 = LINE('',#3153,#3154);
#3153 = CARTESIAN_POINT('',(2.25,-1.7,1.025));
#3154 = VECTOR('',#3155,1.);
#3155 = DIRECTION('',(-1.,-1.110223024625E-16,0.));
#3156 = PLANE('',#3157);
#3157 = AXIS2_PLACEMENT_3D('',#3158,#3159,#3160);
#3158 = CARTESIAN_POINT('',(2.42560961319,-1.7,0.548953137803));
#3159 = DIRECTION('',(1.110223024625E-16,-1.,0.));
#3160 = DIRECTION('',(0.,0.,1.));
#3161 = ADVANCED_FACE('',(#3162),#3181,.F.);
#3162 = FACE_BOUND('',#3163,.F.);
#3163 = EDGE_LOOP('',(#3164,#3165,#3174,#3180));
#3164 = ORIENTED_EDGE('',*,*,#1091,.T.);
#3165 = ORIENTED_EDGE('',*,*,#3166,.T.);
#3166 = EDGE_CURVE('',#1084,#3167,#3169,.T.);
#3167 = VERTEX_POINT('',#3168);
#3168 = CARTESIAN_POINT('',(2.348480775301,-2.11,0.742364817767));
#3169 = CIRCLE('',#3170,0.1);
#3170 = AXIS2_PLACEMENT_3D('',#3171,#3172,#3173);
#3171 = CARTESIAN_POINT('',(2.25,-2.11,0.725));
#3172 = DIRECTION('',(-1.110223024625E-16,1.,0.));
#3173 = DIRECTION('',(4.440892098501E-15,4.930380657631E-31,1.));
#3174 = ORIENTED_EDGE('',*,*,#3175,.F.);
#3175 = EDGE_CURVE('',#3076,#3167,#3176,.T.);
#3176 = LINE('',#3177,#3178);
#3177 = CARTESIAN_POINT('',(2.348480775301,-1.7,0.742364817767));
#3178 = VECTOR('',#3179,1.);
#3179 = DIRECTION('',(1.110223024625E-16,-1.,0.));
#3180 = ORIENTED_EDGE('',*,*,#3075,.F.);
#3181 = CYLINDRICAL_SURFACE('',#3182,0.1);
#3182 = AXIS2_PLACEMENT_3D('',#3183,#3184,#3185);
#3183 = CARTESIAN_POINT('',(2.25,-1.7,0.725));
#3184 = DIRECTION('',(-1.110223024625E-16,1.,0.));
#3185 = DIRECTION('',(4.440892098501E-15,4.930380657631E-31,1.));
#3186 = ADVANCED_FACE('',(#3187),#3265,.T.);
#3187 = FACE_BOUND('',#3188,.T.);
#3188 = EDGE_LOOP('',(#3189,#3190,#3191,#3192,#3200,#3209,#3217,#3225,
    #3233,#3242,#3250,#3259));
#3189 = ORIENTED_EDGE('',*,*,#1105,.F.);
#3190 = ORIENTED_EDGE('',*,*,#1083,.T.);
#3191 = ORIENTED_EDGE('',*,*,#3166,.T.);
#3192 = ORIENTED_EDGE('',*,*,#3193,.T.);
#3193 = EDGE_CURVE('',#3167,#3194,#3196,.T.);
#3194 = VERTEX_POINT('',#3195);
#3195 = CARTESIAN_POINT('',(2.429496640897,-2.11,0.2479055467));
#3196 = LINE('',#3197,#3198);
#3197 = CARTESIAN_POINT('',(2.348480775301,-2.11,0.742364817767));
#3198 = VECTOR('',#3199,1.);
#3199 = DIRECTION('',(0.161691392282,1.795135065956E-17,-0.986841372087)
  );
#3200 = ORIENTED_EDGE('',*,*,#3201,.T.);
#3201 = EDGE_CURVE('',#3194,#3202,#3204,.T.);
#3202 = VERTEX_POINT('',#3203);
#3203 = CARTESIAN_POINT('',(2.724938966801,-2.11,-1.665334536938E-16));
#3204 = CIRCLE('',#3205,0.3);
#3205 = AXIS2_PLACEMENT_3D('',#3206,#3207,#3208);
#3206 = CARTESIAN_POINT('',(2.724938966801,-2.11,0.3));
#3207 = DIRECTION('',(1.110223024625E-16,-1.,0.));
#3208 = DIRECTION('',(-0.984807753012,-1.093356242223E-16,
    -0.173648177667));
#3209 = ORIENTED_EDGE('',*,*,#3210,.T.);
#3210 = EDGE_CURVE('',#3202,#3211,#3213,.T.);
#3211 = VERTEX_POINT('',#3212);
#3212 = CARTESIAN_POINT('',(3.,-2.11,-1.665334536938E-16));
#3213 = LINE('',#3214,#3215);
#3214 = CARTESIAN_POINT('',(2.724938966801,-2.11,-1.665334536938E-16));
#3215 = VECTOR('',#3216,1.);
#3216 = DIRECTION('',(1.,1.110223024625E-16,0.));
#3217 = ORIENTED_EDGE('',*,*,#3218,.T.);
#3218 = EDGE_CURVE('',#3211,#3219,#3221,.T.);
#3219 = VERTEX_POINT('',#3220);
#3220 = CARTESIAN_POINT('',(3.,-2.11,0.2));
#3221 = LINE('',#3222,#3223);
#3222 = CARTESIAN_POINT('',(3.,-2.11,-1.665334536938E-16));
#3223 = VECTOR('',#3224,1.);
#3224 = DIRECTION('',(0.,0.,1.));
#3225 = ORIENTED_EDGE('',*,*,#3226,.T.);
#3226 = EDGE_CURVE('',#3219,#3227,#3229,.T.);
#3227 = VERTEX_POINT('',#3228);
#3228 = CARTESIAN_POINT('',(2.724938966801,-2.11,0.2));
#3229 = LINE('',#3230,#3231);
#3230 = CARTESIAN_POINT('',(3.,-2.11,0.2));
#3231 = VECTOR('',#3232,1.);
#3232 = DIRECTION('',(-1.,-1.110223024625E-16,0.));
#3233 = ORIENTED_EDGE('',*,*,#3234,.T.);
#3234 = EDGE_CURVE('',#3227,#3235,#3237,.T.);
#3235 = VERTEX_POINT('',#3236);
#3236 = CARTESIAN_POINT('',(2.6264581915,-2.11,0.282635182233));
#3237 = CIRCLE('',#3238,0.1);
#3238 = AXIS2_PLACEMENT_3D('',#3239,#3240,#3241);
#3239 = CARTESIAN_POINT('',(2.724938966801,-2.11,0.3));
#3240 = DIRECTION('',(-1.110223024625E-16,1.,0.));
#3241 = DIRECTION('',(0.,0.,-1.));
#3242 = ORIENTED_EDGE('',*,*,#3243,.T.);
#3243 = EDGE_CURVE('',#3235,#3244,#3246,.T.);
#3244 = VERTEX_POINT('',#3245);
#3245 = CARTESIAN_POINT('',(2.545442325904,-2.11,0.7770944533));
#3246 = LINE('',#3247,#3248);
#3247 = CARTESIAN_POINT('',(2.6264581915,-2.11,0.282635182233));
#3248 = VECTOR('',#3249,1.);
#3249 = DIRECTION('',(-0.161691392282,-1.795135065956E-17,0.986841372087
    ));
#3250 = ORIENTED_EDGE('',*,*,#3251,.T.);
#3251 = EDGE_CURVE('',#3244,#3252,#3254,.T.);
#3252 = VERTEX_POINT('',#3253);
#3253 = CARTESIAN_POINT('',(2.25,-2.11,1.025));
#3254 = CIRCLE('',#3255,0.3);
#3255 = AXIS2_PLACEMENT_3D('',#3256,#3257,#3258);
#3256 = CARTESIAN_POINT('',(2.25,-2.11,0.725));
#3257 = DIRECTION('',(1.110223024625E-16,-1.,0.));
#3258 = DIRECTION('',(0.984807753012,1.093356242223E-16,0.173648177667)
  );
#3259 = ORIENTED_EDGE('',*,*,#3260,.T.);
#3260 = EDGE_CURVE('',#3252,#1106,#3261,.T.);
#3261 = LINE('',#3262,#3263);
#3262 = CARTESIAN_POINT('',(2.25,-2.11,1.025));
#3263 = VECTOR('',#3264,1.);
#3264 = DIRECTION('',(-1.,-1.110223024625E-16,0.));
#3265 = PLANE('',#3266);
#3266 = AXIS2_PLACEMENT_3D('',#3267,#3268,#3269);
#3267 = CARTESIAN_POINT('',(2.42560961319,-2.11,0.548953137803));
#3268 = DIRECTION('',(1.110223024625E-16,-1.,0.));
#3269 = DIRECTION('',(0.,0.,1.));
#3270 = ADVANCED_FACE('',(#3271),#3282,.T.);
#3271 = FACE_BOUND('',#3272,.T.);
#3272 = EDGE_LOOP('',(#3273,#3274,#3275,#3276));
#3273 = ORIENTED_EDGE('',*,*,#2305,.T.);
#3274 = ORIENTED_EDGE('',*,*,#1206,.T.);
#3275 = ORIENTED_EDGE('',*,*,#2407,.F.);
#3276 = ORIENTED_EDGE('',*,*,#3277,.F.);
#3277 = EDGE_CURVE('',#2298,#2400,#3278,.T.);
#3278 = LINE('',#3279,#3280);
#3279 = CARTESIAN_POINT('',(-2.545442325904,1.7,0.7770944533));
#3280 = VECTOR('',#3281,1.);
#3281 = DIRECTION('',(1.144237745222E-17,1.,0.));
#3282 = CYLINDRICAL_SURFACE('',#3283,0.3);
#3283 = AXIS2_PLACEMENT_3D('',#3284,#3285,#3286);
#3284 = CARTESIAN_POINT('',(-2.25,1.7,0.725));
#3285 = DIRECTION('',(-1.144237745222E-17,-1.,0.));
#3286 = DIRECTION('',(-0.984807753012,1.126854202784E-17,0.173648177667)
  );
#3287 = ADVANCED_FACE('',(#3288),#3301,.F.);
#3288 = FACE_BOUND('',#3289,.F.);
#3289 = EDGE_LOOP('',(#3290,#3291,#3297,#3298,#3299,#3300));
#3290 = ORIENTED_EDGE('',*,*,#1650,.F.);
#3291 = ORIENTED_EDGE('',*,*,#3292,.T.);
#3292 = EDGE_CURVE('',#1642,#1751,#3293,.T.);
#3293 = LINE('',#3294,#3295);
#3294 = CARTESIAN_POINT('',(-2.25,-2.11,1.025));
#3295 = VECTOR('',#3296,1.);
#3296 = DIRECTION('',(1.144237745222E-17,1.,0.));
#3297 = ORIENTED_EDGE('',*,*,#1759,.T.);
#3298 = ORIENTED_EDGE('',*,*,#1781,.T.);
#3299 = ORIENTED_EDGE('',*,*,#1253,.F.);
#3300 = ORIENTED_EDGE('',*,*,#1524,.F.);
#3301 = PLANE('',#3302);
#3302 = AXIS2_PLACEMENT_3D('',#3303,#3304,#3305);
#3303 = CARTESIAN_POINT('',(-2.25,-2.11,1.025));
#3304 = DIRECTION('',(0.,0.,-1.));
#3305 = DIRECTION('',(1.,-1.144237745222E-17,0.));
#3306 = ADVANCED_FACE('',(#3307),#3320,.F.);
#3307 = FACE_BOUND('',#3308,.F.);
#3308 = EDGE_LOOP('',(#3309,#3310,#3316,#3317,#3318,#3319));
#3309 = ORIENTED_EDGE('',*,*,#1873,.F.);
#3310 = ORIENTED_EDGE('',*,*,#3311,.T.);
#3311 = EDGE_CURVE('',#1865,#1974,#3312,.T.);
#3312 = LINE('',#3313,#3314);
#3313 = CARTESIAN_POINT('',(-2.25,-0.84,1.025));
#3314 = VECTOR('',#3315,1.);
#3315 = DIRECTION('',(1.144237745222E-17,1.,0.));
#3316 = ORIENTED_EDGE('',*,*,#1982,.T.);
#3317 = ORIENTED_EDGE('',*,*,#2004,.T.);
#3318 = ORIENTED_EDGE('',*,*,#1269,.F.);
#3319 = ORIENTED_EDGE('',*,*,#1774,.F.);
#3320 = PLANE('',#3321);
#3321 = AXIS2_PLACEMENT_3D('',#3322,#3323,#3324);
#3322 = CARTESIAN_POINT('',(-2.25,-0.84,1.025));
#3323 = DIRECTION('',(0.,0.,-1.));
#3324 = DIRECTION('',(1.,-1.144237745222E-17,0.));
#3325 = ADVANCED_FACE('',(#3326),#3339,.F.);
#3326 = FACE_BOUND('',#3327,.F.);
#3327 = EDGE_LOOP('',(#3328,#3329,#3335,#3336,#3337,#3338));
#3328 = ORIENTED_EDGE('',*,*,#2096,.F.);
#3329 = ORIENTED_EDGE('',*,*,#3330,.T.);
#3330 = EDGE_CURVE('',#2088,#2197,#3331,.T.);
#3331 = LINE('',#3332,#3333);
#3332 = CARTESIAN_POINT('',(-2.25,0.43,1.025));
#3333 = VECTOR('',#3334,1.);
#3334 = DIRECTION('',(1.144237745222E-17,1.,0.));
#3335 = ORIENTED_EDGE('',*,*,#2205,.T.);
#3336 = ORIENTED_EDGE('',*,*,#2222,.T.);
#3337 = ORIENTED_EDGE('',*,*,#1285,.F.);
#3338 = ORIENTED_EDGE('',*,*,#1997,.F.);
#3339 = PLANE('',#3340);
#3340 = AXIS2_PLACEMENT_3D('',#3341,#3342,#3343);
#3341 = CARTESIAN_POINT('',(-2.25,0.43,1.025));
#3342 = DIRECTION('',(0.,0.,-1.));
#3343 = DIRECTION('',(1.,-1.144237745222E-17,0.));
#3344 = ADVANCED_FACE('',(#3345,#3374),#3385,.F.);
#3345 = FACE_BOUND('',#3346,.F.);
#3346 = EDGE_LOOP('',(#3347,#3348,#3349,#3350,#3358,#3366,#3372,#3373));
#3347 = ORIENTED_EDGE('',*,*,#1360,.T.);
#3348 = ORIENTED_EDGE('',*,*,#1383,.T.);
#3349 = ORIENTED_EDGE('',*,*,#1470,.T.);
#3350 = ORIENTED_EDGE('',*,*,#3351,.T.);
#3351 = EDGE_CURVE('',#1464,#3352,#3354,.T.);
#3352 = VERTEX_POINT('',#3353);
#3353 = CARTESIAN_POINT('',(1.680085640382,-2.260171280765,1.75));
#3354 = LINE('',#3355,#3356);
#3355 = CARTESIAN_POINT('',(1.760171280765,-2.180085640382,1.75));
#3356 = VECTOR('',#3357,1.);
#3357 = DIRECTION('',(-0.707106781187,-0.707106781187,0.));
#3358 = ORIENTED_EDGE('',*,*,#3359,.T.);
#3359 = EDGE_CURVE('',#3352,#3360,#3362,.T.);
#3360 = VERTEX_POINT('',#3361);
#3361 = CARTESIAN_POINT('',(-1.680085640382,-2.260171280765,1.75));
#3362 = LINE('',#3363,#3364);
#3363 = CARTESIAN_POINT('',(1.680085640382,-2.260171280765,1.75));
#3364 = VECTOR('',#3365,1.);
#3365 = DIRECTION('',(-1.,-1.110223024625E-16,0.));
#3366 = ORIENTED_EDGE('',*,*,#3367,.T.);
#3367 = EDGE_CURVE('',#3360,#1309,#3368,.T.);
#3368 = LINE('',#3369,#3370);
#3369 = CARTESIAN_POINT('',(-1.680085640382,-2.260171280765,1.75));
#3370 = VECTOR('',#3371,1.);
#3371 = DIRECTION('',(-0.707106781187,0.707106781187,0.));
#3372 = ORIENTED_EDGE('',*,*,#1308,.T.);
#3373 = ORIENTED_EDGE('',*,*,#1337,.T.);
#3374 = FACE_BOUND('',#3375,.F.);
#3375 = EDGE_LOOP('',(#3376));
#3376 = ORIENTED_EDGE('',*,*,#3377,.F.);
#3377 = EDGE_CURVE('',#3378,#3378,#3380,.T.);
#3378 = VERTEX_POINT('',#3379);
#3379 = CARTESIAN_POINT('',(-1.110171280765,1.310171280765,1.75));
#3380 = CIRCLE('',#3381,0.3);
#3381 = AXIS2_PLACEMENT_3D('',#3382,#3383,#3384);
#3382 = CARTESIAN_POINT('',(-1.110171280765,1.610171280765,1.75));
#3383 = DIRECTION('',(0.,-0.,-1.));
#3384 = DIRECTION('',(1.110223024625E-16,-1.,0.));
#3385 = PLANE('',#3386);
#3386 = AXIS2_PLACEMENT_3D('',#3387,#3388,#3389);
#3387 = CARTESIAN_POINT('',(-1.680085640382,2.260171280765,1.75));
#3388 = DIRECTION('',(0.,0.,-1.));
#3389 = DIRECTION('',(0.596575959062,-0.802556617983,0.));
#3390 = ADVANCED_FACE('',(#3391),#3401,.F.);
#3391 = FACE_BOUND('',#3392,.F.);
#3392 = EDGE_LOOP('',(#3393,#3394,#3395,#3396));
#3393 = ORIENTED_EDGE('',*,*,#1531,.T.);
#3394 = ORIENTED_EDGE('',*,*,#1316,.T.);
#3395 = ORIENTED_EDGE('',*,*,#3367,.F.);
#3396 = ORIENTED_EDGE('',*,*,#3397,.F.);
#3397 = EDGE_CURVE('',#1532,#3360,#3398,.T.);
#3398 = B_SPLINE_CURVE_WITH_KNOTS('',1,(#3399,#3400),.UNSPECIFIED.,.F.,
  .F.,(2,2),(0.,1.),.PIECEWISE_BEZIER_KNOTS.);
#3399 = CARTESIAN_POINT('',(-1.7375,-2.375,1.025));
#3400 = CARTESIAN_POINT('',(-1.680085640382,-2.260171280765,1.75));
#3401 = B_SPLINE_SURFACE_WITH_KNOTS('',1,1,(
    (#3402,#3403)
    ,(#3404,#3405
    )),.UNSPECIFIED.,.F.,.F.,.F.,(2,2),(2,2),(0.,0.194454364826),(0.,1.)
  ,.PIECEWISE_BEZIER_KNOTS.);
#3402 = CARTESIAN_POINT('',(-1.7375,-2.375,1.025));
#3403 = CARTESIAN_POINT('',(-1.680085640382,-2.260171280765,1.75));
#3404 = CARTESIAN_POINT('',(-1.875,-2.2375,1.025));
#3405 = CARTESIAN_POINT('',(-1.760171280765,-2.180085640382,1.75));
#3406 = ADVANCED_FACE('',(#3407),#3420,.F.);
#3407 = FACE_BOUND('',#3408,.F.);
#3408 = EDGE_LOOP('',(#3409,#3410,#3416,#3417,#3418,#3419));
#3409 = ORIENTED_EDGE('',*,*,#2705,.F.);
#3410 = ORIENTED_EDGE('',*,*,#3411,.T.);
#3411 = EDGE_CURVE('',#2697,#2806,#3412,.T.);
#3412 = LINE('',#3413,#3414);
#3413 = CARTESIAN_POINT('',(2.25,0.84,1.025));
#3414 = VECTOR('',#3415,1.);
#3415 = DIRECTION('',(1.110223024625E-16,-1.,0.));
#3416 = ORIENTED_EDGE('',*,*,#2814,.T.);
#3417 = ORIENTED_EDGE('',*,*,#2828,.T.);
#3418 = ORIENTED_EDGE('',*,*,#1415,.F.);
#3419 = ORIENTED_EDGE('',*,*,#2612,.F.);
#3420 = PLANE('',#3421);
#3421 = AXIS2_PLACEMENT_3D('',#3422,#3423,#3424);
#3422 = CARTESIAN_POINT('',(2.25,0.84,1.025));
#3423 = DIRECTION('',(0.,0.,-1.));
#3424 = DIRECTION('',(-1.,-1.110223024625E-16,-0.));
#3425 = ADVANCED_FACE('',(#3426),#3439,.F.);
#3426 = FACE_BOUND('',#3427,.F.);
#3427 = EDGE_LOOP('',(#3428,#3429,#3435,#3436,#3437,#3438));
#3428 = ORIENTED_EDGE('',*,*,#2928,.F.);
#3429 = ORIENTED_EDGE('',*,*,#3430,.T.);
#3430 = EDGE_CURVE('',#2920,#3029,#3431,.T.);
#3431 = LINE('',#3432,#3433);
#3432 = CARTESIAN_POINT('',(2.25,-0.43,1.025));
#3433 = VECTOR('',#3434,1.);
#3434 = DIRECTION('',(1.110223024625E-16,-1.,0.));
#3435 = ORIENTED_EDGE('',*,*,#3037,.T.);
#3436 = ORIENTED_EDGE('',*,*,#3051,.T.);
#3437 = ORIENTED_EDGE('',*,*,#1431,.F.);
#3438 = ORIENTED_EDGE('',*,*,#2835,.F.);
#3439 = PLANE('',#3440);
#3440 = AXIS2_PLACEMENT_3D('',#3441,#3442,#3443);
#3441 = CARTESIAN_POINT('',(2.25,-0.43,1.025));
#3442 = DIRECTION('',(0.,0.,-1.));
#3443 = DIRECTION('',(-1.,-1.110223024625E-16,-0.));
#3444 = ADVANCED_FACE('',(#3445),#3458,.F.);
#3445 = FACE_BOUND('',#3446,.F.);
#3446 = EDGE_LOOP('',(#3447,#3448,#3454,#3455,#3456,#3457));
#3447 = ORIENTED_EDGE('',*,*,#3151,.F.);
#3448 = ORIENTED_EDGE('',*,*,#3449,.T.);
#3449 = EDGE_CURVE('',#3143,#3252,#3450,.T.);
#3450 = LINE('',#3451,#3452);
#3451 = CARTESIAN_POINT('',(2.25,-1.7,1.025));
#3452 = VECTOR('',#3453,1.);
#3453 = DIRECTION('',(1.110223024625E-16,-1.,0.));
#3454 = ORIENTED_EDGE('',*,*,#3260,.T.);
#3455 = ORIENTED_EDGE('',*,*,#1554,.T.);
#3456 = ORIENTED_EDGE('',*,*,#1447,.F.);
#3457 = ORIENTED_EDGE('',*,*,#3058,.F.);
#3458 = PLANE('',#3459);
#3459 = AXIS2_PLACEMENT_3D('',#3460,#3461,#3462);
#3460 = CARTESIAN_POINT('',(2.25,-1.7,1.025));
#3461 = DIRECTION('',(0.,0.,-1.));
#3462 = DIRECTION('',(-1.,-1.110223024625E-16,-0.));
#3463 = ADVANCED_FACE('',(#3464),#3474,.F.);
#3464 = FACE_BOUND('',#3465,.F.);
#3465 = EDGE_LOOP('',(#3466,#3467,#3472,#3473));
#3466 = ORIENTED_EDGE('',*,*,#1547,.T.);
#3467 = ORIENTED_EDGE('',*,*,#3468,.T.);
#3468 = EDGE_CURVE('',#1540,#3352,#3469,.T.);
#3469 = B_SPLINE_CURVE_WITH_KNOTS('',1,(#3470,#3471),.UNSPECIFIED.,.F.,
  .F.,(2,2),(0.,1.),.PIECEWISE_BEZIER_KNOTS.);
#3470 = CARTESIAN_POINT('',(1.7375,-2.375,1.025));
#3471 = CARTESIAN_POINT('',(1.680085640382,-2.260171280765,1.75));
#3472 = ORIENTED_EDGE('',*,*,#3351,.F.);
#3473 = ORIENTED_EDGE('',*,*,#1463,.F.);
#3474 = B_SPLINE_SURFACE_WITH_KNOTS('',1,1,(
    (#3475,#3476)
    ,(#3477,#3478
    )),.UNSPECIFIED.,.F.,.F.,.F.,(2,2),(2,2),(0.,0.194454364826),(0.,1.)
  ,.PIECEWISE_BEZIER_KNOTS.);
#3475 = CARTESIAN_POINT('',(1.875,-2.2375,1.025));
#3476 = CARTESIAN_POINT('',(1.760171280765,-2.180085640382,1.75));
#3477 = CARTESIAN_POINT('',(1.7375,-2.375,1.025));
#3478 = CARTESIAN_POINT('',(1.680085640382,-2.260171280765,1.75));
#3479 = ADVANCED_FACE('',(#3480),#3491,.T.);
#3480 = FACE_BOUND('',#3481,.T.);
#3481 = EDGE_LOOP('',(#3482,#3483,#3484,#3485));
#3482 = ORIENTED_EDGE('',*,*,#2492,.T.);
#3483 = ORIENTED_EDGE('',*,*,#1493,.T.);
#3484 = ORIENTED_EDGE('',*,*,#2594,.F.);
#3485 = ORIENTED_EDGE('',*,*,#3486,.F.);
#3486 = EDGE_CURVE('',#2485,#2587,#3487,.T.);
#3487 = LINE('',#3488,#3489);
#3488 = CARTESIAN_POINT('',(2.545442325904,2.11,0.7770944533));
#3489 = VECTOR('',#3490,1.);
#3490 = DIRECTION('',(1.110223024625E-16,-1.,0.));
#3491 = CYLINDRICAL_SURFACE('',#3492,0.3);
#3492 = AXIS2_PLACEMENT_3D('',#3493,#3494,#3495);
#3493 = CARTESIAN_POINT('',(2.25,2.11,0.725));
#3494 = DIRECTION('',(-1.110223024625E-16,1.,0.));
#3495 = DIRECTION('',(0.984807753012,1.093356242223E-16,0.173648177667)
  );
#3496 = ADVANCED_FACE('',(#3497),#3503,.F.);
#3497 = FACE_BOUND('',#3498,.F.);
#3498 = EDGE_LOOP('',(#3499,#3500,#3501,#3502));
#3499 = ORIENTED_EDGE('',*,*,#1539,.T.);
#3500 = ORIENTED_EDGE('',*,*,#3397,.T.);
#3501 = ORIENTED_EDGE('',*,*,#3359,.F.);
#3502 = ORIENTED_EDGE('',*,*,#3468,.F.);
#3503 = B_SPLINE_SURFACE_WITH_KNOTS('',1,1,(
    (#3504,#3505)
    ,(#3506,#3507
    )),.UNSPECIFIED.,.F.,.F.,.F.,(2,2),(2,2),(0.,3.475),(0.,1.),
  .PIECEWISE_BEZIER_KNOTS.);
#3504 = CARTESIAN_POINT('',(1.7375,-2.375,1.025));
#3505 = CARTESIAN_POINT('',(1.680085640382,-2.260171280765,1.75));
#3506 = CARTESIAN_POINT('',(-1.7375,-2.375,1.025));
#3507 = CARTESIAN_POINT('',(-1.680085640382,-2.260171280765,1.75));
#3508 = ADVANCED_FACE('',(#3509),#3520,.T.);
#3509 = FACE_BOUND('',#3510,.T.);
#3510 = EDGE_LOOP('',(#3511,#3512,#3513,#3514));
#3511 = ORIENTED_EDGE('',*,*,#1641,.T.);
#3512 = ORIENTED_EDGE('',*,*,#3292,.T.);
#3513 = ORIENTED_EDGE('',*,*,#1750,.F.);
#3514 = ORIENTED_EDGE('',*,*,#3515,.F.);
#3515 = EDGE_CURVE('',#1634,#1743,#3516,.T.);
#3516 = LINE('',#3517,#3518);
#3517 = CARTESIAN_POINT('',(-2.545442325904,-2.11,0.7770944533));
#3518 = VECTOR('',#3519,1.);
#3519 = DIRECTION('',(1.144237745222E-17,1.,0.));
#3520 = CYLINDRICAL_SURFACE('',#3521,0.3);
#3521 = AXIS2_PLACEMENT_3D('',#3522,#3523,#3524);
#3522 = CARTESIAN_POINT('',(-2.25,-2.11,0.725));
#3523 = DIRECTION('',(-1.144237745222E-17,-1.,0.));
#3524 = DIRECTION('',(-0.984807753012,1.126854202784E-17,0.173648177667)
  );
#3525 = ADVANCED_FACE('',(#3526),#3537,.F.);
#3526 = FACE_BOUND('',#3527,.F.);
#3527 = EDGE_LOOP('',(#3528,#3534,#3535,#3536));
#3528 = ORIENTED_EDGE('',*,*,#3529,.T.);
#3529 = EDGE_CURVE('',#1625,#1734,#3530,.T.);
#3530 = LINE('',#3531,#3532);
#3531 = CARTESIAN_POINT('',(-2.6264581915,-2.11,0.282635182233));
#3532 = VECTOR('',#3533,1.);
#3533 = DIRECTION('',(1.144237745222E-17,1.,0.));
#3534 = ORIENTED_EDGE('',*,*,#1742,.T.);
#3535 = ORIENTED_EDGE('',*,*,#3515,.F.);
#3536 = ORIENTED_EDGE('',*,*,#1633,.F.);
#3537 = PLANE('',#3538);
#3538 = AXIS2_PLACEMENT_3D('',#3539,#3540,#3541);
#3539 = CARTESIAN_POINT('',(-2.6264581915,-2.11,0.282635182233));
#3540 = DIRECTION('',(0.986841372087,-1.129181146488E-17,-0.161691392282
    ));
#3541 = DIRECTION('',(0.161691392282,-1.85013394127E-18,0.986841372087)
  );
#3542 = ADVANCED_FACE('',(#3543),#3554,.F.);
#3543 = FACE_BOUND('',#3544,.F.);
#3544 = EDGE_LOOP('',(#3545,#3551,#3552,#3553));
#3545 = ORIENTED_EDGE('',*,*,#3546,.T.);
#3546 = EDGE_CURVE('',#1617,#1726,#3547,.T.);
#3547 = LINE('',#3548,#3549);
#3548 = CARTESIAN_POINT('',(-2.724938966801,-2.11,0.2));
#3549 = VECTOR('',#3550,1.);
#3550 = DIRECTION('',(1.144237745222E-17,1.,0.));
#3551 = ORIENTED_EDGE('',*,*,#1733,.T.);
#3552 = ORIENTED_EDGE('',*,*,#3529,.F.);
#3553 = ORIENTED_EDGE('',*,*,#1624,.F.);
#3554 = CYLINDRICAL_SURFACE('',#3555,0.1);
#3555 = AXIS2_PLACEMENT_3D('',#3556,#3557,#3558);
#3556 = CARTESIAN_POINT('',(-2.724938966801,-2.11,0.3));
#3557 = DIRECTION('',(-1.144237745222E-17,-1.,0.));
#3558 = DIRECTION('',(-0.,0.,-1.));
#3559 = ADVANCED_FACE('',(#3560),#3571,.F.);
#3560 = FACE_BOUND('',#3561,.F.);
#3561 = EDGE_LOOP('',(#3562,#3568,#3569,#3570));
#3562 = ORIENTED_EDGE('',*,*,#3563,.T.);
#3563 = EDGE_CURVE('',#1609,#1718,#3564,.T.);
#3564 = LINE('',#3565,#3566);
#3565 = CARTESIAN_POINT('',(-3.,-2.11,0.2));
#3566 = VECTOR('',#3567,1.);
#3567 = DIRECTION('',(1.144237745222E-17,1.,0.));
#3568 = ORIENTED_EDGE('',*,*,#1725,.T.);
#3569 = ORIENTED_EDGE('',*,*,#3546,.F.);
#3570 = ORIENTED_EDGE('',*,*,#1616,.F.);
#3571 = PLANE('',#3572);
#3572 = AXIS2_PLACEMENT_3D('',#3573,#3574,#3575);
#3573 = CARTESIAN_POINT('',(-3.,-2.11,0.2));
#3574 = DIRECTION('',(0.,0.,-1.));
#3575 = DIRECTION('',(1.,-1.144237745222E-17,0.));
#3576 = ADVANCED_FACE('',(#3577),#3588,.F.);
#3577 = FACE_BOUND('',#3578,.F.);
#3578 = EDGE_LOOP('',(#3579,#3585,#3586,#3587));
#3579 = ORIENTED_EDGE('',*,*,#3580,.T.);
#3580 = EDGE_CURVE('',#1601,#1710,#3581,.T.);
#3581 = LINE('',#3582,#3583);
#3582 = CARTESIAN_POINT('',(-3.,-2.11,-1.665334536938E-16));
#3583 = VECTOR('',#3584,1.);
#3584 = DIRECTION('',(1.144237745222E-17,1.,0.));
#3585 = ORIENTED_EDGE('',*,*,#1717,.T.);
#3586 = ORIENTED_EDGE('',*,*,#3563,.F.);
#3587 = ORIENTED_EDGE('',*,*,#1608,.F.);
#3588 = PLANE('',#3589);
#3589 = AXIS2_PLACEMENT_3D('',#3590,#3591,#3592);
#3590 = CARTESIAN_POINT('',(-3.,-2.11,-1.665334536938E-16));
#3591 = DIRECTION('',(1.,-1.144237745222E-17,0.));
#3592 = DIRECTION('',(0.,0.,1.));
#3593 = ADVANCED_FACE('',(#3594),#3605,.F.);
#3594 = FACE_BOUND('',#3595,.F.);
#3595 = EDGE_LOOP('',(#3596,#3602,#3603,#3604));
#3596 = ORIENTED_EDGE('',*,*,#3597,.T.);
#3597 = EDGE_CURVE('',#1592,#1701,#3598,.T.);
#3598 = LINE('',#3599,#3600);
#3599 = CARTESIAN_POINT('',(-2.724938966801,-2.11,-1.665334536938E-16));
#3600 = VECTOR('',#3601,1.);
#3601 = DIRECTION('',(1.144237745222E-17,1.,0.));
#3602 = ORIENTED_EDGE('',*,*,#1709,.T.);
#3603 = ORIENTED_EDGE('',*,*,#3580,.F.);
#3604 = ORIENTED_EDGE('',*,*,#1600,.F.);
#3605 = PLANE('',#3606);
#3606 = AXIS2_PLACEMENT_3D('',#3607,#3608,#3609);
#3607 = CARTESIAN_POINT('',(-2.724938966801,-2.11,-1.665334536938E-16));
#3608 = DIRECTION('',(0.,0.,1.));
#3609 = DIRECTION('',(-1.,1.144237745222E-17,0.));
#3610 = ADVANCED_FACE('',(#3611),#3622,.T.);
#3611 = FACE_BOUND('',#3612,.T.);
#3612 = EDGE_LOOP('',(#3613,#3614,#3615,#3616));
#3613 = ORIENTED_EDGE('',*,*,#1591,.T.);
#3614 = ORIENTED_EDGE('',*,*,#3597,.T.);
#3615 = ORIENTED_EDGE('',*,*,#1700,.F.);
#3616 = ORIENTED_EDGE('',*,*,#3617,.F.);
#3617 = EDGE_CURVE('',#1584,#1693,#3618,.T.);
#3618 = LINE('',#3619,#3620);
#3619 = CARTESIAN_POINT('',(-2.429496640897,-2.11,0.2479055467));
#3620 = VECTOR('',#3621,1.);
#3621 = DIRECTION('',(1.144237745222E-17,1.,0.));
#3622 = CYLINDRICAL_SURFACE('',#3623,0.3);
#3623 = AXIS2_PLACEMENT_3D('',#3624,#3625,#3626);
#3624 = CARTESIAN_POINT('',(-2.724938966801,-2.11,0.3));
#3625 = DIRECTION('',(-1.144237745222E-17,-1.,0.));
#3626 = DIRECTION('',(0.984807753012,-1.126854202784E-17,-0.173648177667
    ));
#3627 = ADVANCED_FACE('',(#3628),#3634,.F.);
#3628 = FACE_BOUND('',#3629,.F.);
#3629 = EDGE_LOOP('',(#3630,#3631,#3632,#3633));
#3630 = ORIENTED_EDGE('',*,*,#1674,.T.);
#3631 = ORIENTED_EDGE('',*,*,#1692,.T.);
#3632 = ORIENTED_EDGE('',*,*,#3617,.F.);
#3633 = ORIENTED_EDGE('',*,*,#1583,.F.);
#3634 = PLANE('',#3635);
#3635 = AXIS2_PLACEMENT_3D('',#3636,#3637,#3638);
#3636 = CARTESIAN_POINT('',(-2.348480775301,-2.11,0.742364817767));
#3637 = DIRECTION('',(-0.986841372087,1.129181146488E-17,0.161691392282)
  );
#3638 = DIRECTION('',(-0.161691392282,1.85013394127E-18,-0.986841372087)
  );
#3639 = ADVANCED_FACE('',(#3640),#3651,.T.);
#3640 = FACE_BOUND('',#3641,.T.);
#3641 = EDGE_LOOP('',(#3642,#3643,#3644,#3645));
#3642 = ORIENTED_EDGE('',*,*,#1864,.T.);
#3643 = ORIENTED_EDGE('',*,*,#3311,.T.);
#3644 = ORIENTED_EDGE('',*,*,#1973,.F.);
#3645 = ORIENTED_EDGE('',*,*,#3646,.F.);
#3646 = EDGE_CURVE('',#1857,#1966,#3647,.T.);
#3647 = LINE('',#3648,#3649);
#3648 = CARTESIAN_POINT('',(-2.545442325904,-0.84,0.7770944533));
#3649 = VECTOR('',#3650,1.);
#3650 = DIRECTION('',(1.144237745222E-17,1.,0.));
#3651 = CYLINDRICAL_SURFACE('',#3652,0.3);
#3652 = AXIS2_PLACEMENT_3D('',#3653,#3654,#3655);
#3653 = CARTESIAN_POINT('',(-2.25,-0.84,0.725));
#3654 = DIRECTION('',(-1.144237745222E-17,-1.,0.));
#3655 = DIRECTION('',(-0.984807753012,1.126854202784E-17,0.173648177667)
  );
#3656 = ADVANCED_FACE('',(#3657),#3668,.F.);
#3657 = FACE_BOUND('',#3658,.F.);
#3658 = EDGE_LOOP('',(#3659,#3665,#3666,#3667));
#3659 = ORIENTED_EDGE('',*,*,#3660,.T.);
#3660 = EDGE_CURVE('',#1848,#1957,#3661,.T.);
#3661 = LINE('',#3662,#3663);
#3662 = CARTESIAN_POINT('',(-2.6264581915,-0.84,0.282635182233));
#3663 = VECTOR('',#3664,1.);
#3664 = DIRECTION('',(1.144237745222E-17,1.,0.));
#3665 = ORIENTED_EDGE('',*,*,#1965,.T.);
#3666 = ORIENTED_EDGE('',*,*,#3646,.F.);
#3667 = ORIENTED_EDGE('',*,*,#1856,.F.);
#3668 = PLANE('',#3669);
#3669 = AXIS2_PLACEMENT_3D('',#3670,#3671,#3672);
#3670 = CARTESIAN_POINT('',(-2.6264581915,-0.84,0.282635182233));
#3671 = DIRECTION('',(0.986841372087,-1.129181146488E-17,-0.161691392282
    ));
#3672 = DIRECTION('',(0.161691392282,-1.85013394127E-18,0.986841372087)
  );
#3673 = ADVANCED_FACE('',(#3674),#3685,.F.);
#3674 = FACE_BOUND('',#3675,.F.);
#3675 = EDGE_LOOP('',(#3676,#3682,#3683,#3684));
#3676 = ORIENTED_EDGE('',*,*,#3677,.T.);
#3677 = EDGE_CURVE('',#1840,#1949,#3678,.T.);
#3678 = LINE('',#3679,#3680);
#3679 = CARTESIAN_POINT('',(-2.724938966801,-0.84,0.2));
#3680 = VECTOR('',#3681,1.);
#3681 = DIRECTION('',(1.144237745222E-17,1.,0.));
#3682 = ORIENTED_EDGE('',*,*,#1956,.T.);
#3683 = ORIENTED_EDGE('',*,*,#3660,.F.);
#3684 = ORIENTED_EDGE('',*,*,#1847,.F.);
#3685 = CYLINDRICAL_SURFACE('',#3686,0.1);
#3686 = AXIS2_PLACEMENT_3D('',#3687,#3688,#3689);
#3687 = CARTESIAN_POINT('',(-2.724938966801,-0.84,0.3));
#3688 = DIRECTION('',(-1.144237745222E-17,-1.,0.));
#3689 = DIRECTION('',(-0.,0.,-1.));
#3690 = ADVANCED_FACE('',(#3691),#3702,.F.);
#3691 = FACE_BOUND('',#3692,.F.);
#3692 = EDGE_LOOP('',(#3693,#3699,#3700,#3701));
#3693 = ORIENTED_EDGE('',*,*,#3694,.T.);
#3694 = EDGE_CURVE('',#1832,#1941,#3695,.T.);
#3695 = LINE('',#3696,#3697);
#3696 = CARTESIAN_POINT('',(-3.,-0.84,0.2));
#3697 = VECTOR('',#3698,1.);
#3698 = DIRECTION('',(1.144237745222E-17,1.,0.));
#3699 = ORIENTED_EDGE('',*,*,#1948,.T.);
#3700 = ORIENTED_EDGE('',*,*,#3677,.F.);
#3701 = ORIENTED_EDGE('',*,*,#1839,.F.);
#3702 = PLANE('',#3703);
#3703 = AXIS2_PLACEMENT_3D('',#3704,#3705,#3706);
#3704 = CARTESIAN_POINT('',(-3.,-0.84,0.2));
#3705 = DIRECTION('',(0.,0.,-1.));
#3706 = DIRECTION('',(1.,-1.144237745222E-17,0.));
#3707 = ADVANCED_FACE('',(#3708),#3719,.F.);
#3708 = FACE_BOUND('',#3709,.F.);
#3709 = EDGE_LOOP('',(#3710,#3716,#3717,#3718));
#3710 = ORIENTED_EDGE('',*,*,#3711,.T.);
#3711 = EDGE_CURVE('',#1824,#1933,#3712,.T.);
#3712 = LINE('',#3713,#3714);
#3713 = CARTESIAN_POINT('',(-3.,-0.84,-1.665334536938E-16));
#3714 = VECTOR('',#3715,1.);
#3715 = DIRECTION('',(1.144237745222E-17,1.,0.));
#3716 = ORIENTED_EDGE('',*,*,#1940,.T.);
#3717 = ORIENTED_EDGE('',*,*,#3694,.F.);
#3718 = ORIENTED_EDGE('',*,*,#1831,.F.);
#3719 = PLANE('',#3720);
#3720 = AXIS2_PLACEMENT_3D('',#3721,#3722,#3723);
#3721 = CARTESIAN_POINT('',(-3.,-0.84,-1.665334536938E-16));
#3722 = DIRECTION('',(1.,-1.144237745222E-17,0.));
#3723 = DIRECTION('',(0.,0.,1.));
#3724 = ADVANCED_FACE('',(#3725),#3736,.F.);
#3725 = FACE_BOUND('',#3726,.F.);
#3726 = EDGE_LOOP('',(#3727,#3733,#3734,#3735));
#3727 = ORIENTED_EDGE('',*,*,#3728,.T.);
#3728 = EDGE_CURVE('',#1815,#1924,#3729,.T.);
#3729 = LINE('',#3730,#3731);
#3730 = CARTESIAN_POINT('',(-2.724938966801,-0.84,-1.665334536938E-16));
#3731 = VECTOR('',#3732,1.);
#3732 = DIRECTION('',(1.144237745222E-17,1.,0.));
#3733 = ORIENTED_EDGE('',*,*,#1932,.T.);
#3734 = ORIENTED_EDGE('',*,*,#3711,.F.);
#3735 = ORIENTED_EDGE('',*,*,#1823,.F.);
#3736 = PLANE('',#3737);
#3737 = AXIS2_PLACEMENT_3D('',#3738,#3739,#3740);
#3738 = CARTESIAN_POINT('',(-2.724938966801,-0.84,-1.665334536938E-16));
#3739 = DIRECTION('',(0.,0.,1.));
#3740 = DIRECTION('',(-1.,1.144237745222E-17,0.));
#3741 = ADVANCED_FACE('',(#3742),#3753,.T.);
#3742 = FACE_BOUND('',#3743,.T.);
#3743 = EDGE_LOOP('',(#3744,#3745,#3746,#3747));
#3744 = ORIENTED_EDGE('',*,*,#1814,.T.);
#3745 = ORIENTED_EDGE('',*,*,#3728,.T.);
#3746 = ORIENTED_EDGE('',*,*,#1923,.F.);
#3747 = ORIENTED_EDGE('',*,*,#3748,.F.);
#3748 = EDGE_CURVE('',#1807,#1916,#3749,.T.);
#3749 = LINE('',#3750,#3751);
#3750 = CARTESIAN_POINT('',(-2.429496640897,-0.84,0.2479055467));
#3751 = VECTOR('',#3752,1.);
#3752 = DIRECTION('',(1.144237745222E-17,1.,0.));
#3753 = CYLINDRICAL_SURFACE('',#3754,0.3);
#3754 = AXIS2_PLACEMENT_3D('',#3755,#3756,#3757);
#3755 = CARTESIAN_POINT('',(-2.724938966801,-0.84,0.3));
#3756 = DIRECTION('',(-1.144237745222E-17,-1.,0.));
#3757 = DIRECTION('',(0.984807753012,-1.126854202784E-17,-0.173648177667
    ));
#3758 = ADVANCED_FACE('',(#3759),#3765,.F.);
#3759 = FACE_BOUND('',#3760,.F.);
#3760 = EDGE_LOOP('',(#3761,#3762,#3763,#3764));
#3761 = ORIENTED_EDGE('',*,*,#1897,.T.);
#3762 = ORIENTED_EDGE('',*,*,#1915,.T.);
#3763 = ORIENTED_EDGE('',*,*,#3748,.F.);
#3764 = ORIENTED_EDGE('',*,*,#1806,.F.);
#3765 = PLANE('',#3766);
#3766 = AXIS2_PLACEMENT_3D('',#3767,#3768,#3769);
#3767 = CARTESIAN_POINT('',(-2.348480775301,-0.84,0.742364817767));
#3768 = DIRECTION('',(-0.986841372087,1.129181146488E-17,0.161691392282)
  );
#3769 = DIRECTION('',(-0.161691392282,1.85013394127E-18,-0.986841372087)
  );
#3770 = ADVANCED_FACE('',(#3771),#3782,.T.);
#3771 = FACE_BOUND('',#3772,.T.);
#3772 = EDGE_LOOP('',(#3773,#3774,#3775,#3776));
#3773 = ORIENTED_EDGE('',*,*,#2087,.T.);
#3774 = ORIENTED_EDGE('',*,*,#3330,.T.);
#3775 = ORIENTED_EDGE('',*,*,#2196,.F.);
#3776 = ORIENTED_EDGE('',*,*,#3777,.F.);
#3777 = EDGE_CURVE('',#2080,#2189,#3778,.T.);
#3778 = LINE('',#3779,#3780);
#3779 = CARTESIAN_POINT('',(-2.545442325904,0.43,0.7770944533));
#3780 = VECTOR('',#3781,1.);
#3781 = DIRECTION('',(1.144237745222E-17,1.,0.));
#3782 = CYLINDRICAL_SURFACE('',#3783,0.3);
#3783 = AXIS2_PLACEMENT_3D('',#3784,#3785,#3786);
#3784 = CARTESIAN_POINT('',(-2.25,0.43,0.725));
#3785 = DIRECTION('',(-1.144237745222E-17,-1.,0.));
#3786 = DIRECTION('',(-0.984807753012,1.126854202784E-17,0.173648177667)
  );
#3787 = ADVANCED_FACE('',(#3788),#3799,.F.);
#3788 = FACE_BOUND('',#3789,.F.);
#3789 = EDGE_LOOP('',(#3790,#3796,#3797,#3798));
#3790 = ORIENTED_EDGE('',*,*,#3791,.T.);
#3791 = EDGE_CURVE('',#2071,#2180,#3792,.T.);
#3792 = LINE('',#3793,#3794);
#3793 = CARTESIAN_POINT('',(-2.6264581915,0.43,0.282635182233));
#3794 = VECTOR('',#3795,1.);
#3795 = DIRECTION('',(1.144237745222E-17,1.,0.));
#3796 = ORIENTED_EDGE('',*,*,#2188,.T.);
#3797 = ORIENTED_EDGE('',*,*,#3777,.F.);
#3798 = ORIENTED_EDGE('',*,*,#2079,.F.);
#3799 = PLANE('',#3800);
#3800 = AXIS2_PLACEMENT_3D('',#3801,#3802,#3803);
#3801 = CARTESIAN_POINT('',(-2.6264581915,0.43,0.282635182233));
#3802 = DIRECTION('',(0.986841372087,-1.129181146488E-17,-0.161691392282
    ));
#3803 = DIRECTION('',(0.161691392282,-1.85013394127E-18,0.986841372087)
  );
#3804 = ADVANCED_FACE('',(#3805),#3816,.F.);
#3805 = FACE_BOUND('',#3806,.F.);
#3806 = EDGE_LOOP('',(#3807,#3813,#3814,#3815));
#3807 = ORIENTED_EDGE('',*,*,#3808,.T.);
#3808 = EDGE_CURVE('',#2063,#2172,#3809,.T.);
#3809 = LINE('',#3810,#3811);
#3810 = CARTESIAN_POINT('',(-2.724938966801,0.43,0.2));
#3811 = VECTOR('',#3812,1.);
#3812 = DIRECTION('',(1.144237745222E-17,1.,0.));
#3813 = ORIENTED_EDGE('',*,*,#2179,.T.);
#3814 = ORIENTED_EDGE('',*,*,#3791,.F.);
#3815 = ORIENTED_EDGE('',*,*,#2070,.F.);
#3816 = CYLINDRICAL_SURFACE('',#3817,0.1);
#3817 = AXIS2_PLACEMENT_3D('',#3818,#3819,#3820);
#3818 = CARTESIAN_POINT('',(-2.724938966801,0.43,0.3));
#3819 = DIRECTION('',(-1.144237745222E-17,-1.,0.));
#3820 = DIRECTION('',(-0.,0.,-1.));
#3821 = ADVANCED_FACE('',(#3822),#3833,.F.);
#3822 = FACE_BOUND('',#3823,.F.);
#3823 = EDGE_LOOP('',(#3824,#3830,#3831,#3832));
#3824 = ORIENTED_EDGE('',*,*,#3825,.T.);
#3825 = EDGE_CURVE('',#2055,#2164,#3826,.T.);
#3826 = LINE('',#3827,#3828);
#3827 = CARTESIAN_POINT('',(-3.,0.43,0.2));
#3828 = VECTOR('',#3829,1.);
#3829 = DIRECTION('',(1.144237745222E-17,1.,0.));
#3830 = ORIENTED_EDGE('',*,*,#2171,.T.);
#3831 = ORIENTED_EDGE('',*,*,#3808,.F.);
#3832 = ORIENTED_EDGE('',*,*,#2062,.F.);
#3833 = PLANE('',#3834);
#3834 = AXIS2_PLACEMENT_3D('',#3835,#3836,#3837);
#3835 = CARTESIAN_POINT('',(-3.,0.43,0.2));
#3836 = DIRECTION('',(0.,0.,-1.));
#3837 = DIRECTION('',(1.,-1.144237745222E-17,0.));
#3838 = ADVANCED_FACE('',(#3839),#3850,.F.);
#3839 = FACE_BOUND('',#3840,.F.);
#3840 = EDGE_LOOP('',(#3841,#3847,#3848,#3849));
#3841 = ORIENTED_EDGE('',*,*,#3842,.T.);
#3842 = EDGE_CURVE('',#2047,#2156,#3843,.T.);
#3843 = LINE('',#3844,#3845);
#3844 = CARTESIAN_POINT('',(-3.,0.43,-1.665334536938E-16));
#3845 = VECTOR('',#3846,1.);
#3846 = DIRECTION('',(1.144237745222E-17,1.,0.));
#3847 = ORIENTED_EDGE('',*,*,#2163,.T.);
#3848 = ORIENTED_EDGE('',*,*,#3825,.F.);
#3849 = ORIENTED_EDGE('',*,*,#2054,.F.);
#3850 = PLANE('',#3851);
#3851 = AXIS2_PLACEMENT_3D('',#3852,#3853,#3854);
#3852 = CARTESIAN_POINT('',(-3.,0.43,-1.665334536938E-16));
#3853 = DIRECTION('',(1.,-1.144237745222E-17,0.));
#3854 = DIRECTION('',(0.,0.,1.));
#3855 = ADVANCED_FACE('',(#3856),#3867,.F.);
#3856 = FACE_BOUND('',#3857,.F.);
#3857 = EDGE_LOOP('',(#3858,#3864,#3865,#3866));
#3858 = ORIENTED_EDGE('',*,*,#3859,.T.);
#3859 = EDGE_CURVE('',#2038,#2147,#3860,.T.);
#3860 = LINE('',#3861,#3862);
#3861 = CARTESIAN_POINT('',(-2.724938966801,0.43,-1.665334536938E-16));
#3862 = VECTOR('',#3863,1.);
#3863 = DIRECTION('',(1.144237745222E-17,1.,0.));
#3864 = ORIENTED_EDGE('',*,*,#2155,.T.);
#3865 = ORIENTED_EDGE('',*,*,#3842,.F.);
#3866 = ORIENTED_EDGE('',*,*,#2046,.F.);
#3867 = PLANE('',#3868);
#3868 = AXIS2_PLACEMENT_3D('',#3869,#3870,#3871);
#3869 = CARTESIAN_POINT('',(-2.724938966801,0.43,-1.665334536938E-16));
#3870 = DIRECTION('',(0.,0.,1.));
#3871 = DIRECTION('',(-1.,1.144237745222E-17,0.));
#3872 = ADVANCED_FACE('',(#3873),#3884,.T.);
#3873 = FACE_BOUND('',#3874,.T.);
#3874 = EDGE_LOOP('',(#3875,#3876,#3877,#3878));
#3875 = ORIENTED_EDGE('',*,*,#2037,.T.);
#3876 = ORIENTED_EDGE('',*,*,#3859,.T.);
#3877 = ORIENTED_EDGE('',*,*,#2146,.F.);
#3878 = ORIENTED_EDGE('',*,*,#3879,.F.);
#3879 = EDGE_CURVE('',#2030,#2139,#3880,.T.);
#3880 = LINE('',#3881,#3882);
#3881 = CARTESIAN_POINT('',(-2.429496640897,0.43,0.2479055467));
#3882 = VECTOR('',#3883,1.);
#3883 = DIRECTION('',(1.144237745222E-17,1.,0.));
#3884 = CYLINDRICAL_SURFACE('',#3885,0.3);
#3885 = AXIS2_PLACEMENT_3D('',#3886,#3887,#3888);
#3886 = CARTESIAN_POINT('',(-2.724938966801,0.43,0.3));
#3887 = DIRECTION('',(-1.144237745222E-17,-1.,0.));
#3888 = DIRECTION('',(0.984807753012,-1.126854202784E-17,-0.173648177667
    ));
#3889 = ADVANCED_FACE('',(#3890),#3896,.F.);
#3890 = FACE_BOUND('',#3891,.F.);
#3891 = EDGE_LOOP('',(#3892,#3893,#3894,#3895));
#3892 = ORIENTED_EDGE('',*,*,#2120,.T.);
#3893 = ORIENTED_EDGE('',*,*,#2138,.T.);
#3894 = ORIENTED_EDGE('',*,*,#3879,.F.);
#3895 = ORIENTED_EDGE('',*,*,#2029,.F.);
#3896 = PLANE('',#3897);
#3897 = AXIS2_PLACEMENT_3D('',#3898,#3899,#3900);
#3898 = CARTESIAN_POINT('',(-2.348480775301,0.43,0.742364817767));
#3899 = DIRECTION('',(-0.986841372087,1.129181146488E-17,0.161691392282)
  );
#3900 = DIRECTION('',(-0.161691392282,1.85013394127E-18,-0.986841372087)
  );
#3901 = ADVANCED_FACE('',(#3902),#3913,.F.);
#3902 = FACE_BOUND('',#3903,.F.);
#3903 = EDGE_LOOP('',(#3904,#3910,#3911,#3912));
#3904 = ORIENTED_EDGE('',*,*,#3905,.T.);
#3905 = EDGE_CURVE('',#2289,#2391,#3906,.T.);
#3906 = LINE('',#3907,#3908);
#3907 = CARTESIAN_POINT('',(-2.6264581915,1.7,0.282635182233));
#3908 = VECTOR('',#3909,1.);
#3909 = DIRECTION('',(1.144237745222E-17,1.,0.));
#3910 = ORIENTED_EDGE('',*,*,#2399,.T.);
#3911 = ORIENTED_EDGE('',*,*,#3277,.F.);
#3912 = ORIENTED_EDGE('',*,*,#2297,.F.);
#3913 = PLANE('',#3914);
#3914 = AXIS2_PLACEMENT_3D('',#3915,#3916,#3917);
#3915 = CARTESIAN_POINT('',(-2.6264581915,1.7,0.282635182233));
#3916 = DIRECTION('',(0.986841372087,-1.129181146488E-17,-0.161691392282
    ));
#3917 = DIRECTION('',(0.161691392282,-1.85013394127E-18,0.986841372087)
  );
#3918 = ADVANCED_FACE('',(#3919),#3930,.F.);
#3919 = FACE_BOUND('',#3920,.F.);
#3920 = EDGE_LOOP('',(#3921,#3927,#3928,#3929));
#3921 = ORIENTED_EDGE('',*,*,#3922,.T.);
#3922 = EDGE_CURVE('',#2281,#2383,#3923,.T.);
#3923 = LINE('',#3924,#3925);
#3924 = CARTESIAN_POINT('',(-2.724938966801,1.7,0.2));
#3925 = VECTOR('',#3926,1.);
#3926 = DIRECTION('',(1.144237745222E-17,1.,0.));
#3927 = ORIENTED_EDGE('',*,*,#2390,.T.);
#3928 = ORIENTED_EDGE('',*,*,#3905,.F.);
#3929 = ORIENTED_EDGE('',*,*,#2288,.F.);
#3930 = CYLINDRICAL_SURFACE('',#3931,0.1);
#3931 = AXIS2_PLACEMENT_3D('',#3932,#3933,#3934);
#3932 = CARTESIAN_POINT('',(-2.724938966801,1.7,0.3));
#3933 = DIRECTION('',(-1.144237745222E-17,-1.,0.));
#3934 = DIRECTION('',(-0.,0.,-1.));
#3935 = ADVANCED_FACE('',(#3936),#3947,.F.);
#3936 = FACE_BOUND('',#3937,.F.);
#3937 = EDGE_LOOP('',(#3938,#3944,#3945,#3946));
#3938 = ORIENTED_EDGE('',*,*,#3939,.T.);
#3939 = EDGE_CURVE('',#2273,#2375,#3940,.T.);
#3940 = LINE('',#3941,#3942);
#3941 = CARTESIAN_POINT('',(-3.,1.7,0.2));
#3942 = VECTOR('',#3943,1.);
#3943 = DIRECTION('',(1.144237745222E-17,1.,0.));
#3944 = ORIENTED_EDGE('',*,*,#2382,.T.);
#3945 = ORIENTED_EDGE('',*,*,#3922,.F.);
#3946 = ORIENTED_EDGE('',*,*,#2280,.F.);
#3947 = PLANE('',#3948);
#3948 = AXIS2_PLACEMENT_3D('',#3949,#3950,#3951);
#3949 = CARTESIAN_POINT('',(-3.,1.7,0.2));
#3950 = DIRECTION('',(0.,0.,-1.));
#3951 = DIRECTION('',(1.,-1.144237745222E-17,0.));
#3952 = ADVANCED_FACE('',(#3953),#3964,.F.);
#3953 = FACE_BOUND('',#3954,.F.);
#3954 = EDGE_LOOP('',(#3955,#3961,#3962,#3963));
#3955 = ORIENTED_EDGE('',*,*,#3956,.T.);
#3956 = EDGE_CURVE('',#2265,#2367,#3957,.T.);
#3957 = LINE('',#3958,#3959);
#3958 = CARTESIAN_POINT('',(-3.,1.7,-1.665334536938E-16));
#3959 = VECTOR('',#3960,1.);
#3960 = DIRECTION('',(1.144237745222E-17,1.,0.));
#3961 = ORIENTED_EDGE('',*,*,#2374,.T.);
#3962 = ORIENTED_EDGE('',*,*,#3939,.F.);
#3963 = ORIENTED_EDGE('',*,*,#2272,.F.);
#3964 = PLANE('',#3965);
#3965 = AXIS2_PLACEMENT_3D('',#3966,#3967,#3968);
#3966 = CARTESIAN_POINT('',(-3.,1.7,-1.665334536938E-16));
#3967 = DIRECTION('',(1.,-1.144237745222E-17,0.));
#3968 = DIRECTION('',(0.,0.,1.));
#3969 = ADVANCED_FACE('',(#3970),#3981,.F.);
#3970 = FACE_BOUND('',#3971,.F.);
#3971 = EDGE_LOOP('',(#3972,#3978,#3979,#3980));
#3972 = ORIENTED_EDGE('',*,*,#3973,.T.);
#3973 = EDGE_CURVE('',#2256,#2358,#3974,.T.);
#3974 = LINE('',#3975,#3976);
#3975 = CARTESIAN_POINT('',(-2.724938966801,1.7,-1.665334536938E-16));
#3976 = VECTOR('',#3977,1.);
#3977 = DIRECTION('',(1.144237745222E-17,1.,0.));
#3978 = ORIENTED_EDGE('',*,*,#2366,.T.);
#3979 = ORIENTED_EDGE('',*,*,#3956,.F.);
#3980 = ORIENTED_EDGE('',*,*,#2264,.F.);
#3981 = PLANE('',#3982);
#3982 = AXIS2_PLACEMENT_3D('',#3983,#3984,#3985);
#3983 = CARTESIAN_POINT('',(-2.724938966801,1.7,-1.665334536938E-16));
#3984 = DIRECTION('',(0.,0.,1.));
#3985 = DIRECTION('',(-1.,1.144237745222E-17,0.));
#3986 = ADVANCED_FACE('',(#3987),#3998,.T.);
#3987 = FACE_BOUND('',#3988,.T.);
#3988 = EDGE_LOOP('',(#3989,#3990,#3991,#3992));
#3989 = ORIENTED_EDGE('',*,*,#2255,.T.);
#3990 = ORIENTED_EDGE('',*,*,#3973,.T.);
#3991 = ORIENTED_EDGE('',*,*,#2357,.F.);
#3992 = ORIENTED_EDGE('',*,*,#3993,.F.);
#3993 = EDGE_CURVE('',#2248,#2350,#3994,.T.);
#3994 = LINE('',#3995,#3996);
#3995 = CARTESIAN_POINT('',(-2.429496640897,1.7,0.2479055467));
#3996 = VECTOR('',#3997,1.);
#3997 = DIRECTION('',(1.144237745222E-17,1.,0.));
#3998 = CYLINDRICAL_SURFACE('',#3999,0.3);
#3999 = AXIS2_PLACEMENT_3D('',#4000,#4001,#4002);
#4000 = CARTESIAN_POINT('',(-2.724938966801,1.7,0.3));
#4001 = DIRECTION('',(-1.144237745222E-17,-1.,0.));
#4002 = DIRECTION('',(0.984807753012,-1.126854202784E-17,-0.173648177667
    ));
#4003 = ADVANCED_FACE('',(#4004),#4010,.F.);
#4004 = FACE_BOUND('',#4005,.F.);
#4005 = EDGE_LOOP('',(#4006,#4007,#4008,#4009));
#4006 = ORIENTED_EDGE('',*,*,#2331,.T.);
#4007 = ORIENTED_EDGE('',*,*,#2349,.T.);
#4008 = ORIENTED_EDGE('',*,*,#3993,.F.);
#4009 = ORIENTED_EDGE('',*,*,#2247,.F.);
#4010 = PLANE('',#4011);
#4011 = AXIS2_PLACEMENT_3D('',#4012,#4013,#4014);
#4012 = CARTESIAN_POINT('',(-2.348480775301,1.7,0.742364817767));
#4013 = DIRECTION('',(-0.986841372087,1.129181146488E-17,0.161691392282)
  );
#4014 = DIRECTION('',(-0.161691392282,1.85013394127E-18,-0.986841372087)
  );
#4015 = ADVANCED_FACE('',(#4016),#4027,.F.);
#4016 = FACE_BOUND('',#4017,.F.);
#4017 = EDGE_LOOP('',(#4018,#4024,#4025,#4026));
#4018 = ORIENTED_EDGE('',*,*,#4019,.T.);
#4019 = EDGE_CURVE('',#2476,#2578,#4020,.T.);
#4020 = LINE('',#4021,#4022);
#4021 = CARTESIAN_POINT('',(2.6264581915,2.11,0.282635182233));
#4022 = VECTOR('',#4023,1.);
#4023 = DIRECTION('',(1.110223024625E-16,-1.,0.));
#4024 = ORIENTED_EDGE('',*,*,#2586,.T.);
#4025 = ORIENTED_EDGE('',*,*,#3486,.F.);
#4026 = ORIENTED_EDGE('',*,*,#2484,.F.);
#4027 = PLANE('',#4028);
#4028 = AXIS2_PLACEMENT_3D('',#4029,#4030,#4031);
#4029 = CARTESIAN_POINT('',(2.6264581915,2.11,0.282635182233));
#4030 = DIRECTION('',(-0.986841372087,-1.095614012943E-16,
    -0.161691392282));
#4031 = DIRECTION('',(-0.161691392282,-1.795135065956E-17,0.986841372087
    ));
#4032 = ADVANCED_FACE('',(#4033),#4044,.F.);
#4033 = FACE_BOUND('',#4034,.F.);
#4034 = EDGE_LOOP('',(#4035,#4041,#4042,#4043));
#4035 = ORIENTED_EDGE('',*,*,#4036,.T.);
#4036 = EDGE_CURVE('',#2468,#2570,#4037,.T.);
#4037 = LINE('',#4038,#4039);
#4038 = CARTESIAN_POINT('',(2.724938966801,2.11,0.2));
#4039 = VECTOR('',#4040,1.);
#4040 = DIRECTION('',(1.110223024625E-16,-1.,0.));
#4041 = ORIENTED_EDGE('',*,*,#2577,.T.);
#4042 = ORIENTED_EDGE('',*,*,#4019,.F.);
#4043 = ORIENTED_EDGE('',*,*,#2475,.F.);
#4044 = CYLINDRICAL_SURFACE('',#4045,0.1);
#4045 = AXIS2_PLACEMENT_3D('',#4046,#4047,#4048);
#4046 = CARTESIAN_POINT('',(2.724938966801,2.11,0.3));
#4047 = DIRECTION('',(-1.110223024625E-16,1.,0.));
#4048 = DIRECTION('',(0.,0.,-1.));
#4049 = ADVANCED_FACE('',(#4050),#4061,.F.);
#4050 = FACE_BOUND('',#4051,.F.);
#4051 = EDGE_LOOP('',(#4052,#4058,#4059,#4060));
#4052 = ORIENTED_EDGE('',*,*,#4053,.T.);
#4053 = EDGE_CURVE('',#2460,#2562,#4054,.T.);
#4054 = LINE('',#4055,#4056);
#4055 = CARTESIAN_POINT('',(3.,2.11,0.2));
#4056 = VECTOR('',#4057,1.);
#4057 = DIRECTION('',(1.110223024625E-16,-1.,0.));
#4058 = ORIENTED_EDGE('',*,*,#2569,.T.);
#4059 = ORIENTED_EDGE('',*,*,#4036,.F.);
#4060 = ORIENTED_EDGE('',*,*,#2467,.F.);
#4061 = PLANE('',#4062);
#4062 = AXIS2_PLACEMENT_3D('',#4063,#4064,#4065);
#4063 = CARTESIAN_POINT('',(3.,2.11,0.2));
#4064 = DIRECTION('',(0.,0.,-1.));
#4065 = DIRECTION('',(-1.,-1.110223024625E-16,-0.));
#4066 = ADVANCED_FACE('',(#4067),#4078,.F.);
#4067 = FACE_BOUND('',#4068,.F.);
#4068 = EDGE_LOOP('',(#4069,#4075,#4076,#4077));
#4069 = ORIENTED_EDGE('',*,*,#4070,.T.);
#4070 = EDGE_CURVE('',#2452,#2554,#4071,.T.);
#4071 = LINE('',#4072,#4073);
#4072 = CARTESIAN_POINT('',(3.,2.11,-1.665334536938E-16));
#4073 = VECTOR('',#4074,1.);
#4074 = DIRECTION('',(1.110223024625E-16,-1.,0.));
#4075 = ORIENTED_EDGE('',*,*,#2561,.T.);
#4076 = ORIENTED_EDGE('',*,*,#4053,.F.);
#4077 = ORIENTED_EDGE('',*,*,#2459,.F.);
#4078 = PLANE('',#4079);
#4079 = AXIS2_PLACEMENT_3D('',#4080,#4081,#4082);
#4080 = CARTESIAN_POINT('',(3.,2.11,-1.665334536938E-16));
#4081 = DIRECTION('',(-1.,-1.110223024625E-16,0.));
#4082 = DIRECTION('',(0.,0.,1.));
#4083 = ADVANCED_FACE('',(#4084),#4095,.F.);
#4084 = FACE_BOUND('',#4085,.F.);
#4085 = EDGE_LOOP('',(#4086,#4092,#4093,#4094));
#4086 = ORIENTED_EDGE('',*,*,#4087,.T.);
#4087 = EDGE_CURVE('',#2443,#2545,#4088,.T.);
#4088 = LINE('',#4089,#4090);
#4089 = CARTESIAN_POINT('',(2.724938966801,2.11,-1.665334536938E-16));
#4090 = VECTOR('',#4091,1.);
#4091 = DIRECTION('',(1.110223024625E-16,-1.,0.));
#4092 = ORIENTED_EDGE('',*,*,#2553,.T.);
#4093 = ORIENTED_EDGE('',*,*,#4070,.F.);
#4094 = ORIENTED_EDGE('',*,*,#2451,.F.);
#4095 = PLANE('',#4096);
#4096 = AXIS2_PLACEMENT_3D('',#4097,#4098,#4099);
#4097 = CARTESIAN_POINT('',(2.724938966801,2.11,-1.665334536938E-16));
#4098 = DIRECTION('',(0.,0.,1.));
#4099 = DIRECTION('',(1.,1.110223024625E-16,-0.));
#4100 = ADVANCED_FACE('',(#4101),#4112,.T.);
#4101 = FACE_BOUND('',#4102,.T.);
#4102 = EDGE_LOOP('',(#4103,#4104,#4105,#4106));
#4103 = ORIENTED_EDGE('',*,*,#2442,.T.);
#4104 = ORIENTED_EDGE('',*,*,#4087,.T.);
#4105 = ORIENTED_EDGE('',*,*,#2544,.F.);
#4106 = ORIENTED_EDGE('',*,*,#4107,.F.);
#4107 = EDGE_CURVE('',#2435,#2537,#4108,.T.);
#4108 = LINE('',#4109,#4110);
#4109 = CARTESIAN_POINT('',(2.429496640897,2.11,0.2479055467));
#4110 = VECTOR('',#4111,1.);
#4111 = DIRECTION('',(1.110223024625E-16,-1.,0.));
#4112 = CYLINDRICAL_SURFACE('',#4113,0.3);
#4113 = AXIS2_PLACEMENT_3D('',#4114,#4115,#4116);
#4114 = CARTESIAN_POINT('',(2.724938966801,2.11,0.3));
#4115 = DIRECTION('',(-1.110223024625E-16,1.,0.));
#4116 = DIRECTION('',(-0.984807753012,-1.093356242223E-16,
    -0.173648177667));
#4117 = ADVANCED_FACE('',(#4118),#4124,.F.);
#4118 = FACE_BOUND('',#4119,.F.);
#4119 = EDGE_LOOP('',(#4120,#4121,#4122,#4123));
#4120 = ORIENTED_EDGE('',*,*,#2518,.T.);
#4121 = ORIENTED_EDGE('',*,*,#2536,.T.);
#4122 = ORIENTED_EDGE('',*,*,#4107,.F.);
#4123 = ORIENTED_EDGE('',*,*,#2434,.F.);
#4124 = PLANE('',#4125);
#4125 = AXIS2_PLACEMENT_3D('',#4126,#4127,#4128);
#4126 = CARTESIAN_POINT('',(2.348480775301,2.11,0.742364817767));
#4127 = DIRECTION('',(0.986841372087,1.095614012943E-16,0.161691392282)
  );
#4128 = DIRECTION('',(0.161691392282,1.795135065956E-17,-0.986841372087)
  );
#4129 = ADVANCED_FACE('',(#4130),#4141,.T.);
#4130 = FACE_BOUND('',#4131,.T.);
#4131 = EDGE_LOOP('',(#4132,#4133,#4134,#4135));
#4132 = ORIENTED_EDGE('',*,*,#2696,.T.);
#4133 = ORIENTED_EDGE('',*,*,#3411,.T.);
#4134 = ORIENTED_EDGE('',*,*,#2805,.F.);
#4135 = ORIENTED_EDGE('',*,*,#4136,.F.);
#4136 = EDGE_CURVE('',#2689,#2798,#4137,.T.);
#4137 = LINE('',#4138,#4139);
#4138 = CARTESIAN_POINT('',(2.545442325904,0.84,0.7770944533));
#4139 = VECTOR('',#4140,1.);
#4140 = DIRECTION('',(1.110223024625E-16,-1.,0.));
#4141 = CYLINDRICAL_SURFACE('',#4142,0.3);
#4142 = AXIS2_PLACEMENT_3D('',#4143,#4144,#4145);
#4143 = CARTESIAN_POINT('',(2.25,0.84,0.725));
#4144 = DIRECTION('',(-1.110223024625E-16,1.,0.));
#4145 = DIRECTION('',(0.984807753012,1.093356242223E-16,0.173648177667)
  );
#4146 = ADVANCED_FACE('',(#4147),#4158,.F.);
#4147 = FACE_BOUND('',#4148,.F.);
#4148 = EDGE_LOOP('',(#4149,#4155,#4156,#4157));
#4149 = ORIENTED_EDGE('',*,*,#4150,.T.);
#4150 = EDGE_CURVE('',#2680,#2789,#4151,.T.);
#4151 = LINE('',#4152,#4153);
#4152 = CARTESIAN_POINT('',(2.6264581915,0.84,0.282635182233));
#4153 = VECTOR('',#4154,1.);
#4154 = DIRECTION('',(1.110223024625E-16,-1.,0.));
#4155 = ORIENTED_EDGE('',*,*,#2797,.T.);
#4156 = ORIENTED_EDGE('',*,*,#4136,.F.);
#4157 = ORIENTED_EDGE('',*,*,#2688,.F.);
#4158 = PLANE('',#4159);
#4159 = AXIS2_PLACEMENT_3D('',#4160,#4161,#4162);
#4160 = CARTESIAN_POINT('',(2.6264581915,0.84,0.282635182233));
#4161 = DIRECTION('',(-0.986841372087,-1.095614012943E-16,
    -0.161691392282));
#4162 = DIRECTION('',(-0.161691392282,-1.795135065956E-17,0.986841372087
    ));
#4163 = ADVANCED_FACE('',(#4164),#4175,.F.);
#4164 = FACE_BOUND('',#4165,.F.);
#4165 = EDGE_LOOP('',(#4166,#4172,#4173,#4174));
#4166 = ORIENTED_EDGE('',*,*,#4167,.T.);
#4167 = EDGE_CURVE('',#2672,#2781,#4168,.T.);
#4168 = LINE('',#4169,#4170);
#4169 = CARTESIAN_POINT('',(2.724938966801,0.84,0.2));
#4170 = VECTOR('',#4171,1.);
#4171 = DIRECTION('',(1.110223024625E-16,-1.,0.));
#4172 = ORIENTED_EDGE('',*,*,#2788,.T.);
#4173 = ORIENTED_EDGE('',*,*,#4150,.F.);
#4174 = ORIENTED_EDGE('',*,*,#2679,.F.);
#4175 = CYLINDRICAL_SURFACE('',#4176,0.1);
#4176 = AXIS2_PLACEMENT_3D('',#4177,#4178,#4179);
#4177 = CARTESIAN_POINT('',(2.724938966801,0.84,0.3));
#4178 = DIRECTION('',(-1.110223024625E-16,1.,0.));
#4179 = DIRECTION('',(0.,0.,-1.));
#4180 = ADVANCED_FACE('',(#4181),#4192,.F.);
#4181 = FACE_BOUND('',#4182,.F.);
#4182 = EDGE_LOOP('',(#4183,#4189,#4190,#4191));
#4183 = ORIENTED_EDGE('',*,*,#4184,.T.);
#4184 = EDGE_CURVE('',#2664,#2773,#4185,.T.);
#4185 = LINE('',#4186,#4187);
#4186 = CARTESIAN_POINT('',(3.,0.84,0.2));
#4187 = VECTOR('',#4188,1.);
#4188 = DIRECTION('',(1.110223024625E-16,-1.,0.));
#4189 = ORIENTED_EDGE('',*,*,#2780,.T.);
#4190 = ORIENTED_EDGE('',*,*,#4167,.F.);
#4191 = ORIENTED_EDGE('',*,*,#2671,.F.);
#4192 = PLANE('',#4193);
#4193 = AXIS2_PLACEMENT_3D('',#4194,#4195,#4196);
#4194 = CARTESIAN_POINT('',(3.,0.84,0.2));
#4195 = DIRECTION('',(0.,0.,-1.));
#4196 = DIRECTION('',(-1.,-1.110223024625E-16,-0.));
#4197 = ADVANCED_FACE('',(#4198),#4209,.F.);
#4198 = FACE_BOUND('',#4199,.F.);
#4199 = EDGE_LOOP('',(#4200,#4206,#4207,#4208));
#4200 = ORIENTED_EDGE('',*,*,#4201,.T.);
#4201 = EDGE_CURVE('',#2656,#2765,#4202,.T.);
#4202 = LINE('',#4203,#4204);
#4203 = CARTESIAN_POINT('',(3.,0.84,-1.665334536938E-16));
#4204 = VECTOR('',#4205,1.);
#4205 = DIRECTION('',(1.110223024625E-16,-1.,0.));
#4206 = ORIENTED_EDGE('',*,*,#2772,.T.);
#4207 = ORIENTED_EDGE('',*,*,#4184,.F.);
#4208 = ORIENTED_EDGE('',*,*,#2663,.F.);
#4209 = PLANE('',#4210);
#4210 = AXIS2_PLACEMENT_3D('',#4211,#4212,#4213);
#4211 = CARTESIAN_POINT('',(3.,0.84,-1.665334536938E-16));
#4212 = DIRECTION('',(-1.,-1.110223024625E-16,0.));
#4213 = DIRECTION('',(0.,0.,1.));
#4214 = ADVANCED_FACE('',(#4215),#4226,.F.);
#4215 = FACE_BOUND('',#4216,.F.);
#4216 = EDGE_LOOP('',(#4217,#4223,#4224,#4225));
#4217 = ORIENTED_EDGE('',*,*,#4218,.T.);
#4218 = EDGE_CURVE('',#2647,#2756,#4219,.T.);
#4219 = LINE('',#4220,#4221);
#4220 = CARTESIAN_POINT('',(2.724938966801,0.84,-1.665334536938E-16));
#4221 = VECTOR('',#4222,1.);
#4222 = DIRECTION('',(1.110223024625E-16,-1.,0.));
#4223 = ORIENTED_EDGE('',*,*,#2764,.T.);
#4224 = ORIENTED_EDGE('',*,*,#4201,.F.);
#4225 = ORIENTED_EDGE('',*,*,#2655,.F.);
#4226 = PLANE('',#4227);
#4227 = AXIS2_PLACEMENT_3D('',#4228,#4229,#4230);
#4228 = CARTESIAN_POINT('',(2.724938966801,0.84,-1.665334536938E-16));
#4229 = DIRECTION('',(0.,0.,1.));
#4230 = DIRECTION('',(1.,1.110223024625E-16,-0.));
#4231 = ADVANCED_FACE('',(#4232),#4243,.T.);
#4232 = FACE_BOUND('',#4233,.T.);
#4233 = EDGE_LOOP('',(#4234,#4235,#4236,#4237));
#4234 = ORIENTED_EDGE('',*,*,#2646,.T.);
#4235 = ORIENTED_EDGE('',*,*,#4218,.T.);
#4236 = ORIENTED_EDGE('',*,*,#2755,.F.);
#4237 = ORIENTED_EDGE('',*,*,#4238,.F.);
#4238 = EDGE_CURVE('',#2639,#2748,#4239,.T.);
#4239 = LINE('',#4240,#4241);
#4240 = CARTESIAN_POINT('',(2.429496640897,0.84,0.2479055467));
#4241 = VECTOR('',#4242,1.);
#4242 = DIRECTION('',(1.110223024625E-16,-1.,0.));
#4243 = CYLINDRICAL_SURFACE('',#4244,0.3);
#4244 = AXIS2_PLACEMENT_3D('',#4245,#4246,#4247);
#4245 = CARTESIAN_POINT('',(2.724938966801,0.84,0.3));
#4246 = DIRECTION('',(-1.110223024625E-16,1.,0.));
#4247 = DIRECTION('',(-0.984807753012,-1.093356242223E-16,
    -0.173648177667));
#4248 = ADVANCED_FACE('',(#4249),#4255,.F.);
#4249 = FACE_BOUND('',#4250,.F.);
#4250 = EDGE_LOOP('',(#4251,#4252,#4253,#4254));
#4251 = ORIENTED_EDGE('',*,*,#2729,.T.);
#4252 = ORIENTED_EDGE('',*,*,#2747,.T.);
#4253 = ORIENTED_EDGE('',*,*,#4238,.F.);
#4254 = ORIENTED_EDGE('',*,*,#2638,.F.);
#4255 = PLANE('',#4256);
#4256 = AXIS2_PLACEMENT_3D('',#4257,#4258,#4259);
#4257 = CARTESIAN_POINT('',(2.348480775301,0.84,0.742364817767));
#4258 = DIRECTION('',(0.986841372087,1.095614012943E-16,0.161691392282)
  );
#4259 = DIRECTION('',(0.161691392282,1.795135065956E-17,-0.986841372087)
  );
#4260 = ADVANCED_FACE('',(#4261),#4272,.T.);
#4261 = FACE_BOUND('',#4262,.T.);
#4262 = EDGE_LOOP('',(#4263,#4264,#4265,#4266));
#4263 = ORIENTED_EDGE('',*,*,#2919,.T.);
#4264 = ORIENTED_EDGE('',*,*,#3430,.T.);
#4265 = ORIENTED_EDGE('',*,*,#3028,.F.);
#4266 = ORIENTED_EDGE('',*,*,#4267,.F.);
#4267 = EDGE_CURVE('',#2912,#3021,#4268,.T.);
#4268 = LINE('',#4269,#4270);
#4269 = CARTESIAN_POINT('',(2.545442325904,-0.43,0.7770944533));
#4270 = VECTOR('',#4271,1.);
#4271 = DIRECTION('',(1.110223024625E-16,-1.,0.));
#4272 = CYLINDRICAL_SURFACE('',#4273,0.3);
#4273 = AXIS2_PLACEMENT_3D('',#4274,#4275,#4276);
#4274 = CARTESIAN_POINT('',(2.25,-0.43,0.725));
#4275 = DIRECTION('',(-1.110223024625E-16,1.,0.));
#4276 = DIRECTION('',(0.984807753012,1.093356242223E-16,0.173648177667)
  );
#4277 = ADVANCED_FACE('',(#4278),#4289,.F.);
#4278 = FACE_BOUND('',#4279,.F.);
#4279 = EDGE_LOOP('',(#4280,#4286,#4287,#4288));
#4280 = ORIENTED_EDGE('',*,*,#4281,.T.);
#4281 = EDGE_CURVE('',#2903,#3012,#4282,.T.);
#4282 = LINE('',#4283,#4284);
#4283 = CARTESIAN_POINT('',(2.6264581915,-0.43,0.282635182233));
#4284 = VECTOR('',#4285,1.);
#4285 = DIRECTION('',(1.110223024625E-16,-1.,0.));
#4286 = ORIENTED_EDGE('',*,*,#3020,.T.);
#4287 = ORIENTED_EDGE('',*,*,#4267,.F.);
#4288 = ORIENTED_EDGE('',*,*,#2911,.F.);
#4289 = PLANE('',#4290);
#4290 = AXIS2_PLACEMENT_3D('',#4291,#4292,#4293);
#4291 = CARTESIAN_POINT('',(2.6264581915,-0.43,0.282635182233));
#4292 = DIRECTION('',(-0.986841372087,-1.095614012943E-16,
    -0.161691392282));
#4293 = DIRECTION('',(-0.161691392282,-1.795135065956E-17,0.986841372087
    ));
#4294 = ADVANCED_FACE('',(#4295),#4306,.F.);
#4295 = FACE_BOUND('',#4296,.F.);
#4296 = EDGE_LOOP('',(#4297,#4303,#4304,#4305));
#4297 = ORIENTED_EDGE('',*,*,#4298,.T.);
#4298 = EDGE_CURVE('',#2895,#3004,#4299,.T.);
#4299 = LINE('',#4300,#4301);
#4300 = CARTESIAN_POINT('',(2.724938966801,-0.43,0.2));
#4301 = VECTOR('',#4302,1.);
#4302 = DIRECTION('',(1.110223024625E-16,-1.,0.));
#4303 = ORIENTED_EDGE('',*,*,#3011,.T.);
#4304 = ORIENTED_EDGE('',*,*,#4281,.F.);
#4305 = ORIENTED_EDGE('',*,*,#2902,.F.);
#4306 = CYLINDRICAL_SURFACE('',#4307,0.1);
#4307 = AXIS2_PLACEMENT_3D('',#4308,#4309,#4310);
#4308 = CARTESIAN_POINT('',(2.724938966801,-0.43,0.3));
#4309 = DIRECTION('',(-1.110223024625E-16,1.,0.));
#4310 = DIRECTION('',(0.,0.,-1.));
#4311 = ADVANCED_FACE('',(#4312),#4323,.F.);
#4312 = FACE_BOUND('',#4313,.F.);
#4313 = EDGE_LOOP('',(#4314,#4320,#4321,#4322));
#4314 = ORIENTED_EDGE('',*,*,#4315,.T.);
#4315 = EDGE_CURVE('',#2887,#2996,#4316,.T.);
#4316 = LINE('',#4317,#4318);
#4317 = CARTESIAN_POINT('',(3.,-0.43,0.2));
#4318 = VECTOR('',#4319,1.);
#4319 = DIRECTION('',(1.110223024625E-16,-1.,0.));
#4320 = ORIENTED_EDGE('',*,*,#3003,.T.);
#4321 = ORIENTED_EDGE('',*,*,#4298,.F.);
#4322 = ORIENTED_EDGE('',*,*,#2894,.F.);
#4323 = PLANE('',#4324);
#4324 = AXIS2_PLACEMENT_3D('',#4325,#4326,#4327);
#4325 = CARTESIAN_POINT('',(3.,-0.43,0.2));
#4326 = DIRECTION('',(0.,0.,-1.));
#4327 = DIRECTION('',(-1.,-1.110223024625E-16,-0.));
#4328 = ADVANCED_FACE('',(#4329),#4340,.F.);
#4329 = FACE_BOUND('',#4330,.F.);
#4330 = EDGE_LOOP('',(#4331,#4337,#4338,#4339));
#4331 = ORIENTED_EDGE('',*,*,#4332,.T.);
#4332 = EDGE_CURVE('',#2879,#2988,#4333,.T.);
#4333 = LINE('',#4334,#4335);
#4334 = CARTESIAN_POINT('',(3.,-0.43,-1.665334536938E-16));
#4335 = VECTOR('',#4336,1.);
#4336 = DIRECTION('',(1.110223024625E-16,-1.,0.));
#4337 = ORIENTED_EDGE('',*,*,#2995,.T.);
#4338 = ORIENTED_EDGE('',*,*,#4315,.F.);
#4339 = ORIENTED_EDGE('',*,*,#2886,.F.);
#4340 = PLANE('',#4341);
#4341 = AXIS2_PLACEMENT_3D('',#4342,#4343,#4344);
#4342 = CARTESIAN_POINT('',(3.,-0.43,-1.665334536938E-16));
#4343 = DIRECTION('',(-1.,-1.110223024625E-16,0.));
#4344 = DIRECTION('',(0.,0.,1.));
#4345 = ADVANCED_FACE('',(#4346),#4357,.F.);
#4346 = FACE_BOUND('',#4347,.F.);
#4347 = EDGE_LOOP('',(#4348,#4354,#4355,#4356));
#4348 = ORIENTED_EDGE('',*,*,#4349,.T.);
#4349 = EDGE_CURVE('',#2870,#2979,#4350,.T.);
#4350 = LINE('',#4351,#4352);
#4351 = CARTESIAN_POINT('',(2.724938966801,-0.43,-1.665334536938E-16));
#4352 = VECTOR('',#4353,1.);
#4353 = DIRECTION('',(1.110223024625E-16,-1.,0.));
#4354 = ORIENTED_EDGE('',*,*,#2987,.T.);
#4355 = ORIENTED_EDGE('',*,*,#4332,.F.);
#4356 = ORIENTED_EDGE('',*,*,#2878,.F.);
#4357 = PLANE('',#4358);
#4358 = AXIS2_PLACEMENT_3D('',#4359,#4360,#4361);
#4359 = CARTESIAN_POINT('',(2.724938966801,-0.43,-1.665334536938E-16));
#4360 = DIRECTION('',(0.,0.,1.));
#4361 = DIRECTION('',(1.,1.110223024625E-16,-0.));
#4362 = ADVANCED_FACE('',(#4363),#4374,.T.);
#4363 = FACE_BOUND('',#4364,.T.);
#4364 = EDGE_LOOP('',(#4365,#4366,#4367,#4368));
#4365 = ORIENTED_EDGE('',*,*,#2869,.T.);
#4366 = ORIENTED_EDGE('',*,*,#4349,.T.);
#4367 = ORIENTED_EDGE('',*,*,#2978,.F.);
#4368 = ORIENTED_EDGE('',*,*,#4369,.F.);
#4369 = EDGE_CURVE('',#2862,#2971,#4370,.T.);
#4370 = LINE('',#4371,#4372);
#4371 = CARTESIAN_POINT('',(2.429496640897,-0.43,0.2479055467));
#4372 = VECTOR('',#4373,1.);
#4373 = DIRECTION('',(1.110223024625E-16,-1.,0.));
#4374 = CYLINDRICAL_SURFACE('',#4375,0.3);
#4375 = AXIS2_PLACEMENT_3D('',#4376,#4377,#4378);
#4376 = CARTESIAN_POINT('',(2.724938966801,-0.43,0.3));
#4377 = DIRECTION('',(-1.110223024625E-16,1.,0.));
#4378 = DIRECTION('',(-0.984807753012,-1.093356242223E-16,
    -0.173648177667));
#4379 = ADVANCED_FACE('',(#4380),#4386,.F.);
#4380 = FACE_BOUND('',#4381,.F.);
#4381 = EDGE_LOOP('',(#4382,#4383,#4384,#4385));
#4382 = ORIENTED_EDGE('',*,*,#2952,.T.);
#4383 = ORIENTED_EDGE('',*,*,#2970,.T.);
#4384 = ORIENTED_EDGE('',*,*,#4369,.F.);
#4385 = ORIENTED_EDGE('',*,*,#2861,.F.);
#4386 = PLANE('',#4387);
#4387 = AXIS2_PLACEMENT_3D('',#4388,#4389,#4390);
#4388 = CARTESIAN_POINT('',(2.348480775301,-0.43,0.742364817767));
#4389 = DIRECTION('',(0.986841372087,1.095614012943E-16,0.161691392282)
  );
#4390 = DIRECTION('',(0.161691392282,1.795135065956E-17,-0.986841372087)
  );
#4391 = ADVANCED_FACE('',(#4392),#4403,.T.);
#4392 = FACE_BOUND('',#4393,.T.);
#4393 = EDGE_LOOP('',(#4394,#4395,#4396,#4397));
#4394 = ORIENTED_EDGE('',*,*,#3142,.T.);
#4395 = ORIENTED_EDGE('',*,*,#3449,.T.);
#4396 = ORIENTED_EDGE('',*,*,#3251,.F.);
#4397 = ORIENTED_EDGE('',*,*,#4398,.F.);
#4398 = EDGE_CURVE('',#3135,#3244,#4399,.T.);
#4399 = LINE('',#4400,#4401);
#4400 = CARTESIAN_POINT('',(2.545442325904,-1.7,0.7770944533));
#4401 = VECTOR('',#4402,1.);
#4402 = DIRECTION('',(1.110223024625E-16,-1.,0.));
#4403 = CYLINDRICAL_SURFACE('',#4404,0.3);
#4404 = AXIS2_PLACEMENT_3D('',#4405,#4406,#4407);
#4405 = CARTESIAN_POINT('',(2.25,-1.7,0.725));
#4406 = DIRECTION('',(-1.110223024625E-16,1.,0.));
#4407 = DIRECTION('',(0.984807753012,1.093356242223E-16,0.173648177667)
  );
#4408 = ADVANCED_FACE('',(#4409),#4420,.F.);
#4409 = FACE_BOUND('',#4410,.F.);
#4410 = EDGE_LOOP('',(#4411,#4417,#4418,#4419));
#4411 = ORIENTED_EDGE('',*,*,#4412,.T.);
#4412 = EDGE_CURVE('',#3126,#3235,#4413,.T.);
#4413 = LINE('',#4414,#4415);
#4414 = CARTESIAN_POINT('',(2.6264581915,-1.7,0.282635182233));
#4415 = VECTOR('',#4416,1.);
#4416 = DIRECTION('',(1.110223024625E-16,-1.,0.));
#4417 = ORIENTED_EDGE('',*,*,#3243,.T.);
#4418 = ORIENTED_EDGE('',*,*,#4398,.F.);
#4419 = ORIENTED_EDGE('',*,*,#3134,.F.);
#4420 = PLANE('',#4421);
#4421 = AXIS2_PLACEMENT_3D('',#4422,#4423,#4424);
#4422 = CARTESIAN_POINT('',(2.6264581915,-1.7,0.282635182233));
#4423 = DIRECTION('',(-0.986841372087,-1.095614012943E-16,
    -0.161691392282));
#4424 = DIRECTION('',(-0.161691392282,-1.795135065956E-17,0.986841372087
    ));
#4425 = ADVANCED_FACE('',(#4426),#4437,.F.);
#4426 = FACE_BOUND('',#4427,.F.);
#4427 = EDGE_LOOP('',(#4428,#4434,#4435,#4436));
#4428 = ORIENTED_EDGE('',*,*,#4429,.T.);
#4429 = EDGE_CURVE('',#3118,#3227,#4430,.T.);
#4430 = LINE('',#4431,#4432);
#4431 = CARTESIAN_POINT('',(2.724938966801,-1.7,0.2));
#4432 = VECTOR('',#4433,1.);
#4433 = DIRECTION('',(1.110223024625E-16,-1.,0.));
#4434 = ORIENTED_EDGE('',*,*,#3234,.T.);
#4435 = ORIENTED_EDGE('',*,*,#4412,.F.);
#4436 = ORIENTED_EDGE('',*,*,#3125,.F.);
#4437 = CYLINDRICAL_SURFACE('',#4438,0.1);
#4438 = AXIS2_PLACEMENT_3D('',#4439,#4440,#4441);
#4439 = CARTESIAN_POINT('',(2.724938966801,-1.7,0.3));
#4440 = DIRECTION('',(-1.110223024625E-16,1.,0.));
#4441 = DIRECTION('',(0.,0.,-1.));
#4442 = ADVANCED_FACE('',(#4443),#4454,.F.);
#4443 = FACE_BOUND('',#4444,.F.);
#4444 = EDGE_LOOP('',(#4445,#4451,#4452,#4453));
#4445 = ORIENTED_EDGE('',*,*,#4446,.T.);
#4446 = EDGE_CURVE('',#3110,#3219,#4447,.T.);
#4447 = LINE('',#4448,#4449);
#4448 = CARTESIAN_POINT('',(3.,-1.7,0.2));
#4449 = VECTOR('',#4450,1.);
#4450 = DIRECTION('',(1.110223024625E-16,-1.,0.));
#4451 = ORIENTED_EDGE('',*,*,#3226,.T.);
#4452 = ORIENTED_EDGE('',*,*,#4429,.F.);
#4453 = ORIENTED_EDGE('',*,*,#3117,.F.);
#4454 = PLANE('',#4455);
#4455 = AXIS2_PLACEMENT_3D('',#4456,#4457,#4458);
#4456 = CARTESIAN_POINT('',(3.,-1.7,0.2));
#4457 = DIRECTION('',(0.,0.,-1.));
#4458 = DIRECTION('',(-1.,-1.110223024625E-16,-0.));
#4459 = ADVANCED_FACE('',(#4460),#4471,.F.);
#4460 = FACE_BOUND('',#4461,.F.);
#4461 = EDGE_LOOP('',(#4462,#4468,#4469,#4470));
#4462 = ORIENTED_EDGE('',*,*,#4463,.T.);
#4463 = EDGE_CURVE('',#3102,#3211,#4464,.T.);
#4464 = LINE('',#4465,#4466);
#4465 = CARTESIAN_POINT('',(3.,-1.7,-1.665334536938E-16));
#4466 = VECTOR('',#4467,1.);
#4467 = DIRECTION('',(1.110223024625E-16,-1.,0.));
#4468 = ORIENTED_EDGE('',*,*,#3218,.T.);
#4469 = ORIENTED_EDGE('',*,*,#4446,.F.);
#4470 = ORIENTED_EDGE('',*,*,#3109,.F.);
#4471 = PLANE('',#4472);
#4472 = AXIS2_PLACEMENT_3D('',#4473,#4474,#4475);
#4473 = CARTESIAN_POINT('',(3.,-1.7,-1.665334536938E-16));
#4474 = DIRECTION('',(-1.,-1.110223024625E-16,0.));
#4475 = DIRECTION('',(0.,0.,1.));
#4476 = ADVANCED_FACE('',(#4477),#4488,.F.);
#4477 = FACE_BOUND('',#4478,.F.);
#4478 = EDGE_LOOP('',(#4479,#4485,#4486,#4487));
#4479 = ORIENTED_EDGE('',*,*,#4480,.T.);
#4480 = EDGE_CURVE('',#3093,#3202,#4481,.T.);
#4481 = LINE('',#4482,#4483);
#4482 = CARTESIAN_POINT('',(2.724938966801,-1.7,-1.665334536938E-16));
#4483 = VECTOR('',#4484,1.);
#4484 = DIRECTION('',(1.110223024625E-16,-1.,0.));
#4485 = ORIENTED_EDGE('',*,*,#3210,.T.);
#4486 = ORIENTED_EDGE('',*,*,#4463,.F.);
#4487 = ORIENTED_EDGE('',*,*,#3101,.F.);
#4488 = PLANE('',#4489);
#4489 = AXIS2_PLACEMENT_3D('',#4490,#4491,#4492);
#4490 = CARTESIAN_POINT('',(2.724938966801,-1.7,-1.665334536938E-16));
#4491 = DIRECTION('',(0.,0.,1.));
#4492 = DIRECTION('',(1.,1.110223024625E-16,-0.));
#4493 = ADVANCED_FACE('',(#4494),#4505,.T.);
#4494 = FACE_BOUND('',#4495,.T.);
#4495 = EDGE_LOOP('',(#4496,#4497,#4498,#4499));
#4496 = ORIENTED_EDGE('',*,*,#3092,.T.);
#4497 = ORIENTED_EDGE('',*,*,#4480,.T.);
#4498 = ORIENTED_EDGE('',*,*,#3201,.F.);
#4499 = ORIENTED_EDGE('',*,*,#4500,.F.);
#4500 = EDGE_CURVE('',#3085,#3194,#4501,.T.);
#4501 = LINE('',#4502,#4503);
#4502 = CARTESIAN_POINT('',(2.429496640897,-1.7,0.2479055467));
#4503 = VECTOR('',#4504,1.);
#4504 = DIRECTION('',(1.110223024625E-16,-1.,0.));
#4505 = CYLINDRICAL_SURFACE('',#4506,0.3);
#4506 = AXIS2_PLACEMENT_3D('',#4507,#4508,#4509);
#4507 = CARTESIAN_POINT('',(2.724938966801,-1.7,0.3));
#4508 = DIRECTION('',(-1.110223024625E-16,1.,0.));
#4509 = DIRECTION('',(-0.984807753012,-1.093356242223E-16,
    -0.173648177667));
#4510 = ADVANCED_FACE('',(#4511),#4517,.F.);
#4511 = FACE_BOUND('',#4512,.F.);
#4512 = EDGE_LOOP('',(#4513,#4514,#4515,#4516));
#4513 = ORIENTED_EDGE('',*,*,#3175,.T.);
#4514 = ORIENTED_EDGE('',*,*,#3193,.T.);
#4515 = ORIENTED_EDGE('',*,*,#4500,.F.);
#4516 = ORIENTED_EDGE('',*,*,#3084,.F.);
#4517 = PLANE('',#4518);
#4518 = AXIS2_PLACEMENT_3D('',#4519,#4520,#4521);
#4519 = CARTESIAN_POINT('',(2.348480775301,-1.7,0.742364817767));
#4520 = DIRECTION('',(0.986841372087,1.095614012943E-16,0.161691392282)
  );
#4521 = DIRECTION('',(0.161691392282,1.795135065956E-17,-0.986841372087)
  );
#4522 = ADVANCED_FACE('',(#4523),#4524,.F.);
#4523 = FACE_BOUND('',#3375,.T.);
#4524 = PLANE('',#4525);
#4525 = AXIS2_PLACEMENT_3D('',#4526,#4527,#4528);
#4526 = CARTESIAN_POINT('',(-1.110171280765,1.610171280765,1.75));
#4527 = DIRECTION('',(0.,0.,-1.));
#4528 = DIRECTION('',(1.110223024625E-16,-1.,0.));
#4529 = ( GEOMETRIC_REPRESENTATION_CONTEXT(3) 
GLOBAL_UNCERTAINTY_ASSIGNED_CONTEXT((#4533)) 
GLOBAL_UNIT_ASSIGNED_CONTEXT((#4530,#4531,#4532)) REPRESENTATION_CONTEXT
('Context #1','3D Context with UNIT and UNCERTAINTY') );
#4530 = ( LENGTH_UNIT() NAMED_UNIT(*) SI_UNIT(.MILLI.,.METRE.) );
#4531 = ( NAMED_UNIT(*) PLANE_ANGLE_UNIT() SI_UNIT($,.RADIAN.) );
#4532 = ( NAMED_UNIT(*) SI_UNIT($,.STERADIAN.) SOLID_ANGLE_UNIT() );
#4533 = UNCERTAINTY_MEASURE_WITH_UNIT(LENGTH_MEASURE(1.E-07),#4530,
  'distance_accuracy_value','confusion accuracy');
#4534 = CONTEXT_DEPENDENT_SHAPE_REPRESENTATION(#4535,#4537);
#4535 = ( REPRESENTATION_RELATIONSHIP('','',#60,#10) 
REPRESENTATION_RELATIONSHIP_WITH_TRANSFORMATION(#4536) 
SHAPE_REPRESENTATION_RELATIONSHIP() );
#4536 = ITEM_DEFINED_TRANSFORMATION('','',#11,#15);
#4537 = PRODUCT_DEFINITION_SHAPE('Placement','Placement of an item',
  #4538);
#4538 = NEXT_ASSEMBLY_USAGE_OCCURRENCE('1','IC101','',#5,#55,$);
#4539 = PRODUCT_RELATED_PRODUCT_CATEGORY('part',$,(#57));
#4540 = SHAPE_DEFINITION_REPRESENTATION(#4541,#4547);
#4541 = PRODUCT_DEFINITION_SHAPE('','',#4542);
#4542 = PRODUCT_DEFINITION('design','',#4543,#4546);
#4543 = PRODUCT_DEFINITION_FORMATION('','',#4544);
#4544 = PRODUCT('JST-XS-1x4-H','JST-XS-1x4-H','',(#4545));
#4545 = PRODUCT_CONTEXT('',#2,'mechanical');
#4546 = PRODUCT_DEFINITION_CONTEXT('part definition',#2,'design');
#4547 = ADVANCED_BREP_SHAPE_REPRESENTATION('',(#11,#4548),#7304);
#4548 = MANIFOLD_SOLID_BREP('',#4549);
#4549 = CLOSED_SHELL('',(#4550,#4606,#4637,#4684,#4740,#4771,#4818,#4858
    ,#4889,#5049,#5073,#5090,#5102,#5133,#5164,#5220,#5251,#5282,#5306,
    #5330,#5361,#5392,#5416,#5433,#5482,#5499,#5516,#5533,#5550,#5706,
    #5718,#5749,#5766,#5783,#5795,#5807,#5838,#5855,#5872,#5903,#5915,
    #5946,#6041,#6196,#6220,#6266,#6312,#6368,#6385,#6464,#6476,#6493,
    #6510,#6522,#6534,#6565,#6589,#6606,#6628,#6652,#6664,#6676,#6693,
    #6740,#6787,#6799,#6846,#6863,#6910,#6927,#6939,#6956,#6968,#7015,
    #7034,#7051,#7073,#7090,#7102,#7119,#7136,#7188,#7205,#7217,#7234,
    #7246,#7263,#7275,#7292));
#4550 = ADVANCED_FACE('',(#4551),#4601,.T.);
#4551 = FACE_BOUND('',#4552,.T.);
#4552 = EDGE_LOOP('',(#4553,#4563,#4571,#4579,#4587,#4595));
#4553 = ORIENTED_EDGE('',*,*,#4554,.T.);
#4554 = EDGE_CURVE('',#4555,#4557,#4559,.T.);
#4555 = VERTEX_POINT('',#4556);
#4556 = CARTESIAN_POINT('',(0.399999999999,2.745714882941,
    -6.000000016933E-02));
#4557 = VERTEX_POINT('',#4558);
#4558 = CARTESIAN_POINT('',(0.399999999999,1.945714882942,
    -6.000000016933E-02));
#4559 = LINE('',#4560,#4561);
#4560 = CARTESIAN_POINT('',(0.400000000084,2.345714883025,
    -6.0000000254E-02));
#4561 = VECTOR('',#4562,1.);
#4562 = DIRECTION('',(0.,-1.,-3.184843881679E-15));
#4563 = ORIENTED_EDGE('',*,*,#4564,.T.);
#4564 = EDGE_CURVE('',#4557,#4565,#4567,.T.);
#4565 = VERTEX_POINT('',#4566);
#4566 = CARTESIAN_POINT('',(0.399999999999,1.945714882942,
    -1.693334600143E-10));
#4567 = LINE('',#4568,#4569);
#4568 = CARTESIAN_POINT('',(0.400000000084,1.945714883026,
    -3.0000000254E-02));
#4569 = VECTOR('',#4570,1.);
#4570 = DIRECTION('',(0.,0.,1.));
#4571 = ORIENTED_EDGE('',*,*,#4572,.T.);
#4572 = EDGE_CURVE('',#4565,#4573,#4575,.T.);
#4573 = VERTEX_POINT('',#4574);
#4574 = CARTESIAN_POINT('',(0.399999999999,2.045714882942,
    -1.693334600143E-10));
#4575 = LINE('',#4576,#4577);
#4576 = CARTESIAN_POINT('',(0.400000000084,1.995714883026,
    -2.540000002861E-10));
#4577 = VECTOR('',#4578,1.);
#4578 = DIRECTION('',(0.,1.,0.));
#4579 = ORIENTED_EDGE('',*,*,#4580,.F.);
#4580 = EDGE_CURVE('',#4581,#4573,#4583,.T.);
#4581 = VERTEX_POINT('',#4582);
#4582 = CARTESIAN_POINT('',(0.399999999999,2.045714882942,0.139999999831
    ));
#4583 = LINE('',#4584,#4585);
#4584 = CARTESIAN_POINT('',(0.400000000084,2.045714883026,
    6.9999999746E-02));
#4585 = VECTOR('',#4586,1.);
#4586 = DIRECTION('',(0.,0.,-1.));
#4587 = ORIENTED_EDGE('',*,*,#4588,.T.);
#4588 = EDGE_CURVE('',#4581,#4589,#4591,.T.);
#4589 = VERTEX_POINT('',#4590);
#4590 = CARTESIAN_POINT('',(0.399999999999,2.745714882941,0.139999999831
    ));
#4591 = LINE('',#4592,#4593);
#4592 = CARTESIAN_POINT('',(0.400000000084,2.395714883025,0.139999999746
    ));
#4593 = VECTOR('',#4594,1.);
#4594 = DIRECTION('',(0.,1.,3.949593628341E-15));
#4595 = ORIENTED_EDGE('',*,*,#4596,.T.);
#4596 = EDGE_CURVE('',#4589,#4555,#4597,.T.);
#4597 = LINE('',#4598,#4599);
#4598 = CARTESIAN_POINT('',(0.400000000084,2.745714883025,
    3.9999999746E-02));
#4599 = VECTOR('',#4600,1.);
#4600 = DIRECTION('',(0.,0.,-1.));
#4601 = PLANE('',#4602);
#4602 = AXIS2_PLACEMENT_3D('',#4603,#4604,#4605);
#4603 = CARTESIAN_POINT('',(0.39999999983,0.796714882773,2.081));
#4604 = DIRECTION('',(-1.,0.,0.));
#4605 = DIRECTION('',(0.,0.,-1.));
#4606 = ADVANCED_FACE('',(#4607),#4632,.T.);
#4607 = FACE_BOUND('',#4608,.T.);
#4608 = EDGE_LOOP('',(#4609,#4619,#4625,#4626));
#4609 = ORIENTED_EDGE('',*,*,#4610,.T.);
#4610 = EDGE_CURVE('',#4611,#4613,#4615,.T.);
#4611 = VERTEX_POINT('',#4612);
#4612 = CARTESIAN_POINT('',(0.6,2.745714882941,-6.000000016933E-02));
#4613 = VERTEX_POINT('',#4614);
#4614 = CARTESIAN_POINT('',(0.6,1.945714882942,-6.000000016933E-02));
#4615 = LINE('',#4616,#4617);
#4616 = CARTESIAN_POINT('',(0.600000000086,2.345714883025,
    -6.0000000254E-02));
#4617 = VECTOR('',#4618,1.);
#4618 = DIRECTION('',(0.,-1.,0.));
#4619 = ORIENTED_EDGE('',*,*,#4620,.F.);
#4620 = EDGE_CURVE('',#4557,#4613,#4621,.T.);
#4621 = LINE('',#4622,#4623);
#4622 = CARTESIAN_POINT('',(0.500000000085,1.945714883026,
    -6.0000000254E-02));
#4623 = VECTOR('',#4624,1.);
#4624 = DIRECTION('',(1.,0.,0.));
#4625 = ORIENTED_EDGE('',*,*,#4554,.F.);
#4626 = ORIENTED_EDGE('',*,*,#4627,.T.);
#4627 = EDGE_CURVE('',#4555,#4611,#4628,.T.);
#4628 = LINE('',#4629,#4630);
#4629 = CARTESIAN_POINT('',(0.500000000085,2.745714883025,
    -6.0000000254E-02));
#4630 = VECTOR('',#4631,1.);
#4631 = DIRECTION('',(1.,0.,0.));
#4632 = PLANE('',#4633);
#4633 = AXIS2_PLACEMENT_3D('',#4634,#4635,#4636);
#4634 = CARTESIAN_POINT('',(-1.399000000169,2.746714882773,-6.E-02));
#4635 = DIRECTION('',(0.,0.,-1.));
#4636 = DIRECTION('',(0.,-1.,0.));
#4637 = ADVANCED_FACE('',(#4638),#4679,.T.);
#4638 = FACE_BOUND('',#4639,.T.);
#4639 = EDGE_LOOP('',(#4640,#4650,#4656,#4657,#4665,#4673));
#4640 = ORIENTED_EDGE('',*,*,#4641,.F.);
#4641 = EDGE_CURVE('',#4642,#4644,#4646,.T.);
#4642 = VERTEX_POINT('',#4643);
#4643 = CARTESIAN_POINT('',(0.6,1.945714882942,-1.693334600143E-10));
#4644 = VERTEX_POINT('',#4645);
#4645 = CARTESIAN_POINT('',(0.6,2.045714882942,-1.693334600143E-10));
#4646 = LINE('',#4647,#4648);
#4647 = CARTESIAN_POINT('',(0.600000000086,1.995714883026,
    -2.540000002861E-10));
#4648 = VECTOR('',#4649,1.);
#4649 = DIRECTION('',(0.,1.,0.));
#4650 = ORIENTED_EDGE('',*,*,#4651,.F.);
#4651 = EDGE_CURVE('',#4613,#4642,#4652,.T.);
#4652 = LINE('',#4653,#4654);
#4653 = CARTESIAN_POINT('',(0.600000000086,1.945714883026,
    -3.0000000254E-02));
#4654 = VECTOR('',#4655,1.);
#4655 = DIRECTION('',(0.,0.,1.));
#4656 = ORIENTED_EDGE('',*,*,#4610,.F.);
#4657 = ORIENTED_EDGE('',*,*,#4658,.F.);
#4658 = EDGE_CURVE('',#4659,#4611,#4661,.T.);
#4659 = VERTEX_POINT('',#4660);
#4660 = CARTESIAN_POINT('',(0.6,2.745714882941,0.139999999831));
#4661 = LINE('',#4662,#4663);
#4662 = CARTESIAN_POINT('',(0.600000000086,2.745714883025,
    3.9999999746E-02));
#4663 = VECTOR('',#4664,1.);
#4664 = DIRECTION('',(0.,0.,-1.));
#4665 = ORIENTED_EDGE('',*,*,#4666,.F.);
#4666 = EDGE_CURVE('',#4667,#4659,#4669,.T.);
#4667 = VERTEX_POINT('',#4668);
#4668 = CARTESIAN_POINT('',(0.6,2.045714882942,0.139999999831));
#4669 = LINE('',#4670,#4671);
#4670 = CARTESIAN_POINT('',(0.600000000086,2.395714883025,0.139999999746
    ));
#4671 = VECTOR('',#4672,1.);
#4672 = DIRECTION('',(0.,1.,3.949593628341E-15));
#4673 = ORIENTED_EDGE('',*,*,#4674,.F.);
#4674 = EDGE_CURVE('',#4644,#4667,#4675,.T.);
#4675 = LINE('',#4676,#4677);
#4676 = CARTESIAN_POINT('',(0.600000000086,2.045714883026,
    6.9999999746E-02));
#4677 = VECTOR('',#4678,1.);
#4678 = DIRECTION('',(0.,0.,1.));
#4679 = PLANE('',#4680);
#4680 = AXIS2_PLACEMENT_3D('',#4681,#4682,#4683);
#4681 = CARTESIAN_POINT('',(0.599999999832,0.796714882773,1.599));
#4682 = DIRECTION('',(1.,0.,0.));
#4683 = DIRECTION('',(0.,0.,1.));
#4684 = ADVANCED_FACE('',(#4685),#4735,.T.);
#4685 = FACE_BOUND('',#4686,.T.);
#4686 = EDGE_LOOP('',(#4687,#4697,#4705,#4713,#4721,#4729));
#4687 = ORIENTED_EDGE('',*,*,#4688,.T.);
#4688 = EDGE_CURVE('',#4689,#4691,#4693,.T.);
#4689 = VERTEX_POINT('',#4690);
#4690 = CARTESIAN_POINT('',(1.4,2.745714882941,-6.000000016933E-02));
#4691 = VERTEX_POINT('',#4692);
#4692 = CARTESIAN_POINT('',(1.4,1.945714882942,-6.000000016933E-02));
#4693 = LINE('',#4694,#4695);
#4694 = CARTESIAN_POINT('',(1.400000000085,2.345714883025,
    -6.0000000254E-02));
#4695 = VECTOR('',#4696,1.);
#4696 = DIRECTION('',(0.,-1.,-3.184843881679E-15));
#4697 = ORIENTED_EDGE('',*,*,#4698,.T.);
#4698 = EDGE_CURVE('',#4691,#4699,#4701,.T.);
#4699 = VERTEX_POINT('',#4700);
#4700 = CARTESIAN_POINT('',(1.4,1.945714882942,-1.693334600143E-10));
#4701 = LINE('',#4702,#4703);
#4702 = CARTESIAN_POINT('',(1.400000000085,1.945714883026,
    -3.0000000254E-02));
#4703 = VECTOR('',#4704,1.);
#4704 = DIRECTION('',(0.,0.,1.));
#4705 = ORIENTED_EDGE('',*,*,#4706,.T.);
#4706 = EDGE_CURVE('',#4699,#4707,#4709,.T.);
#4707 = VERTEX_POINT('',#4708);
#4708 = CARTESIAN_POINT('',(1.4,2.045714882942,-1.693334600143E-10));
#4709 = LINE('',#4710,#4711);
#4710 = CARTESIAN_POINT('',(1.400000000085,1.995714883026,
    -2.540000002861E-10));
#4711 = VECTOR('',#4712,1.);
#4712 = DIRECTION('',(0.,1.,0.));
#4713 = ORIENTED_EDGE('',*,*,#4714,.F.);
#4714 = EDGE_CURVE('',#4715,#4707,#4717,.T.);
#4715 = VERTEX_POINT('',#4716);
#4716 = CARTESIAN_POINT('',(1.4,2.045714882942,0.139999999831));
#4717 = LINE('',#4718,#4719);
#4718 = CARTESIAN_POINT('',(1.400000000085,2.045714883026,
    6.9999999746E-02));
#4719 = VECTOR('',#4720,1.);
#4720 = DIRECTION('',(0.,0.,-1.));
#4721 = ORIENTED_EDGE('',*,*,#4722,.T.);
#4722 = EDGE_CURVE('',#4715,#4723,#4725,.T.);
#4723 = VERTEX_POINT('',#4724);
#4724 = CARTESIAN_POINT('',(1.4,2.745714882941,0.139999999831));
#4725 = LINE('',#4726,#4727);
#4726 = CARTESIAN_POINT('',(1.400000000085,2.395714883025,0.139999999746
    ));
#4727 = VECTOR('',#4728,1.);
#4728 = DIRECTION('',(0.,1.,3.949593628341E-15));
#4729 = ORIENTED_EDGE('',*,*,#4730,.T.);
#4730 = EDGE_CURVE('',#4723,#4689,#4731,.T.);
#4731 = LINE('',#4732,#4733);
#4732 = CARTESIAN_POINT('',(1.400000000085,2.745714883025,
    3.9999999746E-02));
#4733 = VECTOR('',#4734,1.);
#4734 = DIRECTION('',(0.,0.,-1.));
#4735 = PLANE('',#4736);
#4736 = AXIS2_PLACEMENT_3D('',#4737,#4738,#4739);
#4737 = CARTESIAN_POINT('',(1.399999999831,0.796714882773,2.081));
#4738 = DIRECTION('',(-1.,0.,0.));
#4739 = DIRECTION('',(0.,0.,-1.));
#4740 = ADVANCED_FACE('',(#4741),#4766,.T.);
#4741 = FACE_BOUND('',#4742,.T.);
#4742 = EDGE_LOOP('',(#4743,#4753,#4759,#4760));
#4743 = ORIENTED_EDGE('',*,*,#4744,.T.);
#4744 = EDGE_CURVE('',#4745,#4747,#4749,.T.);
#4745 = VERTEX_POINT('',#4746);
#4746 = CARTESIAN_POINT('',(1.599999999998,2.745714882941,
    -6.000000016933E-02));
#4747 = VERTEX_POINT('',#4748);
#4748 = CARTESIAN_POINT('',(1.599999999998,1.945714882942,
    -6.000000016933E-02));
#4749 = LINE('',#4750,#4751);
#4750 = CARTESIAN_POINT('',(1.600000000084,2.345714883025,
    -6.0000000254E-02));
#4751 = VECTOR('',#4752,1.);
#4752 = DIRECTION('',(0.,-1.,0.));
#4753 = ORIENTED_EDGE('',*,*,#4754,.F.);
#4754 = EDGE_CURVE('',#4691,#4747,#4755,.T.);
#4755 = LINE('',#4756,#4757);
#4756 = CARTESIAN_POINT('',(1.500000000084,1.945714883026,
    -6.0000000254E-02));
#4757 = VECTOR('',#4758,1.);
#4758 = DIRECTION('',(1.,0.,0.));
#4759 = ORIENTED_EDGE('',*,*,#4688,.F.);
#4760 = ORIENTED_EDGE('',*,*,#4761,.T.);
#4761 = EDGE_CURVE('',#4689,#4745,#4762,.T.);
#4762 = LINE('',#4763,#4764);
#4763 = CARTESIAN_POINT('',(1.500000000084,2.745714883025,
    -6.0000000254E-02));
#4764 = VECTOR('',#4765,1.);
#4765 = DIRECTION('',(1.,0.,0.));
#4766 = PLANE('',#4767);
#4767 = AXIS2_PLACEMENT_3D('',#4768,#4769,#4770);
#4768 = CARTESIAN_POINT('',(-1.399000000169,2.746714882773,-6.E-02));
#4769 = DIRECTION('',(0.,0.,-1.));
#4770 = DIRECTION('',(0.,-1.,0.));
#4771 = ADVANCED_FACE('',(#4772),#4813,.T.);
#4772 = FACE_BOUND('',#4773,.T.);
#4773 = EDGE_LOOP('',(#4774,#4784,#4790,#4791,#4799,#4807));
#4774 = ORIENTED_EDGE('',*,*,#4775,.F.);
#4775 = EDGE_CURVE('',#4776,#4778,#4780,.T.);
#4776 = VERTEX_POINT('',#4777);
#4777 = CARTESIAN_POINT('',(1.599999999998,1.945714882942,
    -1.693334600143E-10));
#4778 = VERTEX_POINT('',#4779);
#4779 = CARTESIAN_POINT('',(1.599999999998,2.045714882942,
    -1.693334600143E-10));
#4780 = LINE('',#4781,#4782);
#4781 = CARTESIAN_POINT('',(1.600000000084,1.995714883026,
    -2.540000002861E-10));
#4782 = VECTOR('',#4783,1.);
#4783 = DIRECTION('',(0.,1.,0.));
#4784 = ORIENTED_EDGE('',*,*,#4785,.F.);
#4785 = EDGE_CURVE('',#4747,#4776,#4786,.T.);
#4786 = LINE('',#4787,#4788);
#4787 = CARTESIAN_POINT('',(1.600000000084,1.945714883026,
    -3.0000000254E-02));
#4788 = VECTOR('',#4789,1.);
#4789 = DIRECTION('',(0.,0.,1.));
#4790 = ORIENTED_EDGE('',*,*,#4744,.F.);
#4791 = ORIENTED_EDGE('',*,*,#4792,.F.);
#4792 = EDGE_CURVE('',#4793,#4745,#4795,.T.);
#4793 = VERTEX_POINT('',#4794);
#4794 = CARTESIAN_POINT('',(1.599999999998,2.745714882941,0.139999999831
    ));
#4795 = LINE('',#4796,#4797);
#4796 = CARTESIAN_POINT('',(1.600000000084,2.745714883025,
    3.9999999746E-02));
#4797 = VECTOR('',#4798,1.);
#4798 = DIRECTION('',(0.,0.,-1.));
#4799 = ORIENTED_EDGE('',*,*,#4800,.F.);
#4800 = EDGE_CURVE('',#4801,#4793,#4803,.T.);
#4801 = VERTEX_POINT('',#4802);
#4802 = CARTESIAN_POINT('',(1.599999999998,2.045714882942,0.139999999831
    ));
#4803 = LINE('',#4804,#4805);
#4804 = CARTESIAN_POINT('',(1.600000000084,2.395714883025,0.139999999746
    ));
#4805 = VECTOR('',#4806,1.);
#4806 = DIRECTION('',(0.,1.,3.949593628341E-15));
#4807 = ORIENTED_EDGE('',*,*,#4808,.F.);
#4808 = EDGE_CURVE('',#4778,#4801,#4809,.T.);
#4809 = LINE('',#4810,#4811);
#4810 = CARTESIAN_POINT('',(1.600000000084,2.045714883026,
    6.9999999746E-02));
#4811 = VECTOR('',#4812,1.);
#4812 = DIRECTION('',(0.,0.,1.));
#4813 = PLANE('',#4814);
#4814 = AXIS2_PLACEMENT_3D('',#4815,#4816,#4817);
#4815 = CARTESIAN_POINT('',(1.59999999983,0.796714882773,1.599));
#4816 = DIRECTION('',(1.,0.,0.));
#4817 = DIRECTION('',(0.,0.,1.));
#4818 = ADVANCED_FACE('',(#4819),#4853,.T.);
#4819 = FACE_BOUND('',#4820,.T.);
#4820 = EDGE_LOOP('',(#4821,#4831,#4839,#4847));
#4821 = ORIENTED_EDGE('',*,*,#4822,.F.);
#4822 = EDGE_CURVE('',#4823,#4825,#4827,.T.);
#4823 = VERTEX_POINT('',#4824);
#4824 = CARTESIAN_POINT('',(1.599999999998,0.795714882948,1.600000000175
    ));
#4825 = VERTEX_POINT('',#4826);
#4826 = CARTESIAN_POINT('',(1.599999999998,-0.954285117053,
    1.730000000175));
#4827 = LINE('',#4828,#4829);
#4828 = CARTESIAN_POINT('',(1.600000000084,-7.928511697464E-02,
    1.665000000254));
#4829 = VECTOR('',#4830,1.);
#4830 = DIRECTION('',(0.,-0.997252183706,7.408159078955E-02));
#4831 = ORIENTED_EDGE('',*,*,#4832,.T.);
#4832 = EDGE_CURVE('',#4823,#4833,#4835,.T.);
#4833 = VERTEX_POINT('',#4834);
#4834 = CARTESIAN_POINT('',(1.599999999998,0.795714882941,2.080000000169
    ));
#4835 = LINE('',#4836,#4837);
#4836 = CARTESIAN_POINT('',(1.600000000084,0.795714883025,1.840000000254
    ));
#4837 = VECTOR('',#4838,1.);
#4838 = DIRECTION('',(0.,0.,1.));
#4839 = ORIENTED_EDGE('',*,*,#4840,.F.);
#4840 = EDGE_CURVE('',#4841,#4833,#4843,.T.);
#4841 = VERTEX_POINT('',#4842);
#4842 = CARTESIAN_POINT('',(1.599999999998,-0.954285117059,
    2.080000000169));
#4843 = LINE('',#4844,#4845);
#4844 = CARTESIAN_POINT('',(1.600000000084,-7.928511697464E-02,
    2.080000000254));
#4845 = VECTOR('',#4846,1.);
#4846 = DIRECTION('',(0.,1.,2.973811673102E-15));
#4847 = ORIENTED_EDGE('',*,*,#4848,.F.);
#4848 = EDGE_CURVE('',#4825,#4841,#4849,.T.);
#4849 = LINE('',#4850,#4851);
#4850 = CARTESIAN_POINT('',(1.600000000084,-0.954285116975,
    1.905000000254));
#4851 = VECTOR('',#4852,1.);
#4852 = DIRECTION('',(0.,0.,1.));
#4853 = PLANE('',#4854);
#4854 = AXIS2_PLACEMENT_3D('',#4855,#4856,#4857);
#4855 = CARTESIAN_POINT('',(1.59999999983,0.796714882773,1.599));
#4856 = DIRECTION('',(1.,0.,0.));
#4857 = DIRECTION('',(0.,0.,1.));
#4858 = ADVANCED_FACE('',(#4859),#4884,.T.);
#4859 = FACE_BOUND('',#4860,.T.);
#4860 = EDGE_LOOP('',(#4861,#4862,#4870,#4878));
#4861 = ORIENTED_EDGE('',*,*,#4840,.T.);
#4862 = ORIENTED_EDGE('',*,*,#4863,.T.);
#4863 = EDGE_CURVE('',#4833,#4864,#4866,.T.);
#4864 = VERTEX_POINT('',#4865);
#4865 = CARTESIAN_POINT('',(1.4,0.795714882941,2.080000000169));
#4866 = LINE('',#4867,#4868);
#4867 = CARTESIAN_POINT('',(1.500000000084,0.795714883025,2.080000000254
    ));
#4868 = VECTOR('',#4869,1.);
#4869 = DIRECTION('',(-1.,0.,0.));
#4870 = ORIENTED_EDGE('',*,*,#4871,.F.);
#4871 = EDGE_CURVE('',#4872,#4864,#4874,.T.);
#4872 = VERTEX_POINT('',#4873);
#4873 = CARTESIAN_POINT('',(1.4,-0.954285117059,2.080000000169));
#4874 = LINE('',#4875,#4876);
#4875 = CARTESIAN_POINT('',(1.400000000085,-7.928511697464E-02,
    2.080000000254));
#4876 = VECTOR('',#4877,1.);
#4877 = DIRECTION('',(0.,1.,2.973811673102E-15));
#4878 = ORIENTED_EDGE('',*,*,#4879,.T.);
#4879 = EDGE_CURVE('',#4872,#4841,#4880,.T.);
#4880 = LINE('',#4881,#4882);
#4881 = CARTESIAN_POINT('',(1.500000000084,-0.954285116975,
    2.080000000254));
#4882 = VECTOR('',#4883,1.);
#4883 = DIRECTION('',(1.,0.,0.));
#4884 = PLANE('',#4885);
#4885 = AXIS2_PLACEMENT_3D('',#4886,#4887,#4888);
#4886 = CARTESIAN_POINT('',(-1.399000000169,-0.955285117228,2.08));
#4887 = DIRECTION('',(0.,0.,1.));
#4888 = DIRECTION('',(0.,1.,0.));
#4889 = ADVANCED_FACE('',(#4890,#4924,#4958,#4992,#5010),#5044,.T.);
#4890 = FACE_BOUND('',#4891,.T.);
#4891 = EDGE_LOOP('',(#4892,#4902,#4910,#4918));
#4892 = ORIENTED_EDGE('',*,*,#4893,.F.);
#4893 = EDGE_CURVE('',#4894,#4896,#4898,.T.);
#4894 = VERTEX_POINT('',#4895);
#4895 = CARTESIAN_POINT('',(-1.60000000017,0.795714882772,1.6));
#4896 = VERTEX_POINT('',#4897);
#4897 = CARTESIAN_POINT('',(-1.400000000168,0.795714882772,1.6));
#4898 = LINE('',#4899,#4900);
#4899 = CARTESIAN_POINT('',(-1.499999999915,0.795714883025,
    1.600000000254));
#4900 = VECTOR('',#4901,1.);
#4901 = DIRECTION('',(1.,0.,0.));
#4902 = ORIENTED_EDGE('',*,*,#4903,.T.);
#4903 = EDGE_CURVE('',#4894,#4904,#4906,.T.);
#4904 = VERTEX_POINT('',#4905);
#4905 = CARTESIAN_POINT('',(-1.600000000001,0.795714882941,
    2.080000000169));
#4906 = LINE('',#4907,#4908);
#4907 = CARTESIAN_POINT('',(-1.599999999916,0.795714883025,
    1.840000000254));
#4908 = VECTOR('',#4909,1.);
#4909 = DIRECTION('',(0.,0.,1.));
#4910 = ORIENTED_EDGE('',*,*,#4911,.F.);
#4911 = EDGE_CURVE('',#4912,#4904,#4914,.T.);
#4912 = VERTEX_POINT('',#4913);
#4913 = CARTESIAN_POINT('',(-1.4,0.795714882941,2.080000000169));
#4914 = LINE('',#4915,#4916);
#4915 = CARTESIAN_POINT('',(-1.499999999915,0.795714883025,
    2.080000000254));
#4916 = VECTOR('',#4917,1.);
#4917 = DIRECTION('',(-1.,0.,0.));
#4918 = ORIENTED_EDGE('',*,*,#4919,.F.);
#4919 = EDGE_CURVE('',#4896,#4912,#4920,.T.);
#4920 = LINE('',#4921,#4922);
#4921 = CARTESIAN_POINT('',(-1.399999999914,0.795714883025,
    1.840000000254));
#4922 = VECTOR('',#4923,1.);
#4923 = DIRECTION('',(0.,0.,1.));
#4924 = FACE_BOUND('',#4925,.T.);
#4925 = EDGE_LOOP('',(#4926,#4936,#4944,#4952));
#4926 = ORIENTED_EDGE('',*,*,#4927,.F.);
#4927 = EDGE_CURVE('',#4928,#4930,#4932,.T.);
#4928 = VERTEX_POINT('',#4929);
#4929 = CARTESIAN_POINT('',(-0.6,0.795714882948,1.600000000175));
#4930 = VERTEX_POINT('',#4931);
#4931 = CARTESIAN_POINT('',(-0.400000000002,0.795714882948,
    1.600000000175));
#4932 = LINE('',#4933,#4934);
#4933 = CARTESIAN_POINT('',(-0.499999999915,0.795714883025,
    1.600000000254));
#4934 = VECTOR('',#4935,1.);
#4935 = DIRECTION('',(1.,0.,0.));
#4936 = ORIENTED_EDGE('',*,*,#4937,.T.);
#4937 = EDGE_CURVE('',#4928,#4938,#4940,.T.);
#4938 = VERTEX_POINT('',#4939);
#4939 = CARTESIAN_POINT('',(-0.6,0.795714882941,2.080000000169));
#4940 = LINE('',#4941,#4942);
#4941 = CARTESIAN_POINT('',(-0.599999999915,0.795714883025,
    1.840000000254));
#4942 = VECTOR('',#4943,1.);
#4943 = DIRECTION('',(0.,0.,1.));
#4944 = ORIENTED_EDGE('',*,*,#4945,.F.);
#4945 = EDGE_CURVE('',#4946,#4938,#4948,.T.);
#4946 = VERTEX_POINT('',#4947);
#4947 = CARTESIAN_POINT('',(-0.400000000002,0.795714882941,
    2.080000000169));
#4948 = LINE('',#4949,#4950);
#4949 = CARTESIAN_POINT('',(-0.499999999915,0.795714883025,
    2.080000000254));
#4950 = VECTOR('',#4951,1.);
#4951 = DIRECTION('',(-1.,0.,0.));
#4952 = ORIENTED_EDGE('',*,*,#4953,.F.);
#4953 = EDGE_CURVE('',#4930,#4946,#4954,.T.);
#4954 = LINE('',#4955,#4956);
#4955 = CARTESIAN_POINT('',(-0.399999999916,0.795714883025,
    1.840000000254));
#4956 = VECTOR('',#4957,1.);
#4957 = DIRECTION('',(0.,0.,1.));
#4958 = FACE_BOUND('',#4959,.T.);
#4959 = EDGE_LOOP('',(#4960,#4970,#4978,#4986));
#4960 = ORIENTED_EDGE('',*,*,#4961,.F.);
#4961 = EDGE_CURVE('',#4962,#4964,#4966,.T.);
#4962 = VERTEX_POINT('',#4963);
#4963 = CARTESIAN_POINT('',(0.399999999999,0.795714882948,1.600000000175
    ));
#4964 = VERTEX_POINT('',#4965);
#4965 = CARTESIAN_POINT('',(0.6,0.795714882948,1.600000000175));
#4966 = LINE('',#4967,#4968);
#4967 = CARTESIAN_POINT('',(0.500000000085,0.795714883025,1.600000000254
    ));
#4968 = VECTOR('',#4969,1.);
#4969 = DIRECTION('',(1.,0.,0.));
#4970 = ORIENTED_EDGE('',*,*,#4971,.T.);
#4971 = EDGE_CURVE('',#4962,#4972,#4974,.T.);
#4972 = VERTEX_POINT('',#4973);
#4973 = CARTESIAN_POINT('',(0.399999999999,0.795714882941,2.080000000169
    ));
#4974 = LINE('',#4975,#4976);
#4975 = CARTESIAN_POINT('',(0.400000000084,0.795714883025,1.840000000254
    ));
#4976 = VECTOR('',#4977,1.);
#4977 = DIRECTION('',(0.,0.,1.));
#4978 = ORIENTED_EDGE('',*,*,#4979,.F.);
#4979 = EDGE_CURVE('',#4980,#4972,#4982,.T.);
#4980 = VERTEX_POINT('',#4981);
#4981 = CARTESIAN_POINT('',(0.6,0.795714882941,2.080000000169));
#4982 = LINE('',#4983,#4984);
#4983 = CARTESIAN_POINT('',(0.500000000085,0.795714883025,2.080000000254
    ));
#4984 = VECTOR('',#4985,1.);
#4985 = DIRECTION('',(-1.,0.,0.));
#4986 = ORIENTED_EDGE('',*,*,#4987,.F.);
#4987 = EDGE_CURVE('',#4964,#4980,#4988,.T.);
#4988 = LINE('',#4989,#4990);
#4989 = CARTESIAN_POINT('',(0.600000000086,0.795714883025,1.840000000254
    ));
#4990 = VECTOR('',#4991,1.);
#4991 = DIRECTION('',(0.,0.,1.));
#4992 = FACE_BOUND('',#4993,.T.);
#4993 = EDGE_LOOP('',(#4994,#5002,#5008,#5009));
#4994 = ORIENTED_EDGE('',*,*,#4995,.F.);
#4995 = EDGE_CURVE('',#4996,#4823,#4998,.T.);
#4996 = VERTEX_POINT('',#4997);
#4997 = CARTESIAN_POINT('',(1.4,0.795714882948,1.600000000175));
#4998 = LINE('',#4999,#5000);
#4999 = CARTESIAN_POINT('',(1.500000000084,0.795714883025,1.600000000254
    ));
#5000 = VECTOR('',#5001,1.);
#5001 = DIRECTION('',(1.,0.,0.));
#5002 = ORIENTED_EDGE('',*,*,#5003,.T.);
#5003 = EDGE_CURVE('',#4996,#4864,#5004,.T.);
#5004 = LINE('',#5005,#5006);
#5005 = CARTESIAN_POINT('',(1.400000000085,0.795714883025,1.840000000254
    ));
#5006 = VECTOR('',#5007,1.);
#5007 = DIRECTION('',(0.,0.,1.));
#5008 = ORIENTED_EDGE('',*,*,#4863,.F.);
#5009 = ORIENTED_EDGE('',*,*,#4832,.F.);
#5010 = FACE_BOUND('',#5011,.T.);
#5011 = EDGE_LOOP('',(#5012,#5022,#5030,#5038));
#5012 = ORIENTED_EDGE('',*,*,#5013,.T.);
#5013 = EDGE_CURVE('',#5014,#5016,#5018,.T.);
#5014 = VERTEX_POINT('',#5015);
#5015 = CARTESIAN_POINT('',(2.199999999998,0.795714882941,0.400000000169
    ));
#5016 = VERTEX_POINT('',#5017);
#5017 = CARTESIAN_POINT('',(2.199999999998,0.795714882941,2.500000000169
    ));
#5018 = LINE('',#5019,#5020);
#5019 = CARTESIAN_POINT('',(2.200000000083,0.795714883025,1.450000000254
    ));
#5020 = VECTOR('',#5021,1.);
#5021 = DIRECTION('',(0.,0.,1.));
#5022 = ORIENTED_EDGE('',*,*,#5023,.T.);
#5023 = EDGE_CURVE('',#5016,#5024,#5026,.T.);
#5024 = VERTEX_POINT('',#5025);
#5025 = CARTESIAN_POINT('',(-2.200000000002,0.795714882941,
    2.500000000169));
#5026 = LINE('',#5027,#5028);
#5027 = CARTESIAN_POINT('',(8.348877145181E-11,0.795714883025,
    2.500000000254));
#5028 = VECTOR('',#5029,1.);
#5029 = DIRECTION('',(-1.,0.,0.));
#5030 = ORIENTED_EDGE('',*,*,#5031,.T.);
#5031 = EDGE_CURVE('',#5024,#5032,#5034,.T.);
#5032 = VERTEX_POINT('',#5033);
#5033 = CARTESIAN_POINT('',(-2.200000000002,0.795714882941,
    0.400000000169));
#5034 = LINE('',#5035,#5036);
#5035 = CARTESIAN_POINT('',(-2.199999999916,0.795714883025,
    1.450000000254));
#5036 = VECTOR('',#5037,1.);
#5037 = DIRECTION('',(0.,0.,-1.));
#5038 = ORIENTED_EDGE('',*,*,#5039,.T.);
#5039 = EDGE_CURVE('',#5032,#5014,#5040,.T.);
#5040 = LINE('',#5041,#5042);
#5041 = CARTESIAN_POINT('',(8.348877145181E-11,0.795714883025,
    0.400000000254));
#5042 = VECTOR('',#5043,1.);
#5043 = DIRECTION('',(1.,0.,0.));
#5044 = PLANE('',#5045);
#5045 = AXIS2_PLACEMENT_3D('',#5046,#5047,#5048);
#5046 = CARTESIAN_POINT('',(2.200999999831,0.795714882772,0.399));
#5047 = DIRECTION('',(0.,-1.,0.));
#5048 = DIRECTION('',(0.,0.,1.));
#5049 = ADVANCED_FACE('',(#5050),#5068,.T.);
#5050 = FACE_BOUND('',#5051,.T.);
#5051 = EDGE_LOOP('',(#5052,#5053,#5054,#5062));
#5052 = ORIENTED_EDGE('',*,*,#4848,.T.);
#5053 = ORIENTED_EDGE('',*,*,#4879,.F.);
#5054 = ORIENTED_EDGE('',*,*,#5055,.F.);
#5055 = EDGE_CURVE('',#5056,#4872,#5058,.T.);
#5056 = VERTEX_POINT('',#5057);
#5057 = CARTESIAN_POINT('',(1.4,-0.954285117053,1.730000000175));
#5058 = LINE('',#5059,#5060);
#5059 = CARTESIAN_POINT('',(1.400000000085,-0.954285116975,
    1.905000000254));
#5060 = VECTOR('',#5061,1.);
#5061 = DIRECTION('',(0.,0.,1.));
#5062 = ORIENTED_EDGE('',*,*,#5063,.T.);
#5063 = EDGE_CURVE('',#5056,#4825,#5064,.T.);
#5064 = LINE('',#5065,#5066);
#5065 = CARTESIAN_POINT('',(1.500000000084,-0.954285116975,
    1.730000000254));
#5066 = VECTOR('',#5067,1.);
#5067 = DIRECTION('',(1.,0.,0.));
#5068 = PLANE('',#5069);
#5069 = AXIS2_PLACEMENT_3D('',#5070,#5071,#5072);
#5070 = CARTESIAN_POINT('',(-1.399000000169,-0.954285117229,1.729));
#5071 = DIRECTION('',(0.,-1.,0.));
#5072 = DIRECTION('',(0.,0.,1.));
#5073 = ADVANCED_FACE('',(#5074),#5085,.T.);
#5074 = FACE_BOUND('',#5075,.T.);
#5075 = EDGE_LOOP('',(#5076,#5077,#5078,#5084));
#5076 = ORIENTED_EDGE('',*,*,#4822,.T.);
#5077 = ORIENTED_EDGE('',*,*,#5063,.F.);
#5078 = ORIENTED_EDGE('',*,*,#5079,.F.);
#5079 = EDGE_CURVE('',#4996,#5056,#5080,.T.);
#5080 = LINE('',#5081,#5082);
#5081 = CARTESIAN_POINT('',(1.400000000085,-7.928511697464E-02,
    1.665000000254));
#5082 = VECTOR('',#5083,1.);
#5083 = DIRECTION('',(0.,-0.997252183706,7.408159078955E-02));
#5084 = ORIENTED_EDGE('',*,*,#4995,.T.);
#5085 = PLANE('',#5086);
#5086 = AXIS2_PLACEMENT_3D('',#5087,#5088,#5089);
#5087 = CARTESIAN_POINT('',(-1.399000000169,0.796712134955,
    1.599925918409));
#5088 = DIRECTION('',(1.284621367237E-14,-7.408159078954E-02,
    -0.997252183706));
#5089 = DIRECTION('',(9.860761315263E-31,-0.997252183706,
    7.408159078954E-02));
#5090 = ADVANCED_FACE('',(#5091),#5097,.T.);
#5091 = FACE_BOUND('',#5092,.T.);
#5092 = EDGE_LOOP('',(#5093,#5094,#5095,#5096));
#5093 = ORIENTED_EDGE('',*,*,#5003,.F.);
#5094 = ORIENTED_EDGE('',*,*,#5079,.T.);
#5095 = ORIENTED_EDGE('',*,*,#5055,.T.);
#5096 = ORIENTED_EDGE('',*,*,#4871,.T.);
#5097 = PLANE('',#5098);
#5098 = AXIS2_PLACEMENT_3D('',#5099,#5100,#5101);
#5099 = CARTESIAN_POINT('',(1.399999999831,0.796714882773,2.081));
#5100 = DIRECTION('',(-1.,0.,0.));
#5101 = DIRECTION('',(0.,0.,-1.));
#5102 = ADVANCED_FACE('',(#5103),#5128,.T.);
#5103 = FACE_BOUND('',#5104,.T.);
#5104 = EDGE_LOOP('',(#5105,#5115,#5121,#5122));
#5105 = ORIENTED_EDGE('',*,*,#5106,.T.);
#5106 = EDGE_CURVE('',#5107,#5109,#5111,.T.);
#5107 = VERTEX_POINT('',#5108);
#5108 = CARTESIAN_POINT('',(2.199999999998,-2.20428511706,2.500000000169
    ));
#5109 = VERTEX_POINT('',#5110);
#5110 = CARTESIAN_POINT('',(-2.200000000002,-2.20428511706,
    2.500000000169));
#5111 = LINE('',#5112,#5113);
#5112 = CARTESIAN_POINT('',(8.348877145181E-11,-2.204285116976,
    2.500000000254));
#5113 = VECTOR('',#5114,1.);
#5114 = DIRECTION('',(-1.,0.,0.));
#5115 = ORIENTED_EDGE('',*,*,#5116,.F.);
#5116 = EDGE_CURVE('',#5024,#5109,#5117,.T.);
#5117 = LINE('',#5118,#5119);
#5118 = CARTESIAN_POINT('',(-2.199999999916,-0.704285116975,
    2.500000000254));
#5119 = VECTOR('',#5120,1.);
#5120 = DIRECTION('',(0.,-1.,-3.469446951953E-15));
#5121 = ORIENTED_EDGE('',*,*,#5023,.F.);
#5122 = ORIENTED_EDGE('',*,*,#5123,.T.);
#5123 = EDGE_CURVE('',#5016,#5107,#5124,.T.);
#5124 = LINE('',#5125,#5126);
#5125 = CARTESIAN_POINT('',(2.200000000083,-0.704285116975,
    2.500000000254));
#5126 = VECTOR('',#5127,1.);
#5127 = DIRECTION('',(0.,-1.,-3.469446951953E-15));
#5128 = PLANE('',#5129);
#5129 = AXIS2_PLACEMENT_3D('',#5130,#5131,#5132);
#5130 = CARTESIAN_POINT('',(-2.20100000017,0.796714882773,2.5));
#5131 = DIRECTION('',(0.,0.,-1.));
#5132 = DIRECTION('',(1.,0.,0.));
#5133 = ADVANCED_FACE('',(#5134),#5159,.T.);
#5134 = FACE_BOUND('',#5135,.T.);
#5135 = EDGE_LOOP('',(#5136,#5144,#5145,#5153));
#5136 = ORIENTED_EDGE('',*,*,#5137,.F.);
#5137 = EDGE_CURVE('',#4896,#5138,#5140,.T.);
#5138 = VERTEX_POINT('',#5139);
#5139 = CARTESIAN_POINT('',(-1.400000000168,-0.954285117229,1.73));
#5140 = LINE('',#5141,#5142);
#5141 = CARTESIAN_POINT('',(-1.399999999914,-7.928511697464E-02,
    1.665000000254));
#5142 = VECTOR('',#5143,1.);
#5143 = DIRECTION('',(0.,-0.997252183706,7.408159078955E-02));
#5144 = ORIENTED_EDGE('',*,*,#4919,.T.);
#5145 = ORIENTED_EDGE('',*,*,#5146,.F.);
#5146 = EDGE_CURVE('',#5147,#4912,#5149,.T.);
#5147 = VERTEX_POINT('',#5148);
#5148 = CARTESIAN_POINT('',(-1.4,-0.954285117059,2.080000000169));
#5149 = LINE('',#5150,#5151);
#5150 = CARTESIAN_POINT('',(-1.399999999914,-7.928511697464E-02,
    2.080000000254));
#5151 = VECTOR('',#5152,1.);
#5152 = DIRECTION('',(0.,1.,2.973811673102E-15));
#5153 = ORIENTED_EDGE('',*,*,#5154,.F.);
#5154 = EDGE_CURVE('',#5138,#5147,#5155,.T.);
#5155 = LINE('',#5156,#5157);
#5156 = CARTESIAN_POINT('',(-1.399999999914,-0.954285116975,
    1.905000000254));
#5157 = VECTOR('',#5158,1.);
#5158 = DIRECTION('',(0.,0.,1.));
#5159 = PLANE('',#5160);
#5160 = AXIS2_PLACEMENT_3D('',#5161,#5162,#5163);
#5161 = CARTESIAN_POINT('',(-1.400000000168,0.796714882773,1.599));
#5162 = DIRECTION('',(1.,0.,0.));
#5163 = DIRECTION('',(0.,0.,1.));
#5164 = ADVANCED_FACE('',(#5165),#5215,.T.);
#5165 = FACE_BOUND('',#5166,.T.);
#5166 = EDGE_LOOP('',(#5167,#5177,#5185,#5191,#5192,#5193,#5201,#5209));
#5167 = ORIENTED_EDGE('',*,*,#5168,.F.);
#5168 = EDGE_CURVE('',#5169,#5171,#5173,.T.);
#5169 = VERTEX_POINT('',#5170);
#5170 = CARTESIAN_POINT('',(2.199999999998,0.195714882941,2.000000000169
    ));
#5171 = VERTEX_POINT('',#5172);
#5172 = CARTESIAN_POINT('',(2.199999999998,0.195714882941,1.400000000169
    ));
#5173 = LINE('',#5174,#5175);
#5174 = CARTESIAN_POINT('',(2.200000000083,0.195714883025,1.700000000254
    ));
#5175 = VECTOR('',#5176,1.);
#5176 = DIRECTION('',(0.,0.,-1.));
#5177 = ORIENTED_EDGE('',*,*,#5178,.T.);
#5178 = EDGE_CURVE('',#5169,#5179,#5181,.T.);
#5179 = VERTEX_POINT('',#5180);
#5180 = CARTESIAN_POINT('',(2.199999999998,-2.20428511706,2.000000000169
    ));
#5181 = LINE('',#5182,#5183);
#5182 = CARTESIAN_POINT('',(2.200000000083,-1.004285116975,
    2.000000000254));
#5183 = VECTOR('',#5184,1.);
#5184 = DIRECTION('',(0.,-1.,-4.246458508901E-15));
#5185 = ORIENTED_EDGE('',*,*,#5186,.T.);
#5186 = EDGE_CURVE('',#5179,#5107,#5187,.T.);
#5187 = LINE('',#5188,#5189);
#5188 = CARTESIAN_POINT('',(2.200000000083,-2.204285116976,
    2.250000000254));
#5189 = VECTOR('',#5190,1.);
#5190 = DIRECTION('',(0.,0.,1.));
#5191 = ORIENTED_EDGE('',*,*,#5123,.F.);
#5192 = ORIENTED_EDGE('',*,*,#5013,.F.);
#5193 = ORIENTED_EDGE('',*,*,#5194,.T.);
#5194 = EDGE_CURVE('',#5014,#5195,#5197,.T.);
#5195 = VERTEX_POINT('',#5196);
#5196 = CARTESIAN_POINT('',(2.199999999998,-2.204285117057,
    0.400000000169));
#5197 = LINE('',#5198,#5199);
#5198 = CARTESIAN_POINT('',(2.200000000083,-0.704285116974,
    0.400000000254));
#5199 = VECTOR('',#5200,1.);
#5200 = DIRECTION('',(0.,-1.,-3.808260130858E-15));
#5201 = ORIENTED_EDGE('',*,*,#5202,.T.);
#5202 = EDGE_CURVE('',#5195,#5203,#5205,.T.);
#5203 = VERTEX_POINT('',#5204);
#5204 = CARTESIAN_POINT('',(2.199999999998,-2.20428511706,1.400000000169
    ));
#5205 = LINE('',#5206,#5207);
#5206 = CARTESIAN_POINT('',(2.200000000083,-2.204285116974,
    0.900000000254));
#5207 = VECTOR('',#5208,1.);
#5208 = DIRECTION('',(0.,-2.553512956638E-12,1.));
#5209 = ORIENTED_EDGE('',*,*,#5210,.F.);
#5210 = EDGE_CURVE('',#5171,#5203,#5211,.T.);
#5211 = LINE('',#5212,#5213);
#5212 = CARTESIAN_POINT('',(2.200000000083,-1.004285116975,
    1.400000000254));
#5213 = VECTOR('',#5214,1.);
#5214 = DIRECTION('',(0.,-1.,-3.162256336415E-15));
#5215 = PLANE('',#5216);
#5216 = AXIS2_PLACEMENT_3D('',#5217,#5218,#5219);
#5217 = CARTESIAN_POINT('',(2.199999999829,0.796714882773,2.501));
#5218 = DIRECTION('',(-1.,0.,0.));
#5219 = DIRECTION('',(0.,0.,-1.));
#5220 = ADVANCED_FACE('',(#5221),#5246,.T.);
#5221 = FACE_BOUND('',#5222,.T.);
#5222 = EDGE_LOOP('',(#5223,#5231,#5232,#5240));
#5223 = ORIENTED_EDGE('',*,*,#5224,.T.);
#5224 = EDGE_CURVE('',#5225,#4946,#5227,.T.);
#5225 = VERTEX_POINT('',#5226);
#5226 = CARTESIAN_POINT('',(-0.400000000002,-0.954285117059,
    2.080000000169));
#5227 = LINE('',#5228,#5229);
#5228 = CARTESIAN_POINT('',(-0.399999999916,-7.928511697464E-02,
    2.080000000254));
#5229 = VECTOR('',#5230,1.);
#5230 = DIRECTION('',(0.,1.,2.973811673102E-15));
#5231 = ORIENTED_EDGE('',*,*,#4945,.T.);
#5232 = ORIENTED_EDGE('',*,*,#5233,.F.);
#5233 = EDGE_CURVE('',#5234,#4938,#5236,.T.);
#5234 = VERTEX_POINT('',#5235);
#5235 = CARTESIAN_POINT('',(-0.6,-0.954285117059,2.080000000169));
#5236 = LINE('',#5237,#5238);
#5237 = CARTESIAN_POINT('',(-0.599999999915,-7.928511697464E-02,
    2.080000000254));
#5238 = VECTOR('',#5239,1.);
#5239 = DIRECTION('',(0.,1.,2.973811673102E-15));
#5240 = ORIENTED_EDGE('',*,*,#5241,.T.);
#5241 = EDGE_CURVE('',#5234,#5225,#5242,.T.);
#5242 = LINE('',#5243,#5244);
#5243 = CARTESIAN_POINT('',(-0.499999999915,-0.954285116975,
    2.080000000254));
#5244 = VECTOR('',#5245,1.);
#5245 = DIRECTION('',(1.,0.,0.));
#5246 = PLANE('',#5247);
#5247 = AXIS2_PLACEMENT_3D('',#5248,#5249,#5250);
#5248 = CARTESIAN_POINT('',(-1.399000000169,-0.955285117228,2.08));
#5249 = DIRECTION('',(0.,0.,1.));
#5250 = DIRECTION('',(0.,1.,0.));
#5251 = ADVANCED_FACE('',(#5252),#5277,.T.);
#5252 = FACE_BOUND('',#5253,.T.);
#5253 = EDGE_LOOP('',(#5254,#5262,#5270,#5276));
#5254 = ORIENTED_EDGE('',*,*,#5255,.T.);
#5255 = EDGE_CURVE('',#4964,#5256,#5258,.T.);
#5256 = VERTEX_POINT('',#5257);
#5257 = CARTESIAN_POINT('',(0.6,-0.954285117053,1.730000000175));
#5258 = LINE('',#5259,#5260);
#5259 = CARTESIAN_POINT('',(0.600000000086,-7.928511697464E-02,
    1.665000000254));
#5260 = VECTOR('',#5261,1.);
#5261 = DIRECTION('',(0.,-0.997252183706,7.408159078955E-02));
#5262 = ORIENTED_EDGE('',*,*,#5263,.F.);
#5263 = EDGE_CURVE('',#5264,#5256,#5266,.T.);
#5264 = VERTEX_POINT('',#5265);
#5265 = CARTESIAN_POINT('',(0.399999999999,-0.954285117053,
    1.730000000175));
#5266 = LINE('',#5267,#5268);
#5267 = CARTESIAN_POINT('',(0.500000000085,-0.954285116975,
    1.730000000254));
#5268 = VECTOR('',#5269,1.);
#5269 = DIRECTION('',(1.,0.,0.));
#5270 = ORIENTED_EDGE('',*,*,#5271,.F.);
#5271 = EDGE_CURVE('',#4962,#5264,#5272,.T.);
#5272 = LINE('',#5273,#5274);
#5273 = CARTESIAN_POINT('',(0.400000000084,-7.928511697464E-02,
    1.665000000254));
#5274 = VECTOR('',#5275,1.);
#5275 = DIRECTION('',(0.,-0.997252183706,7.408159078955E-02));
#5276 = ORIENTED_EDGE('',*,*,#4961,.T.);
#5277 = PLANE('',#5278);
#5278 = AXIS2_PLACEMENT_3D('',#5279,#5280,#5281);
#5279 = CARTESIAN_POINT('',(-1.399000000169,0.796712134955,
    1.599925918409));
#5280 = DIRECTION('',(1.284621367237E-14,-7.408159078954E-02,
    -0.997252183706));
#5281 = DIRECTION('',(9.860761315263E-31,-0.997252183706,
    7.408159078954E-02));
#5282 = ADVANCED_FACE('',(#5283),#5301,.T.);
#5283 = FACE_BOUND('',#5284,.T.);
#5284 = EDGE_LOOP('',(#5285,#5293,#5294,#5295));
#5285 = ORIENTED_EDGE('',*,*,#5286,.T.);
#5286 = EDGE_CURVE('',#5287,#5195,#5289,.T.);
#5287 = VERTEX_POINT('',#5288);
#5288 = CARTESIAN_POINT('',(-2.200000000002,-2.20428511706,
    0.400000000169));
#5289 = LINE('',#5290,#5291);
#5290 = CARTESIAN_POINT('',(8.348877145181E-11,-2.204285116974,
    0.400000000254));
#5291 = VECTOR('',#5292,1.);
#5292 = DIRECTION('',(1.,5.803438537813E-13,0.));
#5293 = ORIENTED_EDGE('',*,*,#5194,.F.);
#5294 = ORIENTED_EDGE('',*,*,#5039,.F.);
#5295 = ORIENTED_EDGE('',*,*,#5296,.T.);
#5296 = EDGE_CURVE('',#5032,#5287,#5297,.T.);
#5297 = LINE('',#5298,#5299);
#5298 = CARTESIAN_POINT('',(-2.199999999916,-0.704285116975,
    0.400000000254));
#5299 = VECTOR('',#5300,1.);
#5300 = DIRECTION('',(0.,-1.,-3.808260130854E-15));
#5301 = PLANE('',#5302);
#5302 = AXIS2_PLACEMENT_3D('',#5303,#5304,#5305);
#5303 = CARTESIAN_POINT('',(2.200999999831,0.796714882773,0.4));
#5304 = DIRECTION('',(0.,0.,1.));
#5305 = DIRECTION('',(-1.,0.,0.));
#5306 = ADVANCED_FACE('',(#5307),#5325,.T.);
#5307 = FACE_BOUND('',#5308,.T.);
#5308 = EDGE_LOOP('',(#5309,#5310,#5318,#5324));
#5309 = ORIENTED_EDGE('',*,*,#4937,.F.);
#5310 = ORIENTED_EDGE('',*,*,#5311,.T.);
#5311 = EDGE_CURVE('',#4928,#5312,#5314,.T.);
#5312 = VERTEX_POINT('',#5313);
#5313 = CARTESIAN_POINT('',(-0.6,-0.954285117053,1.730000000175));
#5314 = LINE('',#5315,#5316);
#5315 = CARTESIAN_POINT('',(-0.599999999915,-7.928511697464E-02,
    1.665000000254));
#5316 = VECTOR('',#5317,1.);
#5317 = DIRECTION('',(0.,-0.997252183706,7.408159078955E-02));
#5318 = ORIENTED_EDGE('',*,*,#5319,.T.);
#5319 = EDGE_CURVE('',#5312,#5234,#5320,.T.);
#5320 = LINE('',#5321,#5322);
#5321 = CARTESIAN_POINT('',(-0.599999999915,-0.954285116975,
    1.905000000254));
#5322 = VECTOR('',#5323,1.);
#5323 = DIRECTION('',(0.,0.,1.));
#5324 = ORIENTED_EDGE('',*,*,#5233,.T.);
#5325 = PLANE('',#5326);
#5326 = AXIS2_PLACEMENT_3D('',#5327,#5328,#5329);
#5327 = CARTESIAN_POINT('',(-0.600000000169,0.796714882773,2.081));
#5328 = DIRECTION('',(-1.,0.,0.));
#5329 = DIRECTION('',(0.,0.,-1.));
#5330 = ADVANCED_FACE('',(#5331),#5356,.T.);
#5331 = FACE_BOUND('',#5332,.T.);
#5332 = EDGE_LOOP('',(#5333,#5334,#5342,#5350));
#5333 = ORIENTED_EDGE('',*,*,#4903,.F.);
#5334 = ORIENTED_EDGE('',*,*,#5335,.T.);
#5335 = EDGE_CURVE('',#4894,#5336,#5338,.T.);
#5336 = VERTEX_POINT('',#5337);
#5337 = CARTESIAN_POINT('',(-1.60000000017,-0.954285117229,1.73));
#5338 = LINE('',#5339,#5340);
#5339 = CARTESIAN_POINT('',(-1.599999999916,-7.928511697464E-02,
    1.665000000254));
#5340 = VECTOR('',#5341,1.);
#5341 = DIRECTION('',(0.,-0.997252183706,7.408159078955E-02));
#5342 = ORIENTED_EDGE('',*,*,#5343,.T.);
#5343 = EDGE_CURVE('',#5336,#5344,#5346,.T.);
#5344 = VERTEX_POINT('',#5345);
#5345 = CARTESIAN_POINT('',(-1.600000000001,-0.954285117059,
    2.080000000169));
#5346 = LINE('',#5347,#5348);
#5347 = CARTESIAN_POINT('',(-1.599999999916,-0.954285116975,
    1.905000000254));
#5348 = VECTOR('',#5349,1.);
#5349 = DIRECTION('',(0.,0.,1.));
#5350 = ORIENTED_EDGE('',*,*,#5351,.T.);
#5351 = EDGE_CURVE('',#5344,#4904,#5352,.T.);
#5352 = LINE('',#5353,#5354);
#5353 = CARTESIAN_POINT('',(-1.599999999916,-7.928511697464E-02,
    2.080000000254));
#5354 = VECTOR('',#5355,1.);
#5355 = DIRECTION('',(0.,1.,2.973811673102E-15));
#5356 = PLANE('',#5357);
#5357 = AXIS2_PLACEMENT_3D('',#5358,#5359,#5360);
#5358 = CARTESIAN_POINT('',(-1.60000000017,0.796714882773,2.081));
#5359 = DIRECTION('',(-1.,0.,0.));
#5360 = DIRECTION('',(0.,0.,-1.));
#5361 = ADVANCED_FACE('',(#5362),#5387,.T.);
#5362 = FACE_BOUND('',#5363,.T.);
#5363 = EDGE_LOOP('',(#5364,#5372,#5373,#5381));
#5364 = ORIENTED_EDGE('',*,*,#5365,.T.);
#5365 = EDGE_CURVE('',#5366,#4980,#5368,.T.);
#5366 = VERTEX_POINT('',#5367);
#5367 = CARTESIAN_POINT('',(0.6,-0.954285117059,2.080000000169));
#5368 = LINE('',#5369,#5370);
#5369 = CARTESIAN_POINT('',(0.600000000086,-7.928511697464E-02,
    2.080000000254));
#5370 = VECTOR('',#5371,1.);
#5371 = DIRECTION('',(0.,1.,2.973811673102E-15));
#5372 = ORIENTED_EDGE('',*,*,#4979,.T.);
#5373 = ORIENTED_EDGE('',*,*,#5374,.F.);
#5374 = EDGE_CURVE('',#5375,#4972,#5377,.T.);
#5375 = VERTEX_POINT('',#5376);
#5376 = CARTESIAN_POINT('',(0.399999999999,-0.954285117059,
    2.080000000169));
#5377 = LINE('',#5378,#5379);
#5378 = CARTESIAN_POINT('',(0.400000000084,-7.928511697464E-02,
    2.080000000254));
#5379 = VECTOR('',#5380,1.);
#5380 = DIRECTION('',(0.,1.,2.973811673102E-15));
#5381 = ORIENTED_EDGE('',*,*,#5382,.T.);
#5382 = EDGE_CURVE('',#5375,#5366,#5383,.T.);
#5383 = LINE('',#5384,#5385);
#5384 = CARTESIAN_POINT('',(0.500000000085,-0.954285116975,
    2.080000000254));
#5385 = VECTOR('',#5386,1.);
#5386 = DIRECTION('',(1.,0.,0.));
#5387 = PLANE('',#5388);
#5388 = AXIS2_PLACEMENT_3D('',#5389,#5390,#5391);
#5389 = CARTESIAN_POINT('',(-1.399000000169,-0.955285117228,2.08));
#5390 = DIRECTION('',(0.,0.,1.));
#5391 = DIRECTION('',(0.,1.,0.));
#5392 = ADVANCED_FACE('',(#5393),#5411,.T.);
#5393 = FACE_BOUND('',#5394,.T.);
#5394 = EDGE_LOOP('',(#5395,#5403,#5404,#5405));
#5395 = ORIENTED_EDGE('',*,*,#5396,.F.);
#5396 = EDGE_CURVE('',#4930,#5397,#5399,.T.);
#5397 = VERTEX_POINT('',#5398);
#5398 = CARTESIAN_POINT('',(-0.400000000002,-0.954285117053,
    1.730000000175));
#5399 = LINE('',#5400,#5401);
#5400 = CARTESIAN_POINT('',(-0.399999999916,-7.928511697464E-02,
    1.665000000254));
#5401 = VECTOR('',#5402,1.);
#5402 = DIRECTION('',(0.,-0.997252183706,7.408159078955E-02));
#5403 = ORIENTED_EDGE('',*,*,#4953,.T.);
#5404 = ORIENTED_EDGE('',*,*,#5224,.F.);
#5405 = ORIENTED_EDGE('',*,*,#5406,.F.);
#5406 = EDGE_CURVE('',#5397,#5225,#5407,.T.);
#5407 = LINE('',#5408,#5409);
#5408 = CARTESIAN_POINT('',(-0.399999999916,-0.954285116975,
    1.905000000254));
#5409 = VECTOR('',#5410,1.);
#5410 = DIRECTION('',(0.,0.,1.));
#5411 = PLANE('',#5412);
#5412 = AXIS2_PLACEMENT_3D('',#5413,#5414,#5415);
#5413 = CARTESIAN_POINT('',(-0.40000000017,0.796714882773,1.599));
#5414 = DIRECTION('',(1.,0.,0.));
#5415 = DIRECTION('',(0.,0.,1.));
#5416 = ADVANCED_FACE('',(#5417),#5428,.T.);
#5417 = FACE_BOUND('',#5418,.T.);
#5418 = EDGE_LOOP('',(#5419,#5420,#5421,#5427));
#5419 = ORIENTED_EDGE('',*,*,#4971,.F.);
#5420 = ORIENTED_EDGE('',*,*,#5271,.T.);
#5421 = ORIENTED_EDGE('',*,*,#5422,.T.);
#5422 = EDGE_CURVE('',#5264,#5375,#5423,.T.);
#5423 = LINE('',#5424,#5425);
#5424 = CARTESIAN_POINT('',(0.400000000084,-0.954285116975,
    1.905000000254));
#5425 = VECTOR('',#5426,1.);
#5426 = DIRECTION('',(0.,0.,1.));
#5427 = ORIENTED_EDGE('',*,*,#5374,.T.);
#5428 = PLANE('',#5429);
#5429 = AXIS2_PLACEMENT_3D('',#5430,#5431,#5432);
#5430 = CARTESIAN_POINT('',(0.39999999983,0.796714882773,2.081));
#5431 = DIRECTION('',(-1.,0.,0.));
#5432 = DIRECTION('',(0.,0.,-1.));
#5433 = ADVANCED_FACE('',(#5434),#5477,.T.);
#5434 = FACE_BOUND('',#5435,.T.);
#5435 = EDGE_LOOP('',(#5436,#5444,#5452,#5460,#5468,#5474,#5475,#5476));
#5436 = ORIENTED_EDGE('',*,*,#5437,.T.);
#5437 = EDGE_CURVE('',#5109,#5438,#5440,.T.);
#5438 = VERTEX_POINT('',#5439);
#5439 = CARTESIAN_POINT('',(-2.200000000002,-2.20428511706,
    2.000000000169));
#5440 = LINE('',#5441,#5442);
#5441 = CARTESIAN_POINT('',(-2.199999999916,-2.204285116976,
    2.250000000254));
#5442 = VECTOR('',#5443,1.);
#5443 = DIRECTION('',(0.,0.,-1.));
#5444 = ORIENTED_EDGE('',*,*,#5445,.F.);
#5445 = EDGE_CURVE('',#5446,#5438,#5448,.T.);
#5446 = VERTEX_POINT('',#5447);
#5447 = CARTESIAN_POINT('',(-2.200000000002,0.195714882941,
    2.000000000169));
#5448 = LINE('',#5449,#5450);
#5449 = CARTESIAN_POINT('',(-2.199999999916,-1.004285116975,
    2.000000000254));
#5450 = VECTOR('',#5451,1.);
#5451 = DIRECTION('',(0.,-1.,-4.246458508901E-15));
#5452 = ORIENTED_EDGE('',*,*,#5453,.F.);
#5453 = EDGE_CURVE('',#5454,#5446,#5456,.T.);
#5454 = VERTEX_POINT('',#5455);
#5455 = CARTESIAN_POINT('',(-2.200000000002,0.195714882941,
    1.400000000169));
#5456 = LINE('',#5457,#5458);
#5457 = CARTESIAN_POINT('',(-2.199999999916,0.195714883025,
    1.700000000254));
#5458 = VECTOR('',#5459,1.);
#5459 = DIRECTION('',(0.,0.,1.));
#5460 = ORIENTED_EDGE('',*,*,#5461,.T.);
#5461 = EDGE_CURVE('',#5454,#5462,#5464,.T.);
#5462 = VERTEX_POINT('',#5463);
#5463 = CARTESIAN_POINT('',(-2.200000000002,-2.20428511706,
    1.400000000169));
#5464 = LINE('',#5465,#5466);
#5465 = CARTESIAN_POINT('',(-2.199999999916,-1.004285116975,
    1.400000000254));
#5466 = VECTOR('',#5467,1.);
#5467 = DIRECTION('',(0.,-1.,-3.162256336415E-15));
#5468 = ORIENTED_EDGE('',*,*,#5469,.T.);
#5469 = EDGE_CURVE('',#5462,#5287,#5470,.T.);
#5470 = LINE('',#5471,#5472);
#5471 = CARTESIAN_POINT('',(-2.199999999916,-2.204285116976,
    0.900000000254));
#5472 = VECTOR('',#5473,1.);
#5473 = DIRECTION('',(0.,0.,-1.));
#5474 = ORIENTED_EDGE('',*,*,#5296,.F.);
#5475 = ORIENTED_EDGE('',*,*,#5031,.F.);
#5476 = ORIENTED_EDGE('',*,*,#5116,.T.);
#5477 = PLANE('',#5478);
#5478 = AXIS2_PLACEMENT_3D('',#5479,#5480,#5481);
#5479 = CARTESIAN_POINT('',(-2.200000000171,0.796714882773,0.399));
#5480 = DIRECTION('',(1.,0.,0.));
#5481 = DIRECTION('',(0.,0.,1.));
#5482 = ADVANCED_FACE('',(#5483),#5494,.T.);
#5483 = FACE_BOUND('',#5484,.T.);
#5484 = EDGE_LOOP('',(#5485,#5486,#5487,#5488));
#5485 = ORIENTED_EDGE('',*,*,#5146,.T.);
#5486 = ORIENTED_EDGE('',*,*,#4911,.T.);
#5487 = ORIENTED_EDGE('',*,*,#5351,.F.);
#5488 = ORIENTED_EDGE('',*,*,#5489,.T.);
#5489 = EDGE_CURVE('',#5344,#5147,#5490,.T.);
#5490 = LINE('',#5491,#5492);
#5491 = CARTESIAN_POINT('',(-1.499999999915,-0.954285116975,
    2.080000000254));
#5492 = VECTOR('',#5493,1.);
#5493 = DIRECTION('',(1.,0.,0.));
#5494 = PLANE('',#5495);
#5495 = AXIS2_PLACEMENT_3D('',#5496,#5497,#5498);
#5496 = CARTESIAN_POINT('',(-1.399000000169,-0.955285117228,2.08));
#5497 = DIRECTION('',(0.,0.,1.));
#5498 = DIRECTION('',(0.,1.,0.));
#5499 = ADVANCED_FACE('',(#5500),#5511,.T.);
#5500 = FACE_BOUND('',#5501,.T.);
#5501 = EDGE_LOOP('',(#5502,#5503,#5504,#5505));
#5502 = ORIENTED_EDGE('',*,*,#5255,.F.);
#5503 = ORIENTED_EDGE('',*,*,#4987,.T.);
#5504 = ORIENTED_EDGE('',*,*,#5365,.F.);
#5505 = ORIENTED_EDGE('',*,*,#5506,.F.);
#5506 = EDGE_CURVE('',#5256,#5366,#5507,.T.);
#5507 = LINE('',#5508,#5509);
#5508 = CARTESIAN_POINT('',(0.600000000086,-0.954285116975,
    1.905000000254));
#5509 = VECTOR('',#5510,1.);
#5510 = DIRECTION('',(0.,0.,1.));
#5511 = PLANE('',#5512);
#5512 = AXIS2_PLACEMENT_3D('',#5513,#5514,#5515);
#5513 = CARTESIAN_POINT('',(0.599999999832,0.796714882773,1.599));
#5514 = DIRECTION('',(1.,0.,0.));
#5515 = DIRECTION('',(0.,0.,1.));
#5516 = ADVANCED_FACE('',(#5517),#5528,.T.);
#5517 = FACE_BOUND('',#5518,.T.);
#5518 = EDGE_LOOP('',(#5519,#5520,#5526,#5527));
#5519 = ORIENTED_EDGE('',*,*,#5137,.T.);
#5520 = ORIENTED_EDGE('',*,*,#5521,.F.);
#5521 = EDGE_CURVE('',#5336,#5138,#5522,.T.);
#5522 = LINE('',#5523,#5524);
#5523 = CARTESIAN_POINT('',(-1.499999999915,-0.954285116975,
    1.730000000254));
#5524 = VECTOR('',#5525,1.);
#5525 = DIRECTION('',(1.,0.,0.));
#5526 = ORIENTED_EDGE('',*,*,#5335,.F.);
#5527 = ORIENTED_EDGE('',*,*,#4893,.T.);
#5528 = PLANE('',#5529);
#5529 = AXIS2_PLACEMENT_3D('',#5530,#5531,#5532);
#5530 = CARTESIAN_POINT('',(-1.399000000169,0.796712134955,
    1.599925918409));
#5531 = DIRECTION('',(1.284621367237E-14,-7.408159078954E-02,
    -0.997252183706));
#5532 = DIRECTION('',(9.860761315263E-31,-0.997252183706,
    7.408159078954E-02));
#5533 = ADVANCED_FACE('',(#5534),#5545,.T.);
#5534 = FACE_BOUND('',#5535,.T.);
#5535 = EDGE_LOOP('',(#5536,#5537,#5543,#5544));
#5536 = ORIENTED_EDGE('',*,*,#5396,.T.);
#5537 = ORIENTED_EDGE('',*,*,#5538,.F.);
#5538 = EDGE_CURVE('',#5312,#5397,#5539,.T.);
#5539 = LINE('',#5540,#5541);
#5540 = CARTESIAN_POINT('',(-0.499999999915,-0.954285116975,
    1.730000000254));
#5541 = VECTOR('',#5542,1.);
#5542 = DIRECTION('',(1.,0.,0.));
#5543 = ORIENTED_EDGE('',*,*,#5311,.F.);
#5544 = ORIENTED_EDGE('',*,*,#4927,.T.);
#5545 = PLANE('',#5546);
#5546 = AXIS2_PLACEMENT_3D('',#5547,#5548,#5549);
#5547 = CARTESIAN_POINT('',(-1.399000000169,0.796712134955,
    1.599925918409));
#5548 = DIRECTION('',(1.284621367237E-14,-7.408159078954E-02,
    -0.997252183706));
#5549 = DIRECTION('',(9.860761315263E-31,-0.997252183706,
    7.408159078954E-02));
#5550 = ADVANCED_FACE('',(#5551,#5603),#5701,.T.);
#5551 = FACE_BOUND('',#5552,.T.);
#5552 = EDGE_LOOP('',(#5553,#5563,#5569,#5570,#5571,#5572,#5580,#5588,
    #5594,#5595,#5596,#5597));
#5553 = ORIENTED_EDGE('',*,*,#5554,.F.);
#5554 = EDGE_CURVE('',#5555,#5557,#5559,.T.);
#5555 = VERTEX_POINT('',#5556);
#5556 = CARTESIAN_POINT('',(-2.55,-2.20428511706,2.000000000169));
#5557 = VERTEX_POINT('',#5558);
#5558 = CARTESIAN_POINT('',(-2.55,-2.20428511706,1.400000000169));
#5559 = LINE('',#5560,#5561);
#5560 = CARTESIAN_POINT('',(-2.549999999915,-2.204285116976,
    1.700000000254));
#5561 = VECTOR('',#5562,1.);
#5562 = DIRECTION('',(0.,0.,-1.));
#5563 = ORIENTED_EDGE('',*,*,#5564,.F.);
#5564 = EDGE_CURVE('',#5438,#5555,#5565,.T.);
#5565 = LINE('',#5566,#5567);
#5566 = CARTESIAN_POINT('',(-2.374999999916,-2.204285116976,
    2.000000000254));
#5567 = VECTOR('',#5568,1.);
#5568 = DIRECTION('',(-1.,0.,0.));
#5569 = ORIENTED_EDGE('',*,*,#5437,.F.);
#5570 = ORIENTED_EDGE('',*,*,#5106,.F.);
#5571 = ORIENTED_EDGE('',*,*,#5186,.F.);
#5572 = ORIENTED_EDGE('',*,*,#5573,.F.);
#5573 = EDGE_CURVE('',#5574,#5179,#5576,.T.);
#5574 = VERTEX_POINT('',#5575);
#5575 = CARTESIAN_POINT('',(2.549999999999,-2.20428511706,2.000000000169
    ));
#5576 = LINE('',#5577,#5578);
#5577 = CARTESIAN_POINT('',(2.375000000084,-2.204285116976,
    2.000000000254));
#5578 = VECTOR('',#5579,1.);
#5579 = DIRECTION('',(-1.,0.,0.));
#5580 = ORIENTED_EDGE('',*,*,#5581,.F.);
#5581 = EDGE_CURVE('',#5582,#5574,#5584,.T.);
#5582 = VERTEX_POINT('',#5583);
#5583 = CARTESIAN_POINT('',(2.549999999999,-2.204285117057,
    1.400000000169));
#5584 = LINE('',#5585,#5586);
#5585 = CARTESIAN_POINT('',(2.550000000085,-2.204285116974,
    1.700000000254));
#5586 = VECTOR('',#5587,1.);
#5587 = DIRECTION('',(0.,-4.25585492773E-12,1.));
#5588 = ORIENTED_EDGE('',*,*,#5589,.F.);
#5589 = EDGE_CURVE('',#5203,#5582,#5590,.T.);
#5590 = LINE('',#5591,#5592);
#5591 = CARTESIAN_POINT('',(2.375000000084,-2.204285116974,
    1.400000000254));
#5592 = VECTOR('',#5593,1.);
#5593 = DIRECTION('',(1.,7.295751304657E-12,0.));
#5594 = ORIENTED_EDGE('',*,*,#5202,.F.);
#5595 = ORIENTED_EDGE('',*,*,#5286,.F.);
#5596 = ORIENTED_EDGE('',*,*,#5469,.F.);
#5597 = ORIENTED_EDGE('',*,*,#5598,.F.);
#5598 = EDGE_CURVE('',#5557,#5462,#5599,.T.);
#5599 = LINE('',#5600,#5601);
#5600 = CARTESIAN_POINT('',(-2.374999999916,-2.204285116976,
    1.400000000254));
#5601 = VECTOR('',#5602,1.);
#5602 = DIRECTION('',(1.,0.,0.));
#5603 = FACE_BOUND('',#5604,.T.);
#5604 = EDGE_LOOP('',(#5605,#5615,#5623,#5631,#5639,#5647,#5655,#5663,
    #5671,#5679,#5687,#5695));
#5605 = ORIENTED_EDGE('',*,*,#5606,.F.);
#5606 = EDGE_CURVE('',#5607,#5609,#5611,.T.);
#5607 = VERTEX_POINT('',#5608);
#5608 = CARTESIAN_POINT('',(-2.7,-2.20428511706,1.200000000169));
#5609 = VERTEX_POINT('',#5610);
#5610 = CARTESIAN_POINT('',(-3.000000000001,-2.20428511706,
    1.200000000169));
#5611 = LINE('',#5612,#5613);
#5612 = CARTESIAN_POINT('',(-2.849999999916,-2.204285116976,
    1.200000000254));
#5613 = VECTOR('',#5614,1.);
#5614 = DIRECTION('',(-1.,0.,0.));
#5615 = ORIENTED_EDGE('',*,*,#5616,.T.);
#5616 = EDGE_CURVE('',#5607,#5617,#5619,.T.);
#5617 = VERTEX_POINT('',#5618);
#5618 = CARTESIAN_POINT('',(-2.7,-2.20428511706,-5.000000016935E-02));
#5619 = LINE('',#5620,#5621);
#5620 = CARTESIAN_POINT('',(-2.699999999915,-2.204285116976,0.575));
#5621 = VECTOR('',#5622,1.);
#5622 = DIRECTION('',(0.,0.,-1.));
#5623 = ORIENTED_EDGE('',*,*,#5624,.T.);
#5624 = EDGE_CURVE('',#5617,#5625,#5627,.T.);
#5625 = VERTEX_POINT('',#5626);
#5626 = CARTESIAN_POINT('',(-2.500000000001,-2.20428511706,
    -5.000000016935E-02));
#5627 = LINE('',#5628,#5629);
#5628 = CARTESIAN_POINT('',(-2.599999999914,-2.204285116976,
    -5.000000025402E-02));
#5629 = VECTOR('',#5630,1.);
#5630 = DIRECTION('',(1.,0.,0.));
#5631 = ORIENTED_EDGE('',*,*,#5632,.F.);
#5632 = EDGE_CURVE('',#5633,#5625,#5635,.T.);
#5633 = VERTEX_POINT('',#5634);
#5634 = CARTESIAN_POINT('',(-2.500000000001,-2.20428511706,
    -1.693495062065E-10));
#5635 = LINE('',#5636,#5637);
#5636 = CARTESIAN_POINT('',(-2.499999999915,-2.204285116976,
    -2.500000025402E-02));
#5637 = VECTOR('',#5638,1.);
#5638 = DIRECTION('',(0.,0.,-1.));
#5639 = ORIENTED_EDGE('',*,*,#5640,.T.);
#5640 = EDGE_CURVE('',#5633,#5641,#5643,.T.);
#5641 = VERTEX_POINT('',#5642);
#5642 = CARTESIAN_POINT('',(2.500000000001,-2.204285117057,
    -1.693495062065E-10));
#5643 = LINE('',#5644,#5645);
#5644 = CARTESIAN_POINT('',(8.448797217397E-11,-2.204285116974,
    -2.540159922682E-10));
#5645 = VECTOR('',#5646,1.);
#5646 = DIRECTION('',(1.,5.107025913275E-13,0.));
#5647 = ORIENTED_EDGE('',*,*,#5648,.T.);
#5648 = EDGE_CURVE('',#5641,#5649,#5651,.T.);
#5649 = VERTEX_POINT('',#5650);
#5650 = CARTESIAN_POINT('',(2.500000000001,-2.204285117057,
    -5.000000016935E-02));
#5651 = LINE('',#5652,#5653);
#5652 = CARTESIAN_POINT('',(2.500000000086,-2.204285116973,
    -2.500000025402E-02));
#5653 = VECTOR('',#5654,1.);
#5654 = DIRECTION('',(0.,0.,-1.));
#5655 = ORIENTED_EDGE('',*,*,#5656,.F.);
#5656 = EDGE_CURVE('',#5657,#5649,#5659,.T.);
#5657 = VERTEX_POINT('',#5658);
#5658 = CARTESIAN_POINT('',(2.699999999999,-2.204285117057,
    -5.000000016935E-02));
#5659 = LINE('',#5660,#5661);
#5660 = CARTESIAN_POINT('',(2.600000000085,-2.204285116973,
    -5.000000025402E-02));
#5661 = VECTOR('',#5662,1.);
#5662 = DIRECTION('',(-1.,0.,0.));
#5663 = ORIENTED_EDGE('',*,*,#5664,.F.);
#5664 = EDGE_CURVE('',#5665,#5657,#5667,.T.);
#5665 = VERTEX_POINT('',#5666);
#5666 = CARTESIAN_POINT('',(2.699999999999,-2.204285117057,
    1.200000000169));
#5667 = LINE('',#5668,#5669);
#5668 = CARTESIAN_POINT('',(2.700000000085,-2.204285116973,0.575));
#5669 = VECTOR('',#5670,1.);
#5670 = DIRECTION('',(0.,0.,-1.));
#5671 = ORIENTED_EDGE('',*,*,#5672,.T.);
#5672 = EDGE_CURVE('',#5665,#5673,#5675,.T.);
#5673 = VERTEX_POINT('',#5674);
#5674 = CARTESIAN_POINT('',(3.,-2.204285117057,1.200000000169));
#5675 = LINE('',#5676,#5677);
#5676 = CARTESIAN_POINT('',(2.850000000086,-2.204285116973,
    1.200000000254));
#5677 = VECTOR('',#5678,1.);
#5678 = DIRECTION('',(1.,0.,0.));
#5679 = ORIENTED_EDGE('',*,*,#5680,.F.);
#5680 = EDGE_CURVE('',#5681,#5673,#5683,.T.);
#5681 = VERTEX_POINT('',#5682);
#5682 = CARTESIAN_POINT('',(3.,-2.20428511706,2.900000000169));
#5683 = LINE('',#5684,#5685);
#5684 = CARTESIAN_POINT('',(3.000000000085,-2.204285116974,
    2.050000000254));
#5685 = VECTOR('',#5686,1.);
#5686 = DIRECTION('',(0.,1.502066445081E-12,-1.));
#5687 = ORIENTED_EDGE('',*,*,#5688,.F.);
#5688 = EDGE_CURVE('',#5689,#5681,#5691,.T.);
#5689 = VERTEX_POINT('',#5690);
#5690 = CARTESIAN_POINT('',(-3.000000000001,-2.20428511706,
    2.900000000169));
#5691 = LINE('',#5692,#5693);
#5692 = CARTESIAN_POINT('',(8.448797217397E-11,-2.204285116976,
    2.900000000254));
#5693 = VECTOR('',#5694,1.);
#5694 = DIRECTION('',(1.,0.,0.));
#5695 = ORIENTED_EDGE('',*,*,#5696,.T.);
#5696 = EDGE_CURVE('',#5689,#5609,#5697,.T.);
#5697 = LINE('',#5698,#5699);
#5698 = CARTESIAN_POINT('',(-2.999999999916,-2.204285116976,
    2.050000000254));
#5699 = VECTOR('',#5700,1.);
#5700 = DIRECTION('',(0.,0.,-1.));
#5701 = PLANE('',#5702);
#5702 = AXIS2_PLACEMENT_3D('',#5703,#5704,#5705);
#5703 = CARTESIAN_POINT('',(-3.001000000169,-2.204285117229,
    -5.100000000001E-02));
#5704 = DIRECTION('',(0.,-1.,0.));
#5705 = DIRECTION('',(1.,0.,0.));
#5706 = ADVANCED_FACE('',(#5707),#5713,.T.);
#5707 = FACE_BOUND('',#5708,.T.);
#5708 = EDGE_LOOP('',(#5709,#5710,#5711,#5712));
#5709 = ORIENTED_EDGE('',*,*,#5154,.T.);
#5710 = ORIENTED_EDGE('',*,*,#5489,.F.);
#5711 = ORIENTED_EDGE('',*,*,#5343,.F.);
#5712 = ORIENTED_EDGE('',*,*,#5521,.T.);
#5713 = PLANE('',#5714);
#5714 = AXIS2_PLACEMENT_3D('',#5715,#5716,#5717);
#5715 = CARTESIAN_POINT('',(-1.399000000169,-0.954285117229,1.729));
#5716 = DIRECTION('',(0.,-1.,0.));
#5717 = DIRECTION('',(0.,0.,1.));
#5718 = ADVANCED_FACE('',(#5719),#5744,.T.);
#5719 = FACE_BOUND('',#5720,.T.);
#5720 = EDGE_LOOP('',(#5721,#5722,#5730,#5738));
#5721 = ORIENTED_EDGE('',*,*,#5168,.T.);
#5722 = ORIENTED_EDGE('',*,*,#5723,.T.);
#5723 = EDGE_CURVE('',#5171,#5724,#5726,.T.);
#5724 = VERTEX_POINT('',#5725);
#5725 = CARTESIAN_POINT('',(2.549999999999,0.195714882941,1.400000000169
    ));
#5726 = LINE('',#5727,#5728);
#5727 = CARTESIAN_POINT('',(2.375000000084,0.195714883025,1.400000000254
    ));
#5728 = VECTOR('',#5729,1.);
#5729 = DIRECTION('',(1.,0.,0.));
#5730 = ORIENTED_EDGE('',*,*,#5731,.T.);
#5731 = EDGE_CURVE('',#5724,#5732,#5734,.T.);
#5732 = VERTEX_POINT('',#5733);
#5733 = CARTESIAN_POINT('',(2.549999999999,0.195714882941,2.000000000169
    ));
#5734 = LINE('',#5735,#5736);
#5735 = CARTESIAN_POINT('',(2.550000000085,0.195714883025,1.700000000254
    ));
#5736 = VECTOR('',#5737,1.);
#5737 = DIRECTION('',(0.,0.,1.));
#5738 = ORIENTED_EDGE('',*,*,#5739,.T.);
#5739 = EDGE_CURVE('',#5732,#5169,#5740,.T.);
#5740 = LINE('',#5741,#5742);
#5741 = CARTESIAN_POINT('',(2.375000000084,0.195714883025,2.000000000254
    ));
#5742 = VECTOR('',#5743,1.);
#5743 = DIRECTION('',(-1.,0.,0.));
#5744 = PLANE('',#5745);
#5745 = AXIS2_PLACEMENT_3D('',#5746,#5747,#5748);
#5746 = CARTESIAN_POINT('',(-2.199000000168,0.195714882771,1.399));
#5747 = DIRECTION('',(0.,-1.,0.));
#5748 = DIRECTION('',(0.,0.,1.));
#5749 = ADVANCED_FACE('',(#5750),#5761,.T.);
#5750 = FACE_BOUND('',#5751,.T.);
#5751 = EDGE_LOOP('',(#5752,#5753,#5759,#5760));
#5752 = ORIENTED_EDGE('',*,*,#5589,.T.);
#5753 = ORIENTED_EDGE('',*,*,#5754,.F.);
#5754 = EDGE_CURVE('',#5724,#5582,#5755,.T.);
#5755 = LINE('',#5756,#5757);
#5756 = CARTESIAN_POINT('',(2.550000000085,-1.004285116973,
    1.400000000254));
#5757 = VECTOR('',#5758,1.);
#5758 = DIRECTION('',(0.,-1.,-3.162256336419E-15));
#5759 = ORIENTED_EDGE('',*,*,#5723,.F.);
#5760 = ORIENTED_EDGE('',*,*,#5210,.T.);
#5761 = PLANE('',#5762);
#5762 = AXIS2_PLACEMENT_3D('',#5763,#5764,#5765);
#5763 = CARTESIAN_POINT('',(-2.199000000168,0.196714882772,1.4));
#5764 = DIRECTION('',(0.,0.,1.));
#5765 = DIRECTION('',(-1.,0.,0.));
#5766 = ADVANCED_FACE('',(#5767),#5778,.T.);
#5767 = FACE_BOUND('',#5768,.T.);
#5768 = EDGE_LOOP('',(#5769,#5770,#5771,#5772));
#5769 = ORIENTED_EDGE('',*,*,#5573,.T.);
#5770 = ORIENTED_EDGE('',*,*,#5178,.F.);
#5771 = ORIENTED_EDGE('',*,*,#5739,.F.);
#5772 = ORIENTED_EDGE('',*,*,#5773,.T.);
#5773 = EDGE_CURVE('',#5732,#5574,#5774,.T.);
#5774 = LINE('',#5775,#5776);
#5775 = CARTESIAN_POINT('',(2.550000000085,-1.004285116975,
    2.000000000254));
#5776 = VECTOR('',#5777,1.);
#5777 = DIRECTION('',(0.,-1.,-4.246458508901E-15));
#5778 = PLANE('',#5779);
#5779 = AXIS2_PLACEMENT_3D('',#5780,#5781,#5782);
#5780 = CARTESIAN_POINT('',(-2.551000000171,0.196714882772,2.));
#5781 = DIRECTION('',(0.,0.,-1.));
#5782 = DIRECTION('',(1.,0.,0.));
#5783 = ADVANCED_FACE('',(#5784),#5790,.T.);
#5784 = FACE_BOUND('',#5785,.T.);
#5785 = EDGE_LOOP('',(#5786,#5787,#5788,#5789));
#5786 = ORIENTED_EDGE('',*,*,#5406,.T.);
#5787 = ORIENTED_EDGE('',*,*,#5241,.F.);
#5788 = ORIENTED_EDGE('',*,*,#5319,.F.);
#5789 = ORIENTED_EDGE('',*,*,#5538,.T.);
#5790 = PLANE('',#5791);
#5791 = AXIS2_PLACEMENT_3D('',#5792,#5793,#5794);
#5792 = CARTESIAN_POINT('',(-1.399000000169,-0.954285117229,1.729));
#5793 = DIRECTION('',(0.,-1.,0.));
#5794 = DIRECTION('',(0.,0.,1.));
#5795 = ADVANCED_FACE('',(#5796),#5802,.T.);
#5796 = FACE_BOUND('',#5797,.T.);
#5797 = EDGE_LOOP('',(#5798,#5799,#5800,#5801));
#5798 = ORIENTED_EDGE('',*,*,#5506,.T.);
#5799 = ORIENTED_EDGE('',*,*,#5382,.F.);
#5800 = ORIENTED_EDGE('',*,*,#5422,.F.);
#5801 = ORIENTED_EDGE('',*,*,#5263,.T.);
#5802 = PLANE('',#5803);
#5803 = AXIS2_PLACEMENT_3D('',#5804,#5805,#5806);
#5804 = CARTESIAN_POINT('',(-1.399000000169,-0.954285117229,1.729));
#5805 = DIRECTION('',(0.,-1.,0.));
#5806 = DIRECTION('',(0.,0.,1.));
#5807 = ADVANCED_FACE('',(#5808),#5833,.T.);
#5808 = FACE_BOUND('',#5809,.T.);
#5809 = EDGE_LOOP('',(#5810,#5818,#5826,#5832));
#5810 = ORIENTED_EDGE('',*,*,#5811,.T.);
#5811 = EDGE_CURVE('',#5446,#5812,#5814,.T.);
#5812 = VERTEX_POINT('',#5813);
#5813 = CARTESIAN_POINT('',(-2.55,0.195714882941,2.000000000169));
#5814 = LINE('',#5815,#5816);
#5815 = CARTESIAN_POINT('',(-2.374999999916,0.195714883025,
    2.000000000254));
#5816 = VECTOR('',#5817,1.);
#5817 = DIRECTION('',(-1.,0.,0.));
#5818 = ORIENTED_EDGE('',*,*,#5819,.T.);
#5819 = EDGE_CURVE('',#5812,#5820,#5822,.T.);
#5820 = VERTEX_POINT('',#5821);
#5821 = CARTESIAN_POINT('',(-2.55,0.195714882941,1.400000000169));
#5822 = LINE('',#5823,#5824);
#5823 = CARTESIAN_POINT('',(-2.549999999915,0.195714883025,
    1.700000000254));
#5824 = VECTOR('',#5825,1.);
#5825 = DIRECTION('',(0.,0.,-1.));
#5826 = ORIENTED_EDGE('',*,*,#5827,.T.);
#5827 = EDGE_CURVE('',#5820,#5454,#5828,.T.);
#5828 = LINE('',#5829,#5830);
#5829 = CARTESIAN_POINT('',(-2.374999999916,0.195714883025,
    1.400000000254));
#5830 = VECTOR('',#5831,1.);
#5831 = DIRECTION('',(1.,0.,0.));
#5832 = ORIENTED_EDGE('',*,*,#5453,.T.);
#5833 = PLANE('',#5834);
#5834 = AXIS2_PLACEMENT_3D('',#5835,#5836,#5837);
#5835 = CARTESIAN_POINT('',(-2.199000000168,0.195714882771,1.399));
#5836 = DIRECTION('',(0.,-1.,0.));
#5837 = DIRECTION('',(0.,0.,1.));
#5838 = ADVANCED_FACE('',(#5839),#5850,.T.);
#5839 = FACE_BOUND('',#5840,.T.);
#5840 = EDGE_LOOP('',(#5841,#5842,#5843,#5844));
#5841 = ORIENTED_EDGE('',*,*,#5598,.T.);
#5842 = ORIENTED_EDGE('',*,*,#5461,.F.);
#5843 = ORIENTED_EDGE('',*,*,#5827,.F.);
#5844 = ORIENTED_EDGE('',*,*,#5845,.T.);
#5845 = EDGE_CURVE('',#5820,#5557,#5846,.T.);
#5846 = LINE('',#5847,#5848);
#5847 = CARTESIAN_POINT('',(-2.549999999915,-1.004285116975,
    1.400000000254));
#5848 = VECTOR('',#5849,1.);
#5849 = DIRECTION('',(0.,-1.,-4.246458508901E-15));
#5850 = PLANE('',#5851);
#5851 = AXIS2_PLACEMENT_3D('',#5852,#5853,#5854);
#5852 = CARTESIAN_POINT('',(-2.199000000168,0.196714882772,1.4));
#5853 = DIRECTION('',(0.,0.,1.));
#5854 = DIRECTION('',(-1.,0.,0.));
#5855 = ADVANCED_FACE('',(#5856),#5867,.T.);
#5856 = FACE_BOUND('',#5857,.T.);
#5857 = EDGE_LOOP('',(#5858,#5859,#5865,#5866));
#5858 = ORIENTED_EDGE('',*,*,#5564,.T.);
#5859 = ORIENTED_EDGE('',*,*,#5860,.F.);
#5860 = EDGE_CURVE('',#5812,#5555,#5861,.T.);
#5861 = LINE('',#5862,#5863);
#5862 = CARTESIAN_POINT('',(-2.549999999915,-1.004285116975,
    2.000000000254));
#5863 = VECTOR('',#5864,1.);
#5864 = DIRECTION('',(0.,-1.,-4.246458508901E-15));
#5865 = ORIENTED_EDGE('',*,*,#5811,.F.);
#5866 = ORIENTED_EDGE('',*,*,#5445,.T.);
#5867 = PLANE('',#5868);
#5868 = AXIS2_PLACEMENT_3D('',#5869,#5870,#5871);
#5869 = CARTESIAN_POINT('',(-2.551000000171,0.196714882772,2.));
#5870 = DIRECTION('',(0.,0.,-1.));
#5871 = DIRECTION('',(1.,0.,0.));
#5872 = ADVANCED_FACE('',(#5873),#5898,.T.);
#5873 = FACE_BOUND('',#5874,.T.);
#5874 = EDGE_LOOP('',(#5875,#5883,#5891,#5897));
#5875 = ORIENTED_EDGE('',*,*,#5876,.T.);
#5876 = EDGE_CURVE('',#5649,#5877,#5879,.T.);
#5877 = VERTEX_POINT('',#5878);
#5878 = CARTESIAN_POINT('',(2.500000000001,-0.704285117058,
    -5.000000016934E-02));
#5879 = LINE('',#5880,#5881);
#5880 = CARTESIAN_POINT('',(2.500000000086,-1.454285116973,
    -5.000000025401E-02));
#5881 = VECTOR('',#5882,1.);
#5882 = DIRECTION('',(0.,1.,5.059610138269E-15));
#5883 = ORIENTED_EDGE('',*,*,#5884,.F.);
#5884 = EDGE_CURVE('',#5885,#5877,#5887,.T.);
#5885 = VERTEX_POINT('',#5886);
#5886 = CARTESIAN_POINT('',(2.699999999999,-0.704285117058,
    -5.000000016934E-02));
#5887 = LINE('',#5888,#5889);
#5888 = CARTESIAN_POINT('',(2.600000000085,-0.704285116974,
    -5.000000025401E-02));
#5889 = VECTOR('',#5890,1.);
#5890 = DIRECTION('',(-1.,0.,0.));
#5891 = ORIENTED_EDGE('',*,*,#5892,.F.);
#5892 = EDGE_CURVE('',#5657,#5885,#5893,.T.);
#5893 = LINE('',#5894,#5895);
#5894 = CARTESIAN_POINT('',(2.700000000085,-1.454285116973,
    -5.000000025401E-02));
#5895 = VECTOR('',#5896,1.);
#5896 = DIRECTION('',(0.,1.,5.059610138269E-15));
#5897 = ORIENTED_EDGE('',*,*,#5656,.T.);
#5898 = PLANE('',#5899);
#5899 = AXIS2_PLACEMENT_3D('',#5900,#5901,#5902);
#5900 = CARTESIAN_POINT('',(-2.499000000171,-0.703285117229,
    -5.000000000001E-02));
#5901 = DIRECTION('',(0.,0.,-1.));
#5902 = DIRECTION('',(0.,-1.,0.));
#5903 = ADVANCED_FACE('',(#5904),#5910,.T.);
#5904 = FACE_BOUND('',#5905,.T.);
#5905 = EDGE_LOOP('',(#5906,#5907,#5908,#5909));
#5906 = ORIENTED_EDGE('',*,*,#5554,.T.);
#5907 = ORIENTED_EDGE('',*,*,#5845,.F.);
#5908 = ORIENTED_EDGE('',*,*,#5819,.F.);
#5909 = ORIENTED_EDGE('',*,*,#5860,.T.);
#5910 = PLANE('',#5911);
#5911 = AXIS2_PLACEMENT_3D('',#5912,#5913,#5914);
#5912 = CARTESIAN_POINT('',(-2.550000000169,0.196714882772,1.399));
#5913 = DIRECTION('',(1.,0.,0.));
#5914 = DIRECTION('',(0.,0.,1.));
#5915 = ADVANCED_FACE('',(#5916),#5941,.F.);
#5916 = FACE_BOUND('',#5917,.T.);
#5917 = EDGE_LOOP('',(#5918,#5926,#5927,#5935));
#5918 = ORIENTED_EDGE('',*,*,#5919,.F.);
#5919 = EDGE_CURVE('',#5633,#5920,#5922,.T.);
#5920 = VERTEX_POINT('',#5921);
#5921 = CARTESIAN_POINT('',(-2.500000000001,-0.704285117058,
    -1.693414831104E-10));
#5922 = LINE('',#5923,#5924);
#5923 = CARTESIAN_POINT('',(-2.499999999915,-1.454285116974,
    -2.540119807201E-10));
#5924 = VECTOR('',#5925,1.);
#5925 = DIRECTION('',(0.,1.,5.095750210676E-15));
#5926 = ORIENTED_EDGE('',*,*,#5632,.T.);
#5927 = ORIENTED_EDGE('',*,*,#5928,.T.);
#5928 = EDGE_CURVE('',#5625,#5929,#5931,.T.);
#5929 = VERTEX_POINT('',#5930);
#5930 = CARTESIAN_POINT('',(-2.500000000001,-0.704285117058,
    -5.000000016934E-02));
#5931 = LINE('',#5932,#5933);
#5932 = CARTESIAN_POINT('',(-2.499999999915,-1.454285116974,
    -5.000000025401E-02));
#5933 = VECTOR('',#5934,1.);
#5934 = DIRECTION('',(0.,1.,5.05961013826E-15));
#5935 = ORIENTED_EDGE('',*,*,#5936,.T.);
#5936 = EDGE_CURVE('',#5929,#5920,#5937,.T.);
#5937 = LINE('',#5938,#5939);
#5938 = CARTESIAN_POINT('',(-2.499999999915,-0.704285116974,
    -2.500000025401E-02));
#5939 = VECTOR('',#5940,1.);
#5940 = DIRECTION('',(0.,0.,1.));
#5941 = PLANE('',#5942);
#5942 = AXIS2_PLACEMENT_3D('',#5943,#5944,#5945);
#5943 = CARTESIAN_POINT('',(-2.500000000169,0.556039748178,1.399));
#5944 = DIRECTION('',(-1.,0.,0.));
#5945 = DIRECTION('',(0.,0.,1.));
#5946 = ADVANCED_FACE('',(#5947),#6036,.T.);
#5947 = FACE_BOUND('',#5948,.T.);
#5948 = EDGE_LOOP('',(#5949,#5959,#5967,#5975,#5983,#5991,#5999,#6005,
    #6006,#6014,#6022,#6030));
#5949 = ORIENTED_EDGE('',*,*,#5950,.T.);
#5950 = EDGE_CURVE('',#5951,#5953,#5955,.T.);
#5951 = VERTEX_POINT('',#5952);
#5952 = CARTESIAN_POINT('',(-3.000000000001,1.495714882941,
    1.400000000169));
#5953 = VERTEX_POINT('',#5954);
#5954 = CARTESIAN_POINT('',(-3.000000000001,2.045714882942,
    1.400000000169));
#5955 = LINE('',#5956,#5957);
#5956 = CARTESIAN_POINT('',(-2.999999999916,1.770714883025,
    1.400000000254));
#5957 = VECTOR('',#5958,1.);
#5958 = DIRECTION('',(0.,1.,0.));
#5959 = ORIENTED_EDGE('',*,*,#5960,.T.);
#5960 = EDGE_CURVE('',#5953,#5961,#5963,.T.);
#5961 = VERTEX_POINT('',#5962);
#5962 = CARTESIAN_POINT('',(-3.000000000001,2.045714882942,
    -1.693334600143E-10));
#5963 = LINE('',#5964,#5965);
#5964 = CARTESIAN_POINT('',(-2.999999999916,2.045714883026,0.7));
#5965 = VECTOR('',#5966,1.);
#5966 = DIRECTION('',(0.,0.,-1.));
#5967 = ORIENTED_EDGE('',*,*,#5968,.T.);
#5968 = EDGE_CURVE('',#5961,#5969,#5971,.T.);
#5969 = VERTEX_POINT('',#5970);
#5970 = CARTESIAN_POINT('',(-3.000000000001,-0.704285117058,
    -1.693419710014E-10));
#5971 = LINE('',#5972,#5973);
#5972 = CARTESIAN_POINT('',(-2.999999999916,0.670714883026,
    -2.540049876161E-10));
#5973 = VECTOR('',#5974,1.);
#5974 = DIRECTION('',(0.,-1.,-3.686287386452E-15));
#5975 = ORIENTED_EDGE('',*,*,#5976,.T.);
#5976 = EDGE_CURVE('',#5969,#5977,#5979,.T.);
#5977 = VERTEX_POINT('',#5978);
#5978 = CARTESIAN_POINT('',(-3.000000000001,-0.704285117058,
    0.550000000169));
#5979 = LINE('',#5980,#5981);
#5980 = CARTESIAN_POINT('',(-2.999999999916,-0.704285116974,0.275));
#5981 = VECTOR('',#5982,1.);
#5982 = DIRECTION('',(0.,0.,1.));
#5983 = ORIENTED_EDGE('',*,*,#5984,.T.);
#5984 = EDGE_CURVE('',#5977,#5985,#5987,.T.);
#5985 = VERTEX_POINT('',#5986);
#5986 = CARTESIAN_POINT('',(-3.000000000001,-1.704285117059,
    0.550000000169));
#5987 = LINE('',#5988,#5989);
#5988 = CARTESIAN_POINT('',(-2.999999999916,-1.204285116975,
    0.550000000254));
#5989 = VECTOR('',#5990,1.);
#5990 = DIRECTION('',(0.,-1.,-5.583641188294E-15));
#5991 = ORIENTED_EDGE('',*,*,#5992,.T.);
#5992 = EDGE_CURVE('',#5985,#5993,#5995,.T.);
#5993 = VERTEX_POINT('',#5994);
#5994 = CARTESIAN_POINT('',(-3.000000000001,-1.704285117059,
    1.200000000169));
#5995 = LINE('',#5996,#5997);
#5996 = CARTESIAN_POINT('',(-2.999999999916,-1.704285116975,
    0.875000000254));
#5997 = VECTOR('',#5998,1.);
#5998 = DIRECTION('',(0.,0.,1.));
#5999 = ORIENTED_EDGE('',*,*,#6000,.T.);
#6000 = EDGE_CURVE('',#5993,#5609,#6001,.T.);
#6001 = LINE('',#6002,#6003);
#6002 = CARTESIAN_POINT('',(-2.999999999916,-1.954285116975,
    1.200000000254));
#6003 = VECTOR('',#6004,1.);
#6004 = DIRECTION('',(0.,-1.,-4.987329993428E-15));
#6005 = ORIENTED_EDGE('',*,*,#5696,.F.);
#6006 = ORIENTED_EDGE('',*,*,#6007,.F.);
#6007 = EDGE_CURVE('',#6008,#5689,#6010,.T.);
#6008 = VERTEX_POINT('',#6009);
#6009 = CARTESIAN_POINT('',(-3.00000000017,0.557039748177,2.9));
#6010 = LINE('',#6011,#6012);
#6011 = CARTESIAN_POINT('',(-2.999999999916,-0.823622684272,
    2.900000000254));
#6012 = VECTOR('',#6013,1.);
#6013 = DIRECTION('',(0.,-1.,0.));
#6014 = ORIENTED_EDGE('',*,*,#6015,.T.);
#6015 = EDGE_CURVE('',#6008,#6016,#6018,.T.);
#6016 = VERTEX_POINT('',#6017);
#6017 = CARTESIAN_POINT('',(-3.000000000001,0.845714882956,
    2.400000000227));
#6018 = LINE('',#6019,#6020);
#6019 = CARTESIAN_POINT('',(-2.999999999916,0.701377315728,
    2.650000000254));
#6020 = VECTOR('',#6021,1.);
#6021 = DIRECTION('',(0.,0.499999999999,-0.866025403785));
#6022 = ORIENTED_EDGE('',*,*,#6023,.T.);
#6023 = EDGE_CURVE('',#6016,#6024,#6026,.T.);
#6024 = VERTEX_POINT('',#6025);
#6025 = CARTESIAN_POINT('',(-3.000000000001,1.495714882941,
    2.400000000169));
#6026 = LINE('',#6027,#6028);
#6027 = CARTESIAN_POINT('',(-2.999999999916,1.170714883025,
    2.400000000254));
#6028 = VECTOR('',#6029,1.);
#6029 = DIRECTION('',(0.,1.,4.003208021485E-15));
#6030 = ORIENTED_EDGE('',*,*,#6031,.T.);
#6031 = EDGE_CURVE('',#6024,#5951,#6032,.T.);
#6032 = LINE('',#6033,#6034);
#6033 = CARTESIAN_POINT('',(-2.999999999916,1.495714883025,
    1.900000000254));
#6034 = VECTOR('',#6035,1.);
#6035 = DIRECTION('',(0.,0.,-1.));
#6036 = PLANE('',#6037);
#6037 = AXIS2_PLACEMENT_3D('',#6038,#6039,#6040);
#6038 = CARTESIAN_POINT('',(-3.00000000017,2.046714882773,2.901));
#6039 = DIRECTION('',(-1.,0.,0.));
#6040 = DIRECTION('',(0.,0.,-1.));
#6041 = ADVANCED_FACE('',(#6042),#6191,.T.);
#6042 = FACE_BOUND('',#6043,.T.);
#6043 = EDGE_LOOP('',(#6044,#6045,#6051,#6052,#6060,#6068,#6076,#6084,
    #6090,#6091,#6092,#6100,#6106,#6107,#6115,#6123,#6131,#6139,#6147,
    #6155,#6163,#6171,#6177,#6178,#6184,#6185));
#6044 = ORIENTED_EDGE('',*,*,#4706,.F.);
#6045 = ORIENTED_EDGE('',*,*,#6046,.T.);
#6046 = EDGE_CURVE('',#4699,#4776,#6047,.T.);
#6047 = LINE('',#6048,#6049);
#6048 = CARTESIAN_POINT('',(1.500000000084,1.945714883026,
    -2.540000002861E-10));
#6049 = VECTOR('',#6050,1.);
#6050 = DIRECTION('',(1.,0.,0.));
#6051 = ORIENTED_EDGE('',*,*,#4775,.T.);
#6052 = ORIENTED_EDGE('',*,*,#6053,.F.);
#6053 = EDGE_CURVE('',#6054,#4778,#6056,.T.);
#6054 = VERTEX_POINT('',#6055);
#6055 = CARTESIAN_POINT('',(3.,2.045714882942,-1.693334600143E-10));
#6056 = LINE('',#6057,#6058);
#6057 = CARTESIAN_POINT('',(2.300000000084,2.045714883026,
    -2.540000002861E-10));
#6058 = VECTOR('',#6059,1.);
#6059 = DIRECTION('',(-1.,0.,0.));
#6060 = ORIENTED_EDGE('',*,*,#6061,.F.);
#6061 = EDGE_CURVE('',#6062,#6054,#6064,.T.);
#6062 = VERTEX_POINT('',#6063);
#6063 = CARTESIAN_POINT('',(3.,-0.704285117058,-1.693419710014E-10));
#6064 = LINE('',#6065,#6066);
#6065 = CARTESIAN_POINT('',(3.000000000085,0.670714883026,
    -2.540049876161E-10));
#6066 = VECTOR('',#6067,1.);
#6067 = DIRECTION('',(0.,1.,3.686287386452E-15));
#6068 = ORIENTED_EDGE('',*,*,#6069,.F.);
#6069 = EDGE_CURVE('',#6070,#6062,#6072,.T.);
#6070 = VERTEX_POINT('',#6071);
#6071 = CARTESIAN_POINT('',(2.699999999958,-0.704285116974,
    -1.270079961341E-10));
#6072 = LINE('',#6073,#6074);
#6073 = CARTESIAN_POINT('',(2.850000000086,-0.704285116974,
    -2.540079691721E-10));
#6074 = VECTOR('',#6075,1.);
#6075 = DIRECTION('',(1.,0.,0.));
#6076 = ORIENTED_EDGE('',*,*,#6077,.F.);
#6077 = EDGE_CURVE('',#6078,#6070,#6080,.T.);
#6078 = VERTEX_POINT('',#6079);
#6079 = CARTESIAN_POINT('',(2.500000000001,-0.704285117058,
    -1.693414831104E-10));
#6080 = LINE('',#6081,#6082);
#6081 = CARTESIAN_POINT('',(2.600000000085,-0.704285116974,
    -2.540079691721E-10));
#6082 = VECTOR('',#6083,1.);
#6083 = DIRECTION('',(1.,0.,0.));
#6084 = ORIENTED_EDGE('',*,*,#6085,.F.);
#6085 = EDGE_CURVE('',#5641,#6078,#6086,.T.);
#6086 = LINE('',#6087,#6088);
#6087 = CARTESIAN_POINT('',(2.500000000086,-1.454285116973,
    -2.540119807201E-10));
#6088 = VECTOR('',#6089,1.);
#6089 = DIRECTION('',(0.,1.,5.095750210685E-15));
#6090 = ORIENTED_EDGE('',*,*,#5640,.F.);
#6091 = ORIENTED_EDGE('',*,*,#5919,.T.);
#6092 = ORIENTED_EDGE('',*,*,#6093,.T.);
#6093 = EDGE_CURVE('',#5920,#6094,#6096,.T.);
#6094 = VERTEX_POINT('',#6095);
#6095 = CARTESIAN_POINT('',(-2.700000000042,-0.704285116974,
    -1.270079961341E-10));
#6096 = LINE('',#6097,#6098);
#6097 = CARTESIAN_POINT('',(-2.599999999914,-0.704285116974,
    -2.540079691721E-10));
#6098 = VECTOR('',#6099,1.);
#6099 = DIRECTION('',(-1.,0.,0.));
#6100 = ORIENTED_EDGE('',*,*,#6101,.T.);
#6101 = EDGE_CURVE('',#6094,#5969,#6102,.T.);
#6102 = LINE('',#6103,#6104);
#6103 = CARTESIAN_POINT('',(-2.849999999916,-0.704285116974,
    -2.540079691721E-10));
#6104 = VECTOR('',#6105,1.);
#6105 = DIRECTION('',(-1.,0.,0.));
#6106 = ORIENTED_EDGE('',*,*,#5968,.F.);
#6107 = ORIENTED_EDGE('',*,*,#6108,.F.);
#6108 = EDGE_CURVE('',#6109,#5961,#6111,.T.);
#6109 = VERTEX_POINT('',#6110);
#6110 = CARTESIAN_POINT('',(-1.600000000001,2.045714882942,
    -1.693334600143E-10));
#6111 = LINE('',#6112,#6113);
#6112 = CARTESIAN_POINT('',(-2.299999999916,2.045714883026,
    -2.540000002861E-10));
#6113 = VECTOR('',#6114,1.);
#6114 = DIRECTION('',(-1.,0.,0.));
#6115 = ORIENTED_EDGE('',*,*,#6116,.F.);
#6116 = EDGE_CURVE('',#6117,#6109,#6119,.T.);
#6117 = VERTEX_POINT('',#6118);
#6118 = CARTESIAN_POINT('',(-1.600000000001,1.945714882942,
    -1.693334600143E-10));
#6119 = LINE('',#6120,#6121);
#6120 = CARTESIAN_POINT('',(-1.599999999916,1.995714883026,
    -2.540000002861E-10));
#6121 = VECTOR('',#6122,1.);
#6122 = DIRECTION('',(0.,1.,0.));
#6123 = ORIENTED_EDGE('',*,*,#6124,.T.);
#6124 = EDGE_CURVE('',#6117,#6125,#6127,.T.);
#6125 = VERTEX_POINT('',#6126);
#6126 = CARTESIAN_POINT('',(-1.4,1.945714882942,-1.693334600143E-10));
#6127 = LINE('',#6128,#6129);
#6128 = CARTESIAN_POINT('',(-1.499999999915,1.945714883026,
    -2.540000002861E-10));
#6129 = VECTOR('',#6130,1.);
#6130 = DIRECTION('',(1.,0.,0.));
#6131 = ORIENTED_EDGE('',*,*,#6132,.T.);
#6132 = EDGE_CURVE('',#6125,#6133,#6135,.T.);
#6133 = VERTEX_POINT('',#6134);
#6134 = CARTESIAN_POINT('',(-1.4,2.045714882942,-1.693334600143E-10));
#6135 = LINE('',#6136,#6137);
#6136 = CARTESIAN_POINT('',(-1.399999999914,1.995714883026,
    -2.540000002861E-10));
#6137 = VECTOR('',#6138,1.);
#6138 = DIRECTION('',(0.,1.,0.));
#6139 = ORIENTED_EDGE('',*,*,#6140,.F.);
#6140 = EDGE_CURVE('',#6141,#6133,#6143,.T.);
#6141 = VERTEX_POINT('',#6142);
#6142 = CARTESIAN_POINT('',(-0.6,2.045714882942,-1.693334600143E-10));
#6143 = LINE('',#6144,#6145);
#6144 = CARTESIAN_POINT('',(-0.999999999915,2.045714883026,
    -2.540000002861E-10));
#6145 = VECTOR('',#6146,1.);
#6146 = DIRECTION('',(-1.,0.,0.));
#6147 = ORIENTED_EDGE('',*,*,#6148,.F.);
#6148 = EDGE_CURVE('',#6149,#6141,#6151,.T.);
#6149 = VERTEX_POINT('',#6150);
#6150 = CARTESIAN_POINT('',(-0.6,1.945714882942,-1.693334600143E-10));
#6151 = LINE('',#6152,#6153);
#6152 = CARTESIAN_POINT('',(-0.599999999915,1.995714883026,
    -2.540000002861E-10));
#6153 = VECTOR('',#6154,1.);
#6154 = DIRECTION('',(0.,1.,0.));
#6155 = ORIENTED_EDGE('',*,*,#6156,.T.);
#6156 = EDGE_CURVE('',#6149,#6157,#6159,.T.);
#6157 = VERTEX_POINT('',#6158);
#6158 = CARTESIAN_POINT('',(-0.400000000002,1.945714882942,
    -1.693334600143E-10));
#6159 = LINE('',#6160,#6161);
#6160 = CARTESIAN_POINT('',(-0.499999999915,1.945714883026,
    -2.540000002861E-10));
#6161 = VECTOR('',#6162,1.);
#6162 = DIRECTION('',(1.,0.,0.));
#6163 = ORIENTED_EDGE('',*,*,#6164,.T.);
#6164 = EDGE_CURVE('',#6157,#6165,#6167,.T.);
#6165 = VERTEX_POINT('',#6166);
#6166 = CARTESIAN_POINT('',(-0.400000000002,2.045714882942,
    -1.693334600143E-10));
#6167 = LINE('',#6168,#6169);
#6168 = CARTESIAN_POINT('',(-0.399999999916,1.995714883026,
    -2.540000002861E-10));
#6169 = VECTOR('',#6170,1.);
#6170 = DIRECTION('',(0.,1.,0.));
#6171 = ORIENTED_EDGE('',*,*,#6172,.F.);
#6172 = EDGE_CURVE('',#4573,#6165,#6173,.T.);
#6173 = LINE('',#6174,#6175);
#6174 = CARTESIAN_POINT('',(8.348877145181E-11,2.045714883026,
    -2.540000002861E-10));
#6175 = VECTOR('',#6176,1.);
#6176 = DIRECTION('',(-1.,0.,0.));
#6177 = ORIENTED_EDGE('',*,*,#4572,.F.);
#6178 = ORIENTED_EDGE('',*,*,#6179,.T.);
#6179 = EDGE_CURVE('',#4565,#4642,#6180,.T.);
#6180 = LINE('',#6181,#6182);
#6181 = CARTESIAN_POINT('',(0.500000000085,1.945714883026,
    -2.540000002861E-10));
#6182 = VECTOR('',#6183,1.);
#6183 = DIRECTION('',(1.,0.,0.));
#6184 = ORIENTED_EDGE('',*,*,#4641,.T.);
#6185 = ORIENTED_EDGE('',*,*,#6186,.F.);
#6186 = EDGE_CURVE('',#4707,#4644,#6187,.T.);
#6187 = LINE('',#6188,#6189);
#6188 = CARTESIAN_POINT('',(1.000000000084,2.045714883026,
    -2.540000002861E-10));
#6189 = VECTOR('',#6190,1.);
#6190 = DIRECTION('',(-1.,0.,0.));
#6191 = PLANE('',#6192);
#6192 = AXIS2_PLACEMENT_3D('',#6193,#6194,#6195);
#6193 = CARTESIAN_POINT('',(-3.001000000169,2.046714882773,0.));
#6194 = DIRECTION('',(0.,0.,-1.));
#6195 = DIRECTION('',(1.,0.,0.));
#6196 = ADVANCED_FACE('',(#6197),#6215,.T.);
#6197 = FACE_BOUND('',#6198,.T.);
#6198 = EDGE_LOOP('',(#6199,#6207,#6208,#6209));
#6199 = ORIENTED_EDGE('',*,*,#6200,.T.);
#6200 = EDGE_CURVE('',#6201,#5607,#6203,.T.);
#6201 = VERTEX_POINT('',#6202);
#6202 = CARTESIAN_POINT('',(-2.7,-1.704285117059,1.200000000169));
#6203 = LINE('',#6204,#6205);
#6204 = CARTESIAN_POINT('',(-2.699999999915,-1.954285116975,
    1.200000000254));
#6205 = VECTOR('',#6206,1.);
#6206 = DIRECTION('',(0.,-1.,-4.987329993428E-15));
#6207 = ORIENTED_EDGE('',*,*,#5606,.T.);
#6208 = ORIENTED_EDGE('',*,*,#6000,.F.);
#6209 = ORIENTED_EDGE('',*,*,#6210,.F.);
#6210 = EDGE_CURVE('',#6201,#5993,#6211,.T.);
#6211 = LINE('',#6212,#6213);
#6212 = CARTESIAN_POINT('',(-2.849999999916,-1.704285116975,
    1.200000000254));
#6213 = VECTOR('',#6214,1.);
#6214 = DIRECTION('',(-1.,0.,0.));
#6215 = PLANE('',#6216);
#6216 = AXIS2_PLACEMENT_3D('',#6217,#6218,#6219);
#6217 = CARTESIAN_POINT('',(-2.69900000017,-1.703285117227,1.2));
#6218 = DIRECTION('',(0.,0.,-1.));
#6219 = DIRECTION('',(0.,-1.,0.));
#6220 = ADVANCED_FACE('',(#6221),#6261,.T.);
#6221 = FACE_BOUND('',#6222,.T.);
#6222 = EDGE_LOOP('',(#6223,#6233,#6239,#6240,#6241,#6247,#6255));
#6223 = ORIENTED_EDGE('',*,*,#6224,.T.);
#6224 = EDGE_CURVE('',#6225,#6227,#6229,.T.);
#6225 = VERTEX_POINT('',#6226);
#6226 = CARTESIAN_POINT('',(2.699999999999,-1.704285117059,
    0.550000000169));
#6227 = VERTEX_POINT('',#6228);
#6228 = CARTESIAN_POINT('',(2.699999999999,-1.704285117059,
    1.200000000169));
#6229 = LINE('',#6230,#6231);
#6230 = CARTESIAN_POINT('',(2.700000000085,-1.704285116975,
    0.875000000254));
#6231 = VECTOR('',#6232,1.);
#6232 = DIRECTION('',(0.,0.,1.));
#6233 = ORIENTED_EDGE('',*,*,#6234,.T.);
#6234 = EDGE_CURVE('',#6227,#5665,#6235,.T.);
#6235 = LINE('',#6236,#6237);
#6236 = CARTESIAN_POINT('',(2.700000000085,-1.954285116974,
    1.200000000254));
#6237 = VECTOR('',#6238,1.);
#6238 = DIRECTION('',(0.,-1.,-4.987329993454E-15));
#6239 = ORIENTED_EDGE('',*,*,#5664,.T.);
#6240 = ORIENTED_EDGE('',*,*,#5892,.T.);
#6241 = ORIENTED_EDGE('',*,*,#6242,.T.);
#6242 = EDGE_CURVE('',#5885,#6070,#6243,.T.);
#6243 = LINE('',#6244,#6245);
#6244 = CARTESIAN_POINT('',(2.700000000085,-0.704285116974,
    -2.500000025401E-02));
#6245 = VECTOR('',#6246,1.);
#6246 = DIRECTION('',(0.,0.,1.));
#6247 = ORIENTED_EDGE('',*,*,#6248,.F.);
#6248 = EDGE_CURVE('',#6249,#6070,#6251,.T.);
#6249 = VERTEX_POINT('',#6250);
#6250 = CARTESIAN_POINT('',(2.699999999999,-0.704285117058,
    0.550000000169));
#6251 = LINE('',#6252,#6253);
#6252 = CARTESIAN_POINT('',(2.700000000085,-0.704285116974,0.275));
#6253 = VECTOR('',#6254,1.);
#6254 = DIRECTION('',(0.,0.,-1.));
#6255 = ORIENTED_EDGE('',*,*,#6256,.T.);
#6256 = EDGE_CURVE('',#6249,#6225,#6257,.T.);
#6257 = LINE('',#6258,#6259);
#6258 = CARTESIAN_POINT('',(2.700000000085,-1.204285116975,
    0.550000000254));
#6259 = VECTOR('',#6260,1.);
#6260 = DIRECTION('',(0.,-1.,-4.065758146816E-15));
#6261 = PLANE('',#6262);
#6262 = AXIS2_PLACEMENT_3D('',#6263,#6264,#6265);
#6263 = CARTESIAN_POINT('',(2.699999999831,-0.703285117229,
    -5.100000000001E-02));
#6264 = DIRECTION('',(1.,0.,0.));
#6265 = DIRECTION('',(0.,0.,1.));
#6266 = ADVANCED_FACE('',(#6267),#6307,.T.);
#6267 = FACE_BOUND('',#6268,.T.);
#6268 = EDGE_LOOP('',(#6269,#6279,#6285,#6293,#6299,#6300,#6301));
#6269 = ORIENTED_EDGE('',*,*,#6270,.F.);
#6270 = EDGE_CURVE('',#6271,#6273,#6275,.T.);
#6271 = VERTEX_POINT('',#6272);
#6272 = CARTESIAN_POINT('',(-2.7,-0.704285117058,0.550000000169));
#6273 = VERTEX_POINT('',#6274);
#6274 = CARTESIAN_POINT('',(-2.7,-1.704285117059,0.550000000169));
#6275 = LINE('',#6276,#6277);
#6276 = CARTESIAN_POINT('',(-2.699999999915,-1.204285116975,
    0.550000000254));
#6277 = VECTOR('',#6278,1.);
#6278 = DIRECTION('',(0.,-1.,-4.065758146816E-15));
#6279 = ORIENTED_EDGE('',*,*,#6280,.F.);
#6280 = EDGE_CURVE('',#6094,#6271,#6281,.T.);
#6281 = LINE('',#6282,#6283);
#6282 = CARTESIAN_POINT('',(-2.699999999915,-0.704285116974,0.275));
#6283 = VECTOR('',#6284,1.);
#6284 = DIRECTION('',(0.,0.,1.));
#6285 = ORIENTED_EDGE('',*,*,#6286,.F.);
#6286 = EDGE_CURVE('',#6287,#6094,#6289,.T.);
#6287 = VERTEX_POINT('',#6288);
#6288 = CARTESIAN_POINT('',(-2.7,-0.704285117058,-5.000000016934E-02));
#6289 = LINE('',#6290,#6291);
#6290 = CARTESIAN_POINT('',(-2.699999999915,-0.704285116974,
    -2.500000025401E-02));
#6291 = VECTOR('',#6292,1.);
#6292 = DIRECTION('',(0.,0.,1.));
#6293 = ORIENTED_EDGE('',*,*,#6294,.F.);
#6294 = EDGE_CURVE('',#5617,#6287,#6295,.T.);
#6295 = LINE('',#6296,#6297);
#6296 = CARTESIAN_POINT('',(-2.699999999915,-1.454285116974,
    -5.000000025401E-02));
#6297 = VECTOR('',#6298,1.);
#6298 = DIRECTION('',(0.,1.,5.05961013826E-15));
#6299 = ORIENTED_EDGE('',*,*,#5616,.F.);
#6300 = ORIENTED_EDGE('',*,*,#6200,.F.);
#6301 = ORIENTED_EDGE('',*,*,#6302,.F.);
#6302 = EDGE_CURVE('',#6273,#6201,#6303,.T.);
#6303 = LINE('',#6304,#6305);
#6304 = CARTESIAN_POINT('',(-2.699999999915,-1.704285116975,
    0.875000000254));
#6305 = VECTOR('',#6306,1.);
#6306 = DIRECTION('',(0.,0.,1.));
#6307 = PLANE('',#6308);
#6308 = AXIS2_PLACEMENT_3D('',#6309,#6310,#6311);
#6309 = CARTESIAN_POINT('',(-2.700000000169,-2.205285117228,
    -5.100000000001E-02));
#6310 = DIRECTION('',(-1.,0.,0.));
#6311 = DIRECTION('',(0.,0.,1.));
#6312 = ADVANCED_FACE('',(#6313),#6363,.T.);
#6313 = FACE_BOUND('',#6314,.T.);
#6314 = EDGE_LOOP('',(#6315,#6323,#6324,#6325,#6333,#6341,#6349,#6357));
#6315 = ORIENTED_EDGE('',*,*,#6316,.T.);
#6316 = EDGE_CURVE('',#6317,#6008,#6319,.T.);
#6317 = VERTEX_POINT('',#6318);
#6318 = CARTESIAN_POINT('',(-2.500000000169,0.557039748177,2.9));
#6319 = LINE('',#6320,#6321);
#6320 = CARTESIAN_POINT('',(-2.749999999916,0.557039748431,
    2.900000000254));
#6321 = VECTOR('',#6322,1.);
#6322 = DIRECTION('',(-1.,0.,0.));
#6323 = ORIENTED_EDGE('',*,*,#6007,.T.);
#6324 = ORIENTED_EDGE('',*,*,#5688,.T.);
#6325 = ORIENTED_EDGE('',*,*,#6326,.T.);
#6326 = EDGE_CURVE('',#5681,#6327,#6329,.T.);
#6327 = VERTEX_POINT('',#6328);
#6328 = CARTESIAN_POINT('',(3.,0.557039748362,2.900000000227));
#6329 = LINE('',#6330,#6331);
#6330 = CARTESIAN_POINT('',(3.000000000085,-0.823622684272,
    2.900000000254));
#6331 = VECTOR('',#6332,1.);
#6332 = DIRECTION('',(0.,1.,0.));
#6333 = ORIENTED_EDGE('',*,*,#6334,.F.);
#6334 = EDGE_CURVE('',#6335,#6327,#6337,.T.);
#6335 = VERTEX_POINT('',#6336);
#6336 = CARTESIAN_POINT('',(2.500000000001,0.557039748362,2.900000000227
    ));
#6337 = LINE('',#6338,#6339);
#6338 = CARTESIAN_POINT('',(2.750000000086,0.557039748431,2.900000000254
    ));
#6339 = VECTOR('',#6340,1.);
#6340 = DIRECTION('',(1.,0.,0.));
#6341 = ORIENTED_EDGE('',*,*,#6342,.F.);
#6342 = EDGE_CURVE('',#6343,#6335,#6345,.T.);
#6343 = VERTEX_POINT('',#6344);
#6344 = CARTESIAN_POINT('',(2.499999999832,2.045714882772,2.9));
#6345 = LINE('',#6346,#6347);
#6346 = CARTESIAN_POINT('',(2.500000000085,1.301377315728,2.900000000254
    ));
#6347 = VECTOR('',#6348,1.);
#6348 = DIRECTION('',(0.,-1.,0.));
#6349 = ORIENTED_EDGE('',*,*,#6350,.T.);
#6350 = EDGE_CURVE('',#6343,#6351,#6353,.T.);
#6351 = VERTEX_POINT('',#6352);
#6352 = CARTESIAN_POINT('',(-2.500000000169,2.045714882772,2.9));
#6353 = LINE('',#6354,#6355);
#6354 = CARTESIAN_POINT('',(8.448797217397E-11,2.045714883026,
    2.900000000254));
#6355 = VECTOR('',#6356,1.);
#6356 = DIRECTION('',(-1.,0.,0.));
#6357 = ORIENTED_EDGE('',*,*,#6358,.T.);
#6358 = EDGE_CURVE('',#6351,#6317,#6359,.T.);
#6359 = LINE('',#6360,#6361);
#6360 = CARTESIAN_POINT('',(-2.499999999915,1.301377315728,
    2.900000000254));
#6361 = VECTOR('',#6362,1.);
#6362 = DIRECTION('',(0.,-1.,0.));
#6363 = PLANE('',#6364);
#6364 = AXIS2_PLACEMENT_3D('',#6365,#6366,#6367);
#6365 = CARTESIAN_POINT('',(3.00099999983,2.046714882773,2.9));
#6366 = DIRECTION('',(0.,0.,1.));
#6367 = DIRECTION('',(-1.,0.,0.));
#6368 = ADVANCED_FACE('',(#6369),#6380,.F.);
#6369 = FACE_BOUND('',#6370,.T.);
#6370 = EDGE_LOOP('',(#6371,#6372,#6378,#6379));
#6371 = ORIENTED_EDGE('',*,*,#6085,.T.);
#6372 = ORIENTED_EDGE('',*,*,#6373,.F.);
#6373 = EDGE_CURVE('',#5877,#6078,#6374,.T.);
#6374 = LINE('',#6375,#6376);
#6375 = CARTESIAN_POINT('',(2.500000000086,-0.704285116974,
    -2.500000025401E-02));
#6376 = VECTOR('',#6377,1.);
#6377 = DIRECTION('',(0.,0.,1.));
#6378 = ORIENTED_EDGE('',*,*,#5876,.F.);
#6379 = ORIENTED_EDGE('',*,*,#5648,.F.);
#6380 = PLANE('',#6381);
#6381 = AXIS2_PLACEMENT_3D('',#6382,#6383,#6384);
#6382 = CARTESIAN_POINT('',(2.499999999832,2.046714882773,1.399));
#6383 = DIRECTION('',(1.,0.,0.));
#6384 = DIRECTION('',(0.,0.,1.));
#6385 = ADVANCED_FACE('',(#6386),#6459,.T.);
#6386 = FACE_BOUND('',#6387,.T.);
#6387 = EDGE_LOOP('',(#6388,#6398,#6404,#6405,#6406,#6414,#6422,#6430,
    #6436,#6437,#6445,#6453));
#6388 = ORIENTED_EDGE('',*,*,#6389,.F.);
#6389 = EDGE_CURVE('',#6390,#6392,#6394,.T.);
#6390 = VERTEX_POINT('',#6391);
#6391 = CARTESIAN_POINT('',(3.,0.845714882956,2.400000000227));
#6392 = VERTEX_POINT('',#6393);
#6393 = CARTESIAN_POINT('',(3.,1.495714882941,2.400000000169));
#6394 = LINE('',#6395,#6396);
#6395 = CARTESIAN_POINT('',(3.000000000085,1.170714883025,2.400000000254
    ));
#6396 = VECTOR('',#6397,1.);
#6397 = DIRECTION('',(0.,1.,4.003208021485E-15));
#6398 = ORIENTED_EDGE('',*,*,#6399,.F.);
#6399 = EDGE_CURVE('',#6327,#6390,#6400,.T.);
#6400 = LINE('',#6401,#6402);
#6401 = CARTESIAN_POINT('',(3.000000000085,0.701377315728,2.650000000254
    ));
#6402 = VECTOR('',#6403,1.);
#6403 = DIRECTION('',(0.,0.499999999999,-0.866025403785));
#6404 = ORIENTED_EDGE('',*,*,#6326,.F.);
#6405 = ORIENTED_EDGE('',*,*,#5680,.T.);
#6406 = ORIENTED_EDGE('',*,*,#6407,.F.);
#6407 = EDGE_CURVE('',#6408,#5673,#6410,.T.);
#6408 = VERTEX_POINT('',#6409);
#6409 = CARTESIAN_POINT('',(3.,-1.704285117059,1.200000000169));
#6410 = LINE('',#6411,#6412);
#6411 = CARTESIAN_POINT('',(3.000000000085,-1.954285116974,
    1.200000000254));
#6412 = VECTOR('',#6413,1.);
#6413 = DIRECTION('',(0.,-1.,-4.987329993454E-15));
#6414 = ORIENTED_EDGE('',*,*,#6415,.F.);
#6415 = EDGE_CURVE('',#6416,#6408,#6418,.T.);
#6416 = VERTEX_POINT('',#6417);
#6417 = CARTESIAN_POINT('',(3.,-1.704285117059,0.550000000169));
#6418 = LINE('',#6419,#6420);
#6419 = CARTESIAN_POINT('',(3.000000000085,-1.704285116975,
    0.875000000254));
#6420 = VECTOR('',#6421,1.);
#6421 = DIRECTION('',(0.,0.,1.));
#6422 = ORIENTED_EDGE('',*,*,#6423,.F.);
#6423 = EDGE_CURVE('',#6424,#6416,#6426,.T.);
#6424 = VERTEX_POINT('',#6425);
#6425 = CARTESIAN_POINT('',(3.,-0.704285117058,0.550000000169));
#6426 = LINE('',#6427,#6428);
#6427 = CARTESIAN_POINT('',(3.000000000085,-1.204285116975,
    0.550000000254));
#6428 = VECTOR('',#6429,1.);
#6429 = DIRECTION('',(0.,-1.,-5.583641188294E-15));
#6430 = ORIENTED_EDGE('',*,*,#6431,.F.);
#6431 = EDGE_CURVE('',#6062,#6424,#6432,.T.);
#6432 = LINE('',#6433,#6434);
#6433 = CARTESIAN_POINT('',(3.000000000085,-0.704285116974,0.275));
#6434 = VECTOR('',#6435,1.);
#6435 = DIRECTION('',(0.,0.,1.));
#6436 = ORIENTED_EDGE('',*,*,#6061,.T.);
#6437 = ORIENTED_EDGE('',*,*,#6438,.F.);
#6438 = EDGE_CURVE('',#6439,#6054,#6441,.T.);
#6439 = VERTEX_POINT('',#6440);
#6440 = CARTESIAN_POINT('',(3.,2.045714882942,1.400000000169));
#6441 = LINE('',#6442,#6443);
#6442 = CARTESIAN_POINT('',(3.000000000085,2.045714883026,0.7));
#6443 = VECTOR('',#6444,1.);
#6444 = DIRECTION('',(0.,0.,-1.));
#6445 = ORIENTED_EDGE('',*,*,#6446,.F.);
#6446 = EDGE_CURVE('',#6447,#6439,#6449,.T.);
#6447 = VERTEX_POINT('',#6448);
#6448 = CARTESIAN_POINT('',(3.,1.495714882941,1.400000000169));
#6449 = LINE('',#6450,#6451);
#6450 = CARTESIAN_POINT('',(3.000000000085,1.770714883025,1.400000000254
    ));
#6451 = VECTOR('',#6452,1.);
#6452 = DIRECTION('',(0.,1.,0.));
#6453 = ORIENTED_EDGE('',*,*,#6454,.F.);
#6454 = EDGE_CURVE('',#6392,#6447,#6455,.T.);
#6455 = LINE('',#6456,#6457);
#6456 = CARTESIAN_POINT('',(3.000000000085,1.495714883025,1.900000000254
    ));
#6457 = VECTOR('',#6458,1.);
#6458 = DIRECTION('',(0.,0.,-1.));
#6459 = PLANE('',#6460);
#6460 = AXIS2_PLACEMENT_3D('',#6461,#6462,#6463);
#6461 = CARTESIAN_POINT('',(2.999999999831,-2.205285117228,
    -1.000000000016E-03));
#6462 = DIRECTION('',(1.,0.,0.));
#6463 = DIRECTION('',(-0.,1.,4.169027638789E-15));
#6464 = ADVANCED_FACE('',(#6465),#6471,.T.);
#6465 = FACE_BOUND('',#6466,.T.);
#6466 = EDGE_LOOP('',(#6467,#6468,#6469,#6470));
#6467 = ORIENTED_EDGE('',*,*,#5581,.T.);
#6468 = ORIENTED_EDGE('',*,*,#5773,.F.);
#6469 = ORIENTED_EDGE('',*,*,#5731,.F.);
#6470 = ORIENTED_EDGE('',*,*,#5754,.T.);
#6471 = PLANE('',#6472);
#6472 = AXIS2_PLACEMENT_3D('',#6473,#6474,#6475);
#6473 = CARTESIAN_POINT('',(2.549999999831,0.196714882772,1.399));
#6474 = DIRECTION('',(-1.,0.,0.));
#6475 = DIRECTION('',(-0.,-1.,-4.152647788036E-15));
#6476 = ADVANCED_FACE('',(#6477),#6488,.T.);
#6477 = FACE_BOUND('',#6478,.T.);
#6478 = EDGE_LOOP('',(#6479,#6480,#6481,#6487));
#6479 = ORIENTED_EDGE('',*,*,#5672,.F.);
#6480 = ORIENTED_EDGE('',*,*,#6234,.F.);
#6481 = ORIENTED_EDGE('',*,*,#6482,.T.);
#6482 = EDGE_CURVE('',#6227,#6408,#6483,.T.);
#6483 = LINE('',#6484,#6485);
#6484 = CARTESIAN_POINT('',(2.850000000086,-1.704285116975,
    1.200000000254));
#6485 = VECTOR('',#6486,1.);
#6486 = DIRECTION('',(1.,0.,0.));
#6487 = ORIENTED_EDGE('',*,*,#6407,.T.);
#6488 = PLANE('',#6489);
#6489 = AXIS2_PLACEMENT_3D('',#6490,#6491,#6492);
#6490 = CARTESIAN_POINT('',(-2.69900000017,-1.703285117227,1.2));
#6491 = DIRECTION('',(0.,0.,-1.));
#6492 = DIRECTION('',(0.,-1.,0.));
#6493 = ADVANCED_FACE('',(#6494),#6505,.T.);
#6494 = FACE_BOUND('',#6495,.T.);
#6495 = EDGE_LOOP('',(#6496,#6497,#6498,#6499));
#6496 = ORIENTED_EDGE('',*,*,#5928,.F.);
#6497 = ORIENTED_EDGE('',*,*,#5624,.F.);
#6498 = ORIENTED_EDGE('',*,*,#6294,.T.);
#6499 = ORIENTED_EDGE('',*,*,#6500,.T.);
#6500 = EDGE_CURVE('',#6287,#5929,#6501,.T.);
#6501 = LINE('',#6502,#6503);
#6502 = CARTESIAN_POINT('',(-2.599999999914,-0.704285116974,
    -5.000000025401E-02));
#6503 = VECTOR('',#6504,1.);
#6504 = DIRECTION('',(1.,0.,0.));
#6505 = PLANE('',#6506);
#6506 = AXIS2_PLACEMENT_3D('',#6507,#6508,#6509);
#6507 = CARTESIAN_POINT('',(-2.499000000171,-0.703285117229,
    -5.000000000001E-02));
#6508 = DIRECTION('',(0.,0.,-1.));
#6509 = DIRECTION('',(0.,-1.,0.));
#6510 = ADVANCED_FACE('',(#6511),#6517,.F.);
#6511 = FACE_BOUND('',#6512,.T.);
#6512 = EDGE_LOOP('',(#6513,#6514,#6515,#6516));
#6513 = ORIENTED_EDGE('',*,*,#6077,.T.);
#6514 = ORIENTED_EDGE('',*,*,#6242,.F.);
#6515 = ORIENTED_EDGE('',*,*,#5884,.T.);
#6516 = ORIENTED_EDGE('',*,*,#6373,.T.);
#6517 = PLANE('',#6518);
#6518 = AXIS2_PLACEMENT_3D('',#6519,#6520,#6521);
#6519 = CARTESIAN_POINT('',(-2.69900000017,-0.704285117227,
    -1.000000000009E-03));
#6520 = DIRECTION('',(0.,-1.,0.));
#6521 = DIRECTION('',(0.,0.,1.));
#6522 = ADVANCED_FACE('',(#6523),#6529,.F.);
#6523 = FACE_BOUND('',#6524,.T.);
#6524 = EDGE_LOOP('',(#6525,#6526,#6527,#6528));
#6525 = ORIENTED_EDGE('',*,*,#6286,.T.);
#6526 = ORIENTED_EDGE('',*,*,#6093,.F.);
#6527 = ORIENTED_EDGE('',*,*,#5936,.F.);
#6528 = ORIENTED_EDGE('',*,*,#6500,.F.);
#6529 = PLANE('',#6530);
#6530 = AXIS2_PLACEMENT_3D('',#6531,#6532,#6533);
#6531 = CARTESIAN_POINT('',(-2.69900000017,-0.704285117227,
    -1.000000000009E-03));
#6532 = DIRECTION('',(0.,-1.,0.));
#6533 = DIRECTION('',(0.,0.,1.));
#6534 = ADVANCED_FACE('',(#6535),#6560,.T.);
#6535 = FACE_BOUND('',#6536,.T.);
#6536 = EDGE_LOOP('',(#6537,#6538,#6546,#6554));
#6537 = ORIENTED_EDGE('',*,*,#6031,.F.);
#6538 = ORIENTED_EDGE('',*,*,#6539,.F.);
#6539 = EDGE_CURVE('',#6540,#6024,#6542,.T.);
#6540 = VERTEX_POINT('',#6541);
#6541 = CARTESIAN_POINT('',(-2.500000000001,1.495714882941,
    2.400000000169));
#6542 = LINE('',#6543,#6544);
#6543 = CARTESIAN_POINT('',(-2.749999999916,1.495714883025,
    2.400000000254));
#6544 = VECTOR('',#6545,1.);
#6545 = DIRECTION('',(-1.,0.,0.));
#6546 = ORIENTED_EDGE('',*,*,#6547,.T.);
#6547 = EDGE_CURVE('',#6540,#6548,#6550,.T.);
#6548 = VERTEX_POINT('',#6549);
#6549 = CARTESIAN_POINT('',(-2.500000000001,1.495714882941,
    1.400000000169));
#6550 = LINE('',#6551,#6552);
#6551 = CARTESIAN_POINT('',(-2.499999999915,1.495714883025,
    1.900000000254));
#6552 = VECTOR('',#6553,1.);
#6553 = DIRECTION('',(0.,0.,-1.));
#6554 = ORIENTED_EDGE('',*,*,#6555,.T.);
#6555 = EDGE_CURVE('',#6548,#5951,#6556,.T.);
#6556 = LINE('',#6557,#6558);
#6557 = CARTESIAN_POINT('',(-2.749999999916,1.495714883025,
    1.400000000254));
#6558 = VECTOR('',#6559,1.);
#6559 = DIRECTION('',(-1.,0.,0.));
#6560 = PLANE('',#6561);
#6561 = AXIS2_PLACEMENT_3D('',#6562,#6563,#6564);
#6562 = CARTESIAN_POINT('',(-2.499000000171,1.495714882771,2.401));
#6563 = DIRECTION('',(0.,1.,0.));
#6564 = DIRECTION('',(0.,0.,-1.));
#6565 = ADVANCED_FACE('',(#6566),#6584,.T.);
#6566 = FACE_BOUND('',#6567,.T.);
#6567 = EDGE_LOOP('',(#6568,#6569,#6577,#6583));
#6568 = ORIENTED_EDGE('',*,*,#6023,.F.);
#6569 = ORIENTED_EDGE('',*,*,#6570,.F.);
#6570 = EDGE_CURVE('',#6571,#6016,#6573,.T.);
#6571 = VERTEX_POINT('',#6572);
#6572 = CARTESIAN_POINT('',(-2.500000000001,0.845714882956,
    2.400000000227));
#6573 = LINE('',#6574,#6575);
#6574 = CARTESIAN_POINT('',(-2.749999999916,0.845714883025,
    2.400000000254));
#6575 = VECTOR('',#6576,1.);
#6576 = DIRECTION('',(-1.,0.,0.));
#6577 = ORIENTED_EDGE('',*,*,#6578,.T.);
#6578 = EDGE_CURVE('',#6571,#6540,#6579,.T.);
#6579 = LINE('',#6580,#6581);
#6580 = CARTESIAN_POINT('',(-2.499999999915,1.170714883025,
    2.400000000254));
#6581 = VECTOR('',#6582,1.);
#6582 = DIRECTION('',(0.,1.,4.003208021485E-15));
#6583 = ORIENTED_EDGE('',*,*,#6539,.T.);
#6584 = PLANE('',#6585);
#6585 = AXIS2_PLACEMENT_3D('',#6586,#6587,#6588);
#6586 = CARTESIAN_POINT('',(-2.499000000171,1.496714882773,2.4));
#6587 = DIRECTION('',(0.,0.,1.));
#6588 = DIRECTION('',(-1.,0.,0.));
#6589 = ADVANCED_FACE('',(#6590),#6601,.T.);
#6590 = FACE_BOUND('',#6591,.T.);
#6591 = EDGE_LOOP('',(#6592,#6593,#6594,#6600));
#6592 = ORIENTED_EDGE('',*,*,#6015,.F.);
#6593 = ORIENTED_EDGE('',*,*,#6316,.F.);
#6594 = ORIENTED_EDGE('',*,*,#6595,.T.);
#6595 = EDGE_CURVE('',#6317,#6571,#6596,.T.);
#6596 = LINE('',#6597,#6598);
#6597 = CARTESIAN_POINT('',(-2.499999999915,0.701377315728,
    2.650000000254));
#6598 = VECTOR('',#6599,1.);
#6599 = DIRECTION('',(0.,0.499999999999,-0.866025403785));
#6600 = ORIENTED_EDGE('',*,*,#6570,.T.);
#6601 = PLANE('',#6602);
#6602 = AXIS2_PLACEMENT_3D('',#6603,#6604,#6605);
#6603 = CARTESIAN_POINT('',(-2.499000000171,0.556539748176,
    2.900866025404));
#6604 = DIRECTION('',(0.,0.866025403784,0.500000000001));
#6605 = DIRECTION('',(0.,0.500000000001,-0.866025403784));
#6606 = ADVANCED_FACE('',(#6607),#6623,.T.);
#6607 = FACE_BOUND('',#6608,.T.);
#6608 = EDGE_LOOP('',(#6609,#6610,#6616,#6617));
#6609 = ORIENTED_EDGE('',*,*,#6270,.T.);
#6610 = ORIENTED_EDGE('',*,*,#6611,.T.);
#6611 = EDGE_CURVE('',#6273,#5985,#6612,.T.);
#6612 = LINE('',#6613,#6614);
#6613 = CARTESIAN_POINT('',(-2.849999999916,-1.704285116975,
    0.550000000254));
#6614 = VECTOR('',#6615,1.);
#6615 = DIRECTION('',(-1.,0.,0.));
#6616 = ORIENTED_EDGE('',*,*,#5984,.F.);
#6617 = ORIENTED_EDGE('',*,*,#6618,.F.);
#6618 = EDGE_CURVE('',#6271,#5977,#6619,.T.);
#6619 = LINE('',#6620,#6621);
#6620 = CARTESIAN_POINT('',(-2.849999999916,-0.704285116974,
    0.550000000254));
#6621 = VECTOR('',#6622,1.);
#6622 = DIRECTION('',(-1.,0.,0.));
#6623 = PLANE('',#6624);
#6624 = AXIS2_PLACEMENT_3D('',#6625,#6626,#6627);
#6625 = CARTESIAN_POINT('',(-2.69900000017,-0.703285117229,0.55));
#6626 = DIRECTION('',(0.,0.,-1.));
#6627 = DIRECTION('',(0.,-1.,0.));
#6628 = ADVANCED_FACE('',(#6629),#6647,.T.);
#6629 = FACE_BOUND('',#6630,.T.);
#6630 = EDGE_LOOP('',(#6631,#6632,#6633,#6641));
#6631 = ORIENTED_EDGE('',*,*,#5950,.F.);
#6632 = ORIENTED_EDGE('',*,*,#6555,.F.);
#6633 = ORIENTED_EDGE('',*,*,#6634,.T.);
#6634 = EDGE_CURVE('',#6548,#6635,#6637,.T.);
#6635 = VERTEX_POINT('',#6636);
#6636 = CARTESIAN_POINT('',(-2.500000000001,2.045714882942,
    1.400000000169));
#6637 = LINE('',#6638,#6639);
#6638 = CARTESIAN_POINT('',(-2.499999999915,1.770714883025,
    1.400000000254));
#6639 = VECTOR('',#6640,1.);
#6640 = DIRECTION('',(0.,1.,0.));
#6641 = ORIENTED_EDGE('',*,*,#6642,.T.);
#6642 = EDGE_CURVE('',#6635,#5953,#6643,.T.);
#6643 = LINE('',#6644,#6645);
#6644 = CARTESIAN_POINT('',(-2.749999999916,2.045714883026,
    1.400000000254));
#6645 = VECTOR('',#6646,1.);
#6646 = DIRECTION('',(-1.,0.,0.));
#6647 = PLANE('',#6648);
#6648 = AXIS2_PLACEMENT_3D('',#6649,#6650,#6651);
#6649 = CARTESIAN_POINT('',(-2.199000000168,0.196714882772,1.4));
#6650 = DIRECTION('',(0.,0.,1.));
#6651 = DIRECTION('',(-1.,0.,0.));
#6652 = ADVANCED_FACE('',(#6653),#6659,.T.);
#6653 = FACE_BOUND('',#6654,.T.);
#6654 = EDGE_LOOP('',(#6655,#6656,#6657,#6658));
#6655 = ORIENTED_EDGE('',*,*,#6302,.T.);
#6656 = ORIENTED_EDGE('',*,*,#6210,.T.);
#6657 = ORIENTED_EDGE('',*,*,#5992,.F.);
#6658 = ORIENTED_EDGE('',*,*,#6611,.F.);
#6659 = PLANE('',#6660);
#6660 = AXIS2_PLACEMENT_3D('',#6661,#6662,#6663);
#6661 = CARTESIAN_POINT('',(-2.69900000017,-1.704285117229,0.549));
#6662 = DIRECTION('',(0.,-1.,0.));
#6663 = DIRECTION('',(0.,0.,1.));
#6664 = ADVANCED_FACE('',(#6665),#6671,.T.);
#6665 = FACE_BOUND('',#6666,.T.);
#6666 = EDGE_LOOP('',(#6667,#6668,#6669,#6670));
#6667 = ORIENTED_EDGE('',*,*,#6280,.T.);
#6668 = ORIENTED_EDGE('',*,*,#6618,.T.);
#6669 = ORIENTED_EDGE('',*,*,#5976,.F.);
#6670 = ORIENTED_EDGE('',*,*,#6101,.F.);
#6671 = PLANE('',#6672);
#6672 = AXIS2_PLACEMENT_3D('',#6673,#6674,#6675);
#6673 = CARTESIAN_POINT('',(-2.69900000017,-0.704285117227,
    -1.000000000009E-03));
#6674 = DIRECTION('',(0.,-1.,0.));
#6675 = DIRECTION('',(0.,0.,1.));
#6676 = ADVANCED_FACE('',(#6677),#6688,.T.);
#6677 = FACE_BOUND('',#6678,.T.);
#6678 = EDGE_LOOP('',(#6679,#6685,#6686,#6687));
#6679 = ORIENTED_EDGE('',*,*,#6680,.F.);
#6680 = EDGE_CURVE('',#6249,#6424,#6681,.T.);
#6681 = LINE('',#6682,#6683);
#6682 = CARTESIAN_POINT('',(2.850000000086,-0.704285116974,
    0.550000000254));
#6683 = VECTOR('',#6684,1.);
#6684 = DIRECTION('',(1.,0.,0.));
#6685 = ORIENTED_EDGE('',*,*,#6248,.T.);
#6686 = ORIENTED_EDGE('',*,*,#6069,.T.);
#6687 = ORIENTED_EDGE('',*,*,#6431,.T.);
#6688 = PLANE('',#6689);
#6689 = AXIS2_PLACEMENT_3D('',#6690,#6691,#6692);
#6690 = CARTESIAN_POINT('',(-2.69900000017,-0.704285117227,
    -1.000000000009E-03));
#6691 = DIRECTION('',(0.,-1.,0.));
#6692 = DIRECTION('',(0.,0.,1.));
#6693 = ADVANCED_FACE('',(#6694),#6735,.T.);
#6694 = FACE_BOUND('',#6695,.T.);
#6695 = EDGE_LOOP('',(#6696,#6706,#6712,#6713,#6721,#6729));
#6696 = ORIENTED_EDGE('',*,*,#6697,.T.);
#6697 = EDGE_CURVE('',#6698,#6700,#6702,.T.);
#6698 = VERTEX_POINT('',#6699);
#6699 = CARTESIAN_POINT('',(-1.600000000001,2.745714882941,
    -6.000000016933E-02));
#6700 = VERTEX_POINT('',#6701);
#6701 = CARTESIAN_POINT('',(-1.600000000001,1.945714882942,
    -6.000000016933E-02));
#6702 = LINE('',#6703,#6704);
#6703 = CARTESIAN_POINT('',(-1.599999999916,2.345714883025,
    -6.0000000254E-02));
#6704 = VECTOR('',#6705,1.);
#6705 = DIRECTION('',(0.,-1.,-3.184843881679E-15));
#6706 = ORIENTED_EDGE('',*,*,#6707,.T.);
#6707 = EDGE_CURVE('',#6700,#6117,#6708,.T.);
#6708 = LINE('',#6709,#6710);
#6709 = CARTESIAN_POINT('',(-1.599999999916,1.945714883026,
    -3.0000000254E-02));
#6710 = VECTOR('',#6711,1.);
#6711 = DIRECTION('',(0.,0.,1.));
#6712 = ORIENTED_EDGE('',*,*,#6116,.T.);
#6713 = ORIENTED_EDGE('',*,*,#6714,.F.);
#6714 = EDGE_CURVE('',#6715,#6109,#6717,.T.);
#6715 = VERTEX_POINT('',#6716);
#6716 = CARTESIAN_POINT('',(-1.600000000001,2.045714882942,
    0.139999999831));
#6717 = LINE('',#6718,#6719);
#6718 = CARTESIAN_POINT('',(-1.599999999916,2.045714883026,
    6.9999999746E-02));
#6719 = VECTOR('',#6720,1.);
#6720 = DIRECTION('',(0.,0.,-1.));
#6721 = ORIENTED_EDGE('',*,*,#6722,.T.);
#6722 = EDGE_CURVE('',#6715,#6723,#6725,.T.);
#6723 = VERTEX_POINT('',#6724);
#6724 = CARTESIAN_POINT('',(-1.600000000001,2.745714882941,
    0.139999999831));
#6725 = LINE('',#6726,#6727);
#6726 = CARTESIAN_POINT('',(-1.599999999916,2.395714883025,
    0.139999999746));
#6727 = VECTOR('',#6728,1.);
#6728 = DIRECTION('',(0.,1.,3.949593628341E-15));
#6729 = ORIENTED_EDGE('',*,*,#6730,.T.);
#6730 = EDGE_CURVE('',#6723,#6698,#6731,.T.);
#6731 = LINE('',#6732,#6733);
#6732 = CARTESIAN_POINT('',(-1.599999999916,2.745714883025,
    3.9999999746E-02));
#6733 = VECTOR('',#6734,1.);
#6734 = DIRECTION('',(0.,0.,-1.));
#6735 = PLANE('',#6736);
#6736 = AXIS2_PLACEMENT_3D('',#6737,#6738,#6739);
#6737 = CARTESIAN_POINT('',(-1.60000000017,0.796714882773,2.081));
#6738 = DIRECTION('',(-1.,0.,0.));
#6739 = DIRECTION('',(0.,0.,-1.));
#6740 = ADVANCED_FACE('',(#6741),#6782,.T.);
#6741 = FACE_BOUND('',#6742,.T.);
#6742 = EDGE_LOOP('',(#6743,#6744,#6752,#6760,#6768,#6776));
#6743 = ORIENTED_EDGE('',*,*,#6164,.F.);
#6744 = ORIENTED_EDGE('',*,*,#6745,.F.);
#6745 = EDGE_CURVE('',#6746,#6157,#6748,.T.);
#6746 = VERTEX_POINT('',#6747);
#6747 = CARTESIAN_POINT('',(-0.400000000002,1.945714882942,
    -6.000000016933E-02));
#6748 = LINE('',#6749,#6750);
#6749 = CARTESIAN_POINT('',(-0.399999999916,1.945714883026,
    -3.0000000254E-02));
#6750 = VECTOR('',#6751,1.);
#6751 = DIRECTION('',(0.,0.,1.));
#6752 = ORIENTED_EDGE('',*,*,#6753,.F.);
#6753 = EDGE_CURVE('',#6754,#6746,#6756,.T.);
#6754 = VERTEX_POINT('',#6755);
#6755 = CARTESIAN_POINT('',(-0.400000000002,2.745714882941,
    -6.000000016933E-02));
#6756 = LINE('',#6757,#6758);
#6757 = CARTESIAN_POINT('',(-0.399999999916,2.345714883025,
    -6.0000000254E-02));
#6758 = VECTOR('',#6759,1.);
#6759 = DIRECTION('',(0.,-1.,0.));
#6760 = ORIENTED_EDGE('',*,*,#6761,.F.);
#6761 = EDGE_CURVE('',#6762,#6754,#6764,.T.);
#6762 = VERTEX_POINT('',#6763);
#6763 = CARTESIAN_POINT('',(-0.400000000002,2.745714882941,
    0.139999999831));
#6764 = LINE('',#6765,#6766);
#6765 = CARTESIAN_POINT('',(-0.399999999916,2.745714883025,
    3.9999999746E-02));
#6766 = VECTOR('',#6767,1.);
#6767 = DIRECTION('',(0.,0.,-1.));
#6768 = ORIENTED_EDGE('',*,*,#6769,.F.);
#6769 = EDGE_CURVE('',#6770,#6762,#6772,.T.);
#6770 = VERTEX_POINT('',#6771);
#6771 = CARTESIAN_POINT('',(-0.400000000002,2.045714882942,
    0.139999999831));
#6772 = LINE('',#6773,#6774);
#6773 = CARTESIAN_POINT('',(-0.399999999916,2.395714883025,
    0.139999999746));
#6774 = VECTOR('',#6775,1.);
#6775 = DIRECTION('',(0.,1.,3.949593628341E-15));
#6776 = ORIENTED_EDGE('',*,*,#6777,.F.);
#6777 = EDGE_CURVE('',#6165,#6770,#6778,.T.);
#6778 = LINE('',#6779,#6780);
#6779 = CARTESIAN_POINT('',(-0.399999999916,2.045714883026,
    6.9999999746E-02));
#6780 = VECTOR('',#6781,1.);
#6781 = DIRECTION('',(0.,0.,1.));
#6782 = PLANE('',#6783);
#6783 = AXIS2_PLACEMENT_3D('',#6784,#6785,#6786);
#6784 = CARTESIAN_POINT('',(-0.40000000017,0.796714882773,1.599));
#6785 = DIRECTION('',(1.,0.,0.));
#6786 = DIRECTION('',(0.,0.,1.));
#6787 = ADVANCED_FACE('',(#6788),#6794,.T.);
#6788 = FACE_BOUND('',#6789,.T.);
#6789 = EDGE_LOOP('',(#6790,#6791,#6792,#6793));
#6790 = ORIENTED_EDGE('',*,*,#6179,.F.);
#6791 = ORIENTED_EDGE('',*,*,#4564,.F.);
#6792 = ORIENTED_EDGE('',*,*,#4620,.T.);
#6793 = ORIENTED_EDGE('',*,*,#4651,.T.);
#6794 = PLANE('',#6795);
#6795 = AXIS2_PLACEMENT_3D('',#6796,#6797,#6798);
#6796 = CARTESIAN_POINT('',(-1.399000000169,1.945714882772,-6.1E-02));
#6797 = DIRECTION('',(0.,-1.,0.));
#6798 = DIRECTION('',(0.,0.,1.));
#6799 = ADVANCED_FACE('',(#6800),#6841,.T.);
#6800 = FACE_BOUND('',#6801,.T.);
#6801 = EDGE_LOOP('',(#6802,#6812,#6818,#6819,#6827,#6835));
#6802 = ORIENTED_EDGE('',*,*,#6803,.T.);
#6803 = EDGE_CURVE('',#6804,#6806,#6808,.T.);
#6804 = VERTEX_POINT('',#6805);
#6805 = CARTESIAN_POINT('',(-0.6,2.745714882941,-6.000000016933E-02));
#6806 = VERTEX_POINT('',#6807);
#6807 = CARTESIAN_POINT('',(-0.6,1.945714882942,-6.000000016933E-02));
#6808 = LINE('',#6809,#6810);
#6809 = CARTESIAN_POINT('',(-0.599999999915,2.345714883025,
    -6.0000000254E-02));
#6810 = VECTOR('',#6811,1.);
#6811 = DIRECTION('',(0.,-1.,-3.184843881679E-15));
#6812 = ORIENTED_EDGE('',*,*,#6813,.T.);
#6813 = EDGE_CURVE('',#6806,#6149,#6814,.T.);
#6814 = LINE('',#6815,#6816);
#6815 = CARTESIAN_POINT('',(-0.599999999915,1.945714883026,
    -3.0000000254E-02));
#6816 = VECTOR('',#6817,1.);
#6817 = DIRECTION('',(0.,0.,1.));
#6818 = ORIENTED_EDGE('',*,*,#6148,.T.);
#6819 = ORIENTED_EDGE('',*,*,#6820,.F.);
#6820 = EDGE_CURVE('',#6821,#6141,#6823,.T.);
#6821 = VERTEX_POINT('',#6822);
#6822 = CARTESIAN_POINT('',(-0.6,2.045714882942,0.139999999831));
#6823 = LINE('',#6824,#6825);
#6824 = CARTESIAN_POINT('',(-0.599999999915,2.045714883026,
    6.9999999746E-02));
#6825 = VECTOR('',#6826,1.);
#6826 = DIRECTION('',(0.,0.,-1.));
#6827 = ORIENTED_EDGE('',*,*,#6828,.T.);
#6828 = EDGE_CURVE('',#6821,#6829,#6831,.T.);
#6829 = VERTEX_POINT('',#6830);
#6830 = CARTESIAN_POINT('',(-0.6,2.745714882941,0.139999999831));
#6831 = LINE('',#6832,#6833);
#6832 = CARTESIAN_POINT('',(-0.599999999915,2.395714883025,
    0.139999999746));
#6833 = VECTOR('',#6834,1.);
#6834 = DIRECTION('',(0.,1.,3.949593628341E-15));
#6835 = ORIENTED_EDGE('',*,*,#6836,.T.);
#6836 = EDGE_CURVE('',#6829,#6804,#6837,.T.);
#6837 = LINE('',#6838,#6839);
#6838 = CARTESIAN_POINT('',(-0.599999999915,2.745714883025,
    3.9999999746E-02));
#6839 = VECTOR('',#6840,1.);
#6840 = DIRECTION('',(0.,0.,-1.));
#6841 = PLANE('',#6842);
#6842 = AXIS2_PLACEMENT_3D('',#6843,#6844,#6845);
#6843 = CARTESIAN_POINT('',(-0.600000000169,0.796714882773,2.081));
#6844 = DIRECTION('',(-1.,0.,0.));
#6845 = DIRECTION('',(0.,0.,-1.));
#6846 = ADVANCED_FACE('',(#6847),#6858,.T.);
#6847 = FACE_BOUND('',#6848,.T.);
#6848 = EDGE_LOOP('',(#6849,#6850,#6851,#6857));
#6849 = ORIENTED_EDGE('',*,*,#6156,.F.);
#6850 = ORIENTED_EDGE('',*,*,#6813,.F.);
#6851 = ORIENTED_EDGE('',*,*,#6852,.T.);
#6852 = EDGE_CURVE('',#6806,#6746,#6853,.T.);
#6853 = LINE('',#6854,#6855);
#6854 = CARTESIAN_POINT('',(-0.499999999915,1.945714883026,
    -6.0000000254E-02));
#6855 = VECTOR('',#6856,1.);
#6856 = DIRECTION('',(1.,0.,0.));
#6857 = ORIENTED_EDGE('',*,*,#6745,.T.);
#6858 = PLANE('',#6859);
#6859 = AXIS2_PLACEMENT_3D('',#6860,#6861,#6862);
#6860 = CARTESIAN_POINT('',(-1.399000000169,1.945714882772,-6.1E-02));
#6861 = DIRECTION('',(0.,-1.,0.));
#6862 = DIRECTION('',(0.,0.,1.));
#6863 = ADVANCED_FACE('',(#6864),#6905,.T.);
#6864 = FACE_BOUND('',#6865,.T.);
#6865 = EDGE_LOOP('',(#6866,#6867,#6875,#6883,#6891,#6899));
#6866 = ORIENTED_EDGE('',*,*,#6132,.F.);
#6867 = ORIENTED_EDGE('',*,*,#6868,.F.);
#6868 = EDGE_CURVE('',#6869,#6125,#6871,.T.);
#6869 = VERTEX_POINT('',#6870);
#6870 = CARTESIAN_POINT('',(-1.4,1.945714882942,-6.000000016933E-02));
#6871 = LINE('',#6872,#6873);
#6872 = CARTESIAN_POINT('',(-1.399999999914,1.945714883026,
    -3.0000000254E-02));
#6873 = VECTOR('',#6874,1.);
#6874 = DIRECTION('',(0.,0.,1.));
#6875 = ORIENTED_EDGE('',*,*,#6876,.F.);
#6876 = EDGE_CURVE('',#6877,#6869,#6879,.T.);
#6877 = VERTEX_POINT('',#6878);
#6878 = CARTESIAN_POINT('',(-1.4,2.745714882941,-6.000000016933E-02));
#6879 = LINE('',#6880,#6881);
#6880 = CARTESIAN_POINT('',(-1.399999999914,2.345714883025,
    -6.0000000254E-02));
#6881 = VECTOR('',#6882,1.);
#6882 = DIRECTION('',(0.,-1.,0.));
#6883 = ORIENTED_EDGE('',*,*,#6884,.F.);
#6884 = EDGE_CURVE('',#6885,#6877,#6887,.T.);
#6885 = VERTEX_POINT('',#6886);
#6886 = CARTESIAN_POINT('',(-1.4,2.745714882941,0.139999999831));
#6887 = LINE('',#6888,#6889);
#6888 = CARTESIAN_POINT('',(-1.399999999914,2.745714883025,
    3.9999999746E-02));
#6889 = VECTOR('',#6890,1.);
#6890 = DIRECTION('',(0.,0.,-1.));
#6891 = ORIENTED_EDGE('',*,*,#6892,.F.);
#6892 = EDGE_CURVE('',#6893,#6885,#6895,.T.);
#6893 = VERTEX_POINT('',#6894);
#6894 = CARTESIAN_POINT('',(-1.4,2.045714882942,0.139999999831));
#6895 = LINE('',#6896,#6897);
#6896 = CARTESIAN_POINT('',(-1.399999999914,2.395714883025,
    0.139999999746));
#6897 = VECTOR('',#6898,1.);
#6898 = DIRECTION('',(0.,1.,3.949593628341E-15));
#6899 = ORIENTED_EDGE('',*,*,#6900,.F.);
#6900 = EDGE_CURVE('',#6133,#6893,#6901,.T.);
#6901 = LINE('',#6902,#6903);
#6902 = CARTESIAN_POINT('',(-1.399999999914,2.045714883026,
    6.9999999746E-02));
#6903 = VECTOR('',#6904,1.);
#6904 = DIRECTION('',(0.,0.,1.));
#6905 = PLANE('',#6906);
#6906 = AXIS2_PLACEMENT_3D('',#6907,#6908,#6909);
#6907 = CARTESIAN_POINT('',(-1.400000000168,0.796714882773,1.599));
#6908 = DIRECTION('',(1.,0.,0.));
#6909 = DIRECTION('',(0.,0.,1.));
#6910 = ADVANCED_FACE('',(#6911),#6922,.T.);
#6911 = FACE_BOUND('',#6912,.T.);
#6912 = EDGE_LOOP('',(#6913,#6914,#6915,#6921));
#6913 = ORIENTED_EDGE('',*,*,#6124,.F.);
#6914 = ORIENTED_EDGE('',*,*,#6707,.F.);
#6915 = ORIENTED_EDGE('',*,*,#6916,.T.);
#6916 = EDGE_CURVE('',#6700,#6869,#6917,.T.);
#6917 = LINE('',#6918,#6919);
#6918 = CARTESIAN_POINT('',(-1.499999999915,1.945714883026,
    -6.0000000254E-02));
#6919 = VECTOR('',#6920,1.);
#6920 = DIRECTION('',(1.,0.,0.));
#6921 = ORIENTED_EDGE('',*,*,#6868,.T.);
#6922 = PLANE('',#6923);
#6923 = AXIS2_PLACEMENT_3D('',#6924,#6925,#6926);
#6924 = CARTESIAN_POINT('',(-1.399000000169,1.945714882772,-6.1E-02));
#6925 = DIRECTION('',(0.,-1.,0.));
#6926 = DIRECTION('',(0.,0.,1.));
#6927 = ADVANCED_FACE('',(#6928),#6934,.T.);
#6928 = FACE_BOUND('',#6929,.T.);
#6929 = EDGE_LOOP('',(#6930,#6931,#6932,#6933));
#6930 = ORIENTED_EDGE('',*,*,#6046,.F.);
#6931 = ORIENTED_EDGE('',*,*,#4698,.F.);
#6932 = ORIENTED_EDGE('',*,*,#4754,.T.);
#6933 = ORIENTED_EDGE('',*,*,#4785,.T.);
#6934 = PLANE('',#6935);
#6935 = AXIS2_PLACEMENT_3D('',#6936,#6937,#6938);
#6936 = CARTESIAN_POINT('',(-1.399000000169,1.945714882772,-6.1E-02));
#6937 = DIRECTION('',(0.,-1.,0.));
#6938 = DIRECTION('',(0.,0.,1.));
#6939 = ADVANCED_FACE('',(#6940),#6951,.T.);
#6940 = FACE_BOUND('',#6941,.T.);
#6941 = EDGE_LOOP('',(#6942,#6943,#6944,#6950));
#6942 = ORIENTED_EDGE('',*,*,#6482,.F.);
#6943 = ORIENTED_EDGE('',*,*,#6224,.F.);
#6944 = ORIENTED_EDGE('',*,*,#6945,.T.);
#6945 = EDGE_CURVE('',#6225,#6416,#6946,.T.);
#6946 = LINE('',#6947,#6948);
#6947 = CARTESIAN_POINT('',(2.850000000086,-1.704285116975,
    0.550000000254));
#6948 = VECTOR('',#6949,1.);
#6949 = DIRECTION('',(1.,0.,0.));
#6950 = ORIENTED_EDGE('',*,*,#6415,.T.);
#6951 = PLANE('',#6952);
#6952 = AXIS2_PLACEMENT_3D('',#6953,#6954,#6955);
#6953 = CARTESIAN_POINT('',(-2.69900000017,-1.704285117229,0.549));
#6954 = DIRECTION('',(0.,-1.,0.));
#6955 = DIRECTION('',(0.,0.,1.));
#6956 = ADVANCED_FACE('',(#6957),#6963,.T.);
#6957 = FACE_BOUND('',#6958,.T.);
#6958 = EDGE_LOOP('',(#6959,#6960,#6961,#6962));
#6959 = ORIENTED_EDGE('',*,*,#6945,.F.);
#6960 = ORIENTED_EDGE('',*,*,#6256,.F.);
#6961 = ORIENTED_EDGE('',*,*,#6680,.T.);
#6962 = ORIENTED_EDGE('',*,*,#6423,.T.);
#6963 = PLANE('',#6964);
#6964 = AXIS2_PLACEMENT_3D('',#6965,#6966,#6967);
#6965 = CARTESIAN_POINT('',(-2.69900000017,-0.703285117229,0.55));
#6966 = DIRECTION('',(0.,0.,-1.));
#6967 = DIRECTION('',(0.,-1.,0.));
#6968 = ADVANCED_FACE('',(#6969),#7010,.T.);
#6969 = FACE_BOUND('',#6970,.T.);
#6970 = EDGE_LOOP('',(#6971,#6981,#6989,#6997,#7003,#7004));
#6971 = ORIENTED_EDGE('',*,*,#6972,.T.);
#6972 = EDGE_CURVE('',#6973,#6975,#6977,.T.);
#6973 = VERTEX_POINT('',#6974);
#6974 = CARTESIAN_POINT('',(2.500000000001,0.845714882956,2.400000000227
    ));
#6975 = VERTEX_POINT('',#6976);
#6976 = CARTESIAN_POINT('',(2.500000000001,1.495714882941,2.400000000169
    ));
#6977 = LINE('',#6978,#6979);
#6978 = CARTESIAN_POINT('',(2.500000000086,1.170714883025,2.400000000254
    ));
#6979 = VECTOR('',#6980,1.);
#6980 = DIRECTION('',(0.,1.,4.003208021485E-15));
#6981 = ORIENTED_EDGE('',*,*,#6982,.T.);
#6982 = EDGE_CURVE('',#6975,#6983,#6985,.T.);
#6983 = VERTEX_POINT('',#6984);
#6984 = CARTESIAN_POINT('',(2.500000000001,1.495714882941,1.400000000169
    ));
#6985 = LINE('',#6986,#6987);
#6986 = CARTESIAN_POINT('',(2.500000000086,1.495714883025,1.900000000254
    ));
#6987 = VECTOR('',#6988,1.);
#6988 = DIRECTION('',(0.,0.,-1.));
#6989 = ORIENTED_EDGE('',*,*,#6990,.T.);
#6990 = EDGE_CURVE('',#6983,#6991,#6993,.T.);
#6991 = VERTEX_POINT('',#6992);
#6992 = CARTESIAN_POINT('',(2.500000000001,2.045714882942,1.400000000169
    ));
#6993 = LINE('',#6994,#6995);
#6994 = CARTESIAN_POINT('',(2.500000000086,1.770714883025,1.400000000254
    ));
#6995 = VECTOR('',#6996,1.);
#6996 = DIRECTION('',(0.,1.,0.));
#6997 = ORIENTED_EDGE('',*,*,#6998,.T.);
#6998 = EDGE_CURVE('',#6991,#6343,#6999,.T.);
#6999 = LINE('',#7000,#7001);
#7000 = CARTESIAN_POINT('',(2.500000000086,2.045714883026,2.150000000254
    ));
#7001 = VECTOR('',#7002,1.);
#7002 = DIRECTION('',(0.,0.,1.));
#7003 = ORIENTED_EDGE('',*,*,#6342,.T.);
#7004 = ORIENTED_EDGE('',*,*,#7005,.T.);
#7005 = EDGE_CURVE('',#6335,#6973,#7006,.T.);
#7006 = LINE('',#7007,#7008);
#7007 = CARTESIAN_POINT('',(2.500000000086,0.701377315728,2.650000000254
    ));
#7008 = VECTOR('',#7009,1.);
#7009 = DIRECTION('',(0.,0.499999999999,-0.866025403785));
#7010 = PLANE('',#7011);
#7011 = AXIS2_PLACEMENT_3D('',#7012,#7013,#7014);
#7012 = CARTESIAN_POINT('',(2.499999999832,2.046714882773,1.399));
#7013 = DIRECTION('',(1.,0.,0.));
#7014 = DIRECTION('',(0.,0.,1.));
#7015 = ADVANCED_FACE('',(#7016),#7029,.T.);
#7016 = FACE_BOUND('',#7017,.T.);
#7017 = EDGE_LOOP('',(#7018,#7019,#7020,#7021,#7027,#7028));
#7018 = ORIENTED_EDGE('',*,*,#6578,.F.);
#7019 = ORIENTED_EDGE('',*,*,#6595,.F.);
#7020 = ORIENTED_EDGE('',*,*,#6358,.F.);
#7021 = ORIENTED_EDGE('',*,*,#7022,.F.);
#7022 = EDGE_CURVE('',#6635,#6351,#7023,.T.);
#7023 = LINE('',#7024,#7025);
#7024 = CARTESIAN_POINT('',(-2.499999999915,2.045714883026,
    2.150000000254));
#7025 = VECTOR('',#7026,1.);
#7026 = DIRECTION('',(0.,0.,1.));
#7027 = ORIENTED_EDGE('',*,*,#6634,.F.);
#7028 = ORIENTED_EDGE('',*,*,#6547,.F.);
#7029 = PLANE('',#7030);
#7030 = AXIS2_PLACEMENT_3D('',#7031,#7032,#7033);
#7031 = CARTESIAN_POINT('',(-2.500000000169,0.556039748178,1.399));
#7032 = DIRECTION('',(-1.,0.,0.));
#7033 = DIRECTION('',(0.,0.,1.));
#7034 = ADVANCED_FACE('',(#7035),#7046,.T.);
#7035 = FACE_BOUND('',#7036,.T.);
#7036 = EDGE_LOOP('',(#7037,#7038,#7044,#7045));
#7037 = ORIENTED_EDGE('',*,*,#6399,.T.);
#7038 = ORIENTED_EDGE('',*,*,#7039,.F.);
#7039 = EDGE_CURVE('',#6973,#6390,#7040,.T.);
#7040 = LINE('',#7041,#7042);
#7041 = CARTESIAN_POINT('',(2.750000000086,0.845714883025,2.400000000254
    ));
#7042 = VECTOR('',#7043,1.);
#7043 = DIRECTION('',(1.,0.,0.));
#7044 = ORIENTED_EDGE('',*,*,#7005,.F.);
#7045 = ORIENTED_EDGE('',*,*,#6334,.T.);
#7046 = PLANE('',#7047);
#7047 = AXIS2_PLACEMENT_3D('',#7048,#7049,#7050);
#7048 = CARTESIAN_POINT('',(-2.499000000171,0.556539748176,
    2.900866025404));
#7049 = DIRECTION('',(0.,0.866025403784,0.500000000001));
#7050 = DIRECTION('',(0.,0.500000000001,-0.866025403784));
#7051 = ADVANCED_FACE('',(#7052),#7068,.T.);
#7052 = FACE_BOUND('',#7053,.T.);
#7053 = EDGE_LOOP('',(#7054,#7055,#7061,#7062));
#7054 = ORIENTED_EDGE('',*,*,#6446,.T.);
#7055 = ORIENTED_EDGE('',*,*,#7056,.F.);
#7056 = EDGE_CURVE('',#6991,#6439,#7057,.T.);
#7057 = LINE('',#7058,#7059);
#7058 = CARTESIAN_POINT('',(2.750000000086,2.045714883026,1.400000000254
    ));
#7059 = VECTOR('',#7060,1.);
#7060 = DIRECTION('',(1.,0.,0.));
#7061 = ORIENTED_EDGE('',*,*,#6990,.F.);
#7062 = ORIENTED_EDGE('',*,*,#7063,.T.);
#7063 = EDGE_CURVE('',#6983,#6447,#7064,.T.);
#7064 = LINE('',#7065,#7066);
#7065 = CARTESIAN_POINT('',(2.750000000086,1.495714883025,1.400000000254
    ));
#7066 = VECTOR('',#7067,1.);
#7067 = DIRECTION('',(1.,0.,0.));
#7068 = PLANE('',#7069);
#7069 = AXIS2_PLACEMENT_3D('',#7070,#7071,#7072);
#7070 = CARTESIAN_POINT('',(-2.199000000168,0.196714882772,1.4));
#7071 = DIRECTION('',(0.,0.,1.));
#7072 = DIRECTION('',(-1.,0.,0.));
#7073 = ADVANCED_FACE('',(#7074),#7085,.T.);
#7074 = FACE_BOUND('',#7075,.T.);
#7075 = EDGE_LOOP('',(#7076,#7077,#7078,#7079));
#7076 = ORIENTED_EDGE('',*,*,#6454,.T.);
#7077 = ORIENTED_EDGE('',*,*,#7063,.F.);
#7078 = ORIENTED_EDGE('',*,*,#6982,.F.);
#7079 = ORIENTED_EDGE('',*,*,#7080,.T.);
#7080 = EDGE_CURVE('',#6975,#6392,#7081,.T.);
#7081 = LINE('',#7082,#7083);
#7082 = CARTESIAN_POINT('',(2.750000000086,1.495714883025,2.400000000254
    ));
#7083 = VECTOR('',#7084,1.);
#7084 = DIRECTION('',(1.,0.,0.));
#7085 = PLANE('',#7086);
#7086 = AXIS2_PLACEMENT_3D('',#7087,#7088,#7089);
#7087 = CARTESIAN_POINT('',(-2.499000000171,1.495714882771,2.401));
#7088 = DIRECTION('',(0.,1.,0.));
#7089 = DIRECTION('',(0.,0.,-1.));
#7090 = ADVANCED_FACE('',(#7091),#7097,.T.);
#7091 = FACE_BOUND('',#7092,.T.);
#7092 = EDGE_LOOP('',(#7093,#7094,#7095,#7096));
#7093 = ORIENTED_EDGE('',*,*,#6389,.T.);
#7094 = ORIENTED_EDGE('',*,*,#7080,.F.);
#7095 = ORIENTED_EDGE('',*,*,#6972,.F.);
#7096 = ORIENTED_EDGE('',*,*,#7039,.T.);
#7097 = PLANE('',#7098);
#7098 = AXIS2_PLACEMENT_3D('',#7099,#7100,#7101);
#7099 = CARTESIAN_POINT('',(-2.499000000171,1.496714882773,2.4));
#7100 = DIRECTION('',(0.,0.,1.));
#7101 = DIRECTION('',(-1.,0.,0.));
#7102 = ADVANCED_FACE('',(#7103),#7114,.T.);
#7103 = FACE_BOUND('',#7104,.T.);
#7104 = EDGE_LOOP('',(#7105,#7106,#7107,#7108));
#7105 = ORIENTED_EDGE('',*,*,#6876,.T.);
#7106 = ORIENTED_EDGE('',*,*,#6916,.F.);
#7107 = ORIENTED_EDGE('',*,*,#6697,.F.);
#7108 = ORIENTED_EDGE('',*,*,#7109,.T.);
#7109 = EDGE_CURVE('',#6698,#6877,#7110,.T.);
#7110 = LINE('',#7111,#7112);
#7111 = CARTESIAN_POINT('',(-1.499999999915,2.745714883025,
    -6.0000000254E-02));
#7112 = VECTOR('',#7113,1.);
#7113 = DIRECTION('',(1.,0.,0.));
#7114 = PLANE('',#7115);
#7115 = AXIS2_PLACEMENT_3D('',#7116,#7117,#7118);
#7116 = CARTESIAN_POINT('',(-1.399000000169,2.746714882773,-6.E-02));
#7117 = DIRECTION('',(0.,0.,-1.));
#7118 = DIRECTION('',(0.,-1.,0.));
#7119 = ADVANCED_FACE('',(#7120),#7131,.T.);
#7120 = FACE_BOUND('',#7121,.T.);
#7121 = EDGE_LOOP('',(#7122,#7123,#7124,#7125));
#7122 = ORIENTED_EDGE('',*,*,#6753,.T.);
#7123 = ORIENTED_EDGE('',*,*,#6852,.F.);
#7124 = ORIENTED_EDGE('',*,*,#6803,.F.);
#7125 = ORIENTED_EDGE('',*,*,#7126,.T.);
#7126 = EDGE_CURVE('',#6804,#6754,#7127,.T.);
#7127 = LINE('',#7128,#7129);
#7128 = CARTESIAN_POINT('',(-0.499999999915,2.745714883025,
    -6.0000000254E-02));
#7129 = VECTOR('',#7130,1.);
#7130 = DIRECTION('',(1.,0.,0.));
#7131 = PLANE('',#7132);
#7132 = AXIS2_PLACEMENT_3D('',#7133,#7134,#7135);
#7133 = CARTESIAN_POINT('',(-1.399000000169,2.746714882773,-6.E-02));
#7134 = DIRECTION('',(0.,0.,-1.));
#7135 = DIRECTION('',(0.,-1.,0.));
#7136 = ADVANCED_FACE('',(#7137),#7183,.T.);
#7137 = FACE_BOUND('',#7138,.T.);
#7138 = EDGE_LOOP('',(#7139,#7140,#7141,#7142,#7148,#7149,#7150,#7151,
    #7152,#7153,#7154,#7155,#7156,#7157,#7158,#7159,#7165,#7166,#7167,
    #7168,#7174,#7175,#7176,#7177));
#7139 = ORIENTED_EDGE('',*,*,#6820,.T.);
#7140 = ORIENTED_EDGE('',*,*,#6140,.T.);
#7141 = ORIENTED_EDGE('',*,*,#6900,.T.);
#7142 = ORIENTED_EDGE('',*,*,#7143,.T.);
#7143 = EDGE_CURVE('',#6893,#6715,#7144,.T.);
#7144 = LINE('',#7145,#7146);
#7145 = CARTESIAN_POINT('',(-1.499999999915,2.045714883026,
    0.139999999746));
#7146 = VECTOR('',#7147,1.);
#7147 = DIRECTION('',(-1.,0.,0.));
#7148 = ORIENTED_EDGE('',*,*,#6714,.T.);
#7149 = ORIENTED_EDGE('',*,*,#6108,.T.);
#7150 = ORIENTED_EDGE('',*,*,#5960,.F.);
#7151 = ORIENTED_EDGE('',*,*,#6642,.F.);
#7152 = ORIENTED_EDGE('',*,*,#7022,.T.);
#7153 = ORIENTED_EDGE('',*,*,#6350,.F.);
#7154 = ORIENTED_EDGE('',*,*,#6998,.F.);
#7155 = ORIENTED_EDGE('',*,*,#7056,.T.);
#7156 = ORIENTED_EDGE('',*,*,#6438,.T.);
#7157 = ORIENTED_EDGE('',*,*,#6053,.T.);
#7158 = ORIENTED_EDGE('',*,*,#4808,.T.);
#7159 = ORIENTED_EDGE('',*,*,#7160,.T.);
#7160 = EDGE_CURVE('',#4801,#4715,#7161,.T.);
#7161 = LINE('',#7162,#7163);
#7162 = CARTESIAN_POINT('',(1.500000000084,2.045714883026,0.139999999746
    ));
#7163 = VECTOR('',#7164,1.);
#7164 = DIRECTION('',(-1.,0.,0.));
#7165 = ORIENTED_EDGE('',*,*,#4714,.T.);
#7166 = ORIENTED_EDGE('',*,*,#6186,.T.);
#7167 = ORIENTED_EDGE('',*,*,#4674,.T.);
#7168 = ORIENTED_EDGE('',*,*,#7169,.T.);
#7169 = EDGE_CURVE('',#4667,#4581,#7170,.T.);
#7170 = LINE('',#7171,#7172);
#7171 = CARTESIAN_POINT('',(0.500000000085,2.045714883026,0.139999999746
    ));
#7172 = VECTOR('',#7173,1.);
#7173 = DIRECTION('',(-1.,0.,0.));
#7174 = ORIENTED_EDGE('',*,*,#4580,.T.);
#7175 = ORIENTED_EDGE('',*,*,#6172,.T.);
#7176 = ORIENTED_EDGE('',*,*,#6777,.T.);
#7177 = ORIENTED_EDGE('',*,*,#7178,.T.);
#7178 = EDGE_CURVE('',#6770,#6821,#7179,.T.);
#7179 = LINE('',#7180,#7181);
#7180 = CARTESIAN_POINT('',(-0.499999999915,2.045714883026,
    0.139999999746));
#7181 = VECTOR('',#7182,1.);
#7182 = DIRECTION('',(-1.,0.,0.));
#7183 = PLANE('',#7184);
#7184 = AXIS2_PLACEMENT_3D('',#7185,#7186,#7187);
#7185 = CARTESIAN_POINT('',(3.00099999983,2.045714882772,
    -9.99999999998E-04));
#7186 = DIRECTION('',(0.,1.,0.));
#7187 = DIRECTION('',(-1.,0.,0.));
#7188 = ADVANCED_FACE('',(#7189),#7200,.T.);
#7189 = FACE_BOUND('',#7190,.T.);
#7190 = EDGE_LOOP('',(#7191,#7192,#7193,#7194));
#7191 = ORIENTED_EDGE('',*,*,#4658,.T.);
#7192 = ORIENTED_EDGE('',*,*,#4627,.F.);
#7193 = ORIENTED_EDGE('',*,*,#4596,.F.);
#7194 = ORIENTED_EDGE('',*,*,#7195,.T.);
#7195 = EDGE_CURVE('',#4589,#4659,#7196,.T.);
#7196 = LINE('',#7197,#7198);
#7197 = CARTESIAN_POINT('',(0.500000000085,2.745714883025,0.139999999746
    ));
#7198 = VECTOR('',#7199,1.);
#7199 = DIRECTION('',(1.,0.,0.));
#7200 = PLANE('',#7201);
#7201 = AXIS2_PLACEMENT_3D('',#7202,#7203,#7204);
#7202 = CARTESIAN_POINT('',(-1.399000000169,2.745714882771,0.141));
#7203 = DIRECTION('',(0.,1.,0.));
#7204 = DIRECTION('',(0.,0.,-1.));
#7205 = ADVANCED_FACE('',(#7206),#7212,.T.);
#7206 = FACE_BOUND('',#7207,.T.);
#7207 = EDGE_LOOP('',(#7208,#7209,#7210,#7211));
#7208 = ORIENTED_EDGE('',*,*,#4666,.T.);
#7209 = ORIENTED_EDGE('',*,*,#7195,.F.);
#7210 = ORIENTED_EDGE('',*,*,#4588,.F.);
#7211 = ORIENTED_EDGE('',*,*,#7169,.F.);
#7212 = PLANE('',#7213);
#7213 = AXIS2_PLACEMENT_3D('',#7214,#7215,#7216);
#7214 = CARTESIAN_POINT('',(-1.399000000169,2.044714882773,0.14));
#7215 = DIRECTION('',(0.,0.,1.));
#7216 = DIRECTION('',(0.,1.,0.));
#7217 = ADVANCED_FACE('',(#7218),#7229,.T.);
#7218 = FACE_BOUND('',#7219,.T.);
#7219 = EDGE_LOOP('',(#7220,#7221,#7222,#7223));
#7220 = ORIENTED_EDGE('',*,*,#6884,.T.);
#7221 = ORIENTED_EDGE('',*,*,#7109,.F.);
#7222 = ORIENTED_EDGE('',*,*,#6730,.F.);
#7223 = ORIENTED_EDGE('',*,*,#7224,.T.);
#7224 = EDGE_CURVE('',#6723,#6885,#7225,.T.);
#7225 = LINE('',#7226,#7227);
#7226 = CARTESIAN_POINT('',(-1.499999999915,2.745714883025,
    0.139999999746));
#7227 = VECTOR('',#7228,1.);
#7228 = DIRECTION('',(1.,0.,0.));
#7229 = PLANE('',#7230);
#7230 = AXIS2_PLACEMENT_3D('',#7231,#7232,#7233);
#7231 = CARTESIAN_POINT('',(-1.399000000169,2.745714882771,0.141));
#7232 = DIRECTION('',(0.,1.,0.));
#7233 = DIRECTION('',(0.,0.,-1.));
#7234 = ADVANCED_FACE('',(#7235),#7241,.T.);
#7235 = FACE_BOUND('',#7236,.T.);
#7236 = EDGE_LOOP('',(#7237,#7238,#7239,#7240));
#7237 = ORIENTED_EDGE('',*,*,#6892,.T.);
#7238 = ORIENTED_EDGE('',*,*,#7224,.F.);
#7239 = ORIENTED_EDGE('',*,*,#6722,.F.);
#7240 = ORIENTED_EDGE('',*,*,#7143,.F.);
#7241 = PLANE('',#7242);
#7242 = AXIS2_PLACEMENT_3D('',#7243,#7244,#7245);
#7243 = CARTESIAN_POINT('',(-1.399000000169,2.044714882773,0.14));
#7244 = DIRECTION('',(0.,0.,1.));
#7245 = DIRECTION('',(0.,1.,0.));
#7246 = ADVANCED_FACE('',(#7247),#7258,.T.);
#7247 = FACE_BOUND('',#7248,.T.);
#7248 = EDGE_LOOP('',(#7249,#7250,#7251,#7252));
#7249 = ORIENTED_EDGE('',*,*,#4792,.T.);
#7250 = ORIENTED_EDGE('',*,*,#4761,.F.);
#7251 = ORIENTED_EDGE('',*,*,#4730,.F.);
#7252 = ORIENTED_EDGE('',*,*,#7253,.T.);
#7253 = EDGE_CURVE('',#4723,#4793,#7254,.T.);
#7254 = LINE('',#7255,#7256);
#7255 = CARTESIAN_POINT('',(1.500000000084,2.745714883025,0.139999999746
    ));
#7256 = VECTOR('',#7257,1.);
#7257 = DIRECTION('',(1.,0.,0.));
#7258 = PLANE('',#7259);
#7259 = AXIS2_PLACEMENT_3D('',#7260,#7261,#7262);
#7260 = CARTESIAN_POINT('',(-1.399000000169,2.745714882771,0.141));
#7261 = DIRECTION('',(0.,1.,0.));
#7262 = DIRECTION('',(0.,0.,-1.));
#7263 = ADVANCED_FACE('',(#7264),#7270,.T.);
#7264 = FACE_BOUND('',#7265,.T.);
#7265 = EDGE_LOOP('',(#7266,#7267,#7268,#7269));
#7266 = ORIENTED_EDGE('',*,*,#4800,.T.);
#7267 = ORIENTED_EDGE('',*,*,#7253,.F.);
#7268 = ORIENTED_EDGE('',*,*,#4722,.F.);
#7269 = ORIENTED_EDGE('',*,*,#7160,.F.);
#7270 = PLANE('',#7271);
#7271 = AXIS2_PLACEMENT_3D('',#7272,#7273,#7274);
#7272 = CARTESIAN_POINT('',(-1.399000000169,2.044714882773,0.14));
#7273 = DIRECTION('',(0.,0.,1.));
#7274 = DIRECTION('',(0.,1.,0.));
#7275 = ADVANCED_FACE('',(#7276),#7287,.T.);
#7276 = FACE_BOUND('',#7277,.T.);
#7277 = EDGE_LOOP('',(#7278,#7279,#7285,#7286));
#7278 = ORIENTED_EDGE('',*,*,#6769,.T.);
#7279 = ORIENTED_EDGE('',*,*,#7280,.F.);
#7280 = EDGE_CURVE('',#6829,#6762,#7281,.T.);
#7281 = LINE('',#7282,#7283);
#7282 = CARTESIAN_POINT('',(-0.499999999915,2.745714883025,
    0.139999999746));
#7283 = VECTOR('',#7284,1.);
#7284 = DIRECTION('',(1.,0.,0.));
#7285 = ORIENTED_EDGE('',*,*,#6828,.F.);
#7286 = ORIENTED_EDGE('',*,*,#7178,.F.);
#7287 = PLANE('',#7288);
#7288 = AXIS2_PLACEMENT_3D('',#7289,#7290,#7291);
#7289 = CARTESIAN_POINT('',(-1.399000000169,2.044714882773,0.14));
#7290 = DIRECTION('',(0.,0.,1.));
#7291 = DIRECTION('',(0.,1.,0.));
#7292 = ADVANCED_FACE('',(#7293),#7299,.T.);
#7293 = FACE_BOUND('',#7294,.T.);
#7294 = EDGE_LOOP('',(#7295,#7296,#7297,#7298));
#7295 = ORIENTED_EDGE('',*,*,#6761,.T.);
#7296 = ORIENTED_EDGE('',*,*,#7126,.F.);
#7297 = ORIENTED_EDGE('',*,*,#6836,.F.);
#7298 = ORIENTED_EDGE('',*,*,#7280,.T.);
#7299 = PLANE('',#7300);
#7300 = AXIS2_PLACEMENT_3D('',#7301,#7302,#7303);
#7301 = CARTESIAN_POINT('',(-1.399000000169,2.745714882771,0.141));
#7302 = DIRECTION('',(0.,1.,0.));
#7303 = DIRECTION('',(0.,0.,-1.));
#7304 = ( GEOMETRIC_REPRESENTATION_CONTEXT(3) 
GLOBAL_UNCERTAINTY_ASSIGNED_CONTEXT((#7308)) 
GLOBAL_UNIT_ASSIGNED_CONTEXT((#7305,#7306,#7307)) REPRESENTATION_CONTEXT
('Context #1','3D Context with UNIT and UNCERTAINTY') );
#7305 = ( LENGTH_UNIT() NAMED_UNIT(*) SI_UNIT(.MILLI.,.METRE.) );
#7306 = ( NAMED_UNIT(*) PLANE_ANGLE_UNIT() SI_UNIT($,.RADIAN.) );
#7307 = ( NAMED_UNIT(*) SI_UNIT($,.STERADIAN.) SOLID_ANGLE_UNIT() );
#7308 = UNCERTAINTY_MEASURE_WITH_UNIT(LENGTH_MEASURE(1.E-07),#7305,
  'distance_accuracy_value','confusion accuracy');
#7309 = CONTEXT_DEPENDENT_SHAPE_REPRESENTATION(#7310,#7312);
#7310 = ( REPRESENTATION_RELATIONSHIP('','',#4547,#10) 
REPRESENTATION_RELATIONSHIP_WITH_TRANSFORMATION(#7311) 
SHAPE_REPRESENTATION_RELATIONSHIP() );
#7311 = ITEM_DEFINED_TRANSFORMATION('','',#11,#19);
#7312 = PRODUCT_DEFINITION_SHAPE('Placement','Placement of an item',
  #7313);
#7313 = NEXT_ASSEMBLY_USAGE_OCCURRENCE('2','J101','',#5,#4542,$);
#7314 = PRODUCT_RELATED_PRODUCT_CATEGORY('part',$,(#4544));
#7315 = SHAPE_DEFINITION_REPRESENTATION(#7316,#7322);
#7316 = PRODUCT_DEFINITION_SHAPE('','',#7317);
#7317 = PRODUCT_DEFINITION('design','',#7318,#7321);
#7318 = PRODUCT_DEFINITION_FORMATION('','',#7319);
#7319 = PRODUCT('R_0402_1005Metric','R_0402_1005Metric','',(#7320));
#7320 = PRODUCT_CONTEXT('',#2,'mechanical');
#7321 = PRODUCT_DEFINITION_CONTEXT('part definition',#2,'design');
#7322 = ADVANCED_BREP_SHAPE_REPRESENTATION('',(#11,#7323),#8113);
#7323 = MANIFOLD_SOLID_BREP('',#7324);
#7324 = CLOSED_SHELL('',(#7325,#7365,#7448,#7473,#7498,#7565,#7582,#7599
    ,#7648,#7665,#7682,#7731,#7748,#7817,#7848,#7872,#7941,#7965,#7982,
    #7999,#8016,#8033,#8050,#8067,#8084,#8101));
#7325 = ADVANCED_FACE('',(#7326),#7360,.F.);
#7326 = FACE_BOUND('',#7327,.F.);
#7327 = EDGE_LOOP('',(#7328,#7338,#7346,#7354));
#7328 = ORIENTED_EDGE('',*,*,#7329,.F.);
#7329 = EDGE_CURVE('',#7330,#7332,#7334,.T.);
#7330 = VERTEX_POINT('',#7331);
#7331 = CARTESIAN_POINT('',(-0.5,-0.25,3.5E-02));
#7332 = VERTEX_POINT('',#7333);
#7333 = CARTESIAN_POINT('',(-0.5,-0.25,0.315));
#7334 = LINE('',#7335,#7336);
#7335 = CARTESIAN_POINT('',(-0.5,-0.25,0.));
#7336 = VECTOR('',#7337,1.);
#7337 = DIRECTION('',(0.,0.,1.));
#7338 = ORIENTED_EDGE('',*,*,#7339,.T.);
#7339 = EDGE_CURVE('',#7330,#7340,#7342,.T.);
#7340 = VERTEX_POINT('',#7341);
#7341 = CARTESIAN_POINT('',(-0.5,0.25,3.5E-02));
#7342 = LINE('',#7343,#7344);
#7343 = CARTESIAN_POINT('',(-0.5,-0.25,3.5E-02));
#7344 = VECTOR('',#7345,1.);
#7345 = DIRECTION('',(0.,1.,0.));
#7346 = ORIENTED_EDGE('',*,*,#7347,.T.);
#7347 = EDGE_CURVE('',#7340,#7348,#7350,.T.);
#7348 = VERTEX_POINT('',#7349);
#7349 = CARTESIAN_POINT('',(-0.5,0.25,0.315));
#7350 = LINE('',#7351,#7352);
#7351 = CARTESIAN_POINT('',(-0.5,0.25,0.));
#7352 = VECTOR('',#7353,1.);
#7353 = DIRECTION('',(0.,0.,1.));
#7354 = ORIENTED_EDGE('',*,*,#7355,.F.);
#7355 = EDGE_CURVE('',#7332,#7348,#7356,.T.);
#7356 = LINE('',#7357,#7358);
#7357 = CARTESIAN_POINT('',(-0.5,-0.25,0.315));
#7358 = VECTOR('',#7359,1.);
#7359 = DIRECTION('',(0.,1.,0.));
#7360 = PLANE('',#7361);
#7361 = AXIS2_PLACEMENT_3D('',#7362,#7363,#7364);
#7362 = CARTESIAN_POINT('',(-0.5,-0.25,0.));
#7363 = DIRECTION('',(1.,0.,0.));
#7364 = DIRECTION('',(0.,0.,1.));
#7365 = ADVANCED_FACE('',(#7366),#7443,.F.);
#7366 = FACE_BOUND('',#7367,.F.);
#7367 = EDGE_LOOP('',(#7368,#7378,#7385,#7386,#7395,#7403,#7412,#7420,
    #7428,#7436));
#7368 = ORIENTED_EDGE('',*,*,#7369,.F.);
#7369 = EDGE_CURVE('',#7370,#7372,#7374,.T.);
#7370 = VERTEX_POINT('',#7371);
#7371 = CARTESIAN_POINT('',(-0.465,-0.25,-2.775557561563E-17));
#7372 = VERTEX_POINT('',#7373);
#7373 = CARTESIAN_POINT('',(-0.335,-0.25,-2.775557561563E-17));
#7374 = LINE('',#7375,#7376);
#7375 = CARTESIAN_POINT('',(-0.5,-0.25,0.));
#7376 = VECTOR('',#7377,1.);
#7377 = DIRECTION('',(1.,0.,0.));
#7378 = ORIENTED_EDGE('',*,*,#7379,.F.);
#7379 = EDGE_CURVE('',#7330,#7370,#7380,.T.);
#7380 = CIRCLE('',#7381,3.5E-02);
#7381 = AXIS2_PLACEMENT_3D('',#7382,#7383,#7384);
#7382 = CARTESIAN_POINT('',(-0.465,-0.25,3.5E-02));
#7383 = DIRECTION('',(0.,-1.,0.));
#7384 = DIRECTION('',(0.,0.,1.));
#7385 = ORIENTED_EDGE('',*,*,#7329,.T.);
#7386 = ORIENTED_EDGE('',*,*,#7387,.T.);
#7387 = EDGE_CURVE('',#7332,#7388,#7390,.T.);
#7388 = VERTEX_POINT('',#7389);
#7389 = CARTESIAN_POINT('',(-0.465,-0.25,0.35));
#7390 = CIRCLE('',#7391,3.5E-02);
#7391 = AXIS2_PLACEMENT_3D('',#7392,#7393,#7394);
#7392 = CARTESIAN_POINT('',(-0.465,-0.25,0.315));
#7393 = DIRECTION('',(0.,1.,0.));
#7394 = DIRECTION('',(0.,-0.,1.));
#7395 = ORIENTED_EDGE('',*,*,#7396,.T.);
#7396 = EDGE_CURVE('',#7388,#7397,#7399,.T.);
#7397 = VERTEX_POINT('',#7398);
#7398 = CARTESIAN_POINT('',(-0.335,-0.25,0.35));
#7399 = LINE('',#7400,#7401);
#7400 = CARTESIAN_POINT('',(-0.5,-0.25,0.35));
#7401 = VECTOR('',#7402,1.);
#7402 = DIRECTION('',(1.,0.,0.));
#7403 = ORIENTED_EDGE('',*,*,#7404,.F.);
#7404 = EDGE_CURVE('',#7405,#7397,#7407,.T.);
#7405 = VERTEX_POINT('',#7406);
#7406 = CARTESIAN_POINT('',(-0.3,-0.25,0.315));
#7407 = CIRCLE('',#7408,3.5E-02);
#7408 = AXIS2_PLACEMENT_3D('',#7409,#7410,#7411);
#7409 = CARTESIAN_POINT('',(-0.335,-0.25,0.315));
#7410 = DIRECTION('',(0.,-1.,0.));
#7411 = DIRECTION('',(0.,0.,1.));
#7412 = ORIENTED_EDGE('',*,*,#7413,.F.);
#7413 = EDGE_CURVE('',#7414,#7405,#7416,.T.);
#7414 = VERTEX_POINT('',#7415);
#7415 = CARTESIAN_POINT('',(-0.465,-0.25,0.315));
#7416 = LINE('',#7417,#7418);
#7417 = CARTESIAN_POINT('',(-0.465,-0.25,0.315));
#7418 = VECTOR('',#7419,1.);
#7419 = DIRECTION('',(1.,0.,0.));
#7420 = ORIENTED_EDGE('',*,*,#7421,.F.);
#7421 = EDGE_CURVE('',#7422,#7414,#7424,.T.);
#7422 = VERTEX_POINT('',#7423);
#7423 = CARTESIAN_POINT('',(-0.465,-0.25,3.5E-02));
#7424 = LINE('',#7425,#7426);
#7425 = CARTESIAN_POINT('',(-0.465,-0.25,3.5E-02));
#7426 = VECTOR('',#7427,1.);
#7427 = DIRECTION('',(0.,0.,1.));
#7428 = ORIENTED_EDGE('',*,*,#7429,.T.);
#7429 = EDGE_CURVE('',#7422,#7430,#7432,.T.);
#7430 = VERTEX_POINT('',#7431);
#7431 = CARTESIAN_POINT('',(-0.3,-0.25,3.5E-02));
#7432 = LINE('',#7433,#7434);
#7433 = CARTESIAN_POINT('',(-0.465,-0.25,3.5E-02));
#7434 = VECTOR('',#7435,1.);
#7435 = DIRECTION('',(1.,0.,0.));
#7436 = ORIENTED_EDGE('',*,*,#7437,.T.);
#7437 = EDGE_CURVE('',#7430,#7372,#7438,.T.);
#7438 = CIRCLE('',#7439,3.5E-02);
#7439 = AXIS2_PLACEMENT_3D('',#7440,#7441,#7442);
#7440 = CARTESIAN_POINT('',(-0.335,-0.25,3.5E-02));
#7441 = DIRECTION('',(0.,1.,0.));
#7442 = DIRECTION('',(0.,-0.,1.));
#7443 = PLANE('',#7444);
#7444 = AXIS2_PLACEMENT_3D('',#7445,#7446,#7447);
#7445 = CARTESIAN_POINT('',(-0.5,-0.25,0.));
#7446 = DIRECTION('',(0.,1.,0.));
#7447 = DIRECTION('',(0.,-0.,1.));
#7448 = ADVANCED_FACE('',(#7449),#7468,.T.);
#7449 = FACE_BOUND('',#7450,.T.);
#7450 = EDGE_LOOP('',(#7451,#7452,#7461,#7467));
#7451 = ORIENTED_EDGE('',*,*,#7339,.T.);
#7452 = ORIENTED_EDGE('',*,*,#7453,.T.);
#7453 = EDGE_CURVE('',#7340,#7454,#7456,.T.);
#7454 = VERTEX_POINT('',#7455);
#7455 = CARTESIAN_POINT('',(-0.465,0.25,-2.775557561563E-17));
#7456 = CIRCLE('',#7457,3.5E-02);
#7457 = AXIS2_PLACEMENT_3D('',#7458,#7459,#7460);
#7458 = CARTESIAN_POINT('',(-0.465,0.25,3.5E-02));
#7459 = DIRECTION('',(0.,-1.,0.));
#7460 = DIRECTION('',(0.,0.,1.));
#7461 = ORIENTED_EDGE('',*,*,#7462,.F.);
#7462 = EDGE_CURVE('',#7370,#7454,#7463,.T.);
#7463 = LINE('',#7464,#7465);
#7464 = CARTESIAN_POINT('',(-0.465,-0.25,-2.775557561563E-17));
#7465 = VECTOR('',#7466,1.);
#7466 = DIRECTION('',(0.,1.,0.));
#7467 = ORIENTED_EDGE('',*,*,#7379,.F.);
#7468 = CYLINDRICAL_SURFACE('',#7469,3.5E-02);
#7469 = AXIS2_PLACEMENT_3D('',#7470,#7471,#7472);
#7470 = CARTESIAN_POINT('',(-0.465,-0.25,3.5E-02));
#7471 = DIRECTION('',(0.,1.,0.));
#7472 = DIRECTION('',(-1.,0.,0.));
#7473 = ADVANCED_FACE('',(#7474),#7493,.T.);
#7474 = FACE_BOUND('',#7475,.T.);
#7475 = EDGE_LOOP('',(#7476,#7477,#7485,#7492));
#7476 = ORIENTED_EDGE('',*,*,#7387,.T.);
#7477 = ORIENTED_EDGE('',*,*,#7478,.T.);
#7478 = EDGE_CURVE('',#7388,#7479,#7481,.T.);
#7479 = VERTEX_POINT('',#7480);
#7480 = CARTESIAN_POINT('',(-0.465,0.25,0.35));
#7481 = LINE('',#7482,#7483);
#7482 = CARTESIAN_POINT('',(-0.465,-0.25,0.35));
#7483 = VECTOR('',#7484,1.);
#7484 = DIRECTION('',(0.,1.,0.));
#7485 = ORIENTED_EDGE('',*,*,#7486,.F.);
#7486 = EDGE_CURVE('',#7348,#7479,#7487,.T.);
#7487 = CIRCLE('',#7488,3.5E-02);
#7488 = AXIS2_PLACEMENT_3D('',#7489,#7490,#7491);
#7489 = CARTESIAN_POINT('',(-0.465,0.25,0.315));
#7490 = DIRECTION('',(0.,1.,0.));
#7491 = DIRECTION('',(0.,-0.,1.));
#7492 = ORIENTED_EDGE('',*,*,#7355,.F.);
#7493 = CYLINDRICAL_SURFACE('',#7494,3.5E-02);
#7494 = AXIS2_PLACEMENT_3D('',#7495,#7496,#7497);
#7495 = CARTESIAN_POINT('',(-0.465,-0.25,0.315));
#7496 = DIRECTION('',(0.,1.,0.));
#7497 = DIRECTION('',(-1.,0.,0.));
#7498 = ADVANCED_FACE('',(#7499),#7560,.T.);
#7499 = FACE_BOUND('',#7500,.T.);
#7500 = EDGE_LOOP('',(#7501,#7509,#7510,#7511,#7512,#7520,#7529,#7537,
    #7545,#7553));
#7501 = ORIENTED_EDGE('',*,*,#7502,.F.);
#7502 = EDGE_CURVE('',#7454,#7503,#7505,.T.);
#7503 = VERTEX_POINT('',#7504);
#7504 = CARTESIAN_POINT('',(-0.335,0.25,-2.775557561563E-17));
#7505 = LINE('',#7506,#7507);
#7506 = CARTESIAN_POINT('',(-0.5,0.25,0.));
#7507 = VECTOR('',#7508,1.);
#7508 = DIRECTION('',(1.,0.,0.));
#7509 = ORIENTED_EDGE('',*,*,#7453,.F.);
#7510 = ORIENTED_EDGE('',*,*,#7347,.T.);
#7511 = ORIENTED_EDGE('',*,*,#7486,.T.);
#7512 = ORIENTED_EDGE('',*,*,#7513,.T.);
#7513 = EDGE_CURVE('',#7479,#7514,#7516,.T.);
#7514 = VERTEX_POINT('',#7515);
#7515 = CARTESIAN_POINT('',(-0.335,0.25,0.35));
#7516 = LINE('',#7517,#7518);
#7517 = CARTESIAN_POINT('',(-0.5,0.25,0.35));
#7518 = VECTOR('',#7519,1.);
#7519 = DIRECTION('',(1.,0.,0.));
#7520 = ORIENTED_EDGE('',*,*,#7521,.F.);
#7521 = EDGE_CURVE('',#7522,#7514,#7524,.T.);
#7522 = VERTEX_POINT('',#7523);
#7523 = CARTESIAN_POINT('',(-0.3,0.25,0.315));
#7524 = CIRCLE('',#7525,3.5E-02);
#7525 = AXIS2_PLACEMENT_3D('',#7526,#7527,#7528);
#7526 = CARTESIAN_POINT('',(-0.335,0.25,0.315));
#7527 = DIRECTION('',(0.,-1.,0.));
#7528 = DIRECTION('',(0.,0.,1.));
#7529 = ORIENTED_EDGE('',*,*,#7530,.F.);
#7530 = EDGE_CURVE('',#7531,#7522,#7533,.T.);
#7531 = VERTEX_POINT('',#7532);
#7532 = CARTESIAN_POINT('',(-0.465,0.25,0.315));
#7533 = LINE('',#7534,#7535);
#7534 = CARTESIAN_POINT('',(-0.465,0.25,0.315));
#7535 = VECTOR('',#7536,1.);
#7536 = DIRECTION('',(1.,0.,0.));
#7537 = ORIENTED_EDGE('',*,*,#7538,.F.);
#7538 = EDGE_CURVE('',#7539,#7531,#7541,.T.);
#7539 = VERTEX_POINT('',#7540);
#7540 = CARTESIAN_POINT('',(-0.465,0.25,3.5E-02));
#7541 = LINE('',#7542,#7543);
#7542 = CARTESIAN_POINT('',(-0.465,0.25,3.5E-02));
#7543 = VECTOR('',#7544,1.);
#7544 = DIRECTION('',(0.,0.,1.));
#7545 = ORIENTED_EDGE('',*,*,#7546,.T.);
#7546 = EDGE_CURVE('',#7539,#7547,#7549,.T.);
#7547 = VERTEX_POINT('',#7548);
#7548 = CARTESIAN_POINT('',(-0.3,0.25,3.5E-02));
#7549 = LINE('',#7550,#7551);
#7550 = CARTESIAN_POINT('',(-0.465,0.25,3.5E-02));
#7551 = VECTOR('',#7552,1.);
#7552 = DIRECTION('',(1.,0.,0.));
#7553 = ORIENTED_EDGE('',*,*,#7554,.T.);
#7554 = EDGE_CURVE('',#7547,#7503,#7555,.T.);
#7555 = CIRCLE('',#7556,3.5E-02);
#7556 = AXIS2_PLACEMENT_3D('',#7557,#7558,#7559);
#7557 = CARTESIAN_POINT('',(-0.335,0.25,3.5E-02));
#7558 = DIRECTION('',(0.,1.,0.));
#7559 = DIRECTION('',(0.,-0.,1.));
#7560 = PLANE('',#7561);
#7561 = AXIS2_PLACEMENT_3D('',#7562,#7563,#7564);
#7562 = CARTESIAN_POINT('',(-0.5,0.25,0.));
#7563 = DIRECTION('',(0.,1.,0.));
#7564 = DIRECTION('',(0.,-0.,1.));
#7565 = ADVANCED_FACE('',(#7566),#7577,.F.);
#7566 = FACE_BOUND('',#7567,.F.);
#7567 = EDGE_LOOP('',(#7568,#7569,#7570,#7571));
#7568 = ORIENTED_EDGE('',*,*,#7502,.F.);
#7569 = ORIENTED_EDGE('',*,*,#7462,.F.);
#7570 = ORIENTED_EDGE('',*,*,#7369,.T.);
#7571 = ORIENTED_EDGE('',*,*,#7572,.T.);
#7572 = EDGE_CURVE('',#7372,#7503,#7573,.T.);
#7573 = LINE('',#7574,#7575);
#7574 = CARTESIAN_POINT('',(-0.335,-0.25,-2.775557561563E-17));
#7575 = VECTOR('',#7576,1.);
#7576 = DIRECTION('',(0.,1.,0.));
#7577 = PLANE('',#7578);
#7578 = AXIS2_PLACEMENT_3D('',#7579,#7580,#7581);
#7579 = CARTESIAN_POINT('',(-0.5,-0.25,0.));
#7580 = DIRECTION('',(0.,0.,1.));
#7581 = DIRECTION('',(1.,0.,-0.));
#7582 = ADVANCED_FACE('',(#7583),#7594,.T.);
#7583 = FACE_BOUND('',#7584,.T.);
#7584 = EDGE_LOOP('',(#7585,#7586,#7587,#7588));
#7585 = ORIENTED_EDGE('',*,*,#7437,.T.);
#7586 = ORIENTED_EDGE('',*,*,#7572,.T.);
#7587 = ORIENTED_EDGE('',*,*,#7554,.F.);
#7588 = ORIENTED_EDGE('',*,*,#7589,.F.);
#7589 = EDGE_CURVE('',#7430,#7547,#7590,.T.);
#7590 = LINE('',#7591,#7592);
#7591 = CARTESIAN_POINT('',(-0.3,-0.25,3.5E-02));
#7592 = VECTOR('',#7593,1.);
#7593 = DIRECTION('',(0.,1.,0.));
#7594 = CYLINDRICAL_SURFACE('',#7595,3.5E-02);
#7595 = AXIS2_PLACEMENT_3D('',#7596,#7597,#7598);
#7596 = CARTESIAN_POINT('',(-0.335,-0.25,3.5E-02));
#7597 = DIRECTION('',(0.,1.,0.));
#7598 = DIRECTION('',(1.,0.,0.));
#7599 = ADVANCED_FACE('',(#7600),#7643,.F.);
#7600 = FACE_BOUND('',#7601,.F.);
#7601 = EDGE_LOOP('',(#7602,#7603,#7604,#7605,#7613,#7621,#7629,#7637));
#7602 = ORIENTED_EDGE('',*,*,#7429,.F.);
#7603 = ORIENTED_EDGE('',*,*,#7421,.T.);
#7604 = ORIENTED_EDGE('',*,*,#7413,.T.);
#7605 = ORIENTED_EDGE('',*,*,#7606,.T.);
#7606 = EDGE_CURVE('',#7405,#7607,#7609,.T.);
#7607 = VERTEX_POINT('',#7608);
#7608 = CARTESIAN_POINT('',(0.3,-0.25,0.315));
#7609 = LINE('',#7610,#7611);
#7610 = CARTESIAN_POINT('',(-0.3,-0.25,0.315));
#7611 = VECTOR('',#7612,1.);
#7612 = DIRECTION('',(1.,0.,0.));
#7613 = ORIENTED_EDGE('',*,*,#7614,.T.);
#7614 = EDGE_CURVE('',#7607,#7615,#7617,.T.);
#7615 = VERTEX_POINT('',#7616);
#7616 = CARTESIAN_POINT('',(0.465,-0.25,0.315));
#7617 = LINE('',#7618,#7619);
#7618 = CARTESIAN_POINT('',(-0.465,-0.25,0.315));
#7619 = VECTOR('',#7620,1.);
#7620 = DIRECTION('',(1.,0.,0.));
#7621 = ORIENTED_EDGE('',*,*,#7622,.F.);
#7622 = EDGE_CURVE('',#7623,#7615,#7625,.T.);
#7623 = VERTEX_POINT('',#7624);
#7624 = CARTESIAN_POINT('',(0.465,-0.25,3.5E-02));
#7625 = LINE('',#7626,#7627);
#7626 = CARTESIAN_POINT('',(0.465,-0.25,3.5E-02));
#7627 = VECTOR('',#7628,1.);
#7628 = DIRECTION('',(0.,0.,1.));
#7629 = ORIENTED_EDGE('',*,*,#7630,.F.);
#7630 = EDGE_CURVE('',#7631,#7623,#7633,.T.);
#7631 = VERTEX_POINT('',#7632);
#7632 = CARTESIAN_POINT('',(0.3,-0.25,3.5E-02));
#7633 = LINE('',#7634,#7635);
#7634 = CARTESIAN_POINT('',(-0.465,-0.25,3.5E-02));
#7635 = VECTOR('',#7636,1.);
#7636 = DIRECTION('',(1.,0.,0.));
#7637 = ORIENTED_EDGE('',*,*,#7638,.F.);
#7638 = EDGE_CURVE('',#7430,#7631,#7639,.T.);
#7639 = LINE('',#7640,#7641);
#7640 = CARTESIAN_POINT('',(-0.465,-0.25,3.5E-02));
#7641 = VECTOR('',#7642,1.);
#7642 = DIRECTION('',(1.,0.,0.));
#7643 = PLANE('',#7644);
#7644 = AXIS2_PLACEMENT_3D('',#7645,#7646,#7647);
#7645 = CARTESIAN_POINT('',(-0.465,-0.25,3.5E-02));
#7646 = DIRECTION('',(0.,1.,0.));
#7647 = DIRECTION('',(0.,-0.,1.));
#7648 = ADVANCED_FACE('',(#7649),#7660,.T.);
#7649 = FACE_BOUND('',#7650,.T.);
#7650 = EDGE_LOOP('',(#7651,#7652,#7653,#7654));
#7651 = ORIENTED_EDGE('',*,*,#7513,.F.);
#7652 = ORIENTED_EDGE('',*,*,#7478,.F.);
#7653 = ORIENTED_EDGE('',*,*,#7396,.T.);
#7654 = ORIENTED_EDGE('',*,*,#7655,.T.);
#7655 = EDGE_CURVE('',#7397,#7514,#7656,.T.);
#7656 = LINE('',#7657,#7658);
#7657 = CARTESIAN_POINT('',(-0.335,-0.25,0.35));
#7658 = VECTOR('',#7659,1.);
#7659 = DIRECTION('',(0.,1.,0.));
#7660 = PLANE('',#7661);
#7661 = AXIS2_PLACEMENT_3D('',#7662,#7663,#7664);
#7662 = CARTESIAN_POINT('',(-0.5,-0.25,0.35));
#7663 = DIRECTION('',(0.,0.,1.));
#7664 = DIRECTION('',(1.,0.,-0.));
#7665 = ADVANCED_FACE('',(#7666),#7677,.T.);
#7666 = FACE_BOUND('',#7667,.T.);
#7667 = EDGE_LOOP('',(#7668,#7674,#7675,#7676));
#7668 = ORIENTED_EDGE('',*,*,#7669,.T.);
#7669 = EDGE_CURVE('',#7405,#7522,#7670,.T.);
#7670 = LINE('',#7671,#7672);
#7671 = CARTESIAN_POINT('',(-0.3,-0.25,0.315));
#7672 = VECTOR('',#7673,1.);
#7673 = DIRECTION('',(0.,1.,0.));
#7674 = ORIENTED_EDGE('',*,*,#7521,.T.);
#7675 = ORIENTED_EDGE('',*,*,#7655,.F.);
#7676 = ORIENTED_EDGE('',*,*,#7404,.F.);
#7677 = CYLINDRICAL_SURFACE('',#7678,3.5E-02);
#7678 = AXIS2_PLACEMENT_3D('',#7679,#7680,#7681);
#7679 = CARTESIAN_POINT('',(-0.335,-0.25,0.315));
#7680 = DIRECTION('',(0.,1.,0.));
#7681 = DIRECTION('',(1.,0.,0.));
#7682 = ADVANCED_FACE('',(#7683),#7726,.T.);
#7683 = FACE_BOUND('',#7684,.T.);
#7684 = EDGE_LOOP('',(#7685,#7686,#7687,#7688,#7696,#7704,#7712,#7720));
#7685 = ORIENTED_EDGE('',*,*,#7546,.F.);
#7686 = ORIENTED_EDGE('',*,*,#7538,.T.);
#7687 = ORIENTED_EDGE('',*,*,#7530,.T.);
#7688 = ORIENTED_EDGE('',*,*,#7689,.T.);
#7689 = EDGE_CURVE('',#7522,#7690,#7692,.T.);
#7690 = VERTEX_POINT('',#7691);
#7691 = CARTESIAN_POINT('',(0.3,0.25,0.315));
#7692 = LINE('',#7693,#7694);
#7693 = CARTESIAN_POINT('',(-0.3,0.25,0.315));
#7694 = VECTOR('',#7695,1.);
#7695 = DIRECTION('',(1.,0.,0.));
#7696 = ORIENTED_EDGE('',*,*,#7697,.T.);
#7697 = EDGE_CURVE('',#7690,#7698,#7700,.T.);
#7698 = VERTEX_POINT('',#7699);
#7699 = CARTESIAN_POINT('',(0.465,0.25,0.315));
#7700 = LINE('',#7701,#7702);
#7701 = CARTESIAN_POINT('',(-0.465,0.25,0.315));
#7702 = VECTOR('',#7703,1.);
#7703 = DIRECTION('',(1.,0.,0.));
#7704 = ORIENTED_EDGE('',*,*,#7705,.F.);
#7705 = EDGE_CURVE('',#7706,#7698,#7708,.T.);
#7706 = VERTEX_POINT('',#7707);
#7707 = CARTESIAN_POINT('',(0.465,0.25,3.5E-02));
#7708 = LINE('',#7709,#7710);
#7709 = CARTESIAN_POINT('',(0.465,0.25,3.5E-02));
#7710 = VECTOR('',#7711,1.);
#7711 = DIRECTION('',(0.,0.,1.));
#7712 = ORIENTED_EDGE('',*,*,#7713,.F.);
#7713 = EDGE_CURVE('',#7714,#7706,#7716,.T.);
#7714 = VERTEX_POINT('',#7715);
#7715 = CARTESIAN_POINT('',(0.3,0.25,3.5E-02));
#7716 = LINE('',#7717,#7718);
#7717 = CARTESIAN_POINT('',(-0.465,0.25,3.5E-02));
#7718 = VECTOR('',#7719,1.);
#7719 = DIRECTION('',(1.,0.,0.));
#7720 = ORIENTED_EDGE('',*,*,#7721,.F.);
#7721 = EDGE_CURVE('',#7547,#7714,#7722,.T.);
#7722 = LINE('',#7723,#7724);
#7723 = CARTESIAN_POINT('',(-0.465,0.25,3.5E-02));
#7724 = VECTOR('',#7725,1.);
#7725 = DIRECTION('',(1.,0.,0.));
#7726 = PLANE('',#7727);
#7727 = AXIS2_PLACEMENT_3D('',#7728,#7729,#7730);
#7728 = CARTESIAN_POINT('',(-0.465,0.25,3.5E-02));
#7729 = DIRECTION('',(0.,1.,0.));
#7730 = DIRECTION('',(0.,-0.,1.));
#7731 = ADVANCED_FACE('',(#7732),#7743,.F.);
#7732 = FACE_BOUND('',#7733,.F.);
#7733 = EDGE_LOOP('',(#7734,#7735,#7736,#7742));
#7734 = ORIENTED_EDGE('',*,*,#7589,.F.);
#7735 = ORIENTED_EDGE('',*,*,#7638,.T.);
#7736 = ORIENTED_EDGE('',*,*,#7737,.T.);
#7737 = EDGE_CURVE('',#7631,#7714,#7738,.T.);
#7738 = LINE('',#7739,#7740);
#7739 = CARTESIAN_POINT('',(0.3,-0.25,3.5E-02));
#7740 = VECTOR('',#7741,1.);
#7741 = DIRECTION('',(0.,1.,0.));
#7742 = ORIENTED_EDGE('',*,*,#7721,.F.);
#7743 = PLANE('',#7744);
#7744 = AXIS2_PLACEMENT_3D('',#7745,#7746,#7747);
#7745 = CARTESIAN_POINT('',(-0.465,-0.25,3.5E-02));
#7746 = DIRECTION('',(0.,0.,1.));
#7747 = DIRECTION('',(1.,0.,-0.));
#7748 = ADVANCED_FACE('',(#7749),#7812,.F.);
#7749 = FACE_BOUND('',#7750,.F.);
#7750 = EDGE_LOOP('',(#7751,#7761,#7768,#7769,#7770,#7771,#7780,#7788,
    #7797,#7805));
#7751 = ORIENTED_EDGE('',*,*,#7752,.F.);
#7752 = EDGE_CURVE('',#7753,#7755,#7757,.T.);
#7753 = VERTEX_POINT('',#7754);
#7754 = CARTESIAN_POINT('',(0.335,-0.25,-2.775557561563E-17));
#7755 = VERTEX_POINT('',#7756);
#7756 = CARTESIAN_POINT('',(0.465,-0.25,-2.775557561563E-17));
#7757 = LINE('',#7758,#7759);
#7758 = CARTESIAN_POINT('',(0.3,-0.25,0.));
#7759 = VECTOR('',#7760,1.);
#7760 = DIRECTION('',(1.,0.,0.));
#7761 = ORIENTED_EDGE('',*,*,#7762,.F.);
#7762 = EDGE_CURVE('',#7631,#7753,#7763,.T.);
#7763 = CIRCLE('',#7764,3.5E-02);
#7764 = AXIS2_PLACEMENT_3D('',#7765,#7766,#7767);
#7765 = CARTESIAN_POINT('',(0.335,-0.25,3.5E-02));
#7766 = DIRECTION('',(0.,-1.,0.));
#7767 = DIRECTION('',(0.,0.,1.));
#7768 = ORIENTED_EDGE('',*,*,#7630,.T.);
#7769 = ORIENTED_EDGE('',*,*,#7622,.T.);
#7770 = ORIENTED_EDGE('',*,*,#7614,.F.);
#7771 = ORIENTED_EDGE('',*,*,#7772,.T.);
#7772 = EDGE_CURVE('',#7607,#7773,#7775,.T.);
#7773 = VERTEX_POINT('',#7774);
#7774 = CARTESIAN_POINT('',(0.335,-0.25,0.35));
#7775 = CIRCLE('',#7776,3.5E-02);
#7776 = AXIS2_PLACEMENT_3D('',#7777,#7778,#7779);
#7777 = CARTESIAN_POINT('',(0.335,-0.25,0.315));
#7778 = DIRECTION('',(0.,1.,0.));
#7779 = DIRECTION('',(0.,-0.,1.));
#7780 = ORIENTED_EDGE('',*,*,#7781,.T.);
#7781 = EDGE_CURVE('',#7773,#7782,#7784,.T.);
#7782 = VERTEX_POINT('',#7783);
#7783 = CARTESIAN_POINT('',(0.465,-0.25,0.35));
#7784 = LINE('',#7785,#7786);
#7785 = CARTESIAN_POINT('',(0.3,-0.25,0.35));
#7786 = VECTOR('',#7787,1.);
#7787 = DIRECTION('',(1.,0.,0.));
#7788 = ORIENTED_EDGE('',*,*,#7789,.F.);
#7789 = EDGE_CURVE('',#7790,#7782,#7792,.T.);
#7790 = VERTEX_POINT('',#7791);
#7791 = CARTESIAN_POINT('',(0.5,-0.25,0.315));
#7792 = CIRCLE('',#7793,3.5E-02);
#7793 = AXIS2_PLACEMENT_3D('',#7794,#7795,#7796);
#7794 = CARTESIAN_POINT('',(0.465,-0.25,0.315));
#7795 = DIRECTION('',(0.,-1.,0.));
#7796 = DIRECTION('',(0.,0.,1.));
#7797 = ORIENTED_EDGE('',*,*,#7798,.F.);
#7798 = EDGE_CURVE('',#7799,#7790,#7801,.T.);
#7799 = VERTEX_POINT('',#7800);
#7800 = CARTESIAN_POINT('',(0.5,-0.25,3.5E-02));
#7801 = LINE('',#7802,#7803);
#7802 = CARTESIAN_POINT('',(0.5,-0.25,0.));
#7803 = VECTOR('',#7804,1.);
#7804 = DIRECTION('',(0.,0.,1.));
#7805 = ORIENTED_EDGE('',*,*,#7806,.T.);
#7806 = EDGE_CURVE('',#7799,#7755,#7807,.T.);
#7807 = CIRCLE('',#7808,3.5E-02);
#7808 = AXIS2_PLACEMENT_3D('',#7809,#7810,#7811);
#7809 = CARTESIAN_POINT('',(0.465,-0.25,3.5E-02));
#7810 = DIRECTION('',(0.,1.,0.));
#7811 = DIRECTION('',(0.,-0.,1.));
#7812 = PLANE('',#7813);
#7813 = AXIS2_PLACEMENT_3D('',#7814,#7815,#7816);
#7814 = CARTESIAN_POINT('',(0.3,-0.25,0.));
#7815 = DIRECTION('',(0.,1.,0.));
#7816 = DIRECTION('',(0.,-0.,1.));
#7817 = ADVANCED_FACE('',(#7818),#7843,.F.);
#7818 = FACE_BOUND('',#7819,.F.);
#7819 = EDGE_LOOP('',(#7820,#7821,#7829,#7837));
#7820 = ORIENTED_EDGE('',*,*,#7606,.F.);
#7821 = ORIENTED_EDGE('',*,*,#7822,.T.);
#7822 = EDGE_CURVE('',#7405,#7823,#7825,.T.);
#7823 = VERTEX_POINT('',#7824);
#7824 = CARTESIAN_POINT('',(-0.3,-0.25,0.35));
#7825 = LINE('',#7826,#7827);
#7826 = CARTESIAN_POINT('',(-0.3,-0.25,0.315));
#7827 = VECTOR('',#7828,1.);
#7828 = DIRECTION('',(0.,0.,1.));
#7829 = ORIENTED_EDGE('',*,*,#7830,.T.);
#7830 = EDGE_CURVE('',#7823,#7831,#7833,.T.);
#7831 = VERTEX_POINT('',#7832);
#7832 = CARTESIAN_POINT('',(0.3,-0.25,0.35));
#7833 = LINE('',#7834,#7835);
#7834 = CARTESIAN_POINT('',(-0.3,-0.25,0.35));
#7835 = VECTOR('',#7836,1.);
#7836 = DIRECTION('',(1.,0.,0.));
#7837 = ORIENTED_EDGE('',*,*,#7838,.F.);
#7838 = EDGE_CURVE('',#7607,#7831,#7839,.T.);
#7839 = LINE('',#7840,#7841);
#7840 = CARTESIAN_POINT('',(0.3,-0.25,0.315));
#7841 = VECTOR('',#7842,1.);
#7842 = DIRECTION('',(0.,0.,1.));
#7843 = PLANE('',#7844);
#7844 = AXIS2_PLACEMENT_3D('',#7845,#7846,#7847);
#7845 = CARTESIAN_POINT('',(-0.3,-0.25,0.315));
#7846 = DIRECTION('',(0.,1.,0.));
#7847 = DIRECTION('',(0.,-0.,1.));
#7848 = ADVANCED_FACE('',(#7849),#7867,.F.);
#7849 = FACE_BOUND('',#7850,.F.);
#7850 = EDGE_LOOP('',(#7851,#7852,#7853,#7861));
#7851 = ORIENTED_EDGE('',*,*,#7822,.F.);
#7852 = ORIENTED_EDGE('',*,*,#7669,.T.);
#7853 = ORIENTED_EDGE('',*,*,#7854,.T.);
#7854 = EDGE_CURVE('',#7522,#7855,#7857,.T.);
#7855 = VERTEX_POINT('',#7856);
#7856 = CARTESIAN_POINT('',(-0.3,0.25,0.35));
#7857 = LINE('',#7858,#7859);
#7858 = CARTESIAN_POINT('',(-0.3,0.25,0.315));
#7859 = VECTOR('',#7860,1.);
#7860 = DIRECTION('',(0.,0.,1.));
#7861 = ORIENTED_EDGE('',*,*,#7862,.F.);
#7862 = EDGE_CURVE('',#7823,#7855,#7863,.T.);
#7863 = LINE('',#7864,#7865);
#7864 = CARTESIAN_POINT('',(-0.3,-0.25,0.35));
#7865 = VECTOR('',#7866,1.);
#7866 = DIRECTION('',(0.,1.,0.));
#7867 = PLANE('',#7868);
#7868 = AXIS2_PLACEMENT_3D('',#7869,#7870,#7871);
#7869 = CARTESIAN_POINT('',(-0.3,-0.25,0.315));
#7870 = DIRECTION('',(1.,0.,0.));
#7871 = DIRECTION('',(0.,0.,1.));
#7872 = ADVANCED_FACE('',(#7873),#7936,.T.);
#7873 = FACE_BOUND('',#7874,.T.);
#7874 = EDGE_LOOP('',(#7875,#7885,#7892,#7893,#7894,#7895,#7904,#7912,
    #7921,#7929));
#7875 = ORIENTED_EDGE('',*,*,#7876,.F.);
#7876 = EDGE_CURVE('',#7877,#7879,#7881,.T.);
#7877 = VERTEX_POINT('',#7878);
#7878 = CARTESIAN_POINT('',(0.335,0.25,-2.775557561563E-17));
#7879 = VERTEX_POINT('',#7880);
#7880 = CARTESIAN_POINT('',(0.465,0.25,-2.775557561563E-17));
#7881 = LINE('',#7882,#7883);
#7882 = CARTESIAN_POINT('',(0.3,0.25,0.));
#7883 = VECTOR('',#7884,1.);
#7884 = DIRECTION('',(1.,0.,0.));
#7885 = ORIENTED_EDGE('',*,*,#7886,.F.);
#7886 = EDGE_CURVE('',#7714,#7877,#7887,.T.);
#7887 = CIRCLE('',#7888,3.5E-02);
#7888 = AXIS2_PLACEMENT_3D('',#7889,#7890,#7891);
#7889 = CARTESIAN_POINT('',(0.335,0.25,3.5E-02));
#7890 = DIRECTION('',(0.,-1.,0.));
#7891 = DIRECTION('',(0.,0.,1.));
#7892 = ORIENTED_EDGE('',*,*,#7713,.T.);
#7893 = ORIENTED_EDGE('',*,*,#7705,.T.);
#7894 = ORIENTED_EDGE('',*,*,#7697,.F.);
#7895 = ORIENTED_EDGE('',*,*,#7896,.T.);
#7896 = EDGE_CURVE('',#7690,#7897,#7899,.T.);
#7897 = VERTEX_POINT('',#7898);
#7898 = CARTESIAN_POINT('',(0.335,0.25,0.35));
#7899 = CIRCLE('',#7900,3.5E-02);
#7900 = AXIS2_PLACEMENT_3D('',#7901,#7902,#7903);
#7901 = CARTESIAN_POINT('',(0.335,0.25,0.315));
#7902 = DIRECTION('',(0.,1.,0.));
#7903 = DIRECTION('',(0.,-0.,1.));
#7904 = ORIENTED_EDGE('',*,*,#7905,.T.);
#7905 = EDGE_CURVE('',#7897,#7906,#7908,.T.);
#7906 = VERTEX_POINT('',#7907);
#7907 = CARTESIAN_POINT('',(0.465,0.25,0.35));
#7908 = LINE('',#7909,#7910);
#7909 = CARTESIAN_POINT('',(0.3,0.25,0.35));
#7910 = VECTOR('',#7911,1.);
#7911 = DIRECTION('',(1.,0.,0.));
#7912 = ORIENTED_EDGE('',*,*,#7913,.F.);
#7913 = EDGE_CURVE('',#7914,#7906,#7916,.T.);
#7914 = VERTEX_POINT('',#7915);
#7915 = CARTESIAN_POINT('',(0.5,0.25,0.315));
#7916 = CIRCLE('',#7917,3.5E-02);
#7917 = AXIS2_PLACEMENT_3D('',#7918,#7919,#7920);
#7918 = CARTESIAN_POINT('',(0.465,0.25,0.315));
#7919 = DIRECTION('',(0.,-1.,0.));
#7920 = DIRECTION('',(0.,0.,1.));
#7921 = ORIENTED_EDGE('',*,*,#7922,.F.);
#7922 = EDGE_CURVE('',#7923,#7914,#7925,.T.);
#7923 = VERTEX_POINT('',#7924);
#7924 = CARTESIAN_POINT('',(0.5,0.25,3.5E-02));
#7925 = LINE('',#7926,#7927);
#7926 = CARTESIAN_POINT('',(0.5,0.25,0.));
#7927 = VECTOR('',#7928,1.);
#7928 = DIRECTION('',(0.,0.,1.));
#7929 = ORIENTED_EDGE('',*,*,#7930,.T.);
#7930 = EDGE_CURVE('',#7923,#7879,#7931,.T.);
#7931 = CIRCLE('',#7932,3.5E-02);
#7932 = AXIS2_PLACEMENT_3D('',#7933,#7934,#7935);
#7933 = CARTESIAN_POINT('',(0.465,0.25,3.5E-02));
#7934 = DIRECTION('',(0.,1.,0.));
#7935 = DIRECTION('',(0.,-0.,1.));
#7936 = PLANE('',#7937);
#7937 = AXIS2_PLACEMENT_3D('',#7938,#7939,#7940);
#7938 = CARTESIAN_POINT('',(0.3,0.25,0.));
#7939 = DIRECTION('',(0.,1.,0.));
#7940 = DIRECTION('',(0.,-0.,1.));
#7941 = ADVANCED_FACE('',(#7942),#7960,.T.);
#7942 = FACE_BOUND('',#7943,.T.);
#7943 = EDGE_LOOP('',(#7944,#7945,#7946,#7954));
#7944 = ORIENTED_EDGE('',*,*,#7689,.F.);
#7945 = ORIENTED_EDGE('',*,*,#7854,.T.);
#7946 = ORIENTED_EDGE('',*,*,#7947,.T.);
#7947 = EDGE_CURVE('',#7855,#7948,#7950,.T.);
#7948 = VERTEX_POINT('',#7949);
#7949 = CARTESIAN_POINT('',(0.3,0.25,0.35));
#7950 = LINE('',#7951,#7952);
#7951 = CARTESIAN_POINT('',(-0.3,0.25,0.35));
#7952 = VECTOR('',#7953,1.);
#7953 = DIRECTION('',(1.,0.,0.));
#7954 = ORIENTED_EDGE('',*,*,#7955,.F.);
#7955 = EDGE_CURVE('',#7690,#7948,#7956,.T.);
#7956 = LINE('',#7957,#7958);
#7957 = CARTESIAN_POINT('',(0.3,0.25,0.315));
#7958 = VECTOR('',#7959,1.);
#7959 = DIRECTION('',(0.,0.,1.));
#7960 = PLANE('',#7961);
#7961 = AXIS2_PLACEMENT_3D('',#7962,#7963,#7964);
#7962 = CARTESIAN_POINT('',(-0.3,0.25,0.315));
#7963 = DIRECTION('',(0.,1.,0.));
#7964 = DIRECTION('',(0.,-0.,1.));
#7965 = ADVANCED_FACE('',(#7966),#7977,.T.);
#7966 = FACE_BOUND('',#7967,.T.);
#7967 = EDGE_LOOP('',(#7968,#7969,#7970,#7976));
#7968 = ORIENTED_EDGE('',*,*,#7737,.T.);
#7969 = ORIENTED_EDGE('',*,*,#7886,.T.);
#7970 = ORIENTED_EDGE('',*,*,#7971,.F.);
#7971 = EDGE_CURVE('',#7753,#7877,#7972,.T.);
#7972 = LINE('',#7973,#7974);
#7973 = CARTESIAN_POINT('',(0.335,-0.25,-2.775557561563E-17));
#7974 = VECTOR('',#7975,1.);
#7975 = DIRECTION('',(0.,1.,0.));
#7976 = ORIENTED_EDGE('',*,*,#7762,.F.);
#7977 = CYLINDRICAL_SURFACE('',#7978,3.5E-02);
#7978 = AXIS2_PLACEMENT_3D('',#7979,#7980,#7981);
#7979 = CARTESIAN_POINT('',(0.335,-0.25,3.5E-02));
#7980 = DIRECTION('',(0.,1.,0.));
#7981 = DIRECTION('',(-1.,0.,0.));
#7982 = ADVANCED_FACE('',(#7983),#7994,.F.);
#7983 = FACE_BOUND('',#7984,.F.);
#7984 = EDGE_LOOP('',(#7985,#7986,#7987,#7988));
#7985 = ORIENTED_EDGE('',*,*,#7876,.F.);
#7986 = ORIENTED_EDGE('',*,*,#7971,.F.);
#7987 = ORIENTED_EDGE('',*,*,#7752,.T.);
#7988 = ORIENTED_EDGE('',*,*,#7989,.T.);
#7989 = EDGE_CURVE('',#7755,#7879,#7990,.T.);
#7990 = LINE('',#7991,#7992);
#7991 = CARTESIAN_POINT('',(0.465,-0.25,-2.775557561563E-17));
#7992 = VECTOR('',#7993,1.);
#7993 = DIRECTION('',(0.,1.,0.));
#7994 = PLANE('',#7995);
#7995 = AXIS2_PLACEMENT_3D('',#7996,#7997,#7998);
#7996 = CARTESIAN_POINT('',(0.3,-0.25,0.));
#7997 = DIRECTION('',(0.,0.,1.));
#7998 = DIRECTION('',(1.,0.,-0.));
#7999 = ADVANCED_FACE('',(#8000),#8011,.T.);
#8000 = FACE_BOUND('',#8001,.T.);
#8001 = EDGE_LOOP('',(#8002,#8003,#8004,#8005));
#8002 = ORIENTED_EDGE('',*,*,#7806,.T.);
#8003 = ORIENTED_EDGE('',*,*,#7989,.T.);
#8004 = ORIENTED_EDGE('',*,*,#7930,.F.);
#8005 = ORIENTED_EDGE('',*,*,#8006,.F.);
#8006 = EDGE_CURVE('',#7799,#7923,#8007,.T.);
#8007 = LINE('',#8008,#8009);
#8008 = CARTESIAN_POINT('',(0.5,-0.25,3.5E-02));
#8009 = VECTOR('',#8010,1.);
#8010 = DIRECTION('',(0.,1.,0.));
#8011 = CYLINDRICAL_SURFACE('',#8012,3.5E-02);
#8012 = AXIS2_PLACEMENT_3D('',#8013,#8014,#8015);
#8013 = CARTESIAN_POINT('',(0.465,-0.25,3.5E-02));
#8014 = DIRECTION('',(0.,1.,0.));
#8015 = DIRECTION('',(1.,0.,0.));
#8016 = ADVANCED_FACE('',(#8017),#8028,.T.);
#8017 = FACE_BOUND('',#8018,.T.);
#8018 = EDGE_LOOP('',(#8019,#8020,#8021,#8022));
#8019 = ORIENTED_EDGE('',*,*,#7798,.F.);
#8020 = ORIENTED_EDGE('',*,*,#8006,.T.);
#8021 = ORIENTED_EDGE('',*,*,#7922,.T.);
#8022 = ORIENTED_EDGE('',*,*,#8023,.F.);
#8023 = EDGE_CURVE('',#7790,#7914,#8024,.T.);
#8024 = LINE('',#8025,#8026);
#8025 = CARTESIAN_POINT('',(0.5,-0.25,0.315));
#8026 = VECTOR('',#8027,1.);
#8027 = DIRECTION('',(0.,1.,0.));
#8028 = PLANE('',#8029);
#8029 = AXIS2_PLACEMENT_3D('',#8030,#8031,#8032);
#8030 = CARTESIAN_POINT('',(0.5,-0.25,0.));
#8031 = DIRECTION('',(1.,0.,0.));
#8032 = DIRECTION('',(0.,0.,1.));
#8033 = ADVANCED_FACE('',(#8034),#8045,.T.);
#8034 = FACE_BOUND('',#8035,.T.);
#8035 = EDGE_LOOP('',(#8036,#8037,#8038,#8044));
#8036 = ORIENTED_EDGE('',*,*,#8023,.T.);
#8037 = ORIENTED_EDGE('',*,*,#7913,.T.);
#8038 = ORIENTED_EDGE('',*,*,#8039,.F.);
#8039 = EDGE_CURVE('',#7782,#7906,#8040,.T.);
#8040 = LINE('',#8041,#8042);
#8041 = CARTESIAN_POINT('',(0.465,-0.25,0.35));
#8042 = VECTOR('',#8043,1.);
#8043 = DIRECTION('',(0.,1.,0.));
#8044 = ORIENTED_EDGE('',*,*,#7789,.F.);
#8045 = CYLINDRICAL_SURFACE('',#8046,3.5E-02);
#8046 = AXIS2_PLACEMENT_3D('',#8047,#8048,#8049);
#8047 = CARTESIAN_POINT('',(0.465,-0.25,0.315));
#8048 = DIRECTION('',(0.,1.,0.));
#8049 = DIRECTION('',(1.,0.,0.));
#8050 = ADVANCED_FACE('',(#8051),#8062,.T.);
#8051 = FACE_BOUND('',#8052,.T.);
#8052 = EDGE_LOOP('',(#8053,#8054,#8060,#8061));
#8053 = ORIENTED_EDGE('',*,*,#7905,.F.);
#8054 = ORIENTED_EDGE('',*,*,#8055,.F.);
#8055 = EDGE_CURVE('',#7773,#7897,#8056,.T.);
#8056 = LINE('',#8057,#8058);
#8057 = CARTESIAN_POINT('',(0.335,-0.25,0.35));
#8058 = VECTOR('',#8059,1.);
#8059 = DIRECTION('',(0.,1.,0.));
#8060 = ORIENTED_EDGE('',*,*,#7781,.T.);
#8061 = ORIENTED_EDGE('',*,*,#8039,.T.);
#8062 = PLANE('',#8063);
#8063 = AXIS2_PLACEMENT_3D('',#8064,#8065,#8066);
#8064 = CARTESIAN_POINT('',(0.3,-0.25,0.35));
#8065 = DIRECTION('',(0.,0.,1.));
#8066 = DIRECTION('',(1.,0.,-0.));
#8067 = ADVANCED_FACE('',(#8068),#8079,.T.);
#8068 = FACE_BOUND('',#8069,.T.);
#8069 = EDGE_LOOP('',(#8070,#8071,#8072,#8073));
#8070 = ORIENTED_EDGE('',*,*,#7772,.T.);
#8071 = ORIENTED_EDGE('',*,*,#8055,.T.);
#8072 = ORIENTED_EDGE('',*,*,#7896,.F.);
#8073 = ORIENTED_EDGE('',*,*,#8074,.F.);
#8074 = EDGE_CURVE('',#7607,#7690,#8075,.T.);
#8075 = LINE('',#8076,#8077);
#8076 = CARTESIAN_POINT('',(0.3,-0.25,0.315));
#8077 = VECTOR('',#8078,1.);
#8078 = DIRECTION('',(0.,1.,0.));
#8079 = CYLINDRICAL_SURFACE('',#8080,3.5E-02);
#8080 = AXIS2_PLACEMENT_3D('',#8081,#8082,#8083);
#8081 = CARTESIAN_POINT('',(0.335,-0.25,0.315));
#8082 = DIRECTION('',(0.,1.,0.));
#8083 = DIRECTION('',(-1.,0.,0.));
#8084 = ADVANCED_FACE('',(#8085),#8096,.T.);
#8085 = FACE_BOUND('',#8086,.T.);
#8086 = EDGE_LOOP('',(#8087,#8088,#8089,#8090));
#8087 = ORIENTED_EDGE('',*,*,#7838,.F.);
#8088 = ORIENTED_EDGE('',*,*,#8074,.T.);
#8089 = ORIENTED_EDGE('',*,*,#7955,.T.);
#8090 = ORIENTED_EDGE('',*,*,#8091,.F.);
#8091 = EDGE_CURVE('',#7831,#7948,#8092,.T.);
#8092 = LINE('',#8093,#8094);
#8093 = CARTESIAN_POINT('',(0.3,-0.25,0.35));
#8094 = VECTOR('',#8095,1.);
#8095 = DIRECTION('',(0.,1.,0.));
#8096 = PLANE('',#8097);
#8097 = AXIS2_PLACEMENT_3D('',#8098,#8099,#8100);
#8098 = CARTESIAN_POINT('',(0.3,-0.25,0.315));
#8099 = DIRECTION('',(1.,0.,0.));
#8100 = DIRECTION('',(0.,0.,1.));
#8101 = ADVANCED_FACE('',(#8102),#8108,.T.);
#8102 = FACE_BOUND('',#8103,.T.);
#8103 = EDGE_LOOP('',(#8104,#8105,#8106,#8107));
#8104 = ORIENTED_EDGE('',*,*,#7862,.F.);
#8105 = ORIENTED_EDGE('',*,*,#7830,.T.);
#8106 = ORIENTED_EDGE('',*,*,#8091,.T.);
#8107 = ORIENTED_EDGE('',*,*,#7947,.F.);
#8108 = PLANE('',#8109);
#8109 = AXIS2_PLACEMENT_3D('',#8110,#8111,#8112);
#8110 = CARTESIAN_POINT('',(-0.3,-0.25,0.35));
#8111 = DIRECTION('',(0.,0.,1.));
#8112 = DIRECTION('',(1.,0.,-0.));
#8113 = ( GEOMETRIC_REPRESENTATION_CONTEXT(3) 
GLOBAL_UNCERTAINTY_ASSIGNED_CONTEXT((#8117)) 
GLOBAL_UNIT_ASSIGNED_CONTEXT((#8114,#8115,#8116)) REPRESENTATION_CONTEXT
('Context #1','3D Context with UNIT and UNCERTAINTY') );
#8114 = ( LENGTH_UNIT() NAMED_UNIT(*) SI_UNIT(.MILLI.,.METRE.) );
#8115 = ( NAMED_UNIT(*) PLANE_ANGLE_UNIT() SI_UNIT($,.RADIAN.) );
#8116 = ( NAMED_UNIT(*) SI_UNIT($,.STERADIAN.) SOLID_ANGLE_UNIT() );
#8117 = UNCERTAINTY_MEASURE_WITH_UNIT(LENGTH_MEASURE(1.E-07),#8114,
  'distance_accuracy_value','confusion accuracy');
#8118 = CONTEXT_DEPENDENT_SHAPE_REPRESENTATION(#8119,#8121);
#8119 = ( REPRESENTATION_RELATIONSHIP('','',#7322,#10) 
REPRESENTATION_RELATIONSHIP_WITH_TRANSFORMATION(#8120) 
SHAPE_REPRESENTATION_RELATIONSHIP() );
#8120 = ITEM_DEFINED_TRANSFORMATION('','',#11,#23);
#8121 = PRODUCT_DEFINITION_SHAPE('Placement','Placement of an item',
  #8122);
#8122 = NEXT_ASSEMBLY_USAGE_OCCURRENCE('3','R102','',#5,#7317,$);
#8123 = PRODUCT_RELATED_PRODUCT_CATEGORY('part',$,(#7319));
#8124 = SHAPE_DEFINITION_REPRESENTATION(#8125,#8131);
#8125 = PRODUCT_DEFINITION_SHAPE('','',#8126);
#8126 = PRODUCT_DEFINITION('design','',#8127,#8130);
#8127 = PRODUCT_DEFINITION_FORMATION('','',#8128);
#8128 = PRODUCT('C_0805_2012Metric','C_0805_2012Metric','',(#8129));
#8129 = PRODUCT_CONTEXT('',#2,'mechanical');
#8130 = PRODUCT_DEFINITION_CONTEXT('part definition',#2,'design');
#8131 = ADVANCED_BREP_SHAPE_REPRESENTATION('',(#11,#8132),#8986);
#8132 = MANIFOLD_SOLID_BREP('',#8133);
#8133 = CLOSED_SHELL('',(#8134,#8210,#8241,#8266,#8291,#8315,#8339,#8364
    ,#8389,#8406,#8492,#8524,#8548,#8573,#8597,#8622,#8646,#8671,#8688,
    #8774,#8805,#8830,#8855,#8879,#8903,#8928,#8953,#8970));
#8134 = ADVANCED_FACE('',(#8135),#8205,.F.);
#8135 = FACE_BOUND('',#8136,.F.);
#8136 = EDGE_LOOP('',(#8137,#8147,#8156,#8164,#8173,#8181,#8190,#8198));
#8137 = ORIENTED_EDGE('',*,*,#8138,.F.);
#8138 = EDGE_CURVE('',#8139,#8141,#8143,.T.);
#8139 = VERTEX_POINT('',#8140);
#8140 = CARTESIAN_POINT('',(-1.,-0.625,4.E-02));
#8141 = VERTEX_POINT('',#8142);
#8142 = CARTESIAN_POINT('',(-1.,-0.625,1.21));
#8143 = LINE('',#8144,#8145);
#8144 = CARTESIAN_POINT('',(-1.,-0.625,0.));
#8145 = VECTOR('',#8146,1.);
#8146 = DIRECTION('',(0.,0.,1.));
#8147 = ORIENTED_EDGE('',*,*,#8148,.T.);
#8148 = EDGE_CURVE('',#8139,#8149,#8151,.T.);
#8149 = VERTEX_POINT('',#8150);
#8150 = CARTESIAN_POINT('',(-1.,-0.585,0.));
#8151 = CIRCLE('',#8152,4.E-02);
#8152 = AXIS2_PLACEMENT_3D('',#8153,#8154,#8155);
#8153 = CARTESIAN_POINT('',(-1.,-0.585,4.E-02));
#8154 = DIRECTION('',(1.,0.,-0.));
#8155 = DIRECTION('',(0.,0.,1.));
#8156 = ORIENTED_EDGE('',*,*,#8157,.T.);
#8157 = EDGE_CURVE('',#8149,#8158,#8160,.T.);
#8158 = VERTEX_POINT('',#8159);
#8159 = CARTESIAN_POINT('',(-1.,0.585,0.));
#8160 = LINE('',#8161,#8162);
#8161 = CARTESIAN_POINT('',(-1.,-0.625,0.));
#8162 = VECTOR('',#8163,1.);
#8163 = DIRECTION('',(0.,1.,0.));
#8164 = ORIENTED_EDGE('',*,*,#8165,.F.);
#8165 = EDGE_CURVE('',#8166,#8158,#8168,.T.);
#8166 = VERTEX_POINT('',#8167);
#8167 = CARTESIAN_POINT('',(-1.,0.625,4.E-02));
#8168 = CIRCLE('',#8169,4.E-02);
#8169 = AXIS2_PLACEMENT_3D('',#8170,#8171,#8172);
#8170 = CARTESIAN_POINT('',(-1.,0.585,4.E-02));
#8171 = DIRECTION('',(-1.,0.,0.));
#8172 = DIRECTION('',(0.,0.,1.));
#8173 = ORIENTED_EDGE('',*,*,#8174,.T.);
#8174 = EDGE_CURVE('',#8166,#8175,#8177,.T.);
#8175 = VERTEX_POINT('',#8176);
#8176 = CARTESIAN_POINT('',(-1.,0.625,1.21));
#8177 = LINE('',#8178,#8179);
#8178 = CARTESIAN_POINT('',(-1.,0.625,0.));
#8179 = VECTOR('',#8180,1.);
#8180 = DIRECTION('',(0.,0.,1.));
#8181 = ORIENTED_EDGE('',*,*,#8182,.T.);
#8182 = EDGE_CURVE('',#8175,#8183,#8185,.T.);
#8183 = VERTEX_POINT('',#8184);
#8184 = CARTESIAN_POINT('',(-1.,0.585,1.25));
#8185 = CIRCLE('',#8186,4.E-02);
#8186 = AXIS2_PLACEMENT_3D('',#8187,#8188,#8189);
#8187 = CARTESIAN_POINT('',(-1.,0.585,1.21));
#8188 = DIRECTION('',(1.,0.,-0.));
#8189 = DIRECTION('',(0.,0.,1.));
#8190 = ORIENTED_EDGE('',*,*,#8191,.F.);
#8191 = EDGE_CURVE('',#8192,#8183,#8194,.T.);
#8192 = VERTEX_POINT('',#8193);
#8193 = CARTESIAN_POINT('',(-1.,-0.585,1.25));
#8194 = LINE('',#8195,#8196);
#8195 = CARTESIAN_POINT('',(-1.,-0.625,1.25));
#8196 = VECTOR('',#8197,1.);
#8197 = DIRECTION('',(0.,1.,0.));
#8198 = ORIENTED_EDGE('',*,*,#8199,.F.);
#8199 = EDGE_CURVE('',#8141,#8192,#8200,.T.);
#8200 = CIRCLE('',#8201,4.E-02);
#8201 = AXIS2_PLACEMENT_3D('',#8202,#8203,#8204);
#8202 = CARTESIAN_POINT('',(-1.,-0.585,1.21));
#8203 = DIRECTION('',(-1.,0.,0.));
#8204 = DIRECTION('',(0.,0.,1.));
#8205 = PLANE('',#8206);
#8206 = AXIS2_PLACEMENT_3D('',#8207,#8208,#8209);
#8207 = CARTESIAN_POINT('',(-1.,-0.625,0.));
#8208 = DIRECTION('',(1.,0.,0.));
#8209 = DIRECTION('',(0.,0.,1.));
#8210 = ADVANCED_FACE('',(#8211),#8236,.F.);
#8211 = FACE_BOUND('',#8212,.F.);
#8212 = EDGE_LOOP('',(#8213,#8223,#8229,#8230));
#8213 = ORIENTED_EDGE('',*,*,#8214,.F.);
#8214 = EDGE_CURVE('',#8215,#8217,#8219,.T.);
#8215 = VERTEX_POINT('',#8216);
#8216 = CARTESIAN_POINT('',(-0.6,-0.625,4.E-02));
#8217 = VERTEX_POINT('',#8218);
#8218 = CARTESIAN_POINT('',(-0.6,-0.625,1.21));
#8219 = LINE('',#8220,#8221);
#8220 = CARTESIAN_POINT('',(-0.6,-0.625,0.));
#8221 = VECTOR('',#8222,1.);
#8222 = DIRECTION('',(0.,0.,1.));
#8223 = ORIENTED_EDGE('',*,*,#8224,.F.);
#8224 = EDGE_CURVE('',#8139,#8215,#8225,.T.);
#8225 = LINE('',#8226,#8227);
#8226 = CARTESIAN_POINT('',(-1.,-0.625,4.E-02));
#8227 = VECTOR('',#8228,1.);
#8228 = DIRECTION('',(1.,0.,0.));
#8229 = ORIENTED_EDGE('',*,*,#8138,.T.);
#8230 = ORIENTED_EDGE('',*,*,#8231,.T.);
#8231 = EDGE_CURVE('',#8141,#8217,#8232,.T.);
#8232 = LINE('',#8233,#8234);
#8233 = CARTESIAN_POINT('',(-1.,-0.625,1.21));
#8234 = VECTOR('',#8235,1.);
#8235 = DIRECTION('',(1.,0.,0.));
#8236 = PLANE('',#8237);
#8237 = AXIS2_PLACEMENT_3D('',#8238,#8239,#8240);
#8238 = CARTESIAN_POINT('',(-1.,-0.625,0.));
#8239 = DIRECTION('',(0.,1.,0.));
#8240 = DIRECTION('',(0.,-0.,1.));
#8241 = ADVANCED_FACE('',(#8242),#8261,.T.);
#8242 = FACE_BOUND('',#8243,.T.);
#8243 = EDGE_LOOP('',(#8244,#8245,#8253,#8260));
#8244 = ORIENTED_EDGE('',*,*,#8148,.T.);
#8245 = ORIENTED_EDGE('',*,*,#8246,.T.);
#8246 = EDGE_CURVE('',#8149,#8247,#8249,.T.);
#8247 = VERTEX_POINT('',#8248);
#8248 = CARTESIAN_POINT('',(-0.6,-0.585,0.));
#8249 = LINE('',#8250,#8251);
#8250 = CARTESIAN_POINT('',(-1.,-0.585,0.));
#8251 = VECTOR('',#8252,1.);
#8252 = DIRECTION('',(1.,0.,0.));
#8253 = ORIENTED_EDGE('',*,*,#8254,.F.);
#8254 = EDGE_CURVE('',#8215,#8247,#8255,.T.);
#8255 = CIRCLE('',#8256,4.E-02);
#8256 = AXIS2_PLACEMENT_3D('',#8257,#8258,#8259);
#8257 = CARTESIAN_POINT('',(-0.6,-0.585,4.E-02));
#8258 = DIRECTION('',(1.,0.,-0.));
#8259 = DIRECTION('',(0.,0.,1.));
#8260 = ORIENTED_EDGE('',*,*,#8224,.F.);
#8261 = CYLINDRICAL_SURFACE('',#8262,4.E-02);
#8262 = AXIS2_PLACEMENT_3D('',#8263,#8264,#8265);
#8263 = CARTESIAN_POINT('',(-1.,-0.585,4.E-02));
#8264 = DIRECTION('',(1.,0.,0.));
#8265 = DIRECTION('',(0.,-1.,0.));
#8266 = ADVANCED_FACE('',(#8267),#8286,.T.);
#8267 = FACE_BOUND('',#8268,.T.);
#8268 = EDGE_LOOP('',(#8269,#8270,#8279,#8285));
#8269 = ORIENTED_EDGE('',*,*,#8231,.T.);
#8270 = ORIENTED_EDGE('',*,*,#8271,.T.);
#8271 = EDGE_CURVE('',#8217,#8272,#8274,.T.);
#8272 = VERTEX_POINT('',#8273);
#8273 = CARTESIAN_POINT('',(-0.6,-0.585,1.25));
#8274 = CIRCLE('',#8275,4.E-02);
#8275 = AXIS2_PLACEMENT_3D('',#8276,#8277,#8278);
#8276 = CARTESIAN_POINT('',(-0.6,-0.585,1.21));
#8277 = DIRECTION('',(-1.,0.,0.));
#8278 = DIRECTION('',(0.,0.,1.));
#8279 = ORIENTED_EDGE('',*,*,#8280,.F.);
#8280 = EDGE_CURVE('',#8192,#8272,#8281,.T.);
#8281 = LINE('',#8282,#8283);
#8282 = CARTESIAN_POINT('',(-1.,-0.585,1.25));
#8283 = VECTOR('',#8284,1.);
#8284 = DIRECTION('',(1.,0.,0.));
#8285 = ORIENTED_EDGE('',*,*,#8199,.F.);
#8286 = CYLINDRICAL_SURFACE('',#8287,4.E-02);
#8287 = AXIS2_PLACEMENT_3D('',#8288,#8289,#8290);
#8288 = CARTESIAN_POINT('',(-1.,-0.585,1.21));
#8289 = DIRECTION('',(1.,0.,0.));
#8290 = DIRECTION('',(0.,-1.,0.));
#8291 = ADVANCED_FACE('',(#8292),#8310,.F.);
#8292 = FACE_BOUND('',#8293,.F.);
#8293 = EDGE_LOOP('',(#8294,#8295,#8296,#8304));
#8294 = ORIENTED_EDGE('',*,*,#8157,.F.);
#8295 = ORIENTED_EDGE('',*,*,#8246,.T.);
#8296 = ORIENTED_EDGE('',*,*,#8297,.T.);
#8297 = EDGE_CURVE('',#8247,#8298,#8300,.T.);
#8298 = VERTEX_POINT('',#8299);
#8299 = CARTESIAN_POINT('',(-0.6,0.585,0.));
#8300 = LINE('',#8301,#8302);
#8301 = CARTESIAN_POINT('',(-0.6,-0.625,0.));
#8302 = VECTOR('',#8303,1.);
#8303 = DIRECTION('',(0.,1.,0.));
#8304 = ORIENTED_EDGE('',*,*,#8305,.F.);
#8305 = EDGE_CURVE('',#8158,#8298,#8306,.T.);
#8306 = LINE('',#8307,#8308);
#8307 = CARTESIAN_POINT('',(-1.,0.585,0.));
#8308 = VECTOR('',#8309,1.);
#8309 = DIRECTION('',(1.,0.,0.));
#8310 = PLANE('',#8311);
#8311 = AXIS2_PLACEMENT_3D('',#8312,#8313,#8314);
#8312 = CARTESIAN_POINT('',(-1.,-0.625,0.));
#8313 = DIRECTION('',(0.,0.,1.));
#8314 = DIRECTION('',(1.,0.,-0.));
#8315 = ADVANCED_FACE('',(#8316),#8334,.T.);
#8316 = FACE_BOUND('',#8317,.T.);
#8317 = EDGE_LOOP('',(#8318,#8319,#8320,#8328));
#8318 = ORIENTED_EDGE('',*,*,#8191,.F.);
#8319 = ORIENTED_EDGE('',*,*,#8280,.T.);
#8320 = ORIENTED_EDGE('',*,*,#8321,.T.);
#8321 = EDGE_CURVE('',#8272,#8322,#8324,.T.);
#8322 = VERTEX_POINT('',#8323);
#8323 = CARTESIAN_POINT('',(-0.6,0.585,1.25));
#8324 = LINE('',#8325,#8326);
#8325 = CARTESIAN_POINT('',(-0.6,-0.625,1.25));
#8326 = VECTOR('',#8327,1.);
#8327 = DIRECTION('',(0.,1.,0.));
#8328 = ORIENTED_EDGE('',*,*,#8329,.F.);
#8329 = EDGE_CURVE('',#8183,#8322,#8330,.T.);
#8330 = LINE('',#8331,#8332);
#8331 = CARTESIAN_POINT('',(-1.,0.585,1.25));
#8332 = VECTOR('',#8333,1.);
#8333 = DIRECTION('',(1.,0.,0.));
#8334 = PLANE('',#8335);
#8335 = AXIS2_PLACEMENT_3D('',#8336,#8337,#8338);
#8336 = CARTESIAN_POINT('',(-1.,-0.625,1.25));
#8337 = DIRECTION('',(0.,0.,1.));
#8338 = DIRECTION('',(1.,0.,-0.));
#8339 = ADVANCED_FACE('',(#8340),#8359,.T.);
#8340 = FACE_BOUND('',#8341,.T.);
#8341 = EDGE_LOOP('',(#8342,#8350,#8357,#8358));
#8342 = ORIENTED_EDGE('',*,*,#8343,.T.);
#8343 = EDGE_CURVE('',#8166,#8344,#8346,.T.);
#8344 = VERTEX_POINT('',#8345);
#8345 = CARTESIAN_POINT('',(-0.6,0.625,4.E-02));
#8346 = LINE('',#8347,#8348);
#8347 = CARTESIAN_POINT('',(-1.,0.625,4.E-02));
#8348 = VECTOR('',#8349,1.);
#8349 = DIRECTION('',(1.,0.,0.));
#8350 = ORIENTED_EDGE('',*,*,#8351,.T.);
#8351 = EDGE_CURVE('',#8344,#8298,#8352,.T.);
#8352 = CIRCLE('',#8353,4.E-02);
#8353 = AXIS2_PLACEMENT_3D('',#8354,#8355,#8356);
#8354 = CARTESIAN_POINT('',(-0.6,0.585,4.E-02));
#8355 = DIRECTION('',(-1.,0.,0.));
#8356 = DIRECTION('',(0.,0.,1.));
#8357 = ORIENTED_EDGE('',*,*,#8305,.F.);
#8358 = ORIENTED_EDGE('',*,*,#8165,.F.);
#8359 = CYLINDRICAL_SURFACE('',#8360,4.E-02);
#8360 = AXIS2_PLACEMENT_3D('',#8361,#8362,#8363);
#8361 = CARTESIAN_POINT('',(-1.,0.585,4.E-02));
#8362 = DIRECTION('',(1.,0.,0.));
#8363 = DIRECTION('',(-0.,1.,0.));
#8364 = ADVANCED_FACE('',(#8365),#8384,.T.);
#8365 = FACE_BOUND('',#8366,.T.);
#8366 = EDGE_LOOP('',(#8367,#8368,#8369,#8378));
#8367 = ORIENTED_EDGE('',*,*,#8182,.T.);
#8368 = ORIENTED_EDGE('',*,*,#8329,.T.);
#8369 = ORIENTED_EDGE('',*,*,#8370,.F.);
#8370 = EDGE_CURVE('',#8371,#8322,#8373,.T.);
#8371 = VERTEX_POINT('',#8372);
#8372 = CARTESIAN_POINT('',(-0.6,0.625,1.21));
#8373 = CIRCLE('',#8374,4.E-02);
#8374 = AXIS2_PLACEMENT_3D('',#8375,#8376,#8377);
#8375 = CARTESIAN_POINT('',(-0.6,0.585,1.21));
#8376 = DIRECTION('',(1.,0.,-0.));
#8377 = DIRECTION('',(0.,0.,1.));
#8378 = ORIENTED_EDGE('',*,*,#8379,.F.);
#8379 = EDGE_CURVE('',#8175,#8371,#8380,.T.);
#8380 = LINE('',#8381,#8382);
#8381 = CARTESIAN_POINT('',(-1.,0.625,1.21));
#8382 = VECTOR('',#8383,1.);
#8383 = DIRECTION('',(1.,0.,0.));
#8384 = CYLINDRICAL_SURFACE('',#8385,4.E-02);
#8385 = AXIS2_PLACEMENT_3D('',#8386,#8387,#8388);
#8386 = CARTESIAN_POINT('',(-1.,0.585,1.21));
#8387 = DIRECTION('',(1.,0.,0.));
#8388 = DIRECTION('',(-0.,1.,0.));
#8389 = ADVANCED_FACE('',(#8390),#8401,.T.);
#8390 = FACE_BOUND('',#8391,.T.);
#8391 = EDGE_LOOP('',(#8392,#8398,#8399,#8400));
#8392 = ORIENTED_EDGE('',*,*,#8393,.F.);
#8393 = EDGE_CURVE('',#8344,#8371,#8394,.T.);
#8394 = LINE('',#8395,#8396);
#8395 = CARTESIAN_POINT('',(-0.6,0.625,0.));
#8396 = VECTOR('',#8397,1.);
#8397 = DIRECTION('',(0.,0.,1.));
#8398 = ORIENTED_EDGE('',*,*,#8343,.F.);
#8399 = ORIENTED_EDGE('',*,*,#8174,.T.);
#8400 = ORIENTED_EDGE('',*,*,#8379,.T.);
#8401 = PLANE('',#8402);
#8402 = AXIS2_PLACEMENT_3D('',#8403,#8404,#8405);
#8403 = CARTESIAN_POINT('',(-1.,0.625,0.));
#8404 = DIRECTION('',(0.,1.,0.));
#8405 = DIRECTION('',(0.,-0.,1.));
#8406 = ADVANCED_FACE('',(#8407,#8417),#8487,.T.);
#8407 = FACE_BOUND('',#8408,.T.);
#8408 = EDGE_LOOP('',(#8409,#8410,#8411,#8412,#8413,#8414,#8415,#8416));
#8409 = ORIENTED_EDGE('',*,*,#8214,.F.);
#8410 = ORIENTED_EDGE('',*,*,#8254,.T.);
#8411 = ORIENTED_EDGE('',*,*,#8297,.T.);
#8412 = ORIENTED_EDGE('',*,*,#8351,.F.);
#8413 = ORIENTED_EDGE('',*,*,#8393,.T.);
#8414 = ORIENTED_EDGE('',*,*,#8370,.T.);
#8415 = ORIENTED_EDGE('',*,*,#8321,.F.);
#8416 = ORIENTED_EDGE('',*,*,#8271,.F.);
#8417 = FACE_BOUND('',#8418,.T.);
#8418 = EDGE_LOOP('',(#8419,#8430,#8438,#8447,#8455,#8464,#8472,#8481));
#8419 = ORIENTED_EDGE('',*,*,#8420,.F.);
#8420 = EDGE_CURVE('',#8421,#8423,#8425,.T.);
#8421 = VERTEX_POINT('',#8422);
#8422 = CARTESIAN_POINT('',(-0.6,-0.585,8.E-02));
#8423 = VERTEX_POINT('',#8424);
#8424 = CARTESIAN_POINT('',(-0.6,-0.545,4.E-02));
#8425 = CIRCLE('',#8426,4.E-02);
#8426 = AXIS2_PLACEMENT_3D('',#8427,#8428,#8429);
#8427 = CARTESIAN_POINT('',(-0.6,-0.545,8.E-02));
#8428 = DIRECTION('',(1.,0.,-0.));
#8429 = DIRECTION('',(0.,0.,1.));
#8430 = ORIENTED_EDGE('',*,*,#8431,.T.);
#8431 = EDGE_CURVE('',#8421,#8432,#8434,.T.);
#8432 = VERTEX_POINT('',#8433);
#8433 = CARTESIAN_POINT('',(-0.6,-0.585,1.17));
#8434 = LINE('',#8435,#8436);
#8435 = CARTESIAN_POINT('',(-0.6,-0.585,4.E-02));
#8436 = VECTOR('',#8437,1.);
#8437 = DIRECTION('',(0.,0.,1.));
#8438 = ORIENTED_EDGE('',*,*,#8439,.T.);
#8439 = EDGE_CURVE('',#8432,#8440,#8442,.T.);
#8440 = VERTEX_POINT('',#8441);
#8441 = CARTESIAN_POINT('',(-0.6,-0.545,1.21));
#8442 = CIRCLE('',#8443,4.E-02);
#8443 = AXIS2_PLACEMENT_3D('',#8444,#8445,#8446);
#8444 = CARTESIAN_POINT('',(-0.6,-0.545,1.17));
#8445 = DIRECTION('',(-1.,0.,0.));
#8446 = DIRECTION('',(0.,0.,1.));
#8447 = ORIENTED_EDGE('',*,*,#8448,.T.);
#8448 = EDGE_CURVE('',#8440,#8449,#8451,.T.);
#8449 = VERTEX_POINT('',#8450);
#8450 = CARTESIAN_POINT('',(-0.6,0.545,1.21));
#8451 = LINE('',#8452,#8453);
#8452 = CARTESIAN_POINT('',(-0.6,-0.585,1.21));
#8453 = VECTOR('',#8454,1.);
#8454 = DIRECTION('',(0.,1.,0.));
#8455 = ORIENTED_EDGE('',*,*,#8456,.F.);
#8456 = EDGE_CURVE('',#8457,#8449,#8459,.T.);
#8457 = VERTEX_POINT('',#8458);
#8458 = CARTESIAN_POINT('',(-0.6,0.585,1.17));
#8459 = CIRCLE('',#8460,4.E-02);
#8460 = AXIS2_PLACEMENT_3D('',#8461,#8462,#8463);
#8461 = CARTESIAN_POINT('',(-0.6,0.545,1.17));
#8462 = DIRECTION('',(1.,0.,-0.));
#8463 = DIRECTION('',(0.,0.,1.));
#8464 = ORIENTED_EDGE('',*,*,#8465,.F.);
#8465 = EDGE_CURVE('',#8466,#8457,#8468,.T.);
#8466 = VERTEX_POINT('',#8467);
#8467 = CARTESIAN_POINT('',(-0.6,0.585,8.E-02));
#8468 = LINE('',#8469,#8470);
#8469 = CARTESIAN_POINT('',(-0.6,0.585,4.E-02));
#8470 = VECTOR('',#8471,1.);
#8471 = DIRECTION('',(0.,0.,1.));
#8472 = ORIENTED_EDGE('',*,*,#8473,.T.);
#8473 = EDGE_CURVE('',#8466,#8474,#8476,.T.);
#8474 = VERTEX_POINT('',#8475);
#8475 = CARTESIAN_POINT('',(-0.6,0.545,4.E-02));
#8476 = CIRCLE('',#8477,4.E-02);
#8477 = AXIS2_PLACEMENT_3D('',#8478,#8479,#8480);
#8478 = CARTESIAN_POINT('',(-0.6,0.545,8.E-02));
#8479 = DIRECTION('',(-1.,0.,0.));
#8480 = DIRECTION('',(0.,0.,1.));
#8481 = ORIENTED_EDGE('',*,*,#8482,.F.);
#8482 = EDGE_CURVE('',#8423,#8474,#8483,.T.);
#8483 = LINE('',#8484,#8485);
#8484 = CARTESIAN_POINT('',(-0.6,-0.585,4.E-02));
#8485 = VECTOR('',#8486,1.);
#8486 = DIRECTION('',(0.,1.,0.));
#8487 = PLANE('',#8488);
#8488 = AXIS2_PLACEMENT_3D('',#8489,#8490,#8491);
#8489 = CARTESIAN_POINT('',(-0.6,-0.625,0.));
#8490 = DIRECTION('',(1.,0.,0.));
#8491 = DIRECTION('',(0.,0.,1.));
#8492 = ADVANCED_FACE('',(#8493),#8519,.T.);
#8493 = FACE_BOUND('',#8494,.T.);
#8494 = EDGE_LOOP('',(#8495,#8496,#8504,#8513));
#8495 = ORIENTED_EDGE('',*,*,#8420,.T.);
#8496 = ORIENTED_EDGE('',*,*,#8497,.T.);
#8497 = EDGE_CURVE('',#8423,#8498,#8500,.T.);
#8498 = VERTEX_POINT('',#8499);
#8499 = CARTESIAN_POINT('',(0.6,-0.545,4.E-02));
#8500 = LINE('',#8501,#8502);
#8501 = CARTESIAN_POINT('',(-0.6,-0.545,4.E-02));
#8502 = VECTOR('',#8503,1.);
#8503 = DIRECTION('',(1.,0.,0.));
#8504 = ORIENTED_EDGE('',*,*,#8505,.F.);
#8505 = EDGE_CURVE('',#8506,#8498,#8508,.T.);
#8506 = VERTEX_POINT('',#8507);
#8507 = CARTESIAN_POINT('',(0.6,-0.585,8.E-02));
#8508 = CIRCLE('',#8509,4.E-02);
#8509 = AXIS2_PLACEMENT_3D('',#8510,#8511,#8512);
#8510 = CARTESIAN_POINT('',(0.6,-0.545,8.E-02));
#8511 = DIRECTION('',(1.,0.,-0.));
#8512 = DIRECTION('',(0.,0.,1.));
#8513 = ORIENTED_EDGE('',*,*,#8514,.F.);
#8514 = EDGE_CURVE('',#8421,#8506,#8515,.T.);
#8515 = LINE('',#8516,#8517);
#8516 = CARTESIAN_POINT('',(-0.6,-0.585,8.E-02));
#8517 = VECTOR('',#8518,1.);
#8518 = DIRECTION('',(1.,0.,0.));
#8519 = CYLINDRICAL_SURFACE('',#8520,4.E-02);
#8520 = AXIS2_PLACEMENT_3D('',#8521,#8522,#8523);
#8521 = CARTESIAN_POINT('',(-0.6,-0.545,8.E-02));
#8522 = DIRECTION('',(1.,0.,0.));
#8523 = DIRECTION('',(0.,-1.,0.));
#8524 = ADVANCED_FACE('',(#8525),#8543,.F.);
#8525 = FACE_BOUND('',#8526,.F.);
#8526 = EDGE_LOOP('',(#8527,#8528,#8529,#8537));
#8527 = ORIENTED_EDGE('',*,*,#8482,.F.);
#8528 = ORIENTED_EDGE('',*,*,#8497,.T.);
#8529 = ORIENTED_EDGE('',*,*,#8530,.T.);
#8530 = EDGE_CURVE('',#8498,#8531,#8533,.T.);
#8531 = VERTEX_POINT('',#8532);
#8532 = CARTESIAN_POINT('',(0.6,0.545,4.E-02));
#8533 = LINE('',#8534,#8535);
#8534 = CARTESIAN_POINT('',(0.6,-0.585,4.E-02));
#8535 = VECTOR('',#8536,1.);
#8536 = DIRECTION('',(0.,1.,0.));
#8537 = ORIENTED_EDGE('',*,*,#8538,.F.);
#8538 = EDGE_CURVE('',#8474,#8531,#8539,.T.);
#8539 = LINE('',#8540,#8541);
#8540 = CARTESIAN_POINT('',(-0.6,0.545,4.E-02));
#8541 = VECTOR('',#8542,1.);
#8542 = DIRECTION('',(1.,0.,0.));
#8543 = PLANE('',#8544);
#8544 = AXIS2_PLACEMENT_3D('',#8545,#8546,#8547);
#8545 = CARTESIAN_POINT('',(-0.6,-0.585,4.E-02));
#8546 = DIRECTION('',(0.,0.,1.));
#8547 = DIRECTION('',(1.,0.,-0.));
#8548 = ADVANCED_FACE('',(#8549),#8568,.T.);
#8549 = FACE_BOUND('',#8550,.T.);
#8550 = EDGE_LOOP('',(#8551,#8559,#8566,#8567));
#8551 = ORIENTED_EDGE('',*,*,#8552,.T.);
#8552 = EDGE_CURVE('',#8466,#8553,#8555,.T.);
#8553 = VERTEX_POINT('',#8554);
#8554 = CARTESIAN_POINT('',(0.6,0.585,8.E-02));
#8555 = LINE('',#8556,#8557);
#8556 = CARTESIAN_POINT('',(-0.6,0.585,8.E-02));
#8557 = VECTOR('',#8558,1.);
#8558 = DIRECTION('',(1.,0.,0.));
#8559 = ORIENTED_EDGE('',*,*,#8560,.T.);
#8560 = EDGE_CURVE('',#8553,#8531,#8561,.T.);
#8561 = CIRCLE('',#8562,4.E-02);
#8562 = AXIS2_PLACEMENT_3D('',#8563,#8564,#8565);
#8563 = CARTESIAN_POINT('',(0.6,0.545,8.E-02));
#8564 = DIRECTION('',(-1.,0.,0.));
#8565 = DIRECTION('',(0.,0.,1.));
#8566 = ORIENTED_EDGE('',*,*,#8538,.F.);
#8567 = ORIENTED_EDGE('',*,*,#8473,.F.);
#8568 = CYLINDRICAL_SURFACE('',#8569,4.E-02);
#8569 = AXIS2_PLACEMENT_3D('',#8570,#8571,#8572);
#8570 = CARTESIAN_POINT('',(-0.6,0.545,8.E-02));
#8571 = DIRECTION('',(1.,0.,0.));
#8572 = DIRECTION('',(-0.,1.,0.));
#8573 = ADVANCED_FACE('',(#8574),#8592,.T.);
#8574 = FACE_BOUND('',#8575,.T.);
#8575 = EDGE_LOOP('',(#8576,#8584,#8585,#8586));
#8576 = ORIENTED_EDGE('',*,*,#8577,.F.);
#8577 = EDGE_CURVE('',#8553,#8578,#8580,.T.);
#8578 = VERTEX_POINT('',#8579);
#8579 = CARTESIAN_POINT('',(0.6,0.585,1.17));
#8580 = LINE('',#8581,#8582);
#8581 = CARTESIAN_POINT('',(0.6,0.585,4.E-02));
#8582 = VECTOR('',#8583,1.);
#8583 = DIRECTION('',(0.,0.,1.));
#8584 = ORIENTED_EDGE('',*,*,#8552,.F.);
#8585 = ORIENTED_EDGE('',*,*,#8465,.T.);
#8586 = ORIENTED_EDGE('',*,*,#8587,.T.);
#8587 = EDGE_CURVE('',#8457,#8578,#8588,.T.);
#8588 = LINE('',#8589,#8590);
#8589 = CARTESIAN_POINT('',(-0.6,0.585,1.17));
#8590 = VECTOR('',#8591,1.);
#8591 = DIRECTION('',(1.,0.,0.));
#8592 = PLANE('',#8593);
#8593 = AXIS2_PLACEMENT_3D('',#8594,#8595,#8596);
#8594 = CARTESIAN_POINT('',(-0.6,0.585,4.E-02));
#8595 = DIRECTION('',(0.,1.,0.));
#8596 = DIRECTION('',(0.,-0.,1.));
#8597 = ADVANCED_FACE('',(#8598),#8617,.T.);
#8598 = FACE_BOUND('',#8599,.T.);
#8599 = EDGE_LOOP('',(#8600,#8601,#8609,#8616));
#8600 = ORIENTED_EDGE('',*,*,#8456,.T.);
#8601 = ORIENTED_EDGE('',*,*,#8602,.T.);
#8602 = EDGE_CURVE('',#8449,#8603,#8605,.T.);
#8603 = VERTEX_POINT('',#8604);
#8604 = CARTESIAN_POINT('',(0.6,0.545,1.21));
#8605 = LINE('',#8606,#8607);
#8606 = CARTESIAN_POINT('',(-0.6,0.545,1.21));
#8607 = VECTOR('',#8608,1.);
#8608 = DIRECTION('',(1.,0.,0.));
#8609 = ORIENTED_EDGE('',*,*,#8610,.F.);
#8610 = EDGE_CURVE('',#8578,#8603,#8611,.T.);
#8611 = CIRCLE('',#8612,4.E-02);
#8612 = AXIS2_PLACEMENT_3D('',#8613,#8614,#8615);
#8613 = CARTESIAN_POINT('',(0.6,0.545,1.17));
#8614 = DIRECTION('',(1.,0.,-0.));
#8615 = DIRECTION('',(0.,0.,1.));
#8616 = ORIENTED_EDGE('',*,*,#8587,.F.);
#8617 = CYLINDRICAL_SURFACE('',#8618,4.E-02);
#8618 = AXIS2_PLACEMENT_3D('',#8619,#8620,#8621);
#8619 = CARTESIAN_POINT('',(-0.6,0.545,1.17));
#8620 = DIRECTION('',(1.,0.,0.));
#8621 = DIRECTION('',(-0.,1.,0.));
#8622 = ADVANCED_FACE('',(#8623),#8641,.T.);
#8623 = FACE_BOUND('',#8624,.T.);
#8624 = EDGE_LOOP('',(#8625,#8626,#8634,#8640));
#8625 = ORIENTED_EDGE('',*,*,#8448,.F.);
#8626 = ORIENTED_EDGE('',*,*,#8627,.T.);
#8627 = EDGE_CURVE('',#8440,#8628,#8630,.T.);
#8628 = VERTEX_POINT('',#8629);
#8629 = CARTESIAN_POINT('',(0.6,-0.545,1.21));
#8630 = LINE('',#8631,#8632);
#8631 = CARTESIAN_POINT('',(-0.6,-0.545,1.21));
#8632 = VECTOR('',#8633,1.);
#8633 = DIRECTION('',(1.,0.,0.));
#8634 = ORIENTED_EDGE('',*,*,#8635,.T.);
#8635 = EDGE_CURVE('',#8628,#8603,#8636,.T.);
#8636 = LINE('',#8637,#8638);
#8637 = CARTESIAN_POINT('',(0.6,-0.585,1.21));
#8638 = VECTOR('',#8639,1.);
#8639 = DIRECTION('',(0.,1.,0.));
#8640 = ORIENTED_EDGE('',*,*,#8602,.F.);
#8641 = PLANE('',#8642);
#8642 = AXIS2_PLACEMENT_3D('',#8643,#8644,#8645);
#8643 = CARTESIAN_POINT('',(-0.6,-0.585,1.21));
#8644 = DIRECTION('',(0.,0.,1.));
#8645 = DIRECTION('',(1.,0.,-0.));
#8646 = ADVANCED_FACE('',(#8647),#8666,.T.);
#8647 = FACE_BOUND('',#8648,.T.);
#8648 = EDGE_LOOP('',(#8649,#8657,#8664,#8665));
#8649 = ORIENTED_EDGE('',*,*,#8650,.T.);
#8650 = EDGE_CURVE('',#8432,#8651,#8653,.T.);
#8651 = VERTEX_POINT('',#8652);
#8652 = CARTESIAN_POINT('',(0.6,-0.585,1.17));
#8653 = LINE('',#8654,#8655);
#8654 = CARTESIAN_POINT('',(-0.6,-0.585,1.17));
#8655 = VECTOR('',#8656,1.);
#8656 = DIRECTION('',(1.,0.,0.));
#8657 = ORIENTED_EDGE('',*,*,#8658,.T.);
#8658 = EDGE_CURVE('',#8651,#8628,#8659,.T.);
#8659 = CIRCLE('',#8660,4.E-02);
#8660 = AXIS2_PLACEMENT_3D('',#8661,#8662,#8663);
#8661 = CARTESIAN_POINT('',(0.6,-0.545,1.17));
#8662 = DIRECTION('',(-1.,0.,0.));
#8663 = DIRECTION('',(0.,0.,1.));
#8664 = ORIENTED_EDGE('',*,*,#8627,.F.);
#8665 = ORIENTED_EDGE('',*,*,#8439,.F.);
#8666 = CYLINDRICAL_SURFACE('',#8667,4.E-02);
#8667 = AXIS2_PLACEMENT_3D('',#8668,#8669,#8670);
#8668 = CARTESIAN_POINT('',(-0.6,-0.545,1.17));
#8669 = DIRECTION('',(1.,0.,0.));
#8670 = DIRECTION('',(0.,-1.,0.));
#8671 = ADVANCED_FACE('',(#8672),#8683,.F.);
#8672 = FACE_BOUND('',#8673,.F.);
#8673 = EDGE_LOOP('',(#8674,#8680,#8681,#8682));
#8674 = ORIENTED_EDGE('',*,*,#8675,.F.);
#8675 = EDGE_CURVE('',#8506,#8651,#8676,.T.);
#8676 = LINE('',#8677,#8678);
#8677 = CARTESIAN_POINT('',(0.6,-0.585,4.E-02));
#8678 = VECTOR('',#8679,1.);
#8679 = DIRECTION('',(0.,0.,1.));
#8680 = ORIENTED_EDGE('',*,*,#8514,.F.);
#8681 = ORIENTED_EDGE('',*,*,#8431,.T.);
#8682 = ORIENTED_EDGE('',*,*,#8650,.T.);
#8683 = PLANE('',#8684);
#8684 = AXIS2_PLACEMENT_3D('',#8685,#8686,#8687);
#8685 = CARTESIAN_POINT('',(-0.6,-0.585,4.E-02));
#8686 = DIRECTION('',(0.,1.,0.));
#8687 = DIRECTION('',(0.,-0.,1.));
#8688 = ADVANCED_FACE('',(#8689,#8759),#8769,.F.);
#8689 = FACE_BOUND('',#8690,.F.);
#8690 = EDGE_LOOP('',(#8691,#8701,#8710,#8718,#8727,#8735,#8744,#8752));
#8691 = ORIENTED_EDGE('',*,*,#8692,.F.);
#8692 = EDGE_CURVE('',#8693,#8695,#8697,.T.);
#8693 = VERTEX_POINT('',#8694);
#8694 = CARTESIAN_POINT('',(0.6,-0.625,4.E-02));
#8695 = VERTEX_POINT('',#8696);
#8696 = CARTESIAN_POINT('',(0.6,-0.625,1.21));
#8697 = LINE('',#8698,#8699);
#8698 = CARTESIAN_POINT('',(0.6,-0.625,0.));
#8699 = VECTOR('',#8700,1.);
#8700 = DIRECTION('',(0.,0.,1.));
#8701 = ORIENTED_EDGE('',*,*,#8702,.T.);
#8702 = EDGE_CURVE('',#8693,#8703,#8705,.T.);
#8703 = VERTEX_POINT('',#8704);
#8704 = CARTESIAN_POINT('',(0.6,-0.585,0.));
#8705 = CIRCLE('',#8706,4.E-02);
#8706 = AXIS2_PLACEMENT_3D('',#8707,#8708,#8709);
#8707 = CARTESIAN_POINT('',(0.6,-0.585,4.E-02));
#8708 = DIRECTION('',(1.,0.,-0.));
#8709 = DIRECTION('',(0.,0.,1.));
#8710 = ORIENTED_EDGE('',*,*,#8711,.T.);
#8711 = EDGE_CURVE('',#8703,#8712,#8714,.T.);
#8712 = VERTEX_POINT('',#8713);
#8713 = CARTESIAN_POINT('',(0.6,0.585,0.));
#8714 = LINE('',#8715,#8716);
#8715 = CARTESIAN_POINT('',(0.6,-0.625,0.));
#8716 = VECTOR('',#8717,1.);
#8717 = DIRECTION('',(0.,1.,0.));
#8718 = ORIENTED_EDGE('',*,*,#8719,.F.);
#8719 = EDGE_CURVE('',#8720,#8712,#8722,.T.);
#8720 = VERTEX_POINT('',#8721);
#8721 = CARTESIAN_POINT('',(0.6,0.625,4.E-02));
#8722 = CIRCLE('',#8723,4.E-02);
#8723 = AXIS2_PLACEMENT_3D('',#8724,#8725,#8726);
#8724 = CARTESIAN_POINT('',(0.6,0.585,4.E-02));
#8725 = DIRECTION('',(-1.,0.,0.));
#8726 = DIRECTION('',(0.,0.,1.));
#8727 = ORIENTED_EDGE('',*,*,#8728,.T.);
#8728 = EDGE_CURVE('',#8720,#8729,#8731,.T.);
#8729 = VERTEX_POINT('',#8730);
#8730 = CARTESIAN_POINT('',(0.6,0.625,1.21));
#8731 = LINE('',#8732,#8733);
#8732 = CARTESIAN_POINT('',(0.6,0.625,0.));
#8733 = VECTOR('',#8734,1.);
#8734 = DIRECTION('',(0.,0.,1.));
#8735 = ORIENTED_EDGE('',*,*,#8736,.T.);
#8736 = EDGE_CURVE('',#8729,#8737,#8739,.T.);
#8737 = VERTEX_POINT('',#8738);
#8738 = CARTESIAN_POINT('',(0.6,0.585,1.25));
#8739 = CIRCLE('',#8740,4.E-02);
#8740 = AXIS2_PLACEMENT_3D('',#8741,#8742,#8743);
#8741 = CARTESIAN_POINT('',(0.6,0.585,1.21));
#8742 = DIRECTION('',(1.,0.,-0.));
#8743 = DIRECTION('',(0.,0.,1.));
#8744 = ORIENTED_EDGE('',*,*,#8745,.F.);
#8745 = EDGE_CURVE('',#8746,#8737,#8748,.T.);
#8746 = VERTEX_POINT('',#8747);
#8747 = CARTESIAN_POINT('',(0.6,-0.585,1.25));
#8748 = LINE('',#8749,#8750);
#8749 = CARTESIAN_POINT('',(0.6,-0.625,1.25));
#8750 = VECTOR('',#8751,1.);
#8751 = DIRECTION('',(0.,1.,0.));
#8752 = ORIENTED_EDGE('',*,*,#8753,.F.);
#8753 = EDGE_CURVE('',#8695,#8746,#8754,.T.);
#8754 = CIRCLE('',#8755,4.E-02);
#8755 = AXIS2_PLACEMENT_3D('',#8756,#8757,#8758);
#8756 = CARTESIAN_POINT('',(0.6,-0.585,1.21));
#8757 = DIRECTION('',(-1.,0.,0.));
#8758 = DIRECTION('',(0.,0.,1.));
#8759 = FACE_BOUND('',#8760,.F.);
#8760 = EDGE_LOOP('',(#8761,#8762,#8763,#8764,#8765,#8766,#8767,#8768));
#8761 = ORIENTED_EDGE('',*,*,#8505,.F.);
#8762 = ORIENTED_EDGE('',*,*,#8675,.T.);
#8763 = ORIENTED_EDGE('',*,*,#8658,.T.);
#8764 = ORIENTED_EDGE('',*,*,#8635,.T.);
#8765 = ORIENTED_EDGE('',*,*,#8610,.F.);
#8766 = ORIENTED_EDGE('',*,*,#8577,.F.);
#8767 = ORIENTED_EDGE('',*,*,#8560,.T.);
#8768 = ORIENTED_EDGE('',*,*,#8530,.F.);
#8769 = PLANE('',#8770);
#8770 = AXIS2_PLACEMENT_3D('',#8771,#8772,#8773);
#8771 = CARTESIAN_POINT('',(0.6,-0.625,0.));
#8772 = DIRECTION('',(1.,0.,0.));
#8773 = DIRECTION('',(0.,0.,1.));
#8774 = ADVANCED_FACE('',(#8775),#8800,.F.);
#8775 = FACE_BOUND('',#8776,.F.);
#8776 = EDGE_LOOP('',(#8777,#8787,#8793,#8794));
#8777 = ORIENTED_EDGE('',*,*,#8778,.F.);
#8778 = EDGE_CURVE('',#8779,#8781,#8783,.T.);
#8779 = VERTEX_POINT('',#8780);
#8780 = CARTESIAN_POINT('',(1.,-0.625,4.E-02));
#8781 = VERTEX_POINT('',#8782);
#8782 = CARTESIAN_POINT('',(1.,-0.625,1.21));
#8783 = LINE('',#8784,#8785);
#8784 = CARTESIAN_POINT('',(1.,-0.625,0.));
#8785 = VECTOR('',#8786,1.);
#8786 = DIRECTION('',(0.,0.,1.));
#8787 = ORIENTED_EDGE('',*,*,#8788,.F.);
#8788 = EDGE_CURVE('',#8693,#8779,#8789,.T.);
#8789 = LINE('',#8790,#8791);
#8790 = CARTESIAN_POINT('',(0.6,-0.625,4.E-02));
#8791 = VECTOR('',#8792,1.);
#8792 = DIRECTION('',(1.,0.,0.));
#8793 = ORIENTED_EDGE('',*,*,#8692,.T.);
#8794 = ORIENTED_EDGE('',*,*,#8795,.T.);
#8795 = EDGE_CURVE('',#8695,#8781,#8796,.T.);
#8796 = LINE('',#8797,#8798);
#8797 = CARTESIAN_POINT('',(0.6,-0.625,1.21));
#8798 = VECTOR('',#8799,1.);
#8799 = DIRECTION('',(1.,0.,0.));
#8800 = PLANE('',#8801);
#8801 = AXIS2_PLACEMENT_3D('',#8802,#8803,#8804);
#8802 = CARTESIAN_POINT('',(0.6,-0.625,0.));
#8803 = DIRECTION('',(0.,1.,0.));
#8804 = DIRECTION('',(0.,-0.,1.));
#8805 = ADVANCED_FACE('',(#8806),#8825,.T.);
#8806 = FACE_BOUND('',#8807,.T.);
#8807 = EDGE_LOOP('',(#8808,#8809,#8817,#8824));
#8808 = ORIENTED_EDGE('',*,*,#8702,.T.);
#8809 = ORIENTED_EDGE('',*,*,#8810,.T.);
#8810 = EDGE_CURVE('',#8703,#8811,#8813,.T.);
#8811 = VERTEX_POINT('',#8812);
#8812 = CARTESIAN_POINT('',(1.,-0.585,0.));
#8813 = LINE('',#8814,#8815);
#8814 = CARTESIAN_POINT('',(0.6,-0.585,0.));
#8815 = VECTOR('',#8816,1.);
#8816 = DIRECTION('',(1.,0.,0.));
#8817 = ORIENTED_EDGE('',*,*,#8818,.F.);
#8818 = EDGE_CURVE('',#8779,#8811,#8819,.T.);
#8819 = CIRCLE('',#8820,4.E-02);
#8820 = AXIS2_PLACEMENT_3D('',#8821,#8822,#8823);
#8821 = CARTESIAN_POINT('',(1.,-0.585,4.E-02));
#8822 = DIRECTION('',(1.,0.,-0.));
#8823 = DIRECTION('',(0.,0.,1.));
#8824 = ORIENTED_EDGE('',*,*,#8788,.F.);
#8825 = CYLINDRICAL_SURFACE('',#8826,4.E-02);
#8826 = AXIS2_PLACEMENT_3D('',#8827,#8828,#8829);
#8827 = CARTESIAN_POINT('',(0.6,-0.585,4.E-02));
#8828 = DIRECTION('',(1.,0.,0.));
#8829 = DIRECTION('',(0.,-1.,0.));
#8830 = ADVANCED_FACE('',(#8831),#8850,.T.);
#8831 = FACE_BOUND('',#8832,.T.);
#8832 = EDGE_LOOP('',(#8833,#8834,#8843,#8849));
#8833 = ORIENTED_EDGE('',*,*,#8795,.T.);
#8834 = ORIENTED_EDGE('',*,*,#8835,.T.);
#8835 = EDGE_CURVE('',#8781,#8836,#8838,.T.);
#8836 = VERTEX_POINT('',#8837);
#8837 = CARTESIAN_POINT('',(1.,-0.585,1.25));
#8838 = CIRCLE('',#8839,4.E-02);
#8839 = AXIS2_PLACEMENT_3D('',#8840,#8841,#8842);
#8840 = CARTESIAN_POINT('',(1.,-0.585,1.21));
#8841 = DIRECTION('',(-1.,0.,0.));
#8842 = DIRECTION('',(0.,0.,1.));
#8843 = ORIENTED_EDGE('',*,*,#8844,.F.);
#8844 = EDGE_CURVE('',#8746,#8836,#8845,.T.);
#8845 = LINE('',#8846,#8847);
#8846 = CARTESIAN_POINT('',(0.6,-0.585,1.25));
#8847 = VECTOR('',#8848,1.);
#8848 = DIRECTION('',(1.,0.,0.));
#8849 = ORIENTED_EDGE('',*,*,#8753,.F.);
#8850 = CYLINDRICAL_SURFACE('',#8851,4.E-02);
#8851 = AXIS2_PLACEMENT_3D('',#8852,#8853,#8854);
#8852 = CARTESIAN_POINT('',(0.6,-0.585,1.21));
#8853 = DIRECTION('',(1.,0.,0.));
#8854 = DIRECTION('',(0.,-1.,0.));
#8855 = ADVANCED_FACE('',(#8856),#8874,.F.);
#8856 = FACE_BOUND('',#8857,.F.);
#8857 = EDGE_LOOP('',(#8858,#8859,#8860,#8868));
#8858 = ORIENTED_EDGE('',*,*,#8711,.F.);
#8859 = ORIENTED_EDGE('',*,*,#8810,.T.);
#8860 = ORIENTED_EDGE('',*,*,#8861,.T.);
#8861 = EDGE_CURVE('',#8811,#8862,#8864,.T.);
#8862 = VERTEX_POINT('',#8863);
#8863 = CARTESIAN_POINT('',(1.,0.585,0.));
#8864 = LINE('',#8865,#8866);
#8865 = CARTESIAN_POINT('',(1.,-0.625,0.));
#8866 = VECTOR('',#8867,1.);
#8867 = DIRECTION('',(0.,1.,0.));
#8868 = ORIENTED_EDGE('',*,*,#8869,.F.);
#8869 = EDGE_CURVE('',#8712,#8862,#8870,.T.);
#8870 = LINE('',#8871,#8872);
#8871 = CARTESIAN_POINT('',(0.6,0.585,0.));
#8872 = VECTOR('',#8873,1.);
#8873 = DIRECTION('',(1.,0.,0.));
#8874 = PLANE('',#8875);
#8875 = AXIS2_PLACEMENT_3D('',#8876,#8877,#8878);
#8876 = CARTESIAN_POINT('',(0.6,-0.625,0.));
#8877 = DIRECTION('',(0.,0.,1.));
#8878 = DIRECTION('',(1.,0.,-0.));
#8879 = ADVANCED_FACE('',(#8880),#8898,.T.);
#8880 = FACE_BOUND('',#8881,.T.);
#8881 = EDGE_LOOP('',(#8882,#8883,#8884,#8892));
#8882 = ORIENTED_EDGE('',*,*,#8745,.F.);
#8883 = ORIENTED_EDGE('',*,*,#8844,.T.);
#8884 = ORIENTED_EDGE('',*,*,#8885,.T.);
#8885 = EDGE_CURVE('',#8836,#8886,#8888,.T.);
#8886 = VERTEX_POINT('',#8887);
#8887 = CARTESIAN_POINT('',(1.,0.585,1.25));
#8888 = LINE('',#8889,#8890);
#8889 = CARTESIAN_POINT('',(1.,-0.625,1.25));
#8890 = VECTOR('',#8891,1.);
#8891 = DIRECTION('',(0.,1.,0.));
#8892 = ORIENTED_EDGE('',*,*,#8893,.F.);
#8893 = EDGE_CURVE('',#8737,#8886,#8894,.T.);
#8894 = LINE('',#8895,#8896);
#8895 = CARTESIAN_POINT('',(0.6,0.585,1.25));
#8896 = VECTOR('',#8897,1.);
#8897 = DIRECTION('',(1.,0.,0.));
#8898 = PLANE('',#8899);
#8899 = AXIS2_PLACEMENT_3D('',#8900,#8901,#8902);
#8900 = CARTESIAN_POINT('',(0.6,-0.625,1.25));
#8901 = DIRECTION('',(0.,0.,1.));
#8902 = DIRECTION('',(1.,0.,-0.));
#8903 = ADVANCED_FACE('',(#8904),#8923,.T.);
#8904 = FACE_BOUND('',#8905,.T.);
#8905 = EDGE_LOOP('',(#8906,#8914,#8921,#8922));
#8906 = ORIENTED_EDGE('',*,*,#8907,.T.);
#8907 = EDGE_CURVE('',#8720,#8908,#8910,.T.);
#8908 = VERTEX_POINT('',#8909);
#8909 = CARTESIAN_POINT('',(1.,0.625,4.E-02));
#8910 = LINE('',#8911,#8912);
#8911 = CARTESIAN_POINT('',(0.6,0.625,4.E-02));
#8912 = VECTOR('',#8913,1.);
#8913 = DIRECTION('',(1.,0.,0.));
#8914 = ORIENTED_EDGE('',*,*,#8915,.T.);
#8915 = EDGE_CURVE('',#8908,#8862,#8916,.T.);
#8916 = CIRCLE('',#8917,4.E-02);
#8917 = AXIS2_PLACEMENT_3D('',#8918,#8919,#8920);
#8918 = CARTESIAN_POINT('',(1.,0.585,4.E-02));
#8919 = DIRECTION('',(-1.,0.,0.));
#8920 = DIRECTION('',(0.,0.,1.));
#8921 = ORIENTED_EDGE('',*,*,#8869,.F.);
#8922 = ORIENTED_EDGE('',*,*,#8719,.F.);
#8923 = CYLINDRICAL_SURFACE('',#8924,4.E-02);
#8924 = AXIS2_PLACEMENT_3D('',#8925,#8926,#8927);
#8925 = CARTESIAN_POINT('',(0.6,0.585,4.E-02));
#8926 = DIRECTION('',(1.,0.,0.));
#8927 = DIRECTION('',(-0.,1.,0.));
#8928 = ADVANCED_FACE('',(#8929),#8948,.T.);
#8929 = FACE_BOUND('',#8930,.T.);
#8930 = EDGE_LOOP('',(#8931,#8932,#8933,#8942));
#8931 = ORIENTED_EDGE('',*,*,#8736,.T.);
#8932 = ORIENTED_EDGE('',*,*,#8893,.T.);
#8933 = ORIENTED_EDGE('',*,*,#8934,.F.);
#8934 = EDGE_CURVE('',#8935,#8886,#8937,.T.);
#8935 = VERTEX_POINT('',#8936);
#8936 = CARTESIAN_POINT('',(1.,0.625,1.21));
#8937 = CIRCLE('',#8938,4.E-02);
#8938 = AXIS2_PLACEMENT_3D('',#8939,#8940,#8941);
#8939 = CARTESIAN_POINT('',(1.,0.585,1.21));
#8940 = DIRECTION('',(1.,0.,-0.));
#8941 = DIRECTION('',(0.,0.,1.));
#8942 = ORIENTED_EDGE('',*,*,#8943,.F.);
#8943 = EDGE_CURVE('',#8729,#8935,#8944,.T.);
#8944 = LINE('',#8945,#8946);
#8945 = CARTESIAN_POINT('',(0.6,0.625,1.21));
#8946 = VECTOR('',#8947,1.);
#8947 = DIRECTION('',(1.,0.,0.));
#8948 = CYLINDRICAL_SURFACE('',#8949,4.E-02);
#8949 = AXIS2_PLACEMENT_3D('',#8950,#8951,#8952);
#8950 = CARTESIAN_POINT('',(0.6,0.585,1.21));
#8951 = DIRECTION('',(1.,0.,0.));
#8952 = DIRECTION('',(-0.,1.,0.));
#8953 = ADVANCED_FACE('',(#8954),#8965,.T.);
#8954 = FACE_BOUND('',#8955,.T.);
#8955 = EDGE_LOOP('',(#8956,#8962,#8963,#8964));
#8956 = ORIENTED_EDGE('',*,*,#8957,.F.);
#8957 = EDGE_CURVE('',#8908,#8935,#8958,.T.);
#8958 = LINE('',#8959,#8960);
#8959 = CARTESIAN_POINT('',(1.,0.625,0.));
#8960 = VECTOR('',#8961,1.);
#8961 = DIRECTION('',(0.,0.,1.));
#8962 = ORIENTED_EDGE('',*,*,#8907,.F.);
#8963 = ORIENTED_EDGE('',*,*,#8728,.T.);
#8964 = ORIENTED_EDGE('',*,*,#8943,.T.);
#8965 = PLANE('',#8966);
#8966 = AXIS2_PLACEMENT_3D('',#8967,#8968,#8969);
#8967 = CARTESIAN_POINT('',(0.6,0.625,0.));
#8968 = DIRECTION('',(0.,1.,0.));
#8969 = DIRECTION('',(0.,-0.,1.));
#8970 = ADVANCED_FACE('',(#8971),#8981,.T.);
#8971 = FACE_BOUND('',#8972,.T.);
#8972 = EDGE_LOOP('',(#8973,#8974,#8975,#8976,#8977,#8978,#8979,#8980));
#8973 = ORIENTED_EDGE('',*,*,#8778,.F.);
#8974 = ORIENTED_EDGE('',*,*,#8818,.T.);
#8975 = ORIENTED_EDGE('',*,*,#8861,.T.);
#8976 = ORIENTED_EDGE('',*,*,#8915,.F.);
#8977 = ORIENTED_EDGE('',*,*,#8957,.T.);
#8978 = ORIENTED_EDGE('',*,*,#8934,.T.);
#8979 = ORIENTED_EDGE('',*,*,#8885,.F.);
#8980 = ORIENTED_EDGE('',*,*,#8835,.F.);
#8981 = PLANE('',#8982);
#8982 = AXIS2_PLACEMENT_3D('',#8983,#8984,#8985);
#8983 = CARTESIAN_POINT('',(1.,-0.625,0.));
#8984 = DIRECTION('',(1.,0.,0.));
#8985 = DIRECTION('',(0.,0.,1.));
#8986 = ( GEOMETRIC_REPRESENTATION_CONTEXT(3) 
GLOBAL_UNCERTAINTY_ASSIGNED_CONTEXT((#8990)) 
GLOBAL_UNIT_ASSIGNED_CONTEXT((#8987,#8988,#8989)) REPRESENTATION_CONTEXT
('Context #1','3D Context with UNIT and UNCERTAINTY') );
#8987 = ( LENGTH_UNIT() NAMED_UNIT(*) SI_UNIT(.MILLI.,.METRE.) );
#8988 = ( NAMED_UNIT(*) PLANE_ANGLE_UNIT() SI_UNIT($,.RADIAN.) );
#8989 = ( NAMED_UNIT(*) SI_UNIT($,.STERADIAN.) SOLID_ANGLE_UNIT() );
#8990 = UNCERTAINTY_MEASURE_WITH_UNIT(LENGTH_MEASURE(1.E-07),#8987,
  'distance_accuracy_value','confusion accuracy');
#8991 = CONTEXT_DEPENDENT_SHAPE_REPRESENTATION(#8992,#8994);
#8992 = ( REPRESENTATION_RELATIONSHIP('','',#8131,#10) 
REPRESENTATION_RELATIONSHIP_WITH_TRANSFORMATION(#8993) 
SHAPE_REPRESENTATION_RELATIONSHIP() );
#8993 = ITEM_DEFINED_TRANSFORMATION('','',#11,#27);
#8994 = PRODUCT_DEFINITION_SHAPE('Placement','Placement of an item',
  #8995);
#8995 = NEXT_ASSEMBLY_USAGE_OCCURRENCE('4','C101','',#5,#8126,$);
#8996 = PRODUCT_RELATED_PRODUCT_CATEGORY('part',$,(#8128));
#8997 = CONTEXT_DEPENDENT_SHAPE_REPRESENTATION(#8998,#9000);
#8998 = ( REPRESENTATION_RELATIONSHIP('','',#7322,#10) 
REPRESENTATION_RELATIONSHIP_WITH_TRANSFORMATION(#8999) 
SHAPE_REPRESENTATION_RELATIONSHIP() );
#8999 = ITEM_DEFINED_TRANSFORMATION('','',#11,#31);
#9000 = PRODUCT_DEFINITION_SHAPE('Placement','Placement of an item',
  #9001);
#9001 = NEXT_ASSEMBLY_USAGE_OCCURRENCE('5','R103','',#5,#7317,$);
#9002 = CONTEXT_DEPENDENT_SHAPE_REPRESENTATION(#9003,#9005);
#9003 = ( REPRESENTATION_RELATIONSHIP('','',#7322,#10) 
REPRESENTATION_RELATIONSHIP_WITH_TRANSFORMATION(#9004) 
SHAPE_REPRESENTATION_RELATIONSHIP() );
#9004 = ITEM_DEFINED_TRANSFORMATION('','',#11,#35);
#9005 = PRODUCT_DEFINITION_SHAPE('Placement','Placement of an item',
  #9006);
#9006 = NEXT_ASSEMBLY_USAGE_OCCURRENCE('6','R101','',#5,#7317,$);
#9007 = SHAPE_DEFINITION_REPRESENTATION(#9008,#9014);
#9008 = PRODUCT_DEFINITION_SHAPE('','',#9009);
#9009 = PRODUCT_DEFINITION('design','',#9010,#9013);
#9010 = PRODUCT_DEFINITION_FORMATION('','',#9011);
#9011 = PRODUCT('C_0402_1005Metric','C_0402_1005Metric','',(#9012));
#9012 = PRODUCT_CONTEXT('',#2,'mechanical');
#9013 = PRODUCT_DEFINITION_CONTEXT('part definition',#2,'design');
#9014 = ADVANCED_BREP_SHAPE_REPRESENTATION('',(#11,#9015),#9869);
#9015 = MANIFOLD_SOLID_BREP('',#9016);
#9016 = CLOSED_SHELL('',(#9017,#9093,#9124,#9149,#9174,#9198,#9222,#9247
    ,#9272,#9289,#9375,#9407,#9431,#9456,#9480,#9505,#9529,#9554,#9571,
    #9657,#9688,#9713,#9738,#9762,#9786,#9811,#9836,#9853));
#9017 = ADVANCED_FACE('',(#9018),#9088,.F.);
#9018 = FACE_BOUND('',#9019,.F.);
#9019 = EDGE_LOOP('',(#9020,#9030,#9039,#9047,#9056,#9064,#9073,#9081));
#9020 = ORIENTED_EDGE('',*,*,#9021,.F.);
#9021 = EDGE_CURVE('',#9022,#9024,#9026,.T.);
#9022 = VERTEX_POINT('',#9023);
#9023 = CARTESIAN_POINT('',(-0.5,-0.25,2.E-02));
#9024 = VERTEX_POINT('',#9025);
#9025 = CARTESIAN_POINT('',(-0.5,-0.25,0.48));
#9026 = LINE('',#9027,#9028);
#9027 = CARTESIAN_POINT('',(-0.5,-0.25,0.));
#9028 = VECTOR('',#9029,1.);
#9029 = DIRECTION('',(0.,0.,1.));
#9030 = ORIENTED_EDGE('',*,*,#9031,.T.);
#9031 = EDGE_CURVE('',#9022,#9032,#9034,.T.);
#9032 = VERTEX_POINT('',#9033);
#9033 = CARTESIAN_POINT('',(-0.5,-0.23,0.));
#9034 = CIRCLE('',#9035,2.E-02);
#9035 = AXIS2_PLACEMENT_3D('',#9036,#9037,#9038);
#9036 = CARTESIAN_POINT('',(-0.5,-0.23,2.E-02));
#9037 = DIRECTION('',(1.,0.,-0.));
#9038 = DIRECTION('',(0.,0.,1.));
#9039 = ORIENTED_EDGE('',*,*,#9040,.T.);
#9040 = EDGE_CURVE('',#9032,#9041,#9043,.T.);
#9041 = VERTEX_POINT('',#9042);
#9042 = CARTESIAN_POINT('',(-0.5,0.23,0.));
#9043 = LINE('',#9044,#9045);
#9044 = CARTESIAN_POINT('',(-0.5,-0.25,0.));
#9045 = VECTOR('',#9046,1.);
#9046 = DIRECTION('',(0.,1.,0.));
#9047 = ORIENTED_EDGE('',*,*,#9048,.F.);
#9048 = EDGE_CURVE('',#9049,#9041,#9051,.T.);
#9049 = VERTEX_POINT('',#9050);
#9050 = CARTESIAN_POINT('',(-0.5,0.25,2.E-02));
#9051 = CIRCLE('',#9052,2.E-02);
#9052 = AXIS2_PLACEMENT_3D('',#9053,#9054,#9055);
#9053 = CARTESIAN_POINT('',(-0.5,0.23,2.E-02));
#9054 = DIRECTION('',(-1.,0.,0.));
#9055 = DIRECTION('',(0.,0.,1.));
#9056 = ORIENTED_EDGE('',*,*,#9057,.T.);
#9057 = EDGE_CURVE('',#9049,#9058,#9060,.T.);
#9058 = VERTEX_POINT('',#9059);
#9059 = CARTESIAN_POINT('',(-0.5,0.25,0.48));
#9060 = LINE('',#9061,#9062);
#9061 = CARTESIAN_POINT('',(-0.5,0.25,0.));
#9062 = VECTOR('',#9063,1.);
#9063 = DIRECTION('',(0.,0.,1.));
#9064 = ORIENTED_EDGE('',*,*,#9065,.T.);
#9065 = EDGE_CURVE('',#9058,#9066,#9068,.T.);
#9066 = VERTEX_POINT('',#9067);
#9067 = CARTESIAN_POINT('',(-0.5,0.23,0.5));
#9068 = CIRCLE('',#9069,2.E-02);
#9069 = AXIS2_PLACEMENT_3D('',#9070,#9071,#9072);
#9070 = CARTESIAN_POINT('',(-0.5,0.23,0.48));
#9071 = DIRECTION('',(1.,0.,-0.));
#9072 = DIRECTION('',(0.,0.,1.));
#9073 = ORIENTED_EDGE('',*,*,#9074,.F.);
#9074 = EDGE_CURVE('',#9075,#9066,#9077,.T.);
#9075 = VERTEX_POINT('',#9076);
#9076 = CARTESIAN_POINT('',(-0.5,-0.23,0.5));
#9077 = LINE('',#9078,#9079);
#9078 = CARTESIAN_POINT('',(-0.5,-0.25,0.5));
#9079 = VECTOR('',#9080,1.);
#9080 = DIRECTION('',(0.,1.,0.));
#9081 = ORIENTED_EDGE('',*,*,#9082,.F.);
#9082 = EDGE_CURVE('',#9024,#9075,#9083,.T.);
#9083 = CIRCLE('',#9084,2.E-02);
#9084 = AXIS2_PLACEMENT_3D('',#9085,#9086,#9087);
#9085 = CARTESIAN_POINT('',(-0.5,-0.23,0.48));
#9086 = DIRECTION('',(-1.,0.,0.));
#9087 = DIRECTION('',(0.,0.,1.));
#9088 = PLANE('',#9089);
#9089 = AXIS2_PLACEMENT_3D('',#9090,#9091,#9092);
#9090 = CARTESIAN_POINT('',(-0.5,-0.25,0.));
#9091 = DIRECTION('',(1.,0.,0.));
#9092 = DIRECTION('',(0.,0.,1.));
#9093 = ADVANCED_FACE('',(#9094),#9119,.F.);
#9094 = FACE_BOUND('',#9095,.F.);
#9095 = EDGE_LOOP('',(#9096,#9106,#9112,#9113));
#9096 = ORIENTED_EDGE('',*,*,#9097,.F.);
#9097 = EDGE_CURVE('',#9098,#9100,#9102,.T.);
#9098 = VERTEX_POINT('',#9099);
#9099 = CARTESIAN_POINT('',(-0.3,-0.25,2.E-02));
#9100 = VERTEX_POINT('',#9101);
#9101 = CARTESIAN_POINT('',(-0.3,-0.25,0.48));
#9102 = LINE('',#9103,#9104);
#9103 = CARTESIAN_POINT('',(-0.3,-0.25,0.));
#9104 = VECTOR('',#9105,1.);
#9105 = DIRECTION('',(0.,0.,1.));
#9106 = ORIENTED_EDGE('',*,*,#9107,.F.);
#9107 = EDGE_CURVE('',#9022,#9098,#9108,.T.);
#9108 = LINE('',#9109,#9110);
#9109 = CARTESIAN_POINT('',(-0.5,-0.25,2.E-02));
#9110 = VECTOR('',#9111,1.);
#9111 = DIRECTION('',(1.,0.,0.));
#9112 = ORIENTED_EDGE('',*,*,#9021,.T.);
#9113 = ORIENTED_EDGE('',*,*,#9114,.T.);
#9114 = EDGE_CURVE('',#9024,#9100,#9115,.T.);
#9115 = LINE('',#9116,#9117);
#9116 = CARTESIAN_POINT('',(-0.5,-0.25,0.48));
#9117 = VECTOR('',#9118,1.);
#9118 = DIRECTION('',(1.,0.,0.));
#9119 = PLANE('',#9120);
#9120 = AXIS2_PLACEMENT_3D('',#9121,#9122,#9123);
#9121 = CARTESIAN_POINT('',(-0.5,-0.25,0.));
#9122 = DIRECTION('',(0.,1.,0.));
#9123 = DIRECTION('',(0.,-0.,1.));
#9124 = ADVANCED_FACE('',(#9125),#9144,.T.);
#9125 = FACE_BOUND('',#9126,.T.);
#9126 = EDGE_LOOP('',(#9127,#9128,#9136,#9143));
#9127 = ORIENTED_EDGE('',*,*,#9031,.T.);
#9128 = ORIENTED_EDGE('',*,*,#9129,.T.);
#9129 = EDGE_CURVE('',#9032,#9130,#9132,.T.);
#9130 = VERTEX_POINT('',#9131);
#9131 = CARTESIAN_POINT('',(-0.3,-0.23,0.));
#9132 = LINE('',#9133,#9134);
#9133 = CARTESIAN_POINT('',(-0.5,-0.23,0.));
#9134 = VECTOR('',#9135,1.);
#9135 = DIRECTION('',(1.,0.,0.));
#9136 = ORIENTED_EDGE('',*,*,#9137,.F.);
#9137 = EDGE_CURVE('',#9098,#9130,#9138,.T.);
#9138 = CIRCLE('',#9139,2.E-02);
#9139 = AXIS2_PLACEMENT_3D('',#9140,#9141,#9142);
#9140 = CARTESIAN_POINT('',(-0.3,-0.23,2.E-02));
#9141 = DIRECTION('',(1.,0.,-0.));
#9142 = DIRECTION('',(0.,0.,1.));
#9143 = ORIENTED_EDGE('',*,*,#9107,.F.);
#9144 = CYLINDRICAL_SURFACE('',#9145,2.E-02);
#9145 = AXIS2_PLACEMENT_3D('',#9146,#9147,#9148);
#9146 = CARTESIAN_POINT('',(-0.5,-0.23,2.E-02));
#9147 = DIRECTION('',(1.,0.,0.));
#9148 = DIRECTION('',(0.,-1.,0.));
#9149 = ADVANCED_FACE('',(#9150),#9169,.T.);
#9150 = FACE_BOUND('',#9151,.T.);
#9151 = EDGE_LOOP('',(#9152,#9153,#9162,#9168));
#9152 = ORIENTED_EDGE('',*,*,#9114,.T.);
#9153 = ORIENTED_EDGE('',*,*,#9154,.T.);
#9154 = EDGE_CURVE('',#9100,#9155,#9157,.T.);
#9155 = VERTEX_POINT('',#9156);
#9156 = CARTESIAN_POINT('',(-0.3,-0.23,0.5));
#9157 = CIRCLE('',#9158,2.E-02);
#9158 = AXIS2_PLACEMENT_3D('',#9159,#9160,#9161);
#9159 = CARTESIAN_POINT('',(-0.3,-0.23,0.48));
#9160 = DIRECTION('',(-1.,0.,0.));
#9161 = DIRECTION('',(0.,0.,1.));
#9162 = ORIENTED_EDGE('',*,*,#9163,.F.);
#9163 = EDGE_CURVE('',#9075,#9155,#9164,.T.);
#9164 = LINE('',#9165,#9166);
#9165 = CARTESIAN_POINT('',(-0.5,-0.23,0.5));
#9166 = VECTOR('',#9167,1.);
#9167 = DIRECTION('',(1.,0.,0.));
#9168 = ORIENTED_EDGE('',*,*,#9082,.F.);
#9169 = CYLINDRICAL_SURFACE('',#9170,2.E-02);
#9170 = AXIS2_PLACEMENT_3D('',#9171,#9172,#9173);
#9171 = CARTESIAN_POINT('',(-0.5,-0.23,0.48));
#9172 = DIRECTION('',(1.,0.,0.));
#9173 = DIRECTION('',(0.,-1.,0.));
#9174 = ADVANCED_FACE('',(#9175),#9193,.F.);
#9175 = FACE_BOUND('',#9176,.F.);
#9176 = EDGE_LOOP('',(#9177,#9178,#9179,#9187));
#9177 = ORIENTED_EDGE('',*,*,#9040,.F.);
#9178 = ORIENTED_EDGE('',*,*,#9129,.T.);
#9179 = ORIENTED_EDGE('',*,*,#9180,.T.);
#9180 = EDGE_CURVE('',#9130,#9181,#9183,.T.);
#9181 = VERTEX_POINT('',#9182);
#9182 = CARTESIAN_POINT('',(-0.3,0.23,0.));
#9183 = LINE('',#9184,#9185);
#9184 = CARTESIAN_POINT('',(-0.3,-0.25,0.));
#9185 = VECTOR('',#9186,1.);
#9186 = DIRECTION('',(0.,1.,0.));
#9187 = ORIENTED_EDGE('',*,*,#9188,.F.);
#9188 = EDGE_CURVE('',#9041,#9181,#9189,.T.);
#9189 = LINE('',#9190,#9191);
#9190 = CARTESIAN_POINT('',(-0.5,0.23,0.));
#9191 = VECTOR('',#9192,1.);
#9192 = DIRECTION('',(1.,0.,0.));
#9193 = PLANE('',#9194);
#9194 = AXIS2_PLACEMENT_3D('',#9195,#9196,#9197);
#9195 = CARTESIAN_POINT('',(-0.5,-0.25,0.));
#9196 = DIRECTION('',(0.,0.,1.));
#9197 = DIRECTION('',(1.,0.,-0.));
#9198 = ADVANCED_FACE('',(#9199),#9217,.T.);
#9199 = FACE_BOUND('',#9200,.T.);
#9200 = EDGE_LOOP('',(#9201,#9202,#9203,#9211));
#9201 = ORIENTED_EDGE('',*,*,#9074,.F.);
#9202 = ORIENTED_EDGE('',*,*,#9163,.T.);
#9203 = ORIENTED_EDGE('',*,*,#9204,.T.);
#9204 = EDGE_CURVE('',#9155,#9205,#9207,.T.);
#9205 = VERTEX_POINT('',#9206);
#9206 = CARTESIAN_POINT('',(-0.3,0.23,0.5));
#9207 = LINE('',#9208,#9209);
#9208 = CARTESIAN_POINT('',(-0.3,-0.25,0.5));
#9209 = VECTOR('',#9210,1.);
#9210 = DIRECTION('',(0.,1.,0.));
#9211 = ORIENTED_EDGE('',*,*,#9212,.F.);
#9212 = EDGE_CURVE('',#9066,#9205,#9213,.T.);
#9213 = LINE('',#9214,#9215);
#9214 = CARTESIAN_POINT('',(-0.5,0.23,0.5));
#9215 = VECTOR('',#9216,1.);
#9216 = DIRECTION('',(1.,0.,0.));
#9217 = PLANE('',#9218);
#9218 = AXIS2_PLACEMENT_3D('',#9219,#9220,#9221);
#9219 = CARTESIAN_POINT('',(-0.5,-0.25,0.5));
#9220 = DIRECTION('',(0.,0.,1.));
#9221 = DIRECTION('',(1.,0.,-0.));
#9222 = ADVANCED_FACE('',(#9223),#9242,.T.);
#9223 = FACE_BOUND('',#9224,.T.);
#9224 = EDGE_LOOP('',(#9225,#9233,#9240,#9241));
#9225 = ORIENTED_EDGE('',*,*,#9226,.T.);
#9226 = EDGE_CURVE('',#9049,#9227,#9229,.T.);
#9227 = VERTEX_POINT('',#9228);
#9228 = CARTESIAN_POINT('',(-0.3,0.25,2.E-02));
#9229 = LINE('',#9230,#9231);
#9230 = CARTESIAN_POINT('',(-0.5,0.25,2.E-02));
#9231 = VECTOR('',#9232,1.);
#9232 = DIRECTION('',(1.,0.,0.));
#9233 = ORIENTED_EDGE('',*,*,#9234,.T.);
#9234 = EDGE_CURVE('',#9227,#9181,#9235,.T.);
#9235 = CIRCLE('',#9236,2.E-02);
#9236 = AXIS2_PLACEMENT_3D('',#9237,#9238,#9239);
#9237 = CARTESIAN_POINT('',(-0.3,0.23,2.E-02));
#9238 = DIRECTION('',(-1.,0.,0.));
#9239 = DIRECTION('',(0.,0.,1.));
#9240 = ORIENTED_EDGE('',*,*,#9188,.F.);
#9241 = ORIENTED_EDGE('',*,*,#9048,.F.);
#9242 = CYLINDRICAL_SURFACE('',#9243,2.E-02);
#9243 = AXIS2_PLACEMENT_3D('',#9244,#9245,#9246);
#9244 = CARTESIAN_POINT('',(-0.5,0.23,2.E-02));
#9245 = DIRECTION('',(1.,0.,0.));
#9246 = DIRECTION('',(-0.,1.,0.));
#9247 = ADVANCED_FACE('',(#9248),#9267,.T.);
#9248 = FACE_BOUND('',#9249,.T.);
#9249 = EDGE_LOOP('',(#9250,#9251,#9252,#9261));
#9250 = ORIENTED_EDGE('',*,*,#9065,.T.);
#9251 = ORIENTED_EDGE('',*,*,#9212,.T.);
#9252 = ORIENTED_EDGE('',*,*,#9253,.F.);
#9253 = EDGE_CURVE('',#9254,#9205,#9256,.T.);
#9254 = VERTEX_POINT('',#9255);
#9255 = CARTESIAN_POINT('',(-0.3,0.25,0.48));
#9256 = CIRCLE('',#9257,2.E-02);
#9257 = AXIS2_PLACEMENT_3D('',#9258,#9259,#9260);
#9258 = CARTESIAN_POINT('',(-0.3,0.23,0.48));
#9259 = DIRECTION('',(1.,0.,-0.));
#9260 = DIRECTION('',(0.,0.,1.));
#9261 = ORIENTED_EDGE('',*,*,#9262,.F.);
#9262 = EDGE_CURVE('',#9058,#9254,#9263,.T.);
#9263 = LINE('',#9264,#9265);
#9264 = CARTESIAN_POINT('',(-0.5,0.25,0.48));
#9265 = VECTOR('',#9266,1.);
#9266 = DIRECTION('',(1.,0.,0.));
#9267 = CYLINDRICAL_SURFACE('',#9268,2.E-02);
#9268 = AXIS2_PLACEMENT_3D('',#9269,#9270,#9271);
#9269 = CARTESIAN_POINT('',(-0.5,0.23,0.48));
#9270 = DIRECTION('',(1.,0.,0.));
#9271 = DIRECTION('',(-0.,1.,0.));
#9272 = ADVANCED_FACE('',(#9273),#9284,.T.);
#9273 = FACE_BOUND('',#9274,.T.);
#9274 = EDGE_LOOP('',(#9275,#9281,#9282,#9283));
#9275 = ORIENTED_EDGE('',*,*,#9276,.F.);
#9276 = EDGE_CURVE('',#9227,#9254,#9277,.T.);
#9277 = LINE('',#9278,#9279);
#9278 = CARTESIAN_POINT('',(-0.3,0.25,0.));
#9279 = VECTOR('',#9280,1.);
#9280 = DIRECTION('',(0.,0.,1.));
#9281 = ORIENTED_EDGE('',*,*,#9226,.F.);
#9282 = ORIENTED_EDGE('',*,*,#9057,.T.);
#9283 = ORIENTED_EDGE('',*,*,#9262,.T.);
#9284 = PLANE('',#9285);
#9285 = AXIS2_PLACEMENT_3D('',#9286,#9287,#9288);
#9286 = CARTESIAN_POINT('',(-0.5,0.25,0.));
#9287 = DIRECTION('',(0.,1.,0.));
#9288 = DIRECTION('',(0.,-0.,1.));
#9289 = ADVANCED_FACE('',(#9290,#9300),#9370,.T.);
#9290 = FACE_BOUND('',#9291,.T.);
#9291 = EDGE_LOOP('',(#9292,#9293,#9294,#9295,#9296,#9297,#9298,#9299));
#9292 = ORIENTED_EDGE('',*,*,#9097,.F.);
#9293 = ORIENTED_EDGE('',*,*,#9137,.T.);
#9294 = ORIENTED_EDGE('',*,*,#9180,.T.);
#9295 = ORIENTED_EDGE('',*,*,#9234,.F.);
#9296 = ORIENTED_EDGE('',*,*,#9276,.T.);
#9297 = ORIENTED_EDGE('',*,*,#9253,.T.);
#9298 = ORIENTED_EDGE('',*,*,#9204,.F.);
#9299 = ORIENTED_EDGE('',*,*,#9154,.F.);
#9300 = FACE_BOUND('',#9301,.T.);
#9301 = EDGE_LOOP('',(#9302,#9313,#9321,#9330,#9338,#9347,#9355,#9364));
#9302 = ORIENTED_EDGE('',*,*,#9303,.F.);
#9303 = EDGE_CURVE('',#9304,#9306,#9308,.T.);
#9304 = VERTEX_POINT('',#9305);
#9305 = CARTESIAN_POINT('',(-0.3,-0.23,4.E-02));
#9306 = VERTEX_POINT('',#9307);
#9307 = CARTESIAN_POINT('',(-0.3,-0.21,2.E-02));
#9308 = CIRCLE('',#9309,2.E-02);
#9309 = AXIS2_PLACEMENT_3D('',#9310,#9311,#9312);
#9310 = CARTESIAN_POINT('',(-0.3,-0.21,4.E-02));
#9311 = DIRECTION('',(1.,0.,-0.));
#9312 = DIRECTION('',(0.,0.,1.));
#9313 = ORIENTED_EDGE('',*,*,#9314,.T.);
#9314 = EDGE_CURVE('',#9304,#9315,#9317,.T.);
#9315 = VERTEX_POINT('',#9316);
#9316 = CARTESIAN_POINT('',(-0.3,-0.23,0.46));
#9317 = LINE('',#9318,#9319);
#9318 = CARTESIAN_POINT('',(-0.3,-0.23,2.E-02));
#9319 = VECTOR('',#9320,1.);
#9320 = DIRECTION('',(0.,0.,1.));
#9321 = ORIENTED_EDGE('',*,*,#9322,.T.);
#9322 = EDGE_CURVE('',#9315,#9323,#9325,.T.);
#9323 = VERTEX_POINT('',#9324);
#9324 = CARTESIAN_POINT('',(-0.3,-0.21,0.48));
#9325 = CIRCLE('',#9326,2.E-02);
#9326 = AXIS2_PLACEMENT_3D('',#9327,#9328,#9329);
#9327 = CARTESIAN_POINT('',(-0.3,-0.21,0.46));
#9328 = DIRECTION('',(-1.,0.,0.));
#9329 = DIRECTION('',(0.,0.,1.));
#9330 = ORIENTED_EDGE('',*,*,#9331,.T.);
#9331 = EDGE_CURVE('',#9323,#9332,#9334,.T.);
#9332 = VERTEX_POINT('',#9333);
#9333 = CARTESIAN_POINT('',(-0.3,0.21,0.48));
#9334 = LINE('',#9335,#9336);
#9335 = CARTESIAN_POINT('',(-0.3,-0.23,0.48));
#9336 = VECTOR('',#9337,1.);
#9337 = DIRECTION('',(0.,1.,0.));
#9338 = ORIENTED_EDGE('',*,*,#9339,.F.);
#9339 = EDGE_CURVE('',#9340,#9332,#9342,.T.);
#9340 = VERTEX_POINT('',#9341);
#9341 = CARTESIAN_POINT('',(-0.3,0.23,0.46));
#9342 = CIRCLE('',#9343,2.E-02);
#9343 = AXIS2_PLACEMENT_3D('',#9344,#9345,#9346);
#9344 = CARTESIAN_POINT('',(-0.3,0.21,0.46));
#9345 = DIRECTION('',(1.,0.,-0.));
#9346 = DIRECTION('',(0.,0.,1.));
#9347 = ORIENTED_EDGE('',*,*,#9348,.F.);
#9348 = EDGE_CURVE('',#9349,#9340,#9351,.T.);
#9349 = VERTEX_POINT('',#9350);
#9350 = CARTESIAN_POINT('',(-0.3,0.23,4.E-02));
#9351 = LINE('',#9352,#9353);
#9352 = CARTESIAN_POINT('',(-0.3,0.23,2.E-02));
#9353 = VECTOR('',#9354,1.);
#9354 = DIRECTION('',(0.,0.,1.));
#9355 = ORIENTED_EDGE('',*,*,#9356,.T.);
#9356 = EDGE_CURVE('',#9349,#9357,#9359,.T.);
#9357 = VERTEX_POINT('',#9358);
#9358 = CARTESIAN_POINT('',(-0.3,0.21,2.E-02));
#9359 = CIRCLE('',#9360,2.E-02);
#9360 = AXIS2_PLACEMENT_3D('',#9361,#9362,#9363);
#9361 = CARTESIAN_POINT('',(-0.3,0.21,4.E-02));
#9362 = DIRECTION('',(-1.,0.,0.));
#9363 = DIRECTION('',(0.,0.,1.));
#9364 = ORIENTED_EDGE('',*,*,#9365,.F.);
#9365 = EDGE_CURVE('',#9306,#9357,#9366,.T.);
#9366 = LINE('',#9367,#9368);
#9367 = CARTESIAN_POINT('',(-0.3,-0.23,2.E-02));
#9368 = VECTOR('',#9369,1.);
#9369 = DIRECTION('',(0.,1.,0.));
#9370 = PLANE('',#9371);
#9371 = AXIS2_PLACEMENT_3D('',#9372,#9373,#9374);
#9372 = CARTESIAN_POINT('',(-0.3,-0.25,0.));
#9373 = DIRECTION('',(1.,0.,0.));
#9374 = DIRECTION('',(0.,0.,1.));
#9375 = ADVANCED_FACE('',(#9376),#9402,.T.);
#9376 = FACE_BOUND('',#9377,.T.);
#9377 = EDGE_LOOP('',(#9378,#9379,#9387,#9396));
#9378 = ORIENTED_EDGE('',*,*,#9303,.T.);
#9379 = ORIENTED_EDGE('',*,*,#9380,.T.);
#9380 = EDGE_CURVE('',#9306,#9381,#9383,.T.);
#9381 = VERTEX_POINT('',#9382);
#9382 = CARTESIAN_POINT('',(0.3,-0.21,2.E-02));
#9383 = LINE('',#9384,#9385);
#9384 = CARTESIAN_POINT('',(-0.3,-0.21,2.E-02));
#9385 = VECTOR('',#9386,1.);
#9386 = DIRECTION('',(1.,0.,0.));
#9387 = ORIENTED_EDGE('',*,*,#9388,.F.);
#9388 = EDGE_CURVE('',#9389,#9381,#9391,.T.);
#9389 = VERTEX_POINT('',#9390);
#9390 = CARTESIAN_POINT('',(0.3,-0.23,4.E-02));
#9391 = CIRCLE('',#9392,2.E-02);
#9392 = AXIS2_PLACEMENT_3D('',#9393,#9394,#9395);
#9393 = CARTESIAN_POINT('',(0.3,-0.21,4.E-02));
#9394 = DIRECTION('',(1.,0.,-0.));
#9395 = DIRECTION('',(0.,0.,1.));
#9396 = ORIENTED_EDGE('',*,*,#9397,.F.);
#9397 = EDGE_CURVE('',#9304,#9389,#9398,.T.);
#9398 = LINE('',#9399,#9400);
#9399 = CARTESIAN_POINT('',(-0.3,-0.23,4.E-02));
#9400 = VECTOR('',#9401,1.);
#9401 = DIRECTION('',(1.,0.,0.));
#9402 = CYLINDRICAL_SURFACE('',#9403,2.E-02);
#9403 = AXIS2_PLACEMENT_3D('',#9404,#9405,#9406);
#9404 = CARTESIAN_POINT('',(-0.3,-0.21,4.E-02));
#9405 = DIRECTION('',(1.,0.,0.));
#9406 = DIRECTION('',(0.,-1.,0.));
#9407 = ADVANCED_FACE('',(#9408),#9426,.F.);
#9408 = FACE_BOUND('',#9409,.F.);
#9409 = EDGE_LOOP('',(#9410,#9411,#9412,#9420));
#9410 = ORIENTED_EDGE('',*,*,#9365,.F.);
#9411 = ORIENTED_EDGE('',*,*,#9380,.T.);
#9412 = ORIENTED_EDGE('',*,*,#9413,.T.);
#9413 = EDGE_CURVE('',#9381,#9414,#9416,.T.);
#9414 = VERTEX_POINT('',#9415);
#9415 = CARTESIAN_POINT('',(0.3,0.21,2.E-02));
#9416 = LINE('',#9417,#9418);
#9417 = CARTESIAN_POINT('',(0.3,-0.23,2.E-02));
#9418 = VECTOR('',#9419,1.);
#9419 = DIRECTION('',(0.,1.,0.));
#9420 = ORIENTED_EDGE('',*,*,#9421,.F.);
#9421 = EDGE_CURVE('',#9357,#9414,#9422,.T.);
#9422 = LINE('',#9423,#9424);
#9423 = CARTESIAN_POINT('',(-0.3,0.21,2.E-02));
#9424 = VECTOR('',#9425,1.);
#9425 = DIRECTION('',(1.,0.,0.));
#9426 = PLANE('',#9427);
#9427 = AXIS2_PLACEMENT_3D('',#9428,#9429,#9430);
#9428 = CARTESIAN_POINT('',(-0.3,-0.23,2.E-02));
#9429 = DIRECTION('',(0.,0.,1.));
#9430 = DIRECTION('',(1.,0.,-0.));
#9431 = ADVANCED_FACE('',(#9432),#9451,.T.);
#9432 = FACE_BOUND('',#9433,.T.);
#9433 = EDGE_LOOP('',(#9434,#9442,#9449,#9450));
#9434 = ORIENTED_EDGE('',*,*,#9435,.T.);
#9435 = EDGE_CURVE('',#9349,#9436,#9438,.T.);
#9436 = VERTEX_POINT('',#9437);
#9437 = CARTESIAN_POINT('',(0.3,0.23,4.E-02));
#9438 = LINE('',#9439,#9440);
#9439 = CARTESIAN_POINT('',(-0.3,0.23,4.E-02));
#9440 = VECTOR('',#9441,1.);
#9441 = DIRECTION('',(1.,0.,0.));
#9442 = ORIENTED_EDGE('',*,*,#9443,.T.);
#9443 = EDGE_CURVE('',#9436,#9414,#9444,.T.);
#9444 = CIRCLE('',#9445,2.E-02);
#9445 = AXIS2_PLACEMENT_3D('',#9446,#9447,#9448);
#9446 = CARTESIAN_POINT('',(0.3,0.21,4.E-02));
#9447 = DIRECTION('',(-1.,0.,0.));
#9448 = DIRECTION('',(0.,0.,1.));
#9449 = ORIENTED_EDGE('',*,*,#9421,.F.);
#9450 = ORIENTED_EDGE('',*,*,#9356,.F.);
#9451 = CYLINDRICAL_SURFACE('',#9452,2.E-02);
#9452 = AXIS2_PLACEMENT_3D('',#9453,#9454,#9455);
#9453 = CARTESIAN_POINT('',(-0.3,0.21,4.E-02));
#9454 = DIRECTION('',(1.,0.,0.));
#9455 = DIRECTION('',(-0.,1.,0.));
#9456 = ADVANCED_FACE('',(#9457),#9475,.T.);
#9457 = FACE_BOUND('',#9458,.T.);
#9458 = EDGE_LOOP('',(#9459,#9467,#9468,#9469));
#9459 = ORIENTED_EDGE('',*,*,#9460,.F.);
#9460 = EDGE_CURVE('',#9436,#9461,#9463,.T.);
#9461 = VERTEX_POINT('',#9462);
#9462 = CARTESIAN_POINT('',(0.3,0.23,0.46));
#9463 = LINE('',#9464,#9465);
#9464 = CARTESIAN_POINT('',(0.3,0.23,2.E-02));
#9465 = VECTOR('',#9466,1.);
#9466 = DIRECTION('',(0.,0.,1.));
#9467 = ORIENTED_EDGE('',*,*,#9435,.F.);
#9468 = ORIENTED_EDGE('',*,*,#9348,.T.);
#9469 = ORIENTED_EDGE('',*,*,#9470,.T.);
#9470 = EDGE_CURVE('',#9340,#9461,#9471,.T.);
#9471 = LINE('',#9472,#9473);
#9472 = CARTESIAN_POINT('',(-0.3,0.23,0.46));
#9473 = VECTOR('',#9474,1.);
#9474 = DIRECTION('',(1.,0.,0.));
#9475 = PLANE('',#9476);
#9476 = AXIS2_PLACEMENT_3D('',#9477,#9478,#9479);
#9477 = CARTESIAN_POINT('',(-0.3,0.23,2.E-02));
#9478 = DIRECTION('',(0.,1.,0.));
#9479 = DIRECTION('',(0.,-0.,1.));
#9480 = ADVANCED_FACE('',(#9481),#9500,.T.);
#9481 = FACE_BOUND('',#9482,.T.);
#9482 = EDGE_LOOP('',(#9483,#9484,#9492,#9499));
#9483 = ORIENTED_EDGE('',*,*,#9339,.T.);
#9484 = ORIENTED_EDGE('',*,*,#9485,.T.);
#9485 = EDGE_CURVE('',#9332,#9486,#9488,.T.);
#9486 = VERTEX_POINT('',#9487);
#9487 = CARTESIAN_POINT('',(0.3,0.21,0.48));
#9488 = LINE('',#9489,#9490);
#9489 = CARTESIAN_POINT('',(-0.3,0.21,0.48));
#9490 = VECTOR('',#9491,1.);
#9491 = DIRECTION('',(1.,0.,0.));
#9492 = ORIENTED_EDGE('',*,*,#9493,.F.);
#9493 = EDGE_CURVE('',#9461,#9486,#9494,.T.);
#9494 = CIRCLE('',#9495,2.E-02);
#9495 = AXIS2_PLACEMENT_3D('',#9496,#9497,#9498);
#9496 = CARTESIAN_POINT('',(0.3,0.21,0.46));
#9497 = DIRECTION('',(1.,0.,-0.));
#9498 = DIRECTION('',(0.,0.,1.));
#9499 = ORIENTED_EDGE('',*,*,#9470,.F.);
#9500 = CYLINDRICAL_SURFACE('',#9501,2.E-02);
#9501 = AXIS2_PLACEMENT_3D('',#9502,#9503,#9504);
#9502 = CARTESIAN_POINT('',(-0.3,0.21,0.46));
#9503 = DIRECTION('',(1.,0.,0.));
#9504 = DIRECTION('',(-0.,1.,0.));
#9505 = ADVANCED_FACE('',(#9506),#9524,.T.);
#9506 = FACE_BOUND('',#9507,.T.);
#9507 = EDGE_LOOP('',(#9508,#9509,#9517,#9523));
#9508 = ORIENTED_EDGE('',*,*,#9331,.F.);
#9509 = ORIENTED_EDGE('',*,*,#9510,.T.);
#9510 = EDGE_CURVE('',#9323,#9511,#9513,.T.);
#9511 = VERTEX_POINT('',#9512);
#9512 = CARTESIAN_POINT('',(0.3,-0.21,0.48));
#9513 = LINE('',#9514,#9515);
#9514 = CARTESIAN_POINT('',(-0.3,-0.21,0.48));
#9515 = VECTOR('',#9516,1.);
#9516 = DIRECTION('',(1.,0.,0.));
#9517 = ORIENTED_EDGE('',*,*,#9518,.T.);
#9518 = EDGE_CURVE('',#9511,#9486,#9519,.T.);
#9519 = LINE('',#9520,#9521);
#9520 = CARTESIAN_POINT('',(0.3,-0.23,0.48));
#9521 = VECTOR('',#9522,1.);
#9522 = DIRECTION('',(0.,1.,0.));
#9523 = ORIENTED_EDGE('',*,*,#9485,.F.);
#9524 = PLANE('',#9525);
#9525 = AXIS2_PLACEMENT_3D('',#9526,#9527,#9528);
#9526 = CARTESIAN_POINT('',(-0.3,-0.23,0.48));
#9527 = DIRECTION('',(0.,0.,1.));
#9528 = DIRECTION('',(1.,0.,-0.));
#9529 = ADVANCED_FACE('',(#9530),#9549,.T.);
#9530 = FACE_BOUND('',#9531,.T.);
#9531 = EDGE_LOOP('',(#9532,#9540,#9547,#9548));
#9532 = ORIENTED_EDGE('',*,*,#9533,.T.);
#9533 = EDGE_CURVE('',#9315,#9534,#9536,.T.);
#9534 = VERTEX_POINT('',#9535);
#9535 = CARTESIAN_POINT('',(0.3,-0.23,0.46));
#9536 = LINE('',#9537,#9538);
#9537 = CARTESIAN_POINT('',(-0.3,-0.23,0.46));
#9538 = VECTOR('',#9539,1.);
#9539 = DIRECTION('',(1.,0.,0.));
#9540 = ORIENTED_EDGE('',*,*,#9541,.T.);
#9541 = EDGE_CURVE('',#9534,#9511,#9542,.T.);
#9542 = CIRCLE('',#9543,2.E-02);
#9543 = AXIS2_PLACEMENT_3D('',#9544,#9545,#9546);
#9544 = CARTESIAN_POINT('',(0.3,-0.21,0.46));
#9545 = DIRECTION('',(-1.,0.,0.));
#9546 = DIRECTION('',(0.,0.,1.));
#9547 = ORIENTED_EDGE('',*,*,#9510,.F.);
#9548 = ORIENTED_EDGE('',*,*,#9322,.F.);
#9549 = CYLINDRICAL_SURFACE('',#9550,2.E-02);
#9550 = AXIS2_PLACEMENT_3D('',#9551,#9552,#9553);
#9551 = CARTESIAN_POINT('',(-0.3,-0.21,0.46));
#9552 = DIRECTION('',(1.,0.,0.));
#9553 = DIRECTION('',(0.,-1.,0.));
#9554 = ADVANCED_FACE('',(#9555),#9566,.F.);
#9555 = FACE_BOUND('',#9556,.F.);
#9556 = EDGE_LOOP('',(#9557,#9563,#9564,#9565));
#9557 = ORIENTED_EDGE('',*,*,#9558,.F.);
#9558 = EDGE_CURVE('',#9389,#9534,#9559,.T.);
#9559 = LINE('',#9560,#9561);
#9560 = CARTESIAN_POINT('',(0.3,-0.23,2.E-02));
#9561 = VECTOR('',#9562,1.);
#9562 = DIRECTION('',(0.,0.,1.));
#9563 = ORIENTED_EDGE('',*,*,#9397,.F.);
#9564 = ORIENTED_EDGE('',*,*,#9314,.T.);
#9565 = ORIENTED_EDGE('',*,*,#9533,.T.);
#9566 = PLANE('',#9567);
#9567 = AXIS2_PLACEMENT_3D('',#9568,#9569,#9570);
#9568 = CARTESIAN_POINT('',(-0.3,-0.23,2.E-02));
#9569 = DIRECTION('',(0.,1.,0.));
#9570 = DIRECTION('',(0.,-0.,1.));
#9571 = ADVANCED_FACE('',(#9572,#9642),#9652,.F.);
#9572 = FACE_BOUND('',#9573,.F.);
#9573 = EDGE_LOOP('',(#9574,#9584,#9593,#9601,#9610,#9618,#9627,#9635));
#9574 = ORIENTED_EDGE('',*,*,#9575,.F.);
#9575 = EDGE_CURVE('',#9576,#9578,#9580,.T.);
#9576 = VERTEX_POINT('',#9577);
#9577 = CARTESIAN_POINT('',(0.3,-0.25,2.E-02));
#9578 = VERTEX_POINT('',#9579);
#9579 = CARTESIAN_POINT('',(0.3,-0.25,0.48));
#9580 = LINE('',#9581,#9582);
#9581 = CARTESIAN_POINT('',(0.3,-0.25,0.));
#9582 = VECTOR('',#9583,1.);
#9583 = DIRECTION('',(0.,0.,1.));
#9584 = ORIENTED_EDGE('',*,*,#9585,.T.);
#9585 = EDGE_CURVE('',#9576,#9586,#9588,.T.);
#9586 = VERTEX_POINT('',#9587);
#9587 = CARTESIAN_POINT('',(0.3,-0.23,0.));
#9588 = CIRCLE('',#9589,2.E-02);
#9589 = AXIS2_PLACEMENT_3D('',#9590,#9591,#9592);
#9590 = CARTESIAN_POINT('',(0.3,-0.23,2.E-02));
#9591 = DIRECTION('',(1.,0.,-0.));
#9592 = DIRECTION('',(0.,0.,1.));
#9593 = ORIENTED_EDGE('',*,*,#9594,.T.);
#9594 = EDGE_CURVE('',#9586,#9595,#9597,.T.);
#9595 = VERTEX_POINT('',#9596);
#9596 = CARTESIAN_POINT('',(0.3,0.23,0.));
#9597 = LINE('',#9598,#9599);
#9598 = CARTESIAN_POINT('',(0.3,-0.25,0.));
#9599 = VECTOR('',#9600,1.);
#9600 = DIRECTION('',(0.,1.,0.));
#9601 = ORIENTED_EDGE('',*,*,#9602,.F.);
#9602 = EDGE_CURVE('',#9603,#9595,#9605,.T.);
#9603 = VERTEX_POINT('',#9604);
#9604 = CARTESIAN_POINT('',(0.3,0.25,2.E-02));
#9605 = CIRCLE('',#9606,2.E-02);
#9606 = AXIS2_PLACEMENT_3D('',#9607,#9608,#9609);
#9607 = CARTESIAN_POINT('',(0.3,0.23,2.E-02));
#9608 = DIRECTION('',(-1.,0.,0.));
#9609 = DIRECTION('',(0.,0.,1.));
#9610 = ORIENTED_EDGE('',*,*,#9611,.T.);
#9611 = EDGE_CURVE('',#9603,#9612,#9614,.T.);
#9612 = VERTEX_POINT('',#9613);
#9613 = CARTESIAN_POINT('',(0.3,0.25,0.48));
#9614 = LINE('',#9615,#9616);
#9615 = CARTESIAN_POINT('',(0.3,0.25,0.));
#9616 = VECTOR('',#9617,1.);
#9617 = DIRECTION('',(0.,0.,1.));
#9618 = ORIENTED_EDGE('',*,*,#9619,.T.);
#9619 = EDGE_CURVE('',#9612,#9620,#9622,.T.);
#9620 = VERTEX_POINT('',#9621);
#9621 = CARTESIAN_POINT('',(0.3,0.23,0.5));
#9622 = CIRCLE('',#9623,2.E-02);
#9623 = AXIS2_PLACEMENT_3D('',#9624,#9625,#9626);
#9624 = CARTESIAN_POINT('',(0.3,0.23,0.48));
#9625 = DIRECTION('',(1.,0.,-0.));
#9626 = DIRECTION('',(0.,0.,1.));
#9627 = ORIENTED_EDGE('',*,*,#9628,.F.);
#9628 = EDGE_CURVE('',#9629,#9620,#9631,.T.);
#9629 = VERTEX_POINT('',#9630);
#9630 = CARTESIAN_POINT('',(0.3,-0.23,0.5));
#9631 = LINE('',#9632,#9633);
#9632 = CARTESIAN_POINT('',(0.3,-0.25,0.5));
#9633 = VECTOR('',#9634,1.);
#9634 = DIRECTION('',(0.,1.,0.));
#9635 = ORIENTED_EDGE('',*,*,#9636,.F.);
#9636 = EDGE_CURVE('',#9578,#9629,#9637,.T.);
#9637 = CIRCLE('',#9638,2.E-02);
#9638 = AXIS2_PLACEMENT_3D('',#9639,#9640,#9641);
#9639 = CARTESIAN_POINT('',(0.3,-0.23,0.48));
#9640 = DIRECTION('',(-1.,0.,0.));
#9641 = DIRECTION('',(0.,0.,1.));
#9642 = FACE_BOUND('',#9643,.F.);
#9643 = EDGE_LOOP('',(#9644,#9645,#9646,#9647,#9648,#9649,#9650,#9651));
#9644 = ORIENTED_EDGE('',*,*,#9388,.F.);
#9645 = ORIENTED_EDGE('',*,*,#9558,.T.);
#9646 = ORIENTED_EDGE('',*,*,#9541,.T.);
#9647 = ORIENTED_EDGE('',*,*,#9518,.T.);
#9648 = ORIENTED_EDGE('',*,*,#9493,.F.);
#9649 = ORIENTED_EDGE('',*,*,#9460,.F.);
#9650 = ORIENTED_EDGE('',*,*,#9443,.T.);
#9651 = ORIENTED_EDGE('',*,*,#9413,.F.);
#9652 = PLANE('',#9653);
#9653 = AXIS2_PLACEMENT_3D('',#9654,#9655,#9656);
#9654 = CARTESIAN_POINT('',(0.3,-0.25,0.));
#9655 = DIRECTION('',(1.,0.,0.));
#9656 = DIRECTION('',(0.,0.,1.));
#9657 = ADVANCED_FACE('',(#9658),#9683,.F.);
#9658 = FACE_BOUND('',#9659,.F.);
#9659 = EDGE_LOOP('',(#9660,#9670,#9676,#9677));
#9660 = ORIENTED_EDGE('',*,*,#9661,.F.);
#9661 = EDGE_CURVE('',#9662,#9664,#9666,.T.);
#9662 = VERTEX_POINT('',#9663);
#9663 = CARTESIAN_POINT('',(0.5,-0.25,2.E-02));
#9664 = VERTEX_POINT('',#9665);
#9665 = CARTESIAN_POINT('',(0.5,-0.25,0.48));
#9666 = LINE('',#9667,#9668);
#9667 = CARTESIAN_POINT('',(0.5,-0.25,0.));
#9668 = VECTOR('',#9669,1.);
#9669 = DIRECTION('',(0.,0.,1.));
#9670 = ORIENTED_EDGE('',*,*,#9671,.F.);
#9671 = EDGE_CURVE('',#9576,#9662,#9672,.T.);
#9672 = LINE('',#9673,#9674);
#9673 = CARTESIAN_POINT('',(0.3,-0.25,2.E-02));
#9674 = VECTOR('',#9675,1.);
#9675 = DIRECTION('',(1.,0.,0.));
#9676 = ORIENTED_EDGE('',*,*,#9575,.T.);
#9677 = ORIENTED_EDGE('',*,*,#9678,.T.);
#9678 = EDGE_CURVE('',#9578,#9664,#9679,.T.);
#9679 = LINE('',#9680,#9681);
#9680 = CARTESIAN_POINT('',(0.3,-0.25,0.48));
#9681 = VECTOR('',#9682,1.);
#9682 = DIRECTION('',(1.,0.,0.));
#9683 = PLANE('',#9684);
#9684 = AXIS2_PLACEMENT_3D('',#9685,#9686,#9687);
#9685 = CARTESIAN_POINT('',(0.3,-0.25,0.));
#9686 = DIRECTION('',(0.,1.,0.));
#9687 = DIRECTION('',(0.,-0.,1.));
#9688 = ADVANCED_FACE('',(#9689),#9708,.T.);
#9689 = FACE_BOUND('',#9690,.T.);
#9690 = EDGE_LOOP('',(#9691,#9692,#9700,#9707));
#9691 = ORIENTED_EDGE('',*,*,#9585,.T.);
#9692 = ORIENTED_EDGE('',*,*,#9693,.T.);
#9693 = EDGE_CURVE('',#9586,#9694,#9696,.T.);
#9694 = VERTEX_POINT('',#9695);
#9695 = CARTESIAN_POINT('',(0.5,-0.23,0.));
#9696 = LINE('',#9697,#9698);
#9697 = CARTESIAN_POINT('',(0.3,-0.23,0.));
#9698 = VECTOR('',#9699,1.);
#9699 = DIRECTION('',(1.,0.,0.));
#9700 = ORIENTED_EDGE('',*,*,#9701,.F.);
#9701 = EDGE_CURVE('',#9662,#9694,#9702,.T.);
#9702 = CIRCLE('',#9703,2.E-02);
#9703 = AXIS2_PLACEMENT_3D('',#9704,#9705,#9706);
#9704 = CARTESIAN_POINT('',(0.5,-0.23,2.E-02));
#9705 = DIRECTION('',(1.,0.,-0.));
#9706 = DIRECTION('',(0.,0.,1.));
#9707 = ORIENTED_EDGE('',*,*,#9671,.F.);
#9708 = CYLINDRICAL_SURFACE('',#9709,2.E-02);
#9709 = AXIS2_PLACEMENT_3D('',#9710,#9711,#9712);
#9710 = CARTESIAN_POINT('',(0.3,-0.23,2.E-02));
#9711 = DIRECTION('',(1.,0.,0.));
#9712 = DIRECTION('',(0.,-1.,0.));
#9713 = ADVANCED_FACE('',(#9714),#9733,.T.);
#9714 = FACE_BOUND('',#9715,.T.);
#9715 = EDGE_LOOP('',(#9716,#9717,#9726,#9732));
#9716 = ORIENTED_EDGE('',*,*,#9678,.T.);
#9717 = ORIENTED_EDGE('',*,*,#9718,.T.);
#9718 = EDGE_CURVE('',#9664,#9719,#9721,.T.);
#9719 = VERTEX_POINT('',#9720);
#9720 = CARTESIAN_POINT('',(0.5,-0.23,0.5));
#9721 = CIRCLE('',#9722,2.E-02);
#9722 = AXIS2_PLACEMENT_3D('',#9723,#9724,#9725);
#9723 = CARTESIAN_POINT('',(0.5,-0.23,0.48));
#9724 = DIRECTION('',(-1.,0.,0.));
#9725 = DIRECTION('',(0.,0.,1.));
#9726 = ORIENTED_EDGE('',*,*,#9727,.F.);
#9727 = EDGE_CURVE('',#9629,#9719,#9728,.T.);
#9728 = LINE('',#9729,#9730);
#9729 = CARTESIAN_POINT('',(0.3,-0.23,0.5));
#9730 = VECTOR('',#9731,1.);
#9731 = DIRECTION('',(1.,0.,0.));
#9732 = ORIENTED_EDGE('',*,*,#9636,.F.);
#9733 = CYLINDRICAL_SURFACE('',#9734,2.E-02);
#9734 = AXIS2_PLACEMENT_3D('',#9735,#9736,#9737);
#9735 = CARTESIAN_POINT('',(0.3,-0.23,0.48));
#9736 = DIRECTION('',(1.,0.,0.));
#9737 = DIRECTION('',(0.,-1.,0.));
#9738 = ADVANCED_FACE('',(#9739),#9757,.F.);
#9739 = FACE_BOUND('',#9740,.F.);
#9740 = EDGE_LOOP('',(#9741,#9742,#9743,#9751));
#9741 = ORIENTED_EDGE('',*,*,#9594,.F.);
#9742 = ORIENTED_EDGE('',*,*,#9693,.T.);
#9743 = ORIENTED_EDGE('',*,*,#9744,.T.);
#9744 = EDGE_CURVE('',#9694,#9745,#9747,.T.);
#9745 = VERTEX_POINT('',#9746);
#9746 = CARTESIAN_POINT('',(0.5,0.23,0.));
#9747 = LINE('',#9748,#9749);
#9748 = CARTESIAN_POINT('',(0.5,-0.25,0.));
#9749 = VECTOR('',#9750,1.);
#9750 = DIRECTION('',(0.,1.,0.));
#9751 = ORIENTED_EDGE('',*,*,#9752,.F.);
#9752 = EDGE_CURVE('',#9595,#9745,#9753,.T.);
#9753 = LINE('',#9754,#9755);
#9754 = CARTESIAN_POINT('',(0.3,0.23,0.));
#9755 = VECTOR('',#9756,1.);
#9756 = DIRECTION('',(1.,0.,0.));
#9757 = PLANE('',#9758);
#9758 = AXIS2_PLACEMENT_3D('',#9759,#9760,#9761);
#9759 = CARTESIAN_POINT('',(0.3,-0.25,0.));
#9760 = DIRECTION('',(0.,0.,1.));
#9761 = DIRECTION('',(1.,0.,-0.));
#9762 = ADVANCED_FACE('',(#9763),#9781,.T.);
#9763 = FACE_BOUND('',#9764,.T.);
#9764 = EDGE_LOOP('',(#9765,#9766,#9767,#9775));
#9765 = ORIENTED_EDGE('',*,*,#9628,.F.);
#9766 = ORIENTED_EDGE('',*,*,#9727,.T.);
#9767 = ORIENTED_EDGE('',*,*,#9768,.T.);
#9768 = EDGE_CURVE('',#9719,#9769,#9771,.T.);
#9769 = VERTEX_POINT('',#9770);
#9770 = CARTESIAN_POINT('',(0.5,0.23,0.5));
#9771 = LINE('',#9772,#9773);
#9772 = CARTESIAN_POINT('',(0.5,-0.25,0.5));
#9773 = VECTOR('',#9774,1.);
#9774 = DIRECTION('',(0.,1.,0.));
#9775 = ORIENTED_EDGE('',*,*,#9776,.F.);
#9776 = EDGE_CURVE('',#9620,#9769,#9777,.T.);
#9777 = LINE('',#9778,#9779);
#9778 = CARTESIAN_POINT('',(0.3,0.23,0.5));
#9779 = VECTOR('',#9780,1.);
#9780 = DIRECTION('',(1.,0.,0.));
#9781 = PLANE('',#9782);
#9782 = AXIS2_PLACEMENT_3D('',#9783,#9784,#9785);
#9783 = CARTESIAN_POINT('',(0.3,-0.25,0.5));
#9784 = DIRECTION('',(0.,0.,1.));
#9785 = DIRECTION('',(1.,0.,-0.));
#9786 = ADVANCED_FACE('',(#9787),#9806,.T.);
#9787 = FACE_BOUND('',#9788,.T.);
#9788 = EDGE_LOOP('',(#9789,#9797,#9804,#9805));
#9789 = ORIENTED_EDGE('',*,*,#9790,.T.);
#9790 = EDGE_CURVE('',#9603,#9791,#9793,.T.);
#9791 = VERTEX_POINT('',#9792);
#9792 = CARTESIAN_POINT('',(0.5,0.25,2.E-02));
#9793 = LINE('',#9794,#9795);
#9794 = CARTESIAN_POINT('',(0.3,0.25,2.E-02));
#9795 = VECTOR('',#9796,1.);
#9796 = DIRECTION('',(1.,0.,0.));
#9797 = ORIENTED_EDGE('',*,*,#9798,.T.);
#9798 = EDGE_CURVE('',#9791,#9745,#9799,.T.);
#9799 = CIRCLE('',#9800,2.E-02);
#9800 = AXIS2_PLACEMENT_3D('',#9801,#9802,#9803);
#9801 = CARTESIAN_POINT('',(0.5,0.23,2.E-02));
#9802 = DIRECTION('',(-1.,0.,0.));
#9803 = DIRECTION('',(0.,0.,1.));
#9804 = ORIENTED_EDGE('',*,*,#9752,.F.);
#9805 = ORIENTED_EDGE('',*,*,#9602,.F.);
#9806 = CYLINDRICAL_SURFACE('',#9807,2.E-02);
#9807 = AXIS2_PLACEMENT_3D('',#9808,#9809,#9810);
#9808 = CARTESIAN_POINT('',(0.3,0.23,2.E-02));
#9809 = DIRECTION('',(1.,0.,0.));
#9810 = DIRECTION('',(-0.,1.,0.));
#9811 = ADVANCED_FACE('',(#9812),#9831,.T.);
#9812 = FACE_BOUND('',#9813,.T.);
#9813 = EDGE_LOOP('',(#9814,#9815,#9816,#9825));
#9814 = ORIENTED_EDGE('',*,*,#9619,.T.);
#9815 = ORIENTED_EDGE('',*,*,#9776,.T.);
#9816 = ORIENTED_EDGE('',*,*,#9817,.F.);
#9817 = EDGE_CURVE('',#9818,#9769,#9820,.T.);
#9818 = VERTEX_POINT('',#9819);
#9819 = CARTESIAN_POINT('',(0.5,0.25,0.48));
#9820 = CIRCLE('',#9821,2.E-02);
#9821 = AXIS2_PLACEMENT_3D('',#9822,#9823,#9824);
#9822 = CARTESIAN_POINT('',(0.5,0.23,0.48));
#9823 = DIRECTION('',(1.,0.,-0.));
#9824 = DIRECTION('',(0.,0.,1.));
#9825 = ORIENTED_EDGE('',*,*,#9826,.F.);
#9826 = EDGE_CURVE('',#9612,#9818,#9827,.T.);
#9827 = LINE('',#9828,#9829);
#9828 = CARTESIAN_POINT('',(0.3,0.25,0.48));
#9829 = VECTOR('',#9830,1.);
#9830 = DIRECTION('',(1.,0.,0.));
#9831 = CYLINDRICAL_SURFACE('',#9832,2.E-02);
#9832 = AXIS2_PLACEMENT_3D('',#9833,#9834,#9835);
#9833 = CARTESIAN_POINT('',(0.3,0.23,0.48));
#9834 = DIRECTION('',(1.,0.,0.));
#9835 = DIRECTION('',(-0.,1.,0.));
#9836 = ADVANCED_FACE('',(#9837),#9848,.T.);
#9837 = FACE_BOUND('',#9838,.T.);
#9838 = EDGE_LOOP('',(#9839,#9845,#9846,#9847));
#9839 = ORIENTED_EDGE('',*,*,#9840,.F.);
#9840 = EDGE_CURVE('',#9791,#9818,#9841,.T.);
#9841 = LINE('',#9842,#9843);
#9842 = CARTESIAN_POINT('',(0.5,0.25,0.));
#9843 = VECTOR('',#9844,1.);
#9844 = DIRECTION('',(0.,0.,1.));
#9845 = ORIENTED_EDGE('',*,*,#9790,.F.);
#9846 = ORIENTED_EDGE('',*,*,#9611,.T.);
#9847 = ORIENTED_EDGE('',*,*,#9826,.T.);
#9848 = PLANE('',#9849);
#9849 = AXIS2_PLACEMENT_3D('',#9850,#9851,#9852);
#9850 = CARTESIAN_POINT('',(0.3,0.25,0.));
#9851 = DIRECTION('',(0.,1.,0.));
#9852 = DIRECTION('',(0.,-0.,1.));
#9853 = ADVANCED_FACE('',(#9854),#9864,.T.);
#9854 = FACE_BOUND('',#9855,.T.);
#9855 = EDGE_LOOP('',(#9856,#9857,#9858,#9859,#9860,#9861,#9862,#9863));
#9856 = ORIENTED_EDGE('',*,*,#9661,.F.);
#9857 = ORIENTED_EDGE('',*,*,#9701,.T.);
#9858 = ORIENTED_EDGE('',*,*,#9744,.T.);
#9859 = ORIENTED_EDGE('',*,*,#9798,.F.);
#9860 = ORIENTED_EDGE('',*,*,#9840,.T.);
#9861 = ORIENTED_EDGE('',*,*,#9817,.T.);
#9862 = ORIENTED_EDGE('',*,*,#9768,.F.);
#9863 = ORIENTED_EDGE('',*,*,#9718,.F.);
#9864 = PLANE('',#9865);
#9865 = AXIS2_PLACEMENT_3D('',#9866,#9867,#9868);
#9866 = CARTESIAN_POINT('',(0.5,-0.25,0.));
#9867 = DIRECTION('',(1.,0.,0.));
#9868 = DIRECTION('',(0.,0.,1.));
#9869 = ( GEOMETRIC_REPRESENTATION_CONTEXT(3) 
GLOBAL_UNCERTAINTY_ASSIGNED_CONTEXT((#9873)) 
GLOBAL_UNIT_ASSIGNED_CONTEXT((#9870,#9871,#9872)) REPRESENTATION_CONTEXT
('Context #1','3D Context with UNIT and UNCERTAINTY') );
#9870 = ( LENGTH_UNIT() NAMED_UNIT(*) SI_UNIT(.MILLI.,.METRE.) );
#9871 = ( NAMED_UNIT(*) PLANE_ANGLE_UNIT() SI_UNIT($,.RADIAN.) );
#9872 = ( NAMED_UNIT(*) SI_UNIT($,.STERADIAN.) SOLID_ANGLE_UNIT() );
#9873 = UNCERTAINTY_MEASURE_WITH_UNIT(LENGTH_MEASURE(1.E-07),#9870,
  'distance_accuracy_value','confusion accuracy');
#9874 = CONTEXT_DEPENDENT_SHAPE_REPRESENTATION(#9875,#9877);
#9875 = ( REPRESENTATION_RELATIONSHIP('','',#9014,#10) 
REPRESENTATION_RELATIONSHIP_WITH_TRANSFORMATION(#9876) 
SHAPE_REPRESENTATION_RELATIONSHIP() );
#9876 = ITEM_DEFINED_TRANSFORMATION('','',#11,#39);
#9877 = PRODUCT_DEFINITION_SHAPE('Placement','Placement of an item',
  #9878);
#9878 = NEXT_ASSEMBLY_USAGE_OCCURRENCE('7','C102','',#5,#9009,$);
#9879 = PRODUCT_RELATED_PRODUCT_CATEGORY('part',$,(#9011));
#9880 = SHAPE_DEFINITION_REPRESENTATION(#9881,#9887);
#9881 = PRODUCT_DEFINITION_SHAPE('','',#9882);
#9882 = PRODUCT_DEFINITION('design','',#9883,#9886);
#9883 = PRODUCT_DEFINITION_FORMATION('','',#9884);
#9884 = PRODUCT('Encoder_Button_PCB','Encoder_Button_PCB','',(#9885));
#9885 = PRODUCT_CONTEXT('',#2,'mechanical');
#9886 = PRODUCT_DEFINITION_CONTEXT('part definition',#2,'design');
#9887 = ADVANCED_BREP_SHAPE_REPRESENTATION('',(#11,#9888),#10104);
#9888 = MANIFOLD_SOLID_BREP('',#9889);
#9889 = CLOSED_SHELL('',(#9890,#9930,#9961,#9992,#10023,#10054,#10076,
    #10090));
#9890 = ADVANCED_FACE('',(#9891),#9925,.T.);
#9891 = FACE_BOUND('',#9892,.T.);
#9892 = EDGE_LOOP('',(#9893,#9903,#9911,#9919));
#9893 = ORIENTED_EDGE('',*,*,#9894,.T.);
#9894 = EDGE_CURVE('',#9895,#9897,#9899,.T.);
#9895 = VERTEX_POINT('',#9896);
#9896 = CARTESIAN_POINT('',(6.,-2.,0.));
#9897 = VERTEX_POINT('',#9898);
#9898 = CARTESIAN_POINT('',(6.,-2.,0.51));
#9899 = LINE('',#9900,#9901);
#9900 = CARTESIAN_POINT('',(6.,-2.,0.));
#9901 = VECTOR('',#9902,1.);
#9902 = DIRECTION('',(0.,0.,1.));
#9903 = ORIENTED_EDGE('',*,*,#9904,.T.);
#9904 = EDGE_CURVE('',#9897,#9905,#9907,.T.);
#9905 = VERTEX_POINT('',#9906);
#9906 = CARTESIAN_POINT('',(3.75,-9.,0.51));
#9907 = LINE('',#9908,#9909);
#9908 = CARTESIAN_POINT('',(6.,-2.,0.51));
#9909 = VECTOR('',#9910,1.);
#9910 = DIRECTION('',(-0.306009180413,-0.952028561285,0.));
#9911 = ORIENTED_EDGE('',*,*,#9912,.F.);
#9912 = EDGE_CURVE('',#9913,#9905,#9915,.T.);
#9913 = VERTEX_POINT('',#9914);
#9914 = CARTESIAN_POINT('',(3.75,-9.,0.));
#9915 = LINE('',#9916,#9917);
#9916 = CARTESIAN_POINT('',(3.75,-9.,0.));
#9917 = VECTOR('',#9918,1.);
#9918 = DIRECTION('',(0.,0.,1.));
#9919 = ORIENTED_EDGE('',*,*,#9920,.F.);
#9920 = EDGE_CURVE('',#9895,#9913,#9921,.T.);
#9921 = LINE('',#9922,#9923);
#9922 = CARTESIAN_POINT('',(6.,-2.,0.));
#9923 = VECTOR('',#9924,1.);
#9924 = DIRECTION('',(-0.306009180413,-0.952028561285,0.));
#9925 = PLANE('',#9926);
#9926 = AXIS2_PLACEMENT_3D('',#9927,#9928,#9929);
#9927 = CARTESIAN_POINT('',(6.,-2.,0.));
#9928 = DIRECTION('',(0.952028561285,-0.306009180413,0.));
#9929 = DIRECTION('',(-0.306009180413,-0.952028561285,0.));
#9930 = ADVANCED_FACE('',(#9931),#9956,.T.);
#9931 = FACE_BOUND('',#9932,.T.);
#9932 = EDGE_LOOP('',(#9933,#9934,#9942,#9950));
#9933 = ORIENTED_EDGE('',*,*,#9912,.T.);
#9934 = ORIENTED_EDGE('',*,*,#9935,.T.);
#9935 = EDGE_CURVE('',#9905,#9936,#9938,.T.);
#9936 = VERTEX_POINT('',#9937);
#9937 = CARTESIAN_POINT('',(-3.75,-9.,0.51));
#9938 = LINE('',#9939,#9940);
#9939 = CARTESIAN_POINT('',(3.75,-9.,0.51));
#9940 = VECTOR('',#9941,1.);
#9941 = DIRECTION('',(-1.,0.,0.));
#9942 = ORIENTED_EDGE('',*,*,#9943,.F.);
#9943 = EDGE_CURVE('',#9944,#9936,#9946,.T.);
#9944 = VERTEX_POINT('',#9945);
#9945 = CARTESIAN_POINT('',(-3.75,-9.,0.));
#9946 = LINE('',#9947,#9948);
#9947 = CARTESIAN_POINT('',(-3.75,-9.,0.));
#9948 = VECTOR('',#9949,1.);
#9949 = DIRECTION('',(0.,0.,1.));
#9950 = ORIENTED_EDGE('',*,*,#9951,.F.);
#9951 = EDGE_CURVE('',#9913,#9944,#9952,.T.);
#9952 = LINE('',#9953,#9954);
#9953 = CARTESIAN_POINT('',(3.75,-9.,0.));
#9954 = VECTOR('',#9955,1.);
#9955 = DIRECTION('',(-1.,0.,0.));
#9956 = PLANE('',#9957);
#9957 = AXIS2_PLACEMENT_3D('',#9958,#9959,#9960);
#9958 = CARTESIAN_POINT('',(3.75,-9.,0.));
#9959 = DIRECTION('',(0.,-1.,0.));
#9960 = DIRECTION('',(-1.,0.,0.));
#9961 = ADVANCED_FACE('',(#9962),#9987,.T.);
#9962 = FACE_BOUND('',#9963,.T.);
#9963 = EDGE_LOOP('',(#9964,#9965,#9973,#9981));
#9964 = ORIENTED_EDGE('',*,*,#9943,.T.);
#9965 = ORIENTED_EDGE('',*,*,#9966,.T.);
#9966 = EDGE_CURVE('',#9936,#9967,#9969,.T.);
#9967 = VERTEX_POINT('',#9968);
#9968 = CARTESIAN_POINT('',(-6.,-2.,0.51));
#9969 = LINE('',#9970,#9971);
#9970 = CARTESIAN_POINT('',(-3.75,-9.,0.51));
#9971 = VECTOR('',#9972,1.);
#9972 = DIRECTION('',(-0.306009180413,0.952028561285,0.));
#9973 = ORIENTED_EDGE('',*,*,#9974,.F.);
#9974 = EDGE_CURVE('',#9975,#9967,#9977,.T.);
#9975 = VERTEX_POINT('',#9976);
#9976 = CARTESIAN_POINT('',(-6.,-2.,0.));
#9977 = LINE('',#9978,#9979);
#9978 = CARTESIAN_POINT('',(-6.,-2.,0.));
#9979 = VECTOR('',#9980,1.);
#9980 = DIRECTION('',(0.,0.,1.));
#9981 = ORIENTED_EDGE('',*,*,#9982,.F.);
#9982 = EDGE_CURVE('',#9944,#9975,#9983,.T.);
#9983 = LINE('',#9984,#9985);
#9984 = CARTESIAN_POINT('',(-3.75,-9.,0.));
#9985 = VECTOR('',#9986,1.);
#9986 = DIRECTION('',(-0.306009180413,0.952028561285,0.));
#9987 = PLANE('',#9988);
#9988 = AXIS2_PLACEMENT_3D('',#9989,#9990,#9991);
#9989 = CARTESIAN_POINT('',(-3.75,-9.,0.));
#9990 = DIRECTION('',(-0.952028561285,-0.306009180413,0.));
#9991 = DIRECTION('',(-0.306009180413,0.952028561285,0.));
#9992 = ADVANCED_FACE('',(#9993),#10018,.T.);
#9993 = FACE_BOUND('',#9994,.T.);
#9994 = EDGE_LOOP('',(#9995,#9996,#10004,#10012));
#9995 = ORIENTED_EDGE('',*,*,#9974,.T.);
#9996 = ORIENTED_EDGE('',*,*,#9997,.T.);
#9997 = EDGE_CURVE('',#9967,#9998,#10000,.T.);
#9998 = VERTEX_POINT('',#9999);
#9999 = CARTESIAN_POINT('',(-6.,3.,0.51));
#10000 = LINE('',#10001,#10002);
#10001 = CARTESIAN_POINT('',(-6.,-2.,0.51));
#10002 = VECTOR('',#10003,1.);
#10003 = DIRECTION('',(0.,1.,0.));
#10004 = ORIENTED_EDGE('',*,*,#10005,.F.);
#10005 = EDGE_CURVE('',#10006,#9998,#10008,.T.);
#10006 = VERTEX_POINT('',#10007);
#10007 = CARTESIAN_POINT('',(-6.,3.,0.));
#10008 = LINE('',#10009,#10010);
#10009 = CARTESIAN_POINT('',(-6.,3.,0.));
#10010 = VECTOR('',#10011,1.);
#10011 = DIRECTION('',(0.,0.,1.));
#10012 = ORIENTED_EDGE('',*,*,#10013,.F.);
#10013 = EDGE_CURVE('',#9975,#10006,#10014,.T.);
#10014 = LINE('',#10015,#10016);
#10015 = CARTESIAN_POINT('',(-6.,-2.,0.));
#10016 = VECTOR('',#10017,1.);
#10017 = DIRECTION('',(0.,1.,0.));
#10018 = PLANE('',#10019);
#10019 = AXIS2_PLACEMENT_3D('',#10020,#10021,#10022);
#10020 = CARTESIAN_POINT('',(-6.,-2.,0.));
#10021 = DIRECTION('',(-1.,0.,0.));
#10022 = DIRECTION('',(0.,1.,0.));
#10023 = ADVANCED_FACE('',(#10024),#10049,.T.);
#10024 = FACE_BOUND('',#10025,.T.);
#10025 = EDGE_LOOP('',(#10026,#10027,#10035,#10043));
#10026 = ORIENTED_EDGE('',*,*,#10005,.T.);
#10027 = ORIENTED_EDGE('',*,*,#10028,.T.);
#10028 = EDGE_CURVE('',#9998,#10029,#10031,.T.);
#10029 = VERTEX_POINT('',#10030);
#10030 = CARTESIAN_POINT('',(6.,3.,0.51));
#10031 = LINE('',#10032,#10033);
#10032 = CARTESIAN_POINT('',(-6.,3.,0.51));
#10033 = VECTOR('',#10034,1.);
#10034 = DIRECTION('',(1.,0.,0.));
#10035 = ORIENTED_EDGE('',*,*,#10036,.F.);
#10036 = EDGE_CURVE('',#10037,#10029,#10039,.T.);
#10037 = VERTEX_POINT('',#10038);
#10038 = CARTESIAN_POINT('',(6.,3.,0.));
#10039 = LINE('',#10040,#10041);
#10040 = CARTESIAN_POINT('',(6.,3.,0.));
#10041 = VECTOR('',#10042,1.);
#10042 = DIRECTION('',(0.,0.,1.));
#10043 = ORIENTED_EDGE('',*,*,#10044,.F.);
#10044 = EDGE_CURVE('',#10006,#10037,#10045,.T.);
#10045 = LINE('',#10046,#10047);
#10046 = CARTESIAN_POINT('',(-6.,3.,0.));
#10047 = VECTOR('',#10048,1.);
#10048 = DIRECTION('',(1.,0.,0.));
#10049 = PLANE('',#10050);
#10050 = AXIS2_PLACEMENT_3D('',#10051,#10052,#10053);
#10051 = CARTESIAN_POINT('',(-6.,3.,0.));
#10052 = DIRECTION('',(0.,1.,0.));
#10053 = DIRECTION('',(1.,0.,0.));
#10054 = ADVANCED_FACE('',(#10055),#10071,.T.);
#10055 = FACE_BOUND('',#10056,.T.);
#10056 = EDGE_LOOP('',(#10057,#10058,#10064,#10065));
#10057 = ORIENTED_EDGE('',*,*,#10036,.T.);
#10058 = ORIENTED_EDGE('',*,*,#10059,.T.);
#10059 = EDGE_CURVE('',#10029,#9897,#10060,.T.);
#10060 = LINE('',#10061,#10062);
#10061 = CARTESIAN_POINT('',(6.,3.,0.51));
#10062 = VECTOR('',#10063,1.);
#10063 = DIRECTION('',(0.,-1.,0.));
#10064 = ORIENTED_EDGE('',*,*,#9894,.F.);
#10065 = ORIENTED_EDGE('',*,*,#10066,.F.);
#10066 = EDGE_CURVE('',#10037,#9895,#10067,.T.);
#10067 = LINE('',#10068,#10069);
#10068 = CARTESIAN_POINT('',(6.,3.,0.));
#10069 = VECTOR('',#10070,1.);
#10070 = DIRECTION('',(0.,-1.,0.));
#10071 = PLANE('',#10072);
#10072 = AXIS2_PLACEMENT_3D('',#10073,#10074,#10075);
#10073 = CARTESIAN_POINT('',(6.,3.,0.));
#10074 = DIRECTION('',(1.,0.,-0.));
#10075 = DIRECTION('',(0.,-1.,0.));
#10076 = ADVANCED_FACE('',(#10077),#10085,.F.);
#10077 = FACE_BOUND('',#10078,.T.);
#10078 = EDGE_LOOP('',(#10079,#10080,#10081,#10082,#10083,#10084));
#10079 = ORIENTED_EDGE('',*,*,#9920,.T.);
#10080 = ORIENTED_EDGE('',*,*,#9951,.T.);
#10081 = ORIENTED_EDGE('',*,*,#9982,.T.);
#10082 = ORIENTED_EDGE('',*,*,#10013,.T.);
#10083 = ORIENTED_EDGE('',*,*,#10044,.T.);
#10084 = ORIENTED_EDGE('',*,*,#10066,.T.);
#10085 = PLANE('',#10086);
#10086 = AXIS2_PLACEMENT_3D('',#10087,#10088,#10089);
#10087 = CARTESIAN_POINT('',(0.,0.,0.));
#10088 = DIRECTION('',(0.,0.,1.));
#10089 = DIRECTION('',(1.,0.,-0.));
#10090 = ADVANCED_FACE('',(#10091),#10099,.T.);
#10091 = FACE_BOUND('',#10092,.F.);
#10092 = EDGE_LOOP('',(#10093,#10094,#10095,#10096,#10097,#10098));
#10093 = ORIENTED_EDGE('',*,*,#9904,.T.);
#10094 = ORIENTED_EDGE('',*,*,#9935,.T.);
#10095 = ORIENTED_EDGE('',*,*,#9966,.T.);
#10096 = ORIENTED_EDGE('',*,*,#9997,.T.);
#10097 = ORIENTED_EDGE('',*,*,#10028,.T.);
#10098 = ORIENTED_EDGE('',*,*,#10059,.T.);
#10099 = PLANE('',#10100);
#10100 = AXIS2_PLACEMENT_3D('',#10101,#10102,#10103);
#10101 = CARTESIAN_POINT('',(0.,0.,0.51));
#10102 = DIRECTION('',(0.,0.,1.));
#10103 = DIRECTION('',(1.,0.,-0.));
#10104 = ( GEOMETRIC_REPRESENTATION_CONTEXT(3) 
GLOBAL_UNCERTAINTY_ASSIGNED_CONTEXT((#10108)) 
GLOBAL_UNIT_ASSIGNED_CONTEXT((#10105,#10106,#10107)) 
REPRESENTATION_CONTEXT('Context #1',
  '3D Context with UNIT and UNCERTAINTY') );
#10105 = ( LENGTH_UNIT() NAMED_UNIT(*) SI_UNIT(.MILLI.,.METRE.) );
#10106 = ( NAMED_UNIT(*) PLANE_ANGLE_UNIT() SI_UNIT($,.RADIAN.) );
#10107 = ( NAMED_UNIT(*) SI_UNIT($,.STERADIAN.) SOLID_ANGLE_UNIT() );
#10108 = UNCERTAINTY_MEASURE_WITH_UNIT(LENGTH_MEASURE(1.E-07),#10105,
  'distance_accuracy_value','confusion accuracy');
#10109 = CONTEXT_DEPENDENT_SHAPE_REPRESENTATION(#10110,#10112);
#10110 = ( REPRESENTATION_RELATIONSHIP('','',#9887,#10) 
REPRESENTATION_RELATIONSHIP_WITH_TRANSFORMATION(#10111) 
SHAPE_REPRESENTATION_RELATIONSHIP() );
#10111 = ITEM_DEFINED_TRANSFORMATION('','',#11,#43);
#10112 = PRODUCT_DEFINITION_SHAPE('Placement','Placement of an item',
  #10113);
#10113 = NEXT_ASSEMBLY_USAGE_OCCURRENCE('8','=>[0:1:1:7]','',#5,#9882,$
  );
#10114 = PRODUCT_RELATED_PRODUCT_CATEGORY('part',$,(#9884));
#10115 = MECHANICAL_DESIGN_GEOMETRIC_PRESENTATION_REPRESENTATION('',(
    #10116,#10124,#10131,#10138,#10145,#10152,#10159,#10166,#10173,
    #10180,#10187,#10195,#10202,#10209,#10216,#10223,#10230,#10237,
    #10244,#10251,#10258,#10265,#10272,#10279,#10286,#10293,#10300,
    #10307),#8986);
#10116 = STYLED_ITEM('color',(#10117),#8134);
#10117 = PRESENTATION_STYLE_ASSIGNMENT((#10118));
#10118 = SURFACE_STYLE_USAGE(.BOTH.,#10119);
#10119 = SURFACE_SIDE_STYLE('',(#10120));
#10120 = SURFACE_STYLE_FILL_AREA(#10121);
#10121 = FILL_AREA_STYLE('',(#10122));
#10122 = FILL_AREA_STYLE_COLOUR('',#10123);
#10123 = COLOUR_RGB('',0.823999987314,0.819999987296,0.781000009244);
#10124 = STYLED_ITEM('color',(#10125),#8210);
#10125 = PRESENTATION_STYLE_ASSIGNMENT((#10126));
#10126 = SURFACE_STYLE_USAGE(.BOTH.,#10127);
#10127 = SURFACE_SIDE_STYLE('',(#10128));
#10128 = SURFACE_STYLE_FILL_AREA(#10129);
#10129 = FILL_AREA_STYLE('',(#10130));
#10130 = FILL_AREA_STYLE_COLOUR('',#10123);
#10131 = STYLED_ITEM('color',(#10132),#8241);
#10132 = PRESENTATION_STYLE_ASSIGNMENT((#10133));
#10133 = SURFACE_STYLE_USAGE(.BOTH.,#10134);
#10134 = SURFACE_SIDE_STYLE('',(#10135));
#10135 = SURFACE_STYLE_FILL_AREA(#10136);
#10136 = FILL_AREA_STYLE('',(#10137));
#10137 = FILL_AREA_STYLE_COLOUR('',#10123);
#10138 = STYLED_ITEM('color',(#10139),#8266);
#10139 = PRESENTATION_STYLE_ASSIGNMENT((#10140));
#10140 = SURFACE_STYLE_USAGE(.BOTH.,#10141);
#10141 = SURFACE_SIDE_STYLE('',(#10142));
#10142 = SURFACE_STYLE_FILL_AREA(#10143);
#10143 = FILL_AREA_STYLE('',(#10144));
#10144 = FILL_AREA_STYLE_COLOUR('',#10123);
#10145 = STYLED_ITEM('color',(#10146),#8291);
#10146 = PRESENTATION_STYLE_ASSIGNMENT((#10147));
#10147 = SURFACE_STYLE_USAGE(.BOTH.,#10148);
#10148 = SURFACE_SIDE_STYLE('',(#10149));
#10149 = SURFACE_STYLE_FILL_AREA(#10150);
#10150 = FILL_AREA_STYLE('',(#10151));
#10151 = FILL_AREA_STYLE_COLOUR('',#10123);
#10152 = STYLED_ITEM('color',(#10153),#8315);
#10153 = PRESENTATION_STYLE_ASSIGNMENT((#10154));
#10154 = SURFACE_STYLE_USAGE(.BOTH.,#10155);
#10155 = SURFACE_SIDE_STYLE('',(#10156));
#10156 = SURFACE_STYLE_FILL_AREA(#10157);
#10157 = FILL_AREA_STYLE('',(#10158));
#10158 = FILL_AREA_STYLE_COLOUR('',#10123);
#10159 = STYLED_ITEM('color',(#10160),#8339);
#10160 = PRESENTATION_STYLE_ASSIGNMENT((#10161));
#10161 = SURFACE_STYLE_USAGE(.BOTH.,#10162);
#10162 = SURFACE_SIDE_STYLE('',(#10163));
#10163 = SURFACE_STYLE_FILL_AREA(#10164);
#10164 = FILL_AREA_STYLE('',(#10165));
#10165 = FILL_AREA_STYLE_COLOUR('',#10123);
#10166 = STYLED_ITEM('color',(#10167),#8364);
#10167 = PRESENTATION_STYLE_ASSIGNMENT((#10168));
#10168 = SURFACE_STYLE_USAGE(.BOTH.,#10169);
#10169 = SURFACE_SIDE_STYLE('',(#10170));
#10170 = SURFACE_STYLE_FILL_AREA(#10171);
#10171 = FILL_AREA_STYLE('',(#10172));
#10172 = FILL_AREA_STYLE_COLOUR('',#10123);
#10173 = STYLED_ITEM('color',(#10174),#8389);
#10174 = PRESENTATION_STYLE_ASSIGNMENT((#10175));
#10175 = SURFACE_STYLE_USAGE(.BOTH.,#10176);
#10176 = SURFACE_SIDE_STYLE('',(#10177));
#10177 = SURFACE_STYLE_FILL_AREA(#10178);
#10178 = FILL_AREA_STYLE('',(#10179));
#10179 = FILL_AREA_STYLE_COLOUR('',#10123);
#10180 = STYLED_ITEM('color',(#10181),#8406);
#10181 = PRESENTATION_STYLE_ASSIGNMENT((#10182));
#10182 = SURFACE_STYLE_USAGE(.BOTH.,#10183);
#10183 = SURFACE_SIDE_STYLE('',(#10184));
#10184 = SURFACE_STYLE_FILL_AREA(#10185);
#10185 = FILL_AREA_STYLE('',(#10186));
#10186 = FILL_AREA_STYLE_COLOUR('',#10123);
#10187 = STYLED_ITEM('color',(#10188),#8492);
#10188 = PRESENTATION_STYLE_ASSIGNMENT((#10189));
#10189 = SURFACE_STYLE_USAGE(.BOTH.,#10190);
#10190 = SURFACE_SIDE_STYLE('',(#10191));
#10191 = SURFACE_STYLE_FILL_AREA(#10192);
#10192 = FILL_AREA_STYLE('',(#10193));
#10193 = FILL_AREA_STYLE_COLOUR('',#10194);
#10194 = COLOUR_RGB('',0.379000005575,0.270000008848,0.214999999939);
#10195 = STYLED_ITEM('color',(#10196),#8524);
#10196 = PRESENTATION_STYLE_ASSIGNMENT((#10197));
#10197 = SURFACE_STYLE_USAGE(.BOTH.,#10198);
#10198 = SURFACE_SIDE_STYLE('',(#10199));
#10199 = SURFACE_STYLE_FILL_AREA(#10200);
#10200 = FILL_AREA_STYLE('',(#10201));
#10201 = FILL_AREA_STYLE_COLOUR('',#10194);
#10202 = STYLED_ITEM('color',(#10203),#8548);
#10203 = PRESENTATION_STYLE_ASSIGNMENT((#10204));
#10204 = SURFACE_STYLE_USAGE(.BOTH.,#10205);
#10205 = SURFACE_SIDE_STYLE('',(#10206));
#10206 = SURFACE_STYLE_FILL_AREA(#10207);
#10207 = FILL_AREA_STYLE('',(#10208));
#10208 = FILL_AREA_STYLE_COLOUR('',#10194);
#10209 = STYLED_ITEM('color',(#10210),#8573);
#10210 = PRESENTATION_STYLE_ASSIGNMENT((#10211));
#10211 = SURFACE_STYLE_USAGE(.BOTH.,#10212);
#10212 = SURFACE_SIDE_STYLE('',(#10213));
#10213 = SURFACE_STYLE_FILL_AREA(#10214);
#10214 = FILL_AREA_STYLE('',(#10215));
#10215 = FILL_AREA_STYLE_COLOUR('',#10194);
#10216 = STYLED_ITEM('color',(#10217),#8597);
#10217 = PRESENTATION_STYLE_ASSIGNMENT((#10218));
#10218 = SURFACE_STYLE_USAGE(.BOTH.,#10219);
#10219 = SURFACE_SIDE_STYLE('',(#10220));
#10220 = SURFACE_STYLE_FILL_AREA(#10221);
#10221 = FILL_AREA_STYLE('',(#10222));
#10222 = FILL_AREA_STYLE_COLOUR('',#10194);
#10223 = STYLED_ITEM('color',(#10224),#8622);
#10224 = PRESENTATION_STYLE_ASSIGNMENT((#10225));
#10225 = SURFACE_STYLE_USAGE(.BOTH.,#10226);
#10226 = SURFACE_SIDE_STYLE('',(#10227));
#10227 = SURFACE_STYLE_FILL_AREA(#10228);
#10228 = FILL_AREA_STYLE('',(#10229));
#10229 = FILL_AREA_STYLE_COLOUR('',#10194);
#10230 = STYLED_ITEM('color',(#10231),#8646);
#10231 = PRESENTATION_STYLE_ASSIGNMENT((#10232));
#10232 = SURFACE_STYLE_USAGE(.BOTH.,#10233);
#10233 = SURFACE_SIDE_STYLE('',(#10234));
#10234 = SURFACE_STYLE_FILL_AREA(#10235);
#10235 = FILL_AREA_STYLE('',(#10236));
#10236 = FILL_AREA_STYLE_COLOUR('',#10194);
#10237 = STYLED_ITEM('color',(#10238),#8671);
#10238 = PRESENTATION_STYLE_ASSIGNMENT((#10239));
#10239 = SURFACE_STYLE_USAGE(.BOTH.,#10240);
#10240 = SURFACE_SIDE_STYLE('',(#10241));
#10241 = SURFACE_STYLE_FILL_AREA(#10242);
#10242 = FILL_AREA_STYLE('',(#10243));
#10243 = FILL_AREA_STYLE_COLOUR('',#10194);
#10244 = STYLED_ITEM('color',(#10245),#8688);
#10245 = PRESENTATION_STYLE_ASSIGNMENT((#10246));
#10246 = SURFACE_STYLE_USAGE(.BOTH.,#10247);
#10247 = SURFACE_SIDE_STYLE('',(#10248));
#10248 = SURFACE_STYLE_FILL_AREA(#10249);
#10249 = FILL_AREA_STYLE('',(#10250));
#10250 = FILL_AREA_STYLE_COLOUR('',#10123);
#10251 = STYLED_ITEM('color',(#10252),#8774);
#10252 = PRESENTATION_STYLE_ASSIGNMENT((#10253));
#10253 = SURFACE_STYLE_USAGE(.BOTH.,#10254);
#10254 = SURFACE_SIDE_STYLE('',(#10255));
#10255 = SURFACE_STYLE_FILL_AREA(#10256);
#10256 = FILL_AREA_STYLE('',(#10257));
#10257 = FILL_AREA_STYLE_COLOUR('',#10123);
#10258 = STYLED_ITEM('color',(#10259),#8805);
#10259 = PRESENTATION_STYLE_ASSIGNMENT((#10260));
#10260 = SURFACE_STYLE_USAGE(.BOTH.,#10261);
#10261 = SURFACE_SIDE_STYLE('',(#10262));
#10262 = SURFACE_STYLE_FILL_AREA(#10263);
#10263 = FILL_AREA_STYLE('',(#10264));
#10264 = FILL_AREA_STYLE_COLOUR('',#10123);
#10265 = STYLED_ITEM('color',(#10266),#8830);
#10266 = PRESENTATION_STYLE_ASSIGNMENT((#10267));
#10267 = SURFACE_STYLE_USAGE(.BOTH.,#10268);
#10268 = SURFACE_SIDE_STYLE('',(#10269));
#10269 = SURFACE_STYLE_FILL_AREA(#10270);
#10270 = FILL_AREA_STYLE('',(#10271));
#10271 = FILL_AREA_STYLE_COLOUR('',#10123);
#10272 = STYLED_ITEM('color',(#10273),#8855);
#10273 = PRESENTATION_STYLE_ASSIGNMENT((#10274));
#10274 = SURFACE_STYLE_USAGE(.BOTH.,#10275);
#10275 = SURFACE_SIDE_STYLE('',(#10276));
#10276 = SURFACE_STYLE_FILL_AREA(#10277);
#10277 = FILL_AREA_STYLE('',(#10278));
#10278 = FILL_AREA_STYLE_COLOUR('',#10123);
#10279 = STYLED_ITEM('color',(#10280),#8879);
#10280 = PRESENTATION_STYLE_ASSIGNMENT((#10281));
#10281 = SURFACE_STYLE_USAGE(.BOTH.,#10282);
#10282 = SURFACE_SIDE_STYLE('',(#10283));
#10283 = SURFACE_STYLE_FILL_AREA(#10284);
#10284 = FILL_AREA_STYLE('',(#10285));
#10285 = FILL_AREA_STYLE_COLOUR('',#10123);
#10286 = STYLED_ITEM('color',(#10287),#8903);
#10287 = PRESENTATION_STYLE_ASSIGNMENT((#10288));
#10288 = SURFACE_STYLE_USAGE(.BOTH.,#10289);
#10289 = SURFACE_SIDE_STYLE('',(#10290));
#10290 = SURFACE_STYLE_FILL_AREA(#10291);
#10291 = FILL_AREA_STYLE('',(#10292));
#10292 = FILL_AREA_STYLE_COLOUR('',#10123);
#10293 = STYLED_ITEM('color',(#10294),#8928);
#10294 = PRESENTATION_STYLE_ASSIGNMENT((#10295));
#10295 = SURFACE_STYLE_USAGE(.BOTH.,#10296);
#10296 = SURFACE_SIDE_STYLE('',(#10297));
#10297 = SURFACE_STYLE_FILL_AREA(#10298);
#10298 = FILL_AREA_STYLE('',(#10299));
#10299 = FILL_AREA_STYLE_COLOUR('',#10123);
#10300 = STYLED_ITEM('color',(#10301),#8953);
#10301 = PRESENTATION_STYLE_ASSIGNMENT((#10302));
#10302 = SURFACE_STYLE_USAGE(.BOTH.,#10303);
#10303 = SURFACE_SIDE_STYLE('',(#10304));
#10304 = SURFACE_STYLE_FILL_AREA(#10305);
#10305 = FILL_AREA_STYLE('',(#10306));
#10306 = FILL_AREA_STYLE_COLOUR('',#10123);
#10307 = STYLED_ITEM('color',(#10308),#8970);
#10308 = PRESENTATION_STYLE_ASSIGNMENT((#10309));
#10309 = SURFACE_STYLE_USAGE(.BOTH.,#10310);
#10310 = SURFACE_SIDE_STYLE('',(#10311));
#10311 = SURFACE_STYLE_FILL_AREA(#10312);
#10312 = FILL_AREA_STYLE('',(#10313));
#10313 = FILL_AREA_STYLE_COLOUR('',#10123);
#10314 = MECHANICAL_DESIGN_GEOMETRIC_PRESENTATION_REPRESENTATION('',(
    #10315),#10104);
#10315 = STYLED_ITEM('color',(#10316),#9888);
#10316 = PRESENTATION_STYLE_ASSIGNMENT((#10317));
#10317 = SURFACE_STYLE_USAGE(.BOTH.,#10318);
#10318 = SURFACE_SIDE_STYLE('',(#10319));
#10319 = SURFACE_STYLE_FILL_AREA(#10320);
#10320 = FILL_AREA_STYLE('',(#10321));
#10321 = FILL_AREA_STYLE_COLOUR('',#10322);
#10322 = COLOUR_RGB('',0.313304153717,0.484529207832,0.410020903123);
#10323 = MECHANICAL_DESIGN_GEOMETRIC_PRESENTATION_REPRESENTATION('',(
    #10324),#7304);
#10324 = STYLED_ITEM('color',(#10325),#4548);
#10325 = PRESENTATION_STYLE_ASSIGNMENT((#10326));
#10326 = SURFACE_STYLE_USAGE(.BOTH.,#10327);
#10327 = SURFACE_SIDE_STYLE('',(#10328));
#10328 = SURFACE_STYLE_FILL_AREA(#10329);
#10329 = FILL_AREA_STYLE('',(#10330));
#10330 = FILL_AREA_STYLE_COLOUR('',#10331);
#10331 = DRAUGHTING_PRE_DEFINED_COLOUR('white');
#10332 = MECHANICAL_DESIGN_GEOMETRIC_PRESENTATION_REPRESENTATION('',(
    #10333,#10340,#10347,#10354,#10361,#10368,#10375,#10382,#10390,
    #10397,#10404,#10411,#10418,#10425,#10433,#10440,#10447,#10454,
    #10461,#10468,#10475,#10482,#10489,#10496,#10503,#10510),#8113);
#10333 = STYLED_ITEM('color',(#10334),#7325);
#10334 = PRESENTATION_STYLE_ASSIGNMENT((#10335));
#10335 = SURFACE_STYLE_USAGE(.BOTH.,#10336);
#10336 = SURFACE_SIDE_STYLE('',(#10337));
#10337 = SURFACE_STYLE_FILL_AREA(#10338);
#10338 = FILL_AREA_STYLE('',(#10339));
#10339 = FILL_AREA_STYLE_COLOUR('',#10123);
#10340 = STYLED_ITEM('color',(#10341),#7365);
#10341 = PRESENTATION_STYLE_ASSIGNMENT((#10342));
#10342 = SURFACE_STYLE_USAGE(.BOTH.,#10343);
#10343 = SURFACE_SIDE_STYLE('',(#10344));
#10344 = SURFACE_STYLE_FILL_AREA(#10345);
#10345 = FILL_AREA_STYLE('',(#10346));
#10346 = FILL_AREA_STYLE_COLOUR('',#10123);
#10347 = STYLED_ITEM('color',(#10348),#7448);
#10348 = PRESENTATION_STYLE_ASSIGNMENT((#10349));
#10349 = SURFACE_STYLE_USAGE(.BOTH.,#10350);
#10350 = SURFACE_SIDE_STYLE('',(#10351));
#10351 = SURFACE_STYLE_FILL_AREA(#10352);
#10352 = FILL_AREA_STYLE('',(#10353));
#10353 = FILL_AREA_STYLE_COLOUR('',#10123);
#10354 = STYLED_ITEM('color',(#10355),#7473);
#10355 = PRESENTATION_STYLE_ASSIGNMENT((#10356));
#10356 = SURFACE_STYLE_USAGE(.BOTH.,#10357);
#10357 = SURFACE_SIDE_STYLE('',(#10358));
#10358 = SURFACE_STYLE_FILL_AREA(#10359);
#10359 = FILL_AREA_STYLE('',(#10360));
#10360 = FILL_AREA_STYLE_COLOUR('',#10123);
#10361 = STYLED_ITEM('color',(#10362),#7498);
#10362 = PRESENTATION_STYLE_ASSIGNMENT((#10363));
#10363 = SURFACE_STYLE_USAGE(.BOTH.,#10364);
#10364 = SURFACE_SIDE_STYLE('',(#10365));
#10365 = SURFACE_STYLE_FILL_AREA(#10366);
#10366 = FILL_AREA_STYLE('',(#10367));
#10367 = FILL_AREA_STYLE_COLOUR('',#10123);
#10368 = STYLED_ITEM('color',(#10369),#7565);
#10369 = PRESENTATION_STYLE_ASSIGNMENT((#10370));
#10370 = SURFACE_STYLE_USAGE(.BOTH.,#10371);
#10371 = SURFACE_SIDE_STYLE('',(#10372));
#10372 = SURFACE_STYLE_FILL_AREA(#10373);
#10373 = FILL_AREA_STYLE('',(#10374));
#10374 = FILL_AREA_STYLE_COLOUR('',#10123);
#10375 = STYLED_ITEM('color',(#10376),#7582);
#10376 = PRESENTATION_STYLE_ASSIGNMENT((#10377));
#10377 = SURFACE_STYLE_USAGE(.BOTH.,#10378);
#10378 = SURFACE_SIDE_STYLE('',(#10379));
#10379 = SURFACE_STYLE_FILL_AREA(#10380);
#10380 = FILL_AREA_STYLE('',(#10381));
#10381 = FILL_AREA_STYLE_COLOUR('',#10123);
#10382 = STYLED_ITEM('color',(#10383),#7599);
#10383 = PRESENTATION_STYLE_ASSIGNMENT((#10384));
#10384 = SURFACE_STYLE_USAGE(.BOTH.,#10385);
#10385 = SURFACE_SIDE_STYLE('',(#10386));
#10386 = SURFACE_STYLE_FILL_AREA(#10387);
#10387 = FILL_AREA_STYLE('',(#10388));
#10388 = FILL_AREA_STYLE_COLOUR('',#10389);
#10389 = COLOUR_RGB('',0.894999966383,0.890999961016,0.813000030345);
#10390 = STYLED_ITEM('color',(#10391),#7648);
#10391 = PRESENTATION_STYLE_ASSIGNMENT((#10392));
#10392 = SURFACE_STYLE_USAGE(.BOTH.,#10393);
#10393 = SURFACE_SIDE_STYLE('',(#10394));
#10394 = SURFACE_STYLE_FILL_AREA(#10395);
#10395 = FILL_AREA_STYLE('',(#10396));
#10396 = FILL_AREA_STYLE_COLOUR('',#10123);
#10397 = STYLED_ITEM('color',(#10398),#7665);
#10398 = PRESENTATION_STYLE_ASSIGNMENT((#10399));
#10399 = SURFACE_STYLE_USAGE(.BOTH.,#10400);
#10400 = SURFACE_SIDE_STYLE('',(#10401));
#10401 = SURFACE_STYLE_FILL_AREA(#10402);
#10402 = FILL_AREA_STYLE('',(#10403));
#10403 = FILL_AREA_STYLE_COLOUR('',#10123);
#10404 = STYLED_ITEM('color',(#10405),#7682);
#10405 = PRESENTATION_STYLE_ASSIGNMENT((#10406));
#10406 = SURFACE_STYLE_USAGE(.BOTH.,#10407);
#10407 = SURFACE_SIDE_STYLE('',(#10408));
#10408 = SURFACE_STYLE_FILL_AREA(#10409);
#10409 = FILL_AREA_STYLE('',(#10410));
#10410 = FILL_AREA_STYLE_COLOUR('',#10389);
#10411 = STYLED_ITEM('color',(#10412),#7731);
#10412 = PRESENTATION_STYLE_ASSIGNMENT((#10413));
#10413 = SURFACE_STYLE_USAGE(.BOTH.,#10414);
#10414 = SURFACE_SIDE_STYLE('',(#10415));
#10415 = SURFACE_STYLE_FILL_AREA(#10416);
#10416 = FILL_AREA_STYLE('',(#10417));
#10417 = FILL_AREA_STYLE_COLOUR('',#10389);
#10418 = STYLED_ITEM('color',(#10419),#7748);
#10419 = PRESENTATION_STYLE_ASSIGNMENT((#10420));
#10420 = SURFACE_STYLE_USAGE(.BOTH.,#10421);
#10421 = SURFACE_SIDE_STYLE('',(#10422));
#10422 = SURFACE_STYLE_FILL_AREA(#10423);
#10423 = FILL_AREA_STYLE('',(#10424));
#10424 = FILL_AREA_STYLE_COLOUR('',#10123);
#10425 = STYLED_ITEM('color',(#10426),#7817);
#10426 = PRESENTATION_STYLE_ASSIGNMENT((#10427));
#10427 = SURFACE_STYLE_USAGE(.BOTH.,#10428);
#10428 = SURFACE_SIDE_STYLE('',(#10429));
#10429 = SURFACE_STYLE_FILL_AREA(#10430);
#10430 = FILL_AREA_STYLE('',(#10431));
#10431 = FILL_AREA_STYLE_COLOUR('',#10432);
#10432 = COLOUR_RGB('',8.200000279077E-02,8.600000121357E-02,
  9.399999706163E-02);
#10433 = STYLED_ITEM('color',(#10434),#7848);
#10434 = PRESENTATION_STYLE_ASSIGNMENT((#10435));
#10435 = SURFACE_STYLE_USAGE(.BOTH.,#10436);
#10436 = SURFACE_SIDE_STYLE('',(#10437));
#10437 = SURFACE_STYLE_FILL_AREA(#10438);
#10438 = FILL_AREA_STYLE('',(#10439));
#10439 = FILL_AREA_STYLE_COLOUR('',#10432);
#10440 = STYLED_ITEM('color',(#10441),#7872);
#10441 = PRESENTATION_STYLE_ASSIGNMENT((#10442));
#10442 = SURFACE_STYLE_USAGE(.BOTH.,#10443);
#10443 = SURFACE_SIDE_STYLE('',(#10444));
#10444 = SURFACE_STYLE_FILL_AREA(#10445);
#10445 = FILL_AREA_STYLE('',(#10446));
#10446 = FILL_AREA_STYLE_COLOUR('',#10123);
#10447 = STYLED_ITEM('color',(#10448),#7941);
#10448 = PRESENTATION_STYLE_ASSIGNMENT((#10449));
#10449 = SURFACE_STYLE_USAGE(.BOTH.,#10450);
#10450 = SURFACE_SIDE_STYLE('',(#10451));
#10451 = SURFACE_STYLE_FILL_AREA(#10452);
#10452 = FILL_AREA_STYLE('',(#10453));
#10453 = FILL_AREA_STYLE_COLOUR('',#10432);
#10454 = STYLED_ITEM('color',(#10455),#7965);
#10455 = PRESENTATION_STYLE_ASSIGNMENT((#10456));
#10456 = SURFACE_STYLE_USAGE(.BOTH.,#10457);
#10457 = SURFACE_SIDE_STYLE('',(#10458));
#10458 = SURFACE_STYLE_FILL_AREA(#10459);
#10459 = FILL_AREA_STYLE('',(#10460));
#10460 = FILL_AREA_STYLE_COLOUR('',#10123);
#10461 = STYLED_ITEM('color',(#10462),#7982);
#10462 = PRESENTATION_STYLE_ASSIGNMENT((#10463));
#10463 = SURFACE_STYLE_USAGE(.BOTH.,#10464);
#10464 = SURFACE_SIDE_STYLE('',(#10465));
#10465 = SURFACE_STYLE_FILL_AREA(#10466);
#10466 = FILL_AREA_STYLE('',(#10467));
#10467 = FILL_AREA_STYLE_COLOUR('',#10123);
#10468 = STYLED_ITEM('color',(#10469),#7999);
#10469 = PRESENTATION_STYLE_ASSIGNMENT((#10470));
#10470 = SURFACE_STYLE_USAGE(.BOTH.,#10471);
#10471 = SURFACE_SIDE_STYLE('',(#10472));
#10472 = SURFACE_STYLE_FILL_AREA(#10473);
#10473 = FILL_AREA_STYLE('',(#10474));
#10474 = FILL_AREA_STYLE_COLOUR('',#10123);
#10475 = STYLED_ITEM('color',(#10476),#8016);
#10476 = PRESENTATION_STYLE_ASSIGNMENT((#10477));
#10477 = SURFACE_STYLE_USAGE(.BOTH.,#10478);
#10478 = SURFACE_SIDE_STYLE('',(#10479));
#10479 = SURFACE_STYLE_FILL_AREA(#10480);
#10480 = FILL_AREA_STYLE('',(#10481));
#10481 = FILL_AREA_STYLE_COLOUR('',#10123);
#10482 = STYLED_ITEM('color',(#10483),#8033);
#10483 = PRESENTATION_STYLE_ASSIGNMENT((#10484));
#10484 = SURFACE_STYLE_USAGE(.BOTH.,#10485);
#10485 = SURFACE_SIDE_STYLE('',(#10486));
#10486 = SURFACE_STYLE_FILL_AREA(#10487);
#10487 = FILL_AREA_STYLE('',(#10488));
#10488 = FILL_AREA_STYLE_COLOUR('',#10123);
#10489 = STYLED_ITEM('color',(#10490),#8050);
#10490 = PRESENTATION_STYLE_ASSIGNMENT((#10491));
#10491 = SURFACE_STYLE_USAGE(.BOTH.,#10492);
#10492 = SURFACE_SIDE_STYLE('',(#10493));
#10493 = SURFACE_STYLE_FILL_AREA(#10494);
#10494 = FILL_AREA_STYLE('',(#10495));
#10495 = FILL_AREA_STYLE_COLOUR('',#10123);
#10496 = STYLED_ITEM('color',(#10497),#8067);
#10497 = PRESENTATION_STYLE_ASSIGNMENT((#10498));
#10498 = SURFACE_STYLE_USAGE(.BOTH.,#10499);
#10499 = SURFACE_SIDE_STYLE('',(#10500));
#10500 = SURFACE_STYLE_FILL_AREA(#10501);
#10501 = FILL_AREA_STYLE('',(#10502));
#10502 = FILL_AREA_STYLE_COLOUR('',#10123);
#10503 = STYLED_ITEM('color',(#10504),#8084);
#10504 = PRESENTATION_STYLE_ASSIGNMENT((#10505));
#10505 = SURFACE_STYLE_USAGE(.BOTH.,#10506);
#10506 = SURFACE_SIDE_STYLE('',(#10507));
#10507 = SURFACE_STYLE_FILL_AREA(#10508);
#10508 = FILL_AREA_STYLE('',(#10509));
#10509 = FILL_AREA_STYLE_COLOUR('',#10432);
#10510 = STYLED_ITEM('color',(#10511),#8101);
#10511 = PRESENTATION_STYLE_ASSIGNMENT((#10512));
#10512 = SURFACE_STYLE_USAGE(.BOTH.,#10513);
#10513 = SURFACE_SIDE_STYLE('',(#10514));
#10514 = SURFACE_STYLE_FILL_AREA(#10515);
#10515 = FILL_AREA_STYLE('',(#10516));
#10516 = FILL_AREA_STYLE_COLOUR('',#10432);
#10517 = MECHANICAL_DESIGN_GEOMETRIC_PRESENTATION_REPRESENTATION('',(
    #10518,#10525,#10532,#10539,#10546,#10553,#10560,#10567,#10574,
    #10581,#10588,#10595,#10602,#10609,#10616,#10623,#10630,#10637,
    #10644,#10651,#10658,#10665,#10672,#10679,#10686,#10693,#10700,
    #10707),#9869);
#10518 = STYLED_ITEM('color',(#10519),#9017);
#10519 = PRESENTATION_STYLE_ASSIGNMENT((#10520));
#10520 = SURFACE_STYLE_USAGE(.BOTH.,#10521);
#10521 = SURFACE_SIDE_STYLE('',(#10522));
#10522 = SURFACE_STYLE_FILL_AREA(#10523);
#10523 = FILL_AREA_STYLE('',(#10524));
#10524 = FILL_AREA_STYLE_COLOUR('',#10123);
#10525 = STYLED_ITEM('color',(#10526),#9093);
#10526 = PRESENTATION_STYLE_ASSIGNMENT((#10527));
#10527 = SURFACE_STYLE_USAGE(.BOTH.,#10528);
#10528 = SURFACE_SIDE_STYLE('',(#10529));
#10529 = SURFACE_STYLE_FILL_AREA(#10530);
#10530 = FILL_AREA_STYLE('',(#10531));
#10531 = FILL_AREA_STYLE_COLOUR('',#10123);
#10532 = STYLED_ITEM('color',(#10533),#9124);
#10533 = PRESENTATION_STYLE_ASSIGNMENT((#10534));
#10534 = SURFACE_STYLE_USAGE(.BOTH.,#10535);
#10535 = SURFACE_SIDE_STYLE('',(#10536));
#10536 = SURFACE_STYLE_FILL_AREA(#10537);
#10537 = FILL_AREA_STYLE('',(#10538));
#10538 = FILL_AREA_STYLE_COLOUR('',#10123);
#10539 = STYLED_ITEM('color',(#10540),#9149);
#10540 = PRESENTATION_STYLE_ASSIGNMENT((#10541));
#10541 = SURFACE_STYLE_USAGE(.BOTH.,#10542);
#10542 = SURFACE_SIDE_STYLE('',(#10543));
#10543 = SURFACE_STYLE_FILL_AREA(#10544);
#10544 = FILL_AREA_STYLE('',(#10545));
#10545 = FILL_AREA_STYLE_COLOUR('',#10123);
#10546 = STYLED_ITEM('color',(#10547),#9174);
#10547 = PRESENTATION_STYLE_ASSIGNMENT((#10548));
#10548 = SURFACE_STYLE_USAGE(.BOTH.,#10549);
#10549 = SURFACE_SIDE_STYLE('',(#10550));
#10550 = SURFACE_STYLE_FILL_AREA(#10551);
#10551 = FILL_AREA_STYLE('',(#10552));
#10552 = FILL_AREA_STYLE_COLOUR('',#10123);
#10553 = STYLED_ITEM('color',(#10554),#9198);
#10554 = PRESENTATION_STYLE_ASSIGNMENT((#10555));
#10555 = SURFACE_STYLE_USAGE(.BOTH.,#10556);
#10556 = SURFACE_SIDE_STYLE('',(#10557));
#10557 = SURFACE_STYLE_FILL_AREA(#10558);
#10558 = FILL_AREA_STYLE('',(#10559));
#10559 = FILL_AREA_STYLE_COLOUR('',#10123);
#10560 = STYLED_ITEM('color',(#10561),#9222);
#10561 = PRESENTATION_STYLE_ASSIGNMENT((#10562));
#10562 = SURFACE_STYLE_USAGE(.BOTH.,#10563);
#10563 = SURFACE_SIDE_STYLE('',(#10564));
#10564 = SURFACE_STYLE_FILL_AREA(#10565);
#10565 = FILL_AREA_STYLE('',(#10566));
#10566 = FILL_AREA_STYLE_COLOUR('',#10123);
#10567 = STYLED_ITEM('color',(#10568),#9247);
#10568 = PRESENTATION_STYLE_ASSIGNMENT((#10569));
#10569 = SURFACE_STYLE_USAGE(.BOTH.,#10570);
#10570 = SURFACE_SIDE_STYLE('',(#10571));
#10571 = SURFACE_STYLE_FILL_AREA(#10572);
#10572 = FILL_AREA_STYLE('',(#10573));
#10573 = FILL_AREA_STYLE_COLOUR('',#10123);
#10574 = STYLED_ITEM('color',(#10575),#9272);
#10575 = PRESENTATION_STYLE_ASSIGNMENT((#10576));
#10576 = SURFACE_STYLE_USAGE(.BOTH.,#10577);
#10577 = SURFACE_SIDE_STYLE('',(#10578));
#10578 = SURFACE_STYLE_FILL_AREA(#10579);
#10579 = FILL_AREA_STYLE('',(#10580));
#10580 = FILL_AREA_STYLE_COLOUR('',#10123);
#10581 = STYLED_ITEM('color',(#10582),#9289);
#10582 = PRESENTATION_STYLE_ASSIGNMENT((#10583));
#10583 = SURFACE_STYLE_USAGE(.BOTH.,#10584);
#10584 = SURFACE_SIDE_STYLE('',(#10585));
#10585 = SURFACE_STYLE_FILL_AREA(#10586);
#10586 = FILL_AREA_STYLE('',(#10587));
#10587 = FILL_AREA_STYLE_COLOUR('',#10123);
#10588 = STYLED_ITEM('color',(#10589),#9375);
#10589 = PRESENTATION_STYLE_ASSIGNMENT((#10590));
#10590 = SURFACE_STYLE_USAGE(.BOTH.,#10591);
#10591 = SURFACE_SIDE_STYLE('',(#10592));
#10592 = SURFACE_STYLE_FILL_AREA(#10593);
#10593 = FILL_AREA_STYLE('',(#10594));
#10594 = FILL_AREA_STYLE_COLOUR('',#10194);
#10595 = STYLED_ITEM('color',(#10596),#9407);
#10596 = PRESENTATION_STYLE_ASSIGNMENT((#10597));
#10597 = SURFACE_STYLE_USAGE(.BOTH.,#10598);
#10598 = SURFACE_SIDE_STYLE('',(#10599));
#10599 = SURFACE_STYLE_FILL_AREA(#10600);
#10600 = FILL_AREA_STYLE('',(#10601));
#10601 = FILL_AREA_STYLE_COLOUR('',#10194);
#10602 = STYLED_ITEM('color',(#10603),#9431);
#10603 = PRESENTATION_STYLE_ASSIGNMENT((#10604));
#10604 = SURFACE_STYLE_USAGE(.BOTH.,#10605);
#10605 = SURFACE_SIDE_STYLE('',(#10606));
#10606 = SURFACE_STYLE_FILL_AREA(#10607);
#10607 = FILL_AREA_STYLE('',(#10608));
#10608 = FILL_AREA_STYLE_COLOUR('',#10194);
#10609 = STYLED_ITEM('color',(#10610),#9456);
#10610 = PRESENTATION_STYLE_ASSIGNMENT((#10611));
#10611 = SURFACE_STYLE_USAGE(.BOTH.,#10612);
#10612 = SURFACE_SIDE_STYLE('',(#10613));
#10613 = SURFACE_STYLE_FILL_AREA(#10614);
#10614 = FILL_AREA_STYLE('',(#10615));
#10615 = FILL_AREA_STYLE_COLOUR('',#10194);
#10616 = STYLED_ITEM('color',(#10617),#9480);
#10617 = PRESENTATION_STYLE_ASSIGNMENT((#10618));
#10618 = SURFACE_STYLE_USAGE(.BOTH.,#10619);
#10619 = SURFACE_SIDE_STYLE('',(#10620));
#10620 = SURFACE_STYLE_FILL_AREA(#10621);
#10621 = FILL_AREA_STYLE('',(#10622));
#10622 = FILL_AREA_STYLE_COLOUR('',#10194);
#10623 = STYLED_ITEM('color',(#10624),#9505);
#10624 = PRESENTATION_STYLE_ASSIGNMENT((#10625));
#10625 = SURFACE_STYLE_USAGE(.BOTH.,#10626);
#10626 = SURFACE_SIDE_STYLE('',(#10627));
#10627 = SURFACE_STYLE_FILL_AREA(#10628);
#10628 = FILL_AREA_STYLE('',(#10629));
#10629 = FILL_AREA_STYLE_COLOUR('',#10194);
#10630 = STYLED_ITEM('color',(#10631),#9529);
#10631 = PRESENTATION_STYLE_ASSIGNMENT((#10632));
#10632 = SURFACE_STYLE_USAGE(.BOTH.,#10633);
#10633 = SURFACE_SIDE_STYLE('',(#10634));
#10634 = SURFACE_STYLE_FILL_AREA(#10635);
#10635 = FILL_AREA_STYLE('',(#10636));
#10636 = FILL_AREA_STYLE_COLOUR('',#10194);
#10637 = STYLED_ITEM('color',(#10638),#9554);
#10638 = PRESENTATION_STYLE_ASSIGNMENT((#10639));
#10639 = SURFACE_STYLE_USAGE(.BOTH.,#10640);
#10640 = SURFACE_SIDE_STYLE('',(#10641));
#10641 = SURFACE_STYLE_FILL_AREA(#10642);
#10642 = FILL_AREA_STYLE('',(#10643));
#10643 = FILL_AREA_STYLE_COLOUR('',#10194);
#10644 = STYLED_ITEM('color',(#10645),#9571);
#10645 = PRESENTATION_STYLE_ASSIGNMENT((#10646));
#10646 = SURFACE_STYLE_USAGE(.BOTH.,#10647);
#10647 = SURFACE_SIDE_STYLE('',(#10648));
#10648 = SURFACE_STYLE_FILL_AREA(#10649);
#10649 = FILL_AREA_STYLE('',(#10650));
#10650 = FILL_AREA_STYLE_COLOUR('',#10123);
#10651 = STYLED_ITEM('color',(#10652),#9657);
#10652 = PRESENTATION_STYLE_ASSIGNMENT((#10653));
#10653 = SURFACE_STYLE_USAGE(.BOTH.,#10654);
#10654 = SURFACE_SIDE_STYLE('',(#10655));
#10655 = SURFACE_STYLE_FILL_AREA(#10656);
#10656 = FILL_AREA_STYLE('',(#10657));
#10657 = FILL_AREA_STYLE_COLOUR('',#10123);
#10658 = STYLED_ITEM('color',(#10659),#9688);
#10659 = PRESENTATION_STYLE_ASSIGNMENT((#10660));
#10660 = SURFACE_STYLE_USAGE(.BOTH.,#10661);
#10661 = SURFACE_SIDE_STYLE('',(#10662));
#10662 = SURFACE_STYLE_FILL_AREA(#10663);
#10663 = FILL_AREA_STYLE('',(#10664));
#10664 = FILL_AREA_STYLE_COLOUR('',#10123);
#10665 = STYLED_ITEM('color',(#10666),#9713);
#10666 = PRESENTATION_STYLE_ASSIGNMENT((#10667));
#10667 = SURFACE_STYLE_USAGE(.BOTH.,#10668);
#10668 = SURFACE_SIDE_STYLE('',(#10669));
#10669 = SURFACE_STYLE_FILL_AREA(#10670);
#10670 = FILL_AREA_STYLE('',(#10671));
#10671 = FILL_AREA_STYLE_COLOUR('',#10123);
#10672 = STYLED_ITEM('color',(#10673),#9738);
#10673 = PRESENTATION_STYLE_ASSIGNMENT((#10674));
#10674 = SURFACE_STYLE_USAGE(.BOTH.,#10675);
#10675 = SURFACE_SIDE_STYLE('',(#10676));
#10676 = SURFACE_STYLE_FILL_AREA(#10677);
#10677 = FILL_AREA_STYLE('',(#10678));
#10678 = FILL_AREA_STYLE_COLOUR('',#10123);
#10679 = STYLED_ITEM('color',(#10680),#9762);
#10680 = PRESENTATION_STYLE_ASSIGNMENT((#10681));
#10681 = SURFACE_STYLE_USAGE(.BOTH.,#10682);
#10682 = SURFACE_SIDE_STYLE('',(#10683));
#10683 = SURFACE_STYLE_FILL_AREA(#10684);
#10684 = FILL_AREA_STYLE('',(#10685));
#10685 = FILL_AREA_STYLE_COLOUR('',#10123);
#10686 = STYLED_ITEM('color',(#10687),#9786);
#10687 = PRESENTATION_STYLE_ASSIGNMENT((#10688));
#10688 = SURFACE_STYLE_USAGE(.BOTH.,#10689);
#10689 = SURFACE_SIDE_STYLE('',(#10690));
#10690 = SURFACE_STYLE_FILL_AREA(#10691);
#10691 = FILL_AREA_STYLE('',(#10692));
#10692 = FILL_AREA_STYLE_COLOUR('',#10123);
#10693 = STYLED_ITEM('color',(#10694),#9811);
#10694 = PRESENTATION_STYLE_ASSIGNMENT((#10695));
#10695 = SURFACE_STYLE_USAGE(.BOTH.,#10696);
#10696 = SURFACE_SIDE_STYLE('',(#10697));
#10697 = SURFACE_STYLE_FILL_AREA(#10698);
#10698 = FILL_AREA_STYLE('',(#10699));
#10699 = FILL_AREA_STYLE_COLOUR('',#10123);
#10700 = STYLED_ITEM('color',(#10701),#9836);
#10701 = PRESENTATION_STYLE_ASSIGNMENT((#10702));
#10702 = SURFACE_STYLE_USAGE(.BOTH.,#10703);
#10703 = SURFACE_SIDE_STYLE('',(#10704));
#10704 = SURFACE_STYLE_FILL_AREA(#10705);
#10705 = FILL_AREA_STYLE('',(#10706));
#10706 = FILL_AREA_STYLE_COLOUR('',#10123);
#10707 = STYLED_ITEM('color',(#10708),#9853);
#10708 = PRESENTATION_STYLE_ASSIGNMENT((#10709));
#10709 = SURFACE_STYLE_USAGE(.BOTH.,#10710);
#10710 = SURFACE_SIDE_STYLE('',(#10711));
#10711 = SURFACE_STYLE_FILL_AREA(#10712);
#10712 = FILL_AREA_STYLE('',(#10713));
#10713 = FILL_AREA_STYLE_COLOUR('',#10123);
#10714 = MECHANICAL_DESIGN_GEOMETRIC_PRESENTATION_REPRESENTATION('',(
    #10715,#10725,#10734,#10743,#10752,#10761,#10770,#10779,#10788,
    #10797,#10806,#10815,#10824,#10833,#10842,#10851,#10860,#10869,
    #10878,#10887,#10896,#10905,#10914,#10923,#10932,#10941,#10950,
    #10959,#10968,#10977,#10986,#10995,#11004,#11013,#11022,#11031,
    #11040,#11049,#11058,#11067,#11076,#11085,#11094,#11103,#11112,
    #11121,#11130,#11139,#11148,#11157,#11166,#11175,#11184,#11193,
    #11202,#11211,#11220,#11229,#11238,#11247,#11256,#11265,#11274,
    #11283,#11292,#11301,#11310,#11319,#11328,#11337,#11346,#11355,
    #11364,#11373,#11382,#11391,#11400,#11409,#11418,#11427,#11436,
    #11445,#11454,#11463,#11472,#11481,#11490,#11499,#11508,#11517,
    #11526,#11535,#11544,#11553,#11562,#11571,#11580,#11589,#11598,
    #11607,#11616,#11625,#11634,#11643,#11652,#11661,#11670,#11679,
    #11688,#11697,#11706,#11715,#11724,#11733,#11742,#11751,#11760,
    #11769,#11778,#11787,#11796,#11805,#11814,#11823,#11832,#11841,
    #11850,#11859,#11868,#11877,#11886,#11895,#11904,#11913,#11922,
    #11931,#11940,#11949,#11958,#11967,#11976,#11985,#11994,#12003,
    #12012,#12021,#12030),#4529);
#10715 = STYLED_ITEM('color',(#10716),#63);
#10716 = PRESENTATION_STYLE_ASSIGNMENT((#10717,#10723));
#10717 = SURFACE_STYLE_USAGE(.BOTH.,#10718);
#10718 = SURFACE_SIDE_STYLE('',(#10719));
#10719 = SURFACE_STYLE_FILL_AREA(#10720);
#10720 = FILL_AREA_STYLE('',(#10721));
#10721 = FILL_AREA_STYLE_COLOUR('',#10722);
#10722 = COLOUR_RGB('',0.147999998088,0.145000001626,0.145000001626);
#10723 = CURVE_STYLE('',#10724,POSITIVE_LENGTH_MEASURE(0.1),#10722);
#10724 = DRAUGHTING_PRE_DEFINED_CURVE_FONT('continuous');
#10725 = STYLED_ITEM('color',(#10726),#101);
#10726 = PRESENTATION_STYLE_ASSIGNMENT((#10727,#10732));
#10727 = SURFACE_STYLE_USAGE(.BOTH.,#10728);
#10728 = SURFACE_SIDE_STYLE('',(#10729));
#10729 = SURFACE_STYLE_FILL_AREA(#10730);
#10730 = FILL_AREA_STYLE('',(#10731));
#10731 = FILL_AREA_STYLE_COLOUR('',#10722);
#10732 = CURVE_STYLE('',#10733,POSITIVE_LENGTH_MEASURE(0.1),#10722);
#10733 = DRAUGHTING_PRE_DEFINED_CURVE_FONT('continuous');
#10734 = STYLED_ITEM('color',(#10735),#164);
#10735 = PRESENTATION_STYLE_ASSIGNMENT((#10736,#10741));
#10736 = SURFACE_STYLE_USAGE(.BOTH.,#10737);
#10737 = SURFACE_SIDE_STYLE('',(#10738));
#10738 = SURFACE_STYLE_FILL_AREA(#10739);
#10739 = FILL_AREA_STYLE('',(#10740));
#10740 = FILL_AREA_STYLE_COLOUR('',#10722);
#10741 = CURVE_STYLE('',#10742,POSITIVE_LENGTH_MEASURE(0.1),#10722);
#10742 = DRAUGHTING_PRE_DEFINED_CURVE_FONT('continuous');
#10743 = STYLED_ITEM('color',(#10744),#187);
#10744 = PRESENTATION_STYLE_ASSIGNMENT((#10745,#10750));
#10745 = SURFACE_STYLE_USAGE(.BOTH.,#10746);
#10746 = SURFACE_SIDE_STYLE('',(#10747));
#10747 = SURFACE_STYLE_FILL_AREA(#10748);
#10748 = FILL_AREA_STYLE('',(#10749));
#10749 = FILL_AREA_STYLE_COLOUR('',#10722);
#10750 = CURVE_STYLE('',#10751,POSITIVE_LENGTH_MEASURE(0.1),#10722);
#10751 = DRAUGHTING_PRE_DEFINED_CURVE_FONT('continuous');
#10752 = STYLED_ITEM('color',(#10753),#216);
#10753 = PRESENTATION_STYLE_ASSIGNMENT((#10754,#10759));
#10754 = SURFACE_STYLE_USAGE(.BOTH.,#10755);
#10755 = SURFACE_SIDE_STYLE('',(#10756));
#10756 = SURFACE_STYLE_FILL_AREA(#10757);
#10757 = FILL_AREA_STYLE('',(#10758));
#10758 = FILL_AREA_STYLE_COLOUR('',#10722);
#10759 = CURVE_STYLE('',#10760,POSITIVE_LENGTH_MEASURE(0.1),#10722);
#10760 = DRAUGHTING_PRE_DEFINED_CURVE_FONT('continuous');
#10761 = STYLED_ITEM('color',(#10762),#239);
#10762 = PRESENTATION_STYLE_ASSIGNMENT((#10763,#10768));
#10763 = SURFACE_STYLE_USAGE(.BOTH.,#10764);
#10764 = SURFACE_SIDE_STYLE('',(#10765));
#10765 = SURFACE_STYLE_FILL_AREA(#10766);
#10766 = FILL_AREA_STYLE('',(#10767));
#10767 = FILL_AREA_STYLE_COLOUR('',#10722);
#10768 = CURVE_STYLE('',#10769,POSITIVE_LENGTH_MEASURE(0.1),#10722);
#10769 = DRAUGHTING_PRE_DEFINED_CURVE_FONT('continuous');
#10770 = STYLED_ITEM('color',(#10771),#326);
#10771 = PRESENTATION_STYLE_ASSIGNMENT((#10772,#10777));
#10772 = SURFACE_STYLE_USAGE(.BOTH.,#10773);
#10773 = SURFACE_SIDE_STYLE('',(#10774));
#10774 = SURFACE_STYLE_FILL_AREA(#10775);
#10775 = FILL_AREA_STYLE('',(#10776));
#10776 = FILL_AREA_STYLE_COLOUR('',#10722);
#10777 = CURVE_STYLE('',#10778,POSITIVE_LENGTH_MEASURE(0.1),#10722);
#10778 = DRAUGHTING_PRE_DEFINED_CURVE_FONT('continuous');
#10779 = STYLED_ITEM('color',(#10780),#413);
#10780 = PRESENTATION_STYLE_ASSIGNMENT((#10781,#10786));
#10781 = SURFACE_STYLE_USAGE(.BOTH.,#10782);
#10782 = SURFACE_SIDE_STYLE('',(#10783));
#10783 = SURFACE_STYLE_FILL_AREA(#10784);
#10784 = FILL_AREA_STYLE('',(#10785));
#10785 = FILL_AREA_STYLE_COLOUR('',#10722);
#10786 = CURVE_STYLE('',#10787,POSITIVE_LENGTH_MEASURE(0.1),#10722);
#10787 = DRAUGHTING_PRE_DEFINED_CURVE_FONT('continuous');
#10788 = STYLED_ITEM('color',(#10789),#436);
#10789 = PRESENTATION_STYLE_ASSIGNMENT((#10790,#10795));
#10790 = SURFACE_STYLE_USAGE(.BOTH.,#10791);
#10791 = SURFACE_SIDE_STYLE('',(#10792));
#10792 = SURFACE_STYLE_FILL_AREA(#10793);
#10793 = FILL_AREA_STYLE('',(#10794));
#10794 = FILL_AREA_STYLE_COLOUR('',#10722);
#10795 = CURVE_STYLE('',#10796,POSITIVE_LENGTH_MEASURE(0.1),#10722);
#10796 = DRAUGHTING_PRE_DEFINED_CURVE_FONT('continuous');
#10797 = STYLED_ITEM('color',(#10798),#459);
#10798 = PRESENTATION_STYLE_ASSIGNMENT((#10799,#10804));
#10799 = SURFACE_STYLE_USAGE(.BOTH.,#10800);
#10800 = SURFACE_SIDE_STYLE('',(#10801));
#10801 = SURFACE_STYLE_FILL_AREA(#10802);
#10802 = FILL_AREA_STYLE('',(#10803));
#10803 = FILL_AREA_STYLE_COLOUR('',#10722);
#10804 = CURVE_STYLE('',#10805,POSITIVE_LENGTH_MEASURE(0.1),#10722);
#10805 = DRAUGHTING_PRE_DEFINED_CURVE_FONT('continuous');
#10806 = STYLED_ITEM('color',(#10807),#476);
#10807 = PRESENTATION_STYLE_ASSIGNMENT((#10808,#10813));
#10808 = SURFACE_STYLE_USAGE(.BOTH.,#10809);
#10809 = SURFACE_SIDE_STYLE('',(#10810));
#10810 = SURFACE_STYLE_FILL_AREA(#10811);
#10811 = FILL_AREA_STYLE('',(#10812));
#10812 = FILL_AREA_STYLE_COLOUR('',#10722);
#10813 = CURVE_STYLE('',#10814,POSITIVE_LENGTH_MEASURE(0.1),#10722);
#10814 = DRAUGHTING_PRE_DEFINED_CURVE_FONT('continuous');
#10815 = STYLED_ITEM('color',(#10816),#499);
#10816 = PRESENTATION_STYLE_ASSIGNMENT((#10817,#10822));
#10817 = SURFACE_STYLE_USAGE(.BOTH.,#10818);
#10818 = SURFACE_SIDE_STYLE('',(#10819));
#10819 = SURFACE_STYLE_FILL_AREA(#10820);
#10820 = FILL_AREA_STYLE('',(#10821));
#10821 = FILL_AREA_STYLE_COLOUR('',#10722);
#10822 = CURVE_STYLE('',#10823,POSITIVE_LENGTH_MEASURE(0.1),#10722);
#10823 = DRAUGHTING_PRE_DEFINED_CURVE_FONT('continuous');
#10824 = STYLED_ITEM('color',(#10825),#587);
#10825 = PRESENTATION_STYLE_ASSIGNMENT((#10826,#10831));
#10826 = SURFACE_STYLE_USAGE(.BOTH.,#10827);
#10827 = SURFACE_SIDE_STYLE('',(#10828));
#10828 = SURFACE_STYLE_FILL_AREA(#10829);
#10829 = FILL_AREA_STYLE('',(#10830));
#10830 = FILL_AREA_STYLE_COLOUR('',#10722);
#10831 = CURVE_STYLE('',#10832,POSITIVE_LENGTH_MEASURE(0.1),#10722);
#10832 = DRAUGHTING_PRE_DEFINED_CURVE_FONT('continuous');
#10833 = STYLED_ITEM('color',(#10834),#603);
#10834 = PRESENTATION_STYLE_ASSIGNMENT((#10835,#10840));
#10835 = SURFACE_STYLE_USAGE(.BOTH.,#10836);
#10836 = SURFACE_SIDE_STYLE('',(#10837));
#10837 = SURFACE_STYLE_FILL_AREA(#10838);
#10838 = FILL_AREA_STYLE('',(#10839));
#10839 = FILL_AREA_STYLE_COLOUR('',#10722);
#10840 = CURVE_STYLE('',#10841,POSITIVE_LENGTH_MEASURE(0.1),#10722);
#10841 = DRAUGHTING_PRE_DEFINED_CURVE_FONT('continuous');
#10842 = STYLED_ITEM('color',(#10843),#633);
#10843 = PRESENTATION_STYLE_ASSIGNMENT((#10844,#10849));
#10844 = SURFACE_STYLE_USAGE(.BOTH.,#10845);
#10845 = SURFACE_SIDE_STYLE('',(#10846));
#10846 = SURFACE_STYLE_FILL_AREA(#10847);
#10847 = FILL_AREA_STYLE('',(#10848));
#10848 = FILL_AREA_STYLE_COLOUR('',#10123);
#10849 = CURVE_STYLE('',#10850,POSITIVE_LENGTH_MEASURE(0.1),#10123);
#10850 = DRAUGHTING_PRE_DEFINED_CURVE_FONT('continuous');
#10851 = STYLED_ITEM('color',(#10852),#664);
#10852 = PRESENTATION_STYLE_ASSIGNMENT((#10853,#10858));
#10853 = SURFACE_STYLE_USAGE(.BOTH.,#10854);
#10854 = SURFACE_SIDE_STYLE('',(#10855));
#10855 = SURFACE_STYLE_FILL_AREA(#10856);
#10856 = FILL_AREA_STYLE('',(#10857));
#10857 = FILL_AREA_STYLE_COLOUR('',#10722);
#10858 = CURVE_STYLE('',#10859,POSITIVE_LENGTH_MEASURE(0.1),#10722);
#10859 = DRAUGHTING_PRE_DEFINED_CURVE_FONT('continuous');
#10860 = STYLED_ITEM('color',(#10861),#695);
#10861 = PRESENTATION_STYLE_ASSIGNMENT((#10862,#10867));
#10862 = SURFACE_STYLE_USAGE(.BOTH.,#10863);
#10863 = SURFACE_SIDE_STYLE('',(#10864));
#10864 = SURFACE_STYLE_FILL_AREA(#10865);
#10865 = FILL_AREA_STYLE('',(#10866));
#10866 = FILL_AREA_STYLE_COLOUR('',#10123);
#10867 = CURVE_STYLE('',#10868,POSITIVE_LENGTH_MEASURE(0.1),#10123);
#10868 = DRAUGHTING_PRE_DEFINED_CURVE_FONT('continuous');
#10869 = STYLED_ITEM('color',(#10870),#726);
#10870 = PRESENTATION_STYLE_ASSIGNMENT((#10871,#10876));
#10871 = SURFACE_STYLE_USAGE(.BOTH.,#10872);
#10872 = SURFACE_SIDE_STYLE('',(#10873));
#10873 = SURFACE_STYLE_FILL_AREA(#10874);
#10874 = FILL_AREA_STYLE('',(#10875));
#10875 = FILL_AREA_STYLE_COLOUR('',#10722);
#10876 = CURVE_STYLE('',#10877,POSITIVE_LENGTH_MEASURE(0.1),#10722);
#10877 = DRAUGHTING_PRE_DEFINED_CURVE_FONT('continuous');
#10878 = STYLED_ITEM('color',(#10879),#757);
#10879 = PRESENTATION_STYLE_ASSIGNMENT((#10880,#10885));
#10880 = SURFACE_STYLE_USAGE(.BOTH.,#10881);
#10881 = SURFACE_SIDE_STYLE('',(#10882));
#10882 = SURFACE_STYLE_FILL_AREA(#10883);
#10883 = FILL_AREA_STYLE('',(#10884));
#10884 = FILL_AREA_STYLE_COLOUR('',#10123);
#10885 = CURVE_STYLE('',#10886,POSITIVE_LENGTH_MEASURE(0.1),#10123);
#10886 = DRAUGHTING_PRE_DEFINED_CURVE_FONT('continuous');
#10887 = STYLED_ITEM('color',(#10888),#788);
#10888 = PRESENTATION_STYLE_ASSIGNMENT((#10889,#10894));
#10889 = SURFACE_STYLE_USAGE(.BOTH.,#10890);
#10890 = SURFACE_SIDE_STYLE('',(#10891));
#10891 = SURFACE_STYLE_FILL_AREA(#10892);
#10892 = FILL_AREA_STYLE('',(#10893));
#10893 = FILL_AREA_STYLE_COLOUR('',#10722);
#10894 = CURVE_STYLE('',#10895,POSITIVE_LENGTH_MEASURE(0.1),#10722);
#10895 = DRAUGHTING_PRE_DEFINED_CURVE_FONT('continuous');
#10896 = STYLED_ITEM('color',(#10897),#819);
#10897 = PRESENTATION_STYLE_ASSIGNMENT((#10898,#10903));
#10898 = SURFACE_STYLE_USAGE(.BOTH.,#10899);
#10899 = SURFACE_SIDE_STYLE('',(#10900));
#10900 = SURFACE_STYLE_FILL_AREA(#10901);
#10901 = FILL_AREA_STYLE('',(#10902));
#10902 = FILL_AREA_STYLE_COLOUR('',#10123);
#10903 = CURVE_STYLE('',#10904,POSITIVE_LENGTH_MEASURE(0.1),#10123);
#10904 = DRAUGHTING_PRE_DEFINED_CURVE_FONT('continuous');
#10905 = STYLED_ITEM('color',(#10906),#850);
#10906 = PRESENTATION_STYLE_ASSIGNMENT((#10907,#10912));
#10907 = SURFACE_STYLE_USAGE(.BOTH.,#10908);
#10908 = SURFACE_SIDE_STYLE('',(#10909));
#10909 = SURFACE_STYLE_FILL_AREA(#10910);
#10910 = FILL_AREA_STYLE('',(#10911));
#10911 = FILL_AREA_STYLE_COLOUR('',#10722);
#10912 = CURVE_STYLE('',#10913,POSITIVE_LENGTH_MEASURE(0.1),#10722);
#10913 = DRAUGHTING_PRE_DEFINED_CURVE_FONT('continuous');
#10914 = STYLED_ITEM('color',(#10915),#867);
#10915 = PRESENTATION_STYLE_ASSIGNMENT((#10916,#10921));
#10916 = SURFACE_STYLE_USAGE(.BOTH.,#10917);
#10917 = SURFACE_SIDE_STYLE('',(#10918));
#10918 = SURFACE_STYLE_FILL_AREA(#10919);
#10919 = FILL_AREA_STYLE('',(#10920));
#10920 = FILL_AREA_STYLE_COLOUR('',#10722);
#10921 = CURVE_STYLE('',#10922,POSITIVE_LENGTH_MEASURE(0.1),#10722);
#10922 = DRAUGHTING_PRE_DEFINED_CURVE_FONT('continuous');
#10923 = STYLED_ITEM('color',(#10924),#884);
#10924 = PRESENTATION_STYLE_ASSIGNMENT((#10925,#10930));
#10925 = SURFACE_STYLE_USAGE(.BOTH.,#10926);
#10926 = SURFACE_SIDE_STYLE('',(#10927));
#10927 = SURFACE_STYLE_FILL_AREA(#10928);
#10928 = FILL_AREA_STYLE('',(#10929));
#10929 = FILL_AREA_STYLE_COLOUR('',#10123);
#10930 = CURVE_STYLE('',#10931,POSITIVE_LENGTH_MEASURE(0.1),#10123);
#10931 = DRAUGHTING_PRE_DEFINED_CURVE_FONT('continuous');
#10932 = STYLED_ITEM('color',(#10933),#915);
#10933 = PRESENTATION_STYLE_ASSIGNMENT((#10934,#10939));
#10934 = SURFACE_STYLE_USAGE(.BOTH.,#10935);
#10935 = SURFACE_SIDE_STYLE('',(#10936));
#10936 = SURFACE_STYLE_FILL_AREA(#10937);
#10937 = FILL_AREA_STYLE('',(#10938));
#10938 = FILL_AREA_STYLE_COLOUR('',#10722);
#10939 = CURVE_STYLE('',#10940,POSITIVE_LENGTH_MEASURE(0.1),#10722);
#10940 = DRAUGHTING_PRE_DEFINED_CURVE_FONT('continuous');
#10941 = STYLED_ITEM('color',(#10942),#946);
#10942 = PRESENTATION_STYLE_ASSIGNMENT((#10943,#10948));
#10943 = SURFACE_STYLE_USAGE(.BOTH.,#10944);
#10944 = SURFACE_SIDE_STYLE('',(#10945));
#10945 = SURFACE_STYLE_FILL_AREA(#10946);
#10946 = FILL_AREA_STYLE('',(#10947));
#10947 = FILL_AREA_STYLE_COLOUR('',#10123);
#10948 = CURVE_STYLE('',#10949,POSITIVE_LENGTH_MEASURE(0.1),#10123);
#10949 = DRAUGHTING_PRE_DEFINED_CURVE_FONT('continuous');
#10950 = STYLED_ITEM('color',(#10951),#977);
#10951 = PRESENTATION_STYLE_ASSIGNMENT((#10952,#10957));
#10952 = SURFACE_STYLE_USAGE(.BOTH.,#10953);
#10953 = SURFACE_SIDE_STYLE('',(#10954));
#10954 = SURFACE_STYLE_FILL_AREA(#10955);
#10955 = FILL_AREA_STYLE('',(#10956));
#10956 = FILL_AREA_STYLE_COLOUR('',#10722);
#10957 = CURVE_STYLE('',#10958,POSITIVE_LENGTH_MEASURE(0.1),#10722);
#10958 = DRAUGHTING_PRE_DEFINED_CURVE_FONT('continuous');
#10959 = STYLED_ITEM('color',(#10960),#1008);
#10960 = PRESENTATION_STYLE_ASSIGNMENT((#10961,#10966));
#10961 = SURFACE_STYLE_USAGE(.BOTH.,#10962);
#10962 = SURFACE_SIDE_STYLE('',(#10963));
#10963 = SURFACE_STYLE_FILL_AREA(#10964);
#10964 = FILL_AREA_STYLE('',(#10965));
#10965 = FILL_AREA_STYLE_COLOUR('',#10123);
#10966 = CURVE_STYLE('',#10967,POSITIVE_LENGTH_MEASURE(0.1),#10123);
#10967 = DRAUGHTING_PRE_DEFINED_CURVE_FONT('continuous');
#10968 = STYLED_ITEM('color',(#10969),#1039);
#10969 = PRESENTATION_STYLE_ASSIGNMENT((#10970,#10975));
#10970 = SURFACE_STYLE_USAGE(.BOTH.,#10971);
#10971 = SURFACE_SIDE_STYLE('',(#10972));
#10972 = SURFACE_STYLE_FILL_AREA(#10973);
#10973 = FILL_AREA_STYLE('',(#10974));
#10974 = FILL_AREA_STYLE_COLOUR('',#10722);
#10975 = CURVE_STYLE('',#10976,POSITIVE_LENGTH_MEASURE(0.1),#10722);
#10976 = DRAUGHTING_PRE_DEFINED_CURVE_FONT('continuous');
#10977 = STYLED_ITEM('color',(#10978),#1070);
#10978 = PRESENTATION_STYLE_ASSIGNMENT((#10979,#10984));
#10979 = SURFACE_STYLE_USAGE(.BOTH.,#10980);
#10980 = SURFACE_SIDE_STYLE('',(#10981));
#10981 = SURFACE_STYLE_FILL_AREA(#10982);
#10982 = FILL_AREA_STYLE('',(#10983));
#10983 = FILL_AREA_STYLE_COLOUR('',#10123);
#10984 = CURVE_STYLE('',#10985,POSITIVE_LENGTH_MEASURE(0.1),#10123);
#10985 = DRAUGHTING_PRE_DEFINED_CURVE_FONT('continuous');
#10986 = STYLED_ITEM('color',(#10987),#1101);
#10987 = PRESENTATION_STYLE_ASSIGNMENT((#10988,#10993));
#10988 = SURFACE_STYLE_USAGE(.BOTH.,#10989);
#10989 = SURFACE_SIDE_STYLE('',(#10990));
#10990 = SURFACE_STYLE_FILL_AREA(#10991);
#10991 = FILL_AREA_STYLE('',(#10992));
#10992 = FILL_AREA_STYLE_COLOUR('',#10722);
#10993 = CURVE_STYLE('',#10994,POSITIVE_LENGTH_MEASURE(0.1),#10722);
#10994 = DRAUGHTING_PRE_DEFINED_CURVE_FONT('continuous');
#10995 = STYLED_ITEM('color',(#10996),#1131);
#10996 = PRESENTATION_STYLE_ASSIGNMENT((#10997,#11002));
#10997 = SURFACE_STYLE_USAGE(.BOTH.,#10998);
#10998 = SURFACE_SIDE_STYLE('',(#10999));
#10999 = SURFACE_STYLE_FILL_AREA(#11000);
#11000 = FILL_AREA_STYLE('',(#11001));
#11001 = FILL_AREA_STYLE_COLOUR('',#10722);
#11002 = CURVE_STYLE('',#11003,POSITIVE_LENGTH_MEASURE(0.1),#10722);
#11003 = DRAUGHTING_PRE_DEFINED_CURVE_FONT('continuous');
#11004 = STYLED_ITEM('color',(#11005),#1154);
#11005 = PRESENTATION_STYLE_ASSIGNMENT((#11006,#11011));
#11006 = SURFACE_STYLE_USAGE(.BOTH.,#11007);
#11007 = SURFACE_SIDE_STYLE('',(#11008));
#11008 = SURFACE_STYLE_FILL_AREA(#11009);
#11009 = FILL_AREA_STYLE('',(#11010));
#11010 = FILL_AREA_STYLE_COLOUR('',#10722);
#11011 = CURVE_STYLE('',#11012,POSITIVE_LENGTH_MEASURE(0.1),#10722);
#11012 = DRAUGHTING_PRE_DEFINED_CURVE_FONT('continuous');
#11013 = STYLED_ITEM('color',(#11014),#1177);
#11014 = PRESENTATION_STYLE_ASSIGNMENT((#11015,#11020));
#11015 = SURFACE_STYLE_USAGE(.BOTH.,#11016);
#11016 = SURFACE_SIDE_STYLE('',(#11017));
#11017 = SURFACE_STYLE_FILL_AREA(#11018);
#11018 = FILL_AREA_STYLE('',(#11019));
#11019 = FILL_AREA_STYLE_COLOUR('',#10722);
#11020 = CURVE_STYLE('',#11021,POSITIVE_LENGTH_MEASURE(0.1),#10722);
#11021 = DRAUGHTING_PRE_DEFINED_CURVE_FONT('continuous');
#11022 = STYLED_ITEM('color',(#11023),#1194);
#11023 = PRESENTATION_STYLE_ASSIGNMENT((#11024,#11029));
#11024 = SURFACE_STYLE_USAGE(.BOTH.,#11025);
#11025 = SURFACE_SIDE_STYLE('',(#11026));
#11026 = SURFACE_STYLE_FILL_AREA(#11027);
#11027 = FILL_AREA_STYLE('',(#11028));
#11028 = FILL_AREA_STYLE_COLOUR('',#10123);
#11029 = CURVE_STYLE('',#11030,POSITIVE_LENGTH_MEASURE(0.1),#10123);
#11030 = DRAUGHTING_PRE_DEFINED_CURVE_FONT('continuous');
#11031 = STYLED_ITEM('color',(#11032),#1239);
#11032 = PRESENTATION_STYLE_ASSIGNMENT((#11033,#11038));
#11033 = SURFACE_STYLE_USAGE(.BOTH.,#11034);
#11034 = SURFACE_SIDE_STYLE('',(#11035));
#11035 = SURFACE_STYLE_FILL_AREA(#11036);
#11036 = FILL_AREA_STYLE('',(#11037));
#11037 = FILL_AREA_STYLE_COLOUR('',#10722);
#11038 = CURVE_STYLE('',#11039,POSITIVE_LENGTH_MEASURE(0.1),#10722);
#11039 = DRAUGHTING_PRE_DEFINED_CURVE_FONT('continuous');
#11040 = STYLED_ITEM('color',(#11041),#1325);
#11041 = PRESENTATION_STYLE_ASSIGNMENT((#11042,#11047));
#11042 = SURFACE_STYLE_USAGE(.BOTH.,#11043);
#11043 = SURFACE_SIDE_STYLE('',(#11044));
#11044 = SURFACE_STYLE_FILL_AREA(#11045);
#11045 = FILL_AREA_STYLE('',(#11046));
#11046 = FILL_AREA_STYLE_COLOUR('',#10722);
#11047 = CURVE_STYLE('',#11048,POSITIVE_LENGTH_MEASURE(0.1),#10722);
#11048 = DRAUGHTING_PRE_DEFINED_CURVE_FONT('continuous');
#11049 = STYLED_ITEM('color',(#11050),#1348);
#11050 = PRESENTATION_STYLE_ASSIGNMENT((#11051,#11056));
#11051 = SURFACE_STYLE_USAGE(.BOTH.,#11052);
#11052 = SURFACE_SIDE_STYLE('',(#11053));
#11053 = SURFACE_STYLE_FILL_AREA(#11054);
#11054 = FILL_AREA_STYLE('',(#11055));
#11055 = FILL_AREA_STYLE_COLOUR('',#10722);
#11056 = CURVE_STYLE('',#11057,POSITIVE_LENGTH_MEASURE(0.1),#10722);
#11057 = DRAUGHTING_PRE_DEFINED_CURVE_FONT('continuous');
#11058 = STYLED_ITEM('color',(#11059),#1371);
#11059 = PRESENTATION_STYLE_ASSIGNMENT((#11060,#11065));
#11060 = SURFACE_STYLE_USAGE(.BOTH.,#11061);
#11061 = SURFACE_SIDE_STYLE('',(#11062));
#11062 = SURFACE_STYLE_FILL_AREA(#11063);
#11063 = FILL_AREA_STYLE('',(#11064));
#11064 = FILL_AREA_STYLE_COLOUR('',#10722);
#11065 = CURVE_STYLE('',#11066,POSITIVE_LENGTH_MEASURE(0.1),#10722);
#11066 = DRAUGHTING_PRE_DEFINED_CURVE_FONT('continuous');
#11067 = STYLED_ITEM('color',(#11068),#1394);
#11068 = PRESENTATION_STYLE_ASSIGNMENT((#11069,#11074));
#11069 = SURFACE_STYLE_USAGE(.BOTH.,#11070);
#11070 = SURFACE_SIDE_STYLE('',(#11071));
#11071 = SURFACE_STYLE_FILL_AREA(#11072);
#11072 = FILL_AREA_STYLE('',(#11073));
#11073 = FILL_AREA_STYLE_COLOUR('',#10722);
#11074 = CURVE_STYLE('',#11075,POSITIVE_LENGTH_MEASURE(0.1),#10722);
#11075 = DRAUGHTING_PRE_DEFINED_CURVE_FONT('continuous');
#11076 = STYLED_ITEM('color',(#11077),#1481);
#11077 = PRESENTATION_STYLE_ASSIGNMENT((#11078,#11083));
#11078 = SURFACE_STYLE_USAGE(.BOTH.,#11079);
#11079 = SURFACE_SIDE_STYLE('',(#11080));
#11080 = SURFACE_STYLE_FILL_AREA(#11081);
#11081 = FILL_AREA_STYLE('',(#11082));
#11082 = FILL_AREA_STYLE_COLOUR('',#10123);
#11083 = CURVE_STYLE('',#11084,POSITIVE_LENGTH_MEASURE(0.1),#10123);
#11084 = DRAUGHTING_PRE_DEFINED_CURVE_FONT('continuous');
#11085 = STYLED_ITEM('color',(#11086),#1519);
#11086 = PRESENTATION_STYLE_ASSIGNMENT((#11087,#11092));
#11087 = SURFACE_STYLE_USAGE(.BOTH.,#11088);
#11088 = SURFACE_SIDE_STYLE('',(#11089));
#11089 = SURFACE_STYLE_FILL_AREA(#11090);
#11090 = FILL_AREA_STYLE('',(#11091));
#11091 = FILL_AREA_STYLE_COLOUR('',#10722);
#11092 = CURVE_STYLE('',#11093,POSITIVE_LENGTH_MEASURE(0.1),#10722);
#11093 = DRAUGHTING_PRE_DEFINED_CURVE_FONT('continuous');
#11094 = STYLED_ITEM('color',(#11095),#1568);
#11095 = PRESENTATION_STYLE_ASSIGNMENT((#11096,#11101));
#11096 = SURFACE_STYLE_USAGE(.BOTH.,#11097);
#11097 = SURFACE_SIDE_STYLE('',(#11098));
#11098 = SURFACE_STYLE_FILL_AREA(#11099);
#11099 = FILL_AREA_STYLE('',(#11100));
#11100 = FILL_AREA_STYLE_COLOUR('',#10123);
#11101 = CURVE_STYLE('',#11102,POSITIVE_LENGTH_MEASURE(0.1),#10123);
#11102 = DRAUGHTING_PRE_DEFINED_CURVE_FONT('continuous');
#11103 = STYLED_ITEM('color',(#11104),#1660);
#11104 = PRESENTATION_STYLE_ASSIGNMENT((#11105,#11110));
#11105 = SURFACE_STYLE_USAGE(.BOTH.,#11106);
#11106 = SURFACE_SIDE_STYLE('',(#11107));
#11107 = SURFACE_STYLE_FILL_AREA(#11108);
#11108 = FILL_AREA_STYLE('',(#11109));
#11109 = FILL_AREA_STYLE_COLOUR('',#10123);
#11110 = CURVE_STYLE('',#11111,POSITIVE_LENGTH_MEASURE(0.1),#10123);
#11111 = DRAUGHTING_PRE_DEFINED_CURVE_FONT('continuous');
#11112 = STYLED_ITEM('color',(#11113),#1685);
#11113 = PRESENTATION_STYLE_ASSIGNMENT((#11114,#11119));
#11114 = SURFACE_STYLE_USAGE(.BOTH.,#11115);
#11115 = SURFACE_SIDE_STYLE('',(#11116));
#11116 = SURFACE_STYLE_FILL_AREA(#11117);
#11117 = FILL_AREA_STYLE('',(#11118));
#11118 = FILL_AREA_STYLE_COLOUR('',#10123);
#11119 = CURVE_STYLE('',#11120,POSITIVE_LENGTH_MEASURE(0.1),#10123);
#11120 = DRAUGHTING_PRE_DEFINED_CURVE_FONT('continuous');
#11121 = STYLED_ITEM('color',(#11122),#1769);
#11122 = PRESENTATION_STYLE_ASSIGNMENT((#11123,#11128));
#11123 = SURFACE_STYLE_USAGE(.BOTH.,#11124);
#11124 = SURFACE_SIDE_STYLE('',(#11125));
#11125 = SURFACE_STYLE_FILL_AREA(#11126);
#11126 = FILL_AREA_STYLE('',(#11127));
#11127 = FILL_AREA_STYLE_COLOUR('',#10722);
#11128 = CURVE_STYLE('',#11129,POSITIVE_LENGTH_MEASURE(0.1),#10722);
#11129 = DRAUGHTING_PRE_DEFINED_CURVE_FONT('continuous');
#11130 = STYLED_ITEM('color',(#11131),#1791);
#11131 = PRESENTATION_STYLE_ASSIGNMENT((#11132,#11137));
#11132 = SURFACE_STYLE_USAGE(.BOTH.,#11133);
#11133 = SURFACE_SIDE_STYLE('',(#11134));
#11134 = SURFACE_STYLE_FILL_AREA(#11135);
#11135 = FILL_AREA_STYLE('',(#11136));
#11136 = FILL_AREA_STYLE_COLOUR('',#10123);
#11137 = CURVE_STYLE('',#11138,POSITIVE_LENGTH_MEASURE(0.1),#10123);
#11138 = DRAUGHTING_PRE_DEFINED_CURVE_FONT('continuous');
#11139 = STYLED_ITEM('color',(#11140),#1883);
#11140 = PRESENTATION_STYLE_ASSIGNMENT((#11141,#11146));
#11141 = SURFACE_STYLE_USAGE(.BOTH.,#11142);
#11142 = SURFACE_SIDE_STYLE('',(#11143));
#11143 = SURFACE_STYLE_FILL_AREA(#11144);
#11144 = FILL_AREA_STYLE('',(#11145));
#11145 = FILL_AREA_STYLE_COLOUR('',#10123);
#11146 = CURVE_STYLE('',#11147,POSITIVE_LENGTH_MEASURE(0.1),#10123);
#11147 = DRAUGHTING_PRE_DEFINED_CURVE_FONT('continuous');
#11148 = STYLED_ITEM('color',(#11149),#1908);
#11149 = PRESENTATION_STYLE_ASSIGNMENT((#11150,#11155));
#11150 = SURFACE_STYLE_USAGE(.BOTH.,#11151);
#11151 = SURFACE_SIDE_STYLE('',(#11152));
#11152 = SURFACE_STYLE_FILL_AREA(#11153);
#11153 = FILL_AREA_STYLE('',(#11154));
#11154 = FILL_AREA_STYLE_COLOUR('',#10123);
#11155 = CURVE_STYLE('',#11156,POSITIVE_LENGTH_MEASURE(0.1),#10123);
#11156 = DRAUGHTING_PRE_DEFINED_CURVE_FONT('continuous');
#11157 = STYLED_ITEM('color',(#11158),#1992);
#11158 = PRESENTATION_STYLE_ASSIGNMENT((#11159,#11164));
#11159 = SURFACE_STYLE_USAGE(.BOTH.,#11160);
#11160 = SURFACE_SIDE_STYLE('',(#11161));
#11161 = SURFACE_STYLE_FILL_AREA(#11162);
#11162 = FILL_AREA_STYLE('',(#11163));
#11163 = FILL_AREA_STYLE_COLOUR('',#10722);
#11164 = CURVE_STYLE('',#11165,POSITIVE_LENGTH_MEASURE(0.1),#10722);
#11165 = DRAUGHTING_PRE_DEFINED_CURVE_FONT('continuous');
#11166 = STYLED_ITEM('color',(#11167),#2014);
#11167 = PRESENTATION_STYLE_ASSIGNMENT((#11168,#11173));
#11168 = SURFACE_STYLE_USAGE(.BOTH.,#11169);
#11169 = SURFACE_SIDE_STYLE('',(#11170));
#11170 = SURFACE_STYLE_FILL_AREA(#11171);
#11171 = FILL_AREA_STYLE('',(#11172));
#11172 = FILL_AREA_STYLE_COLOUR('',#10123);
#11173 = CURVE_STYLE('',#11174,POSITIVE_LENGTH_MEASURE(0.1),#10123);
#11174 = DRAUGHTING_PRE_DEFINED_CURVE_FONT('continuous');
#11175 = STYLED_ITEM('color',(#11176),#2106);
#11176 = PRESENTATION_STYLE_ASSIGNMENT((#11177,#11182));
#11177 = SURFACE_STYLE_USAGE(.BOTH.,#11178);
#11178 = SURFACE_SIDE_STYLE('',(#11179));
#11179 = SURFACE_STYLE_FILL_AREA(#11180);
#11180 = FILL_AREA_STYLE('',(#11181));
#11181 = FILL_AREA_STYLE_COLOUR('',#10123);
#11182 = CURVE_STYLE('',#11183,POSITIVE_LENGTH_MEASURE(0.1),#10123);
#11183 = DRAUGHTING_PRE_DEFINED_CURVE_FONT('continuous');
#11184 = STYLED_ITEM('color',(#11185),#2131);
#11185 = PRESENTATION_STYLE_ASSIGNMENT((#11186,#11191));
#11186 = SURFACE_STYLE_USAGE(.BOTH.,#11187);
#11187 = SURFACE_SIDE_STYLE('',(#11188));
#11188 = SURFACE_STYLE_FILL_AREA(#11189);
#11189 = FILL_AREA_STYLE('',(#11190));
#11190 = FILL_AREA_STYLE_COLOUR('',#10123);
#11191 = CURVE_STYLE('',#11192,POSITIVE_LENGTH_MEASURE(0.1),#10123);
#11192 = DRAUGHTING_PRE_DEFINED_CURVE_FONT('continuous');
#11193 = STYLED_ITEM('color',(#11194),#2215);
#11194 = PRESENTATION_STYLE_ASSIGNMENT((#11195,#11200));
#11195 = SURFACE_STYLE_USAGE(.BOTH.,#11196);
#11196 = SURFACE_SIDE_STYLE('',(#11197));
#11197 = SURFACE_STYLE_FILL_AREA(#11198);
#11198 = FILL_AREA_STYLE('',(#11199));
#11199 = FILL_AREA_STYLE_COLOUR('',#10722);
#11200 = CURVE_STYLE('',#11201,POSITIVE_LENGTH_MEASURE(0.1),#10722);
#11201 = DRAUGHTING_PRE_DEFINED_CURVE_FONT('continuous');
#11202 = STYLED_ITEM('color',(#11203),#2232);
#11203 = PRESENTATION_STYLE_ASSIGNMENT((#11204,#11209));
#11204 = SURFACE_STYLE_USAGE(.BOTH.,#11205);
#11205 = SURFACE_SIDE_STYLE('',(#11206));
#11206 = SURFACE_STYLE_FILL_AREA(#11207);
#11207 = FILL_AREA_STYLE('',(#11208));
#11208 = FILL_AREA_STYLE_COLOUR('',#10123);
#11209 = CURVE_STYLE('',#11210,POSITIVE_LENGTH_MEASURE(0.1),#10123);
#11210 = DRAUGHTING_PRE_DEFINED_CURVE_FONT('continuous');
#11211 = STYLED_ITEM('color',(#11212),#2317);
#11212 = PRESENTATION_STYLE_ASSIGNMENT((#11213,#11218));
#11213 = SURFACE_STYLE_USAGE(.BOTH.,#11214);
#11214 = SURFACE_SIDE_STYLE('',(#11215));
#11215 = SURFACE_STYLE_FILL_AREA(#11216);
#11216 = FILL_AREA_STYLE('',(#11217));
#11217 = FILL_AREA_STYLE_COLOUR('',#10123);
#11218 = CURVE_STYLE('',#11219,POSITIVE_LENGTH_MEASURE(0.1),#10123);
#11219 = DRAUGHTING_PRE_DEFINED_CURVE_FONT('continuous');
#11220 = STYLED_ITEM('color',(#11221),#2342);
#11221 = PRESENTATION_STYLE_ASSIGNMENT((#11222,#11227));
#11222 = SURFACE_STYLE_USAGE(.BOTH.,#11223);
#11223 = SURFACE_SIDE_STYLE('',(#11224));
#11224 = SURFACE_STYLE_FILL_AREA(#11225);
#11225 = FILL_AREA_STYLE('',(#11226));
#11226 = FILL_AREA_STYLE_COLOUR('',#10123);
#11227 = CURVE_STYLE('',#11228,POSITIVE_LENGTH_MEASURE(0.1),#10123);
#11228 = DRAUGHTING_PRE_DEFINED_CURVE_FONT('continuous');
#11229 = STYLED_ITEM('color',(#11230),#2419);
#11230 = PRESENTATION_STYLE_ASSIGNMENT((#11231,#11236));
#11231 = SURFACE_STYLE_USAGE(.BOTH.,#11232);
#11232 = SURFACE_SIDE_STYLE('',(#11233));
#11233 = SURFACE_STYLE_FILL_AREA(#11234);
#11234 = FILL_AREA_STYLE('',(#11235));
#11235 = FILL_AREA_STYLE_COLOUR('',#10123);
#11236 = CURVE_STYLE('',#11237,POSITIVE_LENGTH_MEASURE(0.1),#10123);
#11237 = DRAUGHTING_PRE_DEFINED_CURVE_FONT('continuous');
#11238 = STYLED_ITEM('color',(#11239),#2504);
#11239 = PRESENTATION_STYLE_ASSIGNMENT((#11240,#11245));
#11240 = SURFACE_STYLE_USAGE(.BOTH.,#11241);
#11241 = SURFACE_SIDE_STYLE('',(#11242));
#11242 = SURFACE_STYLE_FILL_AREA(#11243);
#11243 = FILL_AREA_STYLE('',(#11244));
#11244 = FILL_AREA_STYLE_COLOUR('',#10123);
#11245 = CURVE_STYLE('',#11246,POSITIVE_LENGTH_MEASURE(0.1),#10123);
#11246 = DRAUGHTING_PRE_DEFINED_CURVE_FONT('continuous');
#11247 = STYLED_ITEM('color',(#11248),#2529);
#11248 = PRESENTATION_STYLE_ASSIGNMENT((#11249,#11254));
#11249 = SURFACE_STYLE_USAGE(.BOTH.,#11250);
#11250 = SURFACE_SIDE_STYLE('',(#11251));
#11251 = SURFACE_STYLE_FILL_AREA(#11252);
#11252 = FILL_AREA_STYLE('',(#11253));
#11253 = FILL_AREA_STYLE_COLOUR('',#10123);
#11254 = CURVE_STYLE('',#11255,POSITIVE_LENGTH_MEASURE(0.1),#10123);
#11255 = DRAUGHTING_PRE_DEFINED_CURVE_FONT('continuous');
#11256 = STYLED_ITEM('color',(#11257),#2606);
#11257 = PRESENTATION_STYLE_ASSIGNMENT((#11258,#11263));
#11258 = SURFACE_STYLE_USAGE(.BOTH.,#11259);
#11259 = SURFACE_SIDE_STYLE('',(#11260));
#11260 = SURFACE_STYLE_FILL_AREA(#11261);
#11261 = FILL_AREA_STYLE('',(#11262));
#11262 = FILL_AREA_STYLE_COLOUR('',#10722);
#11263 = CURVE_STYLE('',#11264,POSITIVE_LENGTH_MEASURE(0.1),#10722);
#11264 = DRAUGHTING_PRE_DEFINED_CURVE_FONT('continuous');
#11265 = STYLED_ITEM('color',(#11266),#2623);
#11266 = PRESENTATION_STYLE_ASSIGNMENT((#11267,#11272));
#11267 = SURFACE_STYLE_USAGE(.BOTH.,#11268);
#11268 = SURFACE_SIDE_STYLE('',(#11269));
#11269 = SURFACE_STYLE_FILL_AREA(#11270);
#11270 = FILL_AREA_STYLE('',(#11271));
#11271 = FILL_AREA_STYLE_COLOUR('',#10123);
#11272 = CURVE_STYLE('',#11273,POSITIVE_LENGTH_MEASURE(0.1),#10123);
#11273 = DRAUGHTING_PRE_DEFINED_CURVE_FONT('continuous');
#11274 = STYLED_ITEM('color',(#11275),#2715);
#11275 = PRESENTATION_STYLE_ASSIGNMENT((#11276,#11281));
#11276 = SURFACE_STYLE_USAGE(.BOTH.,#11277);
#11277 = SURFACE_SIDE_STYLE('',(#11278));
#11278 = SURFACE_STYLE_FILL_AREA(#11279);
#11279 = FILL_AREA_STYLE('',(#11280));
#11280 = FILL_AREA_STYLE_COLOUR('',#10123);
#11281 = CURVE_STYLE('',#11282,POSITIVE_LENGTH_MEASURE(0.1),#10123);
#11282 = DRAUGHTING_PRE_DEFINED_CURVE_FONT('continuous');
#11283 = STYLED_ITEM('color',(#11284),#2740);
#11284 = PRESENTATION_STYLE_ASSIGNMENT((#11285,#11290));
#11285 = SURFACE_STYLE_USAGE(.BOTH.,#11286);
#11286 = SURFACE_SIDE_STYLE('',(#11287));
#11287 = SURFACE_STYLE_FILL_AREA(#11288);
#11288 = FILL_AREA_STYLE('',(#11289));
#11289 = FILL_AREA_STYLE_COLOUR('',#10123);
#11290 = CURVE_STYLE('',#11291,POSITIVE_LENGTH_MEASURE(0.1),#10123);
#11291 = DRAUGHTING_PRE_DEFINED_CURVE_FONT('continuous');
#11292 = STYLED_ITEM('color',(#11293),#2824);
#11293 = PRESENTATION_STYLE_ASSIGNMENT((#11294,#11299));
#11294 = SURFACE_STYLE_USAGE(.BOTH.,#11295);
#11295 = SURFACE_SIDE_STYLE('',(#11296));
#11296 = SURFACE_STYLE_FILL_AREA(#11297);
#11297 = FILL_AREA_STYLE('',(#11298));
#11298 = FILL_AREA_STYLE_COLOUR('',#10722);
#11299 = CURVE_STYLE('',#11300,POSITIVE_LENGTH_MEASURE(0.1),#10722);
#11300 = DRAUGHTING_PRE_DEFINED_CURVE_FONT('continuous');
#11301 = STYLED_ITEM('color',(#11302),#2846);
#11302 = PRESENTATION_STYLE_ASSIGNMENT((#11303,#11308));
#11303 = SURFACE_STYLE_USAGE(.BOTH.,#11304);
#11304 = SURFACE_SIDE_STYLE('',(#11305));
#11305 = SURFACE_STYLE_FILL_AREA(#11306);
#11306 = FILL_AREA_STYLE('',(#11307));
#11307 = FILL_AREA_STYLE_COLOUR('',#10123);
#11308 = CURVE_STYLE('',#11309,POSITIVE_LENGTH_MEASURE(0.1),#10123);
#11309 = DRAUGHTING_PRE_DEFINED_CURVE_FONT('continuous');
#11310 = STYLED_ITEM('color',(#11311),#2938);
#11311 = PRESENTATION_STYLE_ASSIGNMENT((#11312,#11317));
#11312 = SURFACE_STYLE_USAGE(.BOTH.,#11313);
#11313 = SURFACE_SIDE_STYLE('',(#11314));
#11314 = SURFACE_STYLE_FILL_AREA(#11315);
#11315 = FILL_AREA_STYLE('',(#11316));
#11316 = FILL_AREA_STYLE_COLOUR('',#10123);
#11317 = CURVE_STYLE('',#11318,POSITIVE_LENGTH_MEASURE(0.1),#10123);
#11318 = DRAUGHTING_PRE_DEFINED_CURVE_FONT('continuous');
#11319 = STYLED_ITEM('color',(#11320),#2963);
#11320 = PRESENTATION_STYLE_ASSIGNMENT((#11321,#11326));
#11321 = SURFACE_STYLE_USAGE(.BOTH.,#11322);
#11322 = SURFACE_SIDE_STYLE('',(#11323));
#11323 = SURFACE_STYLE_FILL_AREA(#11324);
#11324 = FILL_AREA_STYLE('',(#11325));
#11325 = FILL_AREA_STYLE_COLOUR('',#10123);
#11326 = CURVE_STYLE('',#11327,POSITIVE_LENGTH_MEASURE(0.1),#10123);
#11327 = DRAUGHTING_PRE_DEFINED_CURVE_FONT('continuous');
#11328 = STYLED_ITEM('color',(#11329),#3047);
#11329 = PRESENTATION_STYLE_ASSIGNMENT((#11330,#11335));
#11330 = SURFACE_STYLE_USAGE(.BOTH.,#11331);
#11331 = SURFACE_SIDE_STYLE('',(#11332));
#11332 = SURFACE_STYLE_FILL_AREA(#11333);
#11333 = FILL_AREA_STYLE('',(#11334));
#11334 = FILL_AREA_STYLE_COLOUR('',#10722);
#11335 = CURVE_STYLE('',#11336,POSITIVE_LENGTH_MEASURE(0.1),#10722);
#11336 = DRAUGHTING_PRE_DEFINED_CURVE_FONT('continuous');
#11337 = STYLED_ITEM('color',(#11338),#3069);
#11338 = PRESENTATION_STYLE_ASSIGNMENT((#11339,#11344));
#11339 = SURFACE_STYLE_USAGE(.BOTH.,#11340);
#11340 = SURFACE_SIDE_STYLE('',(#11341));
#11341 = SURFACE_STYLE_FILL_AREA(#11342);
#11342 = FILL_AREA_STYLE('',(#11343));
#11343 = FILL_AREA_STYLE_COLOUR('',#10123);
#11344 = CURVE_STYLE('',#11345,POSITIVE_LENGTH_MEASURE(0.1),#10123);
#11345 = DRAUGHTING_PRE_DEFINED_CURVE_FONT('continuous');
#11346 = STYLED_ITEM('color',(#11347),#3161);
#11347 = PRESENTATION_STYLE_ASSIGNMENT((#11348,#11353));
#11348 = SURFACE_STYLE_USAGE(.BOTH.,#11349);
#11349 = SURFACE_SIDE_STYLE('',(#11350));
#11350 = SURFACE_STYLE_FILL_AREA(#11351);
#11351 = FILL_AREA_STYLE('',(#11352));
#11352 = FILL_AREA_STYLE_COLOUR('',#10123);
#11353 = CURVE_STYLE('',#11354,POSITIVE_LENGTH_MEASURE(0.1),#10123);
#11354 = DRAUGHTING_PRE_DEFINED_CURVE_FONT('continuous');
#11355 = STYLED_ITEM('color',(#11356),#3186);
#11356 = PRESENTATION_STYLE_ASSIGNMENT((#11357,#11362));
#11357 = SURFACE_STYLE_USAGE(.BOTH.,#11358);
#11358 = SURFACE_SIDE_STYLE('',(#11359));
#11359 = SURFACE_STYLE_FILL_AREA(#11360);
#11360 = FILL_AREA_STYLE('',(#11361));
#11361 = FILL_AREA_STYLE_COLOUR('',#10123);
#11362 = CURVE_STYLE('',#11363,POSITIVE_LENGTH_MEASURE(0.1),#10123);
#11363 = DRAUGHTING_PRE_DEFINED_CURVE_FONT('continuous');
#11364 = STYLED_ITEM('color',(#11365),#3270);
#11365 = PRESENTATION_STYLE_ASSIGNMENT((#11366,#11371));
#11366 = SURFACE_STYLE_USAGE(.BOTH.,#11367);
#11367 = SURFACE_SIDE_STYLE('',(#11368));
#11368 = SURFACE_STYLE_FILL_AREA(#11369);
#11369 = FILL_AREA_STYLE('',(#11370));
#11370 = FILL_AREA_STYLE_COLOUR('',#10123);
#11371 = CURVE_STYLE('',#11372,POSITIVE_LENGTH_MEASURE(0.1),#10123);
#11372 = DRAUGHTING_PRE_DEFINED_CURVE_FONT('continuous');
#11373 = STYLED_ITEM('color',(#11374),#3287);
#11374 = PRESENTATION_STYLE_ASSIGNMENT((#11375,#11380));
#11375 = SURFACE_STYLE_USAGE(.BOTH.,#11376);
#11376 = SURFACE_SIDE_STYLE('',(#11377));
#11377 = SURFACE_STYLE_FILL_AREA(#11378);
#11378 = FILL_AREA_STYLE('',(#11379));
#11379 = FILL_AREA_STYLE_COLOUR('',#10123);
#11380 = CURVE_STYLE('',#11381,POSITIVE_LENGTH_MEASURE(0.1),#10123);
#11381 = DRAUGHTING_PRE_DEFINED_CURVE_FONT('continuous');
#11382 = STYLED_ITEM('color',(#11383),#3306);
#11383 = PRESENTATION_STYLE_ASSIGNMENT((#11384,#11389));
#11384 = SURFACE_STYLE_USAGE(.BOTH.,#11385);
#11385 = SURFACE_SIDE_STYLE('',(#11386));
#11386 = SURFACE_STYLE_FILL_AREA(#11387);
#11387 = FILL_AREA_STYLE('',(#11388));
#11388 = FILL_AREA_STYLE_COLOUR('',#10123);
#11389 = CURVE_STYLE('',#11390,POSITIVE_LENGTH_MEASURE(0.1),#10123);
#11390 = DRAUGHTING_PRE_DEFINED_CURVE_FONT('continuous');
#11391 = STYLED_ITEM('color',(#11392),#3325);
#11392 = PRESENTATION_STYLE_ASSIGNMENT((#11393,#11398));
#11393 = SURFACE_STYLE_USAGE(.BOTH.,#11394);
#11394 = SURFACE_SIDE_STYLE('',(#11395));
#11395 = SURFACE_STYLE_FILL_AREA(#11396);
#11396 = FILL_AREA_STYLE('',(#11397));
#11397 = FILL_AREA_STYLE_COLOUR('',#10123);
#11398 = CURVE_STYLE('',#11399,POSITIVE_LENGTH_MEASURE(0.1),#10123);
#11399 = DRAUGHTING_PRE_DEFINED_CURVE_FONT('continuous');
#11400 = STYLED_ITEM('color',(#11401),#3344);
#11401 = PRESENTATION_STYLE_ASSIGNMENT((#11402,#11407));
#11402 = SURFACE_STYLE_USAGE(.BOTH.,#11403);
#11403 = SURFACE_SIDE_STYLE('',(#11404));
#11404 = SURFACE_STYLE_FILL_AREA(#11405);
#11405 = FILL_AREA_STYLE('',(#11406));
#11406 = FILL_AREA_STYLE_COLOUR('',#10722);
#11407 = CURVE_STYLE('',#11408,POSITIVE_LENGTH_MEASURE(0.1),#10722);
#11408 = DRAUGHTING_PRE_DEFINED_CURVE_FONT('continuous');
#11409 = STYLED_ITEM('color',(#11410),#3390);
#11410 = PRESENTATION_STYLE_ASSIGNMENT((#11411,#11416));
#11411 = SURFACE_STYLE_USAGE(.BOTH.,#11412);
#11412 = SURFACE_SIDE_STYLE('',(#11413));
#11413 = SURFACE_STYLE_FILL_AREA(#11414);
#11414 = FILL_AREA_STYLE('',(#11415));
#11415 = FILL_AREA_STYLE_COLOUR('',#10722);
#11416 = CURVE_STYLE('',#11417,POSITIVE_LENGTH_MEASURE(0.1),#10722);
#11417 = DRAUGHTING_PRE_DEFINED_CURVE_FONT('continuous');
#11418 = STYLED_ITEM('color',(#11419),#3406);
#11419 = PRESENTATION_STYLE_ASSIGNMENT((#11420,#11425));
#11420 = SURFACE_STYLE_USAGE(.BOTH.,#11421);
#11421 = SURFACE_SIDE_STYLE('',(#11422));
#11422 = SURFACE_STYLE_FILL_AREA(#11423);
#11423 = FILL_AREA_STYLE('',(#11424));
#11424 = FILL_AREA_STYLE_COLOUR('',#10123);
#11425 = CURVE_STYLE('',#11426,POSITIVE_LENGTH_MEASURE(0.1),#10123);
#11426 = DRAUGHTING_PRE_DEFINED_CURVE_FONT('continuous');
#11427 = STYLED_ITEM('color',(#11428),#3425);
#11428 = PRESENTATION_STYLE_ASSIGNMENT((#11429,#11434));
#11429 = SURFACE_STYLE_USAGE(.BOTH.,#11430);
#11430 = SURFACE_SIDE_STYLE('',(#11431));
#11431 = SURFACE_STYLE_FILL_AREA(#11432);
#11432 = FILL_AREA_STYLE('',(#11433));
#11433 = FILL_AREA_STYLE_COLOUR('',#10123);
#11434 = CURVE_STYLE('',#11435,POSITIVE_LENGTH_MEASURE(0.1),#10123);
#11435 = DRAUGHTING_PRE_DEFINED_CURVE_FONT('continuous');
#11436 = STYLED_ITEM('color',(#11437),#3444);
#11437 = PRESENTATION_STYLE_ASSIGNMENT((#11438,#11443));
#11438 = SURFACE_STYLE_USAGE(.BOTH.,#11439);
#11439 = SURFACE_SIDE_STYLE('',(#11440));
#11440 = SURFACE_STYLE_FILL_AREA(#11441);
#11441 = FILL_AREA_STYLE('',(#11442));
#11442 = FILL_AREA_STYLE_COLOUR('',#10123);
#11443 = CURVE_STYLE('',#11444,POSITIVE_LENGTH_MEASURE(0.1),#10123);
#11444 = DRAUGHTING_PRE_DEFINED_CURVE_FONT('continuous');
#11445 = STYLED_ITEM('color',(#11446),#3463);
#11446 = PRESENTATION_STYLE_ASSIGNMENT((#11447,#11452));
#11447 = SURFACE_STYLE_USAGE(.BOTH.,#11448);
#11448 = SURFACE_SIDE_STYLE('',(#11449));
#11449 = SURFACE_STYLE_FILL_AREA(#11450);
#11450 = FILL_AREA_STYLE('',(#11451));
#11451 = FILL_AREA_STYLE_COLOUR('',#10722);
#11452 = CURVE_STYLE('',#11453,POSITIVE_LENGTH_MEASURE(0.1),#10722);
#11453 = DRAUGHTING_PRE_DEFINED_CURVE_FONT('continuous');
#11454 = STYLED_ITEM('color',(#11455),#3479);
#11455 = PRESENTATION_STYLE_ASSIGNMENT((#11456,#11461));
#11456 = SURFACE_STYLE_USAGE(.BOTH.,#11457);
#11457 = SURFACE_SIDE_STYLE('',(#11458));
#11458 = SURFACE_STYLE_FILL_AREA(#11459);
#11459 = FILL_AREA_STYLE('',(#11460));
#11460 = FILL_AREA_STYLE_COLOUR('',#10123);
#11461 = CURVE_STYLE('',#11462,POSITIVE_LENGTH_MEASURE(0.1),#10123);
#11462 = DRAUGHTING_PRE_DEFINED_CURVE_FONT('continuous');
#11463 = STYLED_ITEM('color',(#11464),#3496);
#11464 = PRESENTATION_STYLE_ASSIGNMENT((#11465,#11470));
#11465 = SURFACE_STYLE_USAGE(.BOTH.,#11466);
#11466 = SURFACE_SIDE_STYLE('',(#11467));
#11467 = SURFACE_STYLE_FILL_AREA(#11468);
#11468 = FILL_AREA_STYLE('',(#11469));
#11469 = FILL_AREA_STYLE_COLOUR('',#10722);
#11470 = CURVE_STYLE('',#11471,POSITIVE_LENGTH_MEASURE(0.1),#10722);
#11471 = DRAUGHTING_PRE_DEFINED_CURVE_FONT('continuous');
#11472 = STYLED_ITEM('color',(#11473),#3508);
#11473 = PRESENTATION_STYLE_ASSIGNMENT((#11474,#11479));
#11474 = SURFACE_STYLE_USAGE(.BOTH.,#11475);
#11475 = SURFACE_SIDE_STYLE('',(#11476));
#11476 = SURFACE_STYLE_FILL_AREA(#11477);
#11477 = FILL_AREA_STYLE('',(#11478));
#11478 = FILL_AREA_STYLE_COLOUR('',#10123);
#11479 = CURVE_STYLE('',#11480,POSITIVE_LENGTH_MEASURE(0.1),#10123);
#11480 = DRAUGHTING_PRE_DEFINED_CURVE_FONT('continuous');
#11481 = STYLED_ITEM('color',(#11482),#3525);
#11482 = PRESENTATION_STYLE_ASSIGNMENT((#11483,#11488));
#11483 = SURFACE_STYLE_USAGE(.BOTH.,#11484);
#11484 = SURFACE_SIDE_STYLE('',(#11485));
#11485 = SURFACE_STYLE_FILL_AREA(#11486);
#11486 = FILL_AREA_STYLE('',(#11487));
#11487 = FILL_AREA_STYLE_COLOUR('',#10123);
#11488 = CURVE_STYLE('',#11489,POSITIVE_LENGTH_MEASURE(0.1),#10123);
#11489 = DRAUGHTING_PRE_DEFINED_CURVE_FONT('continuous');
#11490 = STYLED_ITEM('color',(#11491),#3542);
#11491 = PRESENTATION_STYLE_ASSIGNMENT((#11492,#11497));
#11492 = SURFACE_STYLE_USAGE(.BOTH.,#11493);
#11493 = SURFACE_SIDE_STYLE('',(#11494));
#11494 = SURFACE_STYLE_FILL_AREA(#11495);
#11495 = FILL_AREA_STYLE('',(#11496));
#11496 = FILL_AREA_STYLE_COLOUR('',#10123);
#11497 = CURVE_STYLE('',#11498,POSITIVE_LENGTH_MEASURE(0.1),#10123);
#11498 = DRAUGHTING_PRE_DEFINED_CURVE_FONT('continuous');
#11499 = STYLED_ITEM('color',(#11500),#3559);
#11500 = PRESENTATION_STYLE_ASSIGNMENT((#11501,#11506));
#11501 = SURFACE_STYLE_USAGE(.BOTH.,#11502);
#11502 = SURFACE_SIDE_STYLE('',(#11503));
#11503 = SURFACE_STYLE_FILL_AREA(#11504);
#11504 = FILL_AREA_STYLE('',(#11505));
#11505 = FILL_AREA_STYLE_COLOUR('',#10123);
#11506 = CURVE_STYLE('',#11507,POSITIVE_LENGTH_MEASURE(0.1),#10123);
#11507 = DRAUGHTING_PRE_DEFINED_CURVE_FONT('continuous');
#11508 = STYLED_ITEM('color',(#11509),#3576);
#11509 = PRESENTATION_STYLE_ASSIGNMENT((#11510,#11515));
#11510 = SURFACE_STYLE_USAGE(.BOTH.,#11511);
#11511 = SURFACE_SIDE_STYLE('',(#11512));
#11512 = SURFACE_STYLE_FILL_AREA(#11513);
#11513 = FILL_AREA_STYLE('',(#11514));
#11514 = FILL_AREA_STYLE_COLOUR('',#10123);
#11515 = CURVE_STYLE('',#11516,POSITIVE_LENGTH_MEASURE(0.1),#10123);
#11516 = DRAUGHTING_PRE_DEFINED_CURVE_FONT('continuous');
#11517 = STYLED_ITEM('color',(#11518),#3593);
#11518 = PRESENTATION_STYLE_ASSIGNMENT((#11519,#11524));
#11519 = SURFACE_STYLE_USAGE(.BOTH.,#11520);
#11520 = SURFACE_SIDE_STYLE('',(#11521));
#11521 = SURFACE_STYLE_FILL_AREA(#11522);
#11522 = FILL_AREA_STYLE('',(#11523));
#11523 = FILL_AREA_STYLE_COLOUR('',#10123);
#11524 = CURVE_STYLE('',#11525,POSITIVE_LENGTH_MEASURE(0.1),#10123);
#11525 = DRAUGHTING_PRE_DEFINED_CURVE_FONT('continuous');
#11526 = STYLED_ITEM('color',(#11527),#3610);
#11527 = PRESENTATION_STYLE_ASSIGNMENT((#11528,#11533));
#11528 = SURFACE_STYLE_USAGE(.BOTH.,#11529);
#11529 = SURFACE_SIDE_STYLE('',(#11530));
#11530 = SURFACE_STYLE_FILL_AREA(#11531);
#11531 = FILL_AREA_STYLE('',(#11532));
#11532 = FILL_AREA_STYLE_COLOUR('',#10123);
#11533 = CURVE_STYLE('',#11534,POSITIVE_LENGTH_MEASURE(0.1),#10123);
#11534 = DRAUGHTING_PRE_DEFINED_CURVE_FONT('continuous');
#11535 = STYLED_ITEM('color',(#11536),#3627);
#11536 = PRESENTATION_STYLE_ASSIGNMENT((#11537,#11542));
#11537 = SURFACE_STYLE_USAGE(.BOTH.,#11538);
#11538 = SURFACE_SIDE_STYLE('',(#11539));
#11539 = SURFACE_STYLE_FILL_AREA(#11540);
#11540 = FILL_AREA_STYLE('',(#11541));
#11541 = FILL_AREA_STYLE_COLOUR('',#10123);
#11542 = CURVE_STYLE('',#11543,POSITIVE_LENGTH_MEASURE(0.1),#10123);
#11543 = DRAUGHTING_PRE_DEFINED_CURVE_FONT('continuous');
#11544 = STYLED_ITEM('color',(#11545),#3639);
#11545 = PRESENTATION_STYLE_ASSIGNMENT((#11546,#11551));
#11546 = SURFACE_STYLE_USAGE(.BOTH.,#11547);
#11547 = SURFACE_SIDE_STYLE('',(#11548));
#11548 = SURFACE_STYLE_FILL_AREA(#11549);
#11549 = FILL_AREA_STYLE('',(#11550));
#11550 = FILL_AREA_STYLE_COLOUR('',#10123);
#11551 = CURVE_STYLE('',#11552,POSITIVE_LENGTH_MEASURE(0.1),#10123);
#11552 = DRAUGHTING_PRE_DEFINED_CURVE_FONT('continuous');
#11553 = STYLED_ITEM('color',(#11554),#3656);
#11554 = PRESENTATION_STYLE_ASSIGNMENT((#11555,#11560));
#11555 = SURFACE_STYLE_USAGE(.BOTH.,#11556);
#11556 = SURFACE_SIDE_STYLE('',(#11557));
#11557 = SURFACE_STYLE_FILL_AREA(#11558);
#11558 = FILL_AREA_STYLE('',(#11559));
#11559 = FILL_AREA_STYLE_COLOUR('',#10123);
#11560 = CURVE_STYLE('',#11561,POSITIVE_LENGTH_MEASURE(0.1),#10123);
#11561 = DRAUGHTING_PRE_DEFINED_CURVE_FONT('continuous');
#11562 = STYLED_ITEM('color',(#11563),#3673);
#11563 = PRESENTATION_STYLE_ASSIGNMENT((#11564,#11569));
#11564 = SURFACE_STYLE_USAGE(.BOTH.,#11565);
#11565 = SURFACE_SIDE_STYLE('',(#11566));
#11566 = SURFACE_STYLE_FILL_AREA(#11567);
#11567 = FILL_AREA_STYLE('',(#11568));
#11568 = FILL_AREA_STYLE_COLOUR('',#10123);
#11569 = CURVE_STYLE('',#11570,POSITIVE_LENGTH_MEASURE(0.1),#10123);
#11570 = DRAUGHTING_PRE_DEFINED_CURVE_FONT('continuous');
#11571 = STYLED_ITEM('color',(#11572),#3690);
#11572 = PRESENTATION_STYLE_ASSIGNMENT((#11573,#11578));
#11573 = SURFACE_STYLE_USAGE(.BOTH.,#11574);
#11574 = SURFACE_SIDE_STYLE('',(#11575));
#11575 = SURFACE_STYLE_FILL_AREA(#11576);
#11576 = FILL_AREA_STYLE('',(#11577));
#11577 = FILL_AREA_STYLE_COLOUR('',#10123);
#11578 = CURVE_STYLE('',#11579,POSITIVE_LENGTH_MEASURE(0.1),#10123);
#11579 = DRAUGHTING_PRE_DEFINED_CURVE_FONT('continuous');
#11580 = STYLED_ITEM('color',(#11581),#3707);
#11581 = PRESENTATION_STYLE_ASSIGNMENT((#11582,#11587));
#11582 = SURFACE_STYLE_USAGE(.BOTH.,#11583);
#11583 = SURFACE_SIDE_STYLE('',(#11584));
#11584 = SURFACE_STYLE_FILL_AREA(#11585);
#11585 = FILL_AREA_STYLE('',(#11586));
#11586 = FILL_AREA_STYLE_COLOUR('',#10123);
#11587 = CURVE_STYLE('',#11588,POSITIVE_LENGTH_MEASURE(0.1),#10123);
#11588 = DRAUGHTING_PRE_DEFINED_CURVE_FONT('continuous');
#11589 = STYLED_ITEM('color',(#11590),#3724);
#11590 = PRESENTATION_STYLE_ASSIGNMENT((#11591,#11596));
#11591 = SURFACE_STYLE_USAGE(.BOTH.,#11592);
#11592 = SURFACE_SIDE_STYLE('',(#11593));
#11593 = SURFACE_STYLE_FILL_AREA(#11594);
#11594 = FILL_AREA_STYLE('',(#11595));
#11595 = FILL_AREA_STYLE_COLOUR('',#10123);
#11596 = CURVE_STYLE('',#11597,POSITIVE_LENGTH_MEASURE(0.1),#10123);
#11597 = DRAUGHTING_PRE_DEFINED_CURVE_FONT('continuous');
#11598 = STYLED_ITEM('color',(#11599),#3741);
#11599 = PRESENTATION_STYLE_ASSIGNMENT((#11600,#11605));
#11600 = SURFACE_STYLE_USAGE(.BOTH.,#11601);
#11601 = SURFACE_SIDE_STYLE('',(#11602));
#11602 = SURFACE_STYLE_FILL_AREA(#11603);
#11603 = FILL_AREA_STYLE('',(#11604));
#11604 = FILL_AREA_STYLE_COLOUR('',#10123);
#11605 = CURVE_STYLE('',#11606,POSITIVE_LENGTH_MEASURE(0.1),#10123);
#11606 = DRAUGHTING_PRE_DEFINED_CURVE_FONT('continuous');
#11607 = STYLED_ITEM('color',(#11608),#3758);
#11608 = PRESENTATION_STYLE_ASSIGNMENT((#11609,#11614));
#11609 = SURFACE_STYLE_USAGE(.BOTH.,#11610);
#11610 = SURFACE_SIDE_STYLE('',(#11611));
#11611 = SURFACE_STYLE_FILL_AREA(#11612);
#11612 = FILL_AREA_STYLE('',(#11613));
#11613 = FILL_AREA_STYLE_COLOUR('',#10123);
#11614 = CURVE_STYLE('',#11615,POSITIVE_LENGTH_MEASURE(0.1),#10123);
#11615 = DRAUGHTING_PRE_DEFINED_CURVE_FONT('continuous');
#11616 = STYLED_ITEM('color',(#11617),#3770);
#11617 = PRESENTATION_STYLE_ASSIGNMENT((#11618,#11623));
#11618 = SURFACE_STYLE_USAGE(.BOTH.,#11619);
#11619 = SURFACE_SIDE_STYLE('',(#11620));
#11620 = SURFACE_STYLE_FILL_AREA(#11621);
#11621 = FILL_AREA_STYLE('',(#11622));
#11622 = FILL_AREA_STYLE_COLOUR('',#10123);
#11623 = CURVE_STYLE('',#11624,POSITIVE_LENGTH_MEASURE(0.1),#10123);
#11624 = DRAUGHTING_PRE_DEFINED_CURVE_FONT('continuous');
#11625 = STYLED_ITEM('color',(#11626),#3787);
#11626 = PRESENTATION_STYLE_ASSIGNMENT((#11627,#11632));
#11627 = SURFACE_STYLE_USAGE(.BOTH.,#11628);
#11628 = SURFACE_SIDE_STYLE('',(#11629));
#11629 = SURFACE_STYLE_FILL_AREA(#11630);
#11630 = FILL_AREA_STYLE('',(#11631));
#11631 = FILL_AREA_STYLE_COLOUR('',#10123);
#11632 = CURVE_STYLE('',#11633,POSITIVE_LENGTH_MEASURE(0.1),#10123);
#11633 = DRAUGHTING_PRE_DEFINED_CURVE_FONT('continuous');
#11634 = STYLED_ITEM('color',(#11635),#3804);
#11635 = PRESENTATION_STYLE_ASSIGNMENT((#11636,#11641));
#11636 = SURFACE_STYLE_USAGE(.BOTH.,#11637);
#11637 = SURFACE_SIDE_STYLE('',(#11638));
#11638 = SURFACE_STYLE_FILL_AREA(#11639);
#11639 = FILL_AREA_STYLE('',(#11640));
#11640 = FILL_AREA_STYLE_COLOUR('',#10123);
#11641 = CURVE_STYLE('',#11642,POSITIVE_LENGTH_MEASURE(0.1),#10123);
#11642 = DRAUGHTING_PRE_DEFINED_CURVE_FONT('continuous');
#11643 = STYLED_ITEM('color',(#11644),#3821);
#11644 = PRESENTATION_STYLE_ASSIGNMENT((#11645,#11650));
#11645 = SURFACE_STYLE_USAGE(.BOTH.,#11646);
#11646 = SURFACE_SIDE_STYLE('',(#11647));
#11647 = SURFACE_STYLE_FILL_AREA(#11648);
#11648 = FILL_AREA_STYLE('',(#11649));
#11649 = FILL_AREA_STYLE_COLOUR('',#10123);
#11650 = CURVE_STYLE('',#11651,POSITIVE_LENGTH_MEASURE(0.1),#10123);
#11651 = DRAUGHTING_PRE_DEFINED_CURVE_FONT('continuous');
#11652 = STYLED_ITEM('color',(#11653),#3838);
#11653 = PRESENTATION_STYLE_ASSIGNMENT((#11654,#11659));
#11654 = SURFACE_STYLE_USAGE(.BOTH.,#11655);
#11655 = SURFACE_SIDE_STYLE('',(#11656));
#11656 = SURFACE_STYLE_FILL_AREA(#11657);
#11657 = FILL_AREA_STYLE('',(#11658));
#11658 = FILL_AREA_STYLE_COLOUR('',#10123);
#11659 = CURVE_STYLE('',#11660,POSITIVE_LENGTH_MEASURE(0.1),#10123);
#11660 = DRAUGHTING_PRE_DEFINED_CURVE_FONT('continuous');
#11661 = STYLED_ITEM('color',(#11662),#3855);
#11662 = PRESENTATION_STYLE_ASSIGNMENT((#11663,#11668));
#11663 = SURFACE_STYLE_USAGE(.BOTH.,#11664);
#11664 = SURFACE_SIDE_STYLE('',(#11665));
#11665 = SURFACE_STYLE_FILL_AREA(#11666);
#11666 = FILL_AREA_STYLE('',(#11667));
#11667 = FILL_AREA_STYLE_COLOUR('',#10123);
#11668 = CURVE_STYLE('',#11669,POSITIVE_LENGTH_MEASURE(0.1),#10123);
#11669 = DRAUGHTING_PRE_DEFINED_CURVE_FONT('continuous');
#11670 = STYLED_ITEM('color',(#11671),#3872);
#11671 = PRESENTATION_STYLE_ASSIGNMENT((#11672,#11677));
#11672 = SURFACE_STYLE_USAGE(.BOTH.,#11673);
#11673 = SURFACE_SIDE_STYLE('',(#11674));
#11674 = SURFACE_STYLE_FILL_AREA(#11675);
#11675 = FILL_AREA_STYLE('',(#11676));
#11676 = FILL_AREA_STYLE_COLOUR('',#10123);
#11677 = CURVE_STYLE('',#11678,POSITIVE_LENGTH_MEASURE(0.1),#10123);
#11678 = DRAUGHTING_PRE_DEFINED_CURVE_FONT('continuous');
#11679 = STYLED_ITEM('color',(#11680),#3889);
#11680 = PRESENTATION_STYLE_ASSIGNMENT((#11681,#11686));
#11681 = SURFACE_STYLE_USAGE(.BOTH.,#11682);
#11682 = SURFACE_SIDE_STYLE('',(#11683));
#11683 = SURFACE_STYLE_FILL_AREA(#11684);
#11684 = FILL_AREA_STYLE('',(#11685));
#11685 = FILL_AREA_STYLE_COLOUR('',#10123);
#11686 = CURVE_STYLE('',#11687,POSITIVE_LENGTH_MEASURE(0.1),#10123);
#11687 = DRAUGHTING_PRE_DEFINED_CURVE_FONT('continuous');
#11688 = STYLED_ITEM('color',(#11689),#3901);
#11689 = PRESENTATION_STYLE_ASSIGNMENT((#11690,#11695));
#11690 = SURFACE_STYLE_USAGE(.BOTH.,#11691);
#11691 = SURFACE_SIDE_STYLE('',(#11692));
#11692 = SURFACE_STYLE_FILL_AREA(#11693);
#11693 = FILL_AREA_STYLE('',(#11694));
#11694 = FILL_AREA_STYLE_COLOUR('',#10123);
#11695 = CURVE_STYLE('',#11696,POSITIVE_LENGTH_MEASURE(0.1),#10123);
#11696 = DRAUGHTING_PRE_DEFINED_CURVE_FONT('continuous');
#11697 = STYLED_ITEM('color',(#11698),#3918);
#11698 = PRESENTATION_STYLE_ASSIGNMENT((#11699,#11704));
#11699 = SURFACE_STYLE_USAGE(.BOTH.,#11700);
#11700 = SURFACE_SIDE_STYLE('',(#11701));
#11701 = SURFACE_STYLE_FILL_AREA(#11702);
#11702 = FILL_AREA_STYLE('',(#11703));
#11703 = FILL_AREA_STYLE_COLOUR('',#10123);
#11704 = CURVE_STYLE('',#11705,POSITIVE_LENGTH_MEASURE(0.1),#10123);
#11705 = DRAUGHTING_PRE_DEFINED_CURVE_FONT('continuous');
#11706 = STYLED_ITEM('color',(#11707),#3935);
#11707 = PRESENTATION_STYLE_ASSIGNMENT((#11708,#11713));
#11708 = SURFACE_STYLE_USAGE(.BOTH.,#11709);
#11709 = SURFACE_SIDE_STYLE('',(#11710));
#11710 = SURFACE_STYLE_FILL_AREA(#11711);
#11711 = FILL_AREA_STYLE('',(#11712));
#11712 = FILL_AREA_STYLE_COLOUR('',#10123);
#11713 = CURVE_STYLE('',#11714,POSITIVE_LENGTH_MEASURE(0.1),#10123);
#11714 = DRAUGHTING_PRE_DEFINED_CURVE_FONT('continuous');
#11715 = STYLED_ITEM('color',(#11716),#3952);
#11716 = PRESENTATION_STYLE_ASSIGNMENT((#11717,#11722));
#11717 = SURFACE_STYLE_USAGE(.BOTH.,#11718);
#11718 = SURFACE_SIDE_STYLE('',(#11719));
#11719 = SURFACE_STYLE_FILL_AREA(#11720);
#11720 = FILL_AREA_STYLE('',(#11721));
#11721 = FILL_AREA_STYLE_COLOUR('',#10123);
#11722 = CURVE_STYLE('',#11723,POSITIVE_LENGTH_MEASURE(0.1),#10123);
#11723 = DRAUGHTING_PRE_DEFINED_CURVE_FONT('continuous');
#11724 = STYLED_ITEM('color',(#11725),#3969);
#11725 = PRESENTATION_STYLE_ASSIGNMENT((#11726,#11731));
#11726 = SURFACE_STYLE_USAGE(.BOTH.,#11727);
#11727 = SURFACE_SIDE_STYLE('',(#11728));
#11728 = SURFACE_STYLE_FILL_AREA(#11729);
#11729 = FILL_AREA_STYLE('',(#11730));
#11730 = FILL_AREA_STYLE_COLOUR('',#10123);
#11731 = CURVE_STYLE('',#11732,POSITIVE_LENGTH_MEASURE(0.1),#10123);
#11732 = DRAUGHTING_PRE_DEFINED_CURVE_FONT('continuous');
#11733 = STYLED_ITEM('color',(#11734),#3986);
#11734 = PRESENTATION_STYLE_ASSIGNMENT((#11735,#11740));
#11735 = SURFACE_STYLE_USAGE(.BOTH.,#11736);
#11736 = SURFACE_SIDE_STYLE('',(#11737));
#11737 = SURFACE_STYLE_FILL_AREA(#11738);
#11738 = FILL_AREA_STYLE('',(#11739));
#11739 = FILL_AREA_STYLE_COLOUR('',#10123);
#11740 = CURVE_STYLE('',#11741,POSITIVE_LENGTH_MEASURE(0.1),#10123);
#11741 = DRAUGHTING_PRE_DEFINED_CURVE_FONT('continuous');
#11742 = STYLED_ITEM('color',(#11743),#4003);
#11743 = PRESENTATION_STYLE_ASSIGNMENT((#11744,#11749));
#11744 = SURFACE_STYLE_USAGE(.BOTH.,#11745);
#11745 = SURFACE_SIDE_STYLE('',(#11746));
#11746 = SURFACE_STYLE_FILL_AREA(#11747);
#11747 = FILL_AREA_STYLE('',(#11748));
#11748 = FILL_AREA_STYLE_COLOUR('',#10123);
#11749 = CURVE_STYLE('',#11750,POSITIVE_LENGTH_MEASURE(0.1),#10123);
#11750 = DRAUGHTING_PRE_DEFINED_CURVE_FONT('continuous');
#11751 = STYLED_ITEM('color',(#11752),#4015);
#11752 = PRESENTATION_STYLE_ASSIGNMENT((#11753,#11758));
#11753 = SURFACE_STYLE_USAGE(.BOTH.,#11754);
#11754 = SURFACE_SIDE_STYLE('',(#11755));
#11755 = SURFACE_STYLE_FILL_AREA(#11756);
#11756 = FILL_AREA_STYLE('',(#11757));
#11757 = FILL_AREA_STYLE_COLOUR('',#10123);
#11758 = CURVE_STYLE('',#11759,POSITIVE_LENGTH_MEASURE(0.1),#10123);
#11759 = DRAUGHTING_PRE_DEFINED_CURVE_FONT('continuous');
#11760 = STYLED_ITEM('color',(#11761),#4032);
#11761 = PRESENTATION_STYLE_ASSIGNMENT((#11762,#11767));
#11762 = SURFACE_STYLE_USAGE(.BOTH.,#11763);
#11763 = SURFACE_SIDE_STYLE('',(#11764));
#11764 = SURFACE_STYLE_FILL_AREA(#11765);
#11765 = FILL_AREA_STYLE('',(#11766));
#11766 = FILL_AREA_STYLE_COLOUR('',#10123);
#11767 = CURVE_STYLE('',#11768,POSITIVE_LENGTH_MEASURE(0.1),#10123);
#11768 = DRAUGHTING_PRE_DEFINED_CURVE_FONT('continuous');
#11769 = STYLED_ITEM('color',(#11770),#4049);
#11770 = PRESENTATION_STYLE_ASSIGNMENT((#11771,#11776));
#11771 = SURFACE_STYLE_USAGE(.BOTH.,#11772);
#11772 = SURFACE_SIDE_STYLE('',(#11773));
#11773 = SURFACE_STYLE_FILL_AREA(#11774);
#11774 = FILL_AREA_STYLE('',(#11775));
#11775 = FILL_AREA_STYLE_COLOUR('',#10123);
#11776 = CURVE_STYLE('',#11777,POSITIVE_LENGTH_MEASURE(0.1),#10123);
#11777 = DRAUGHTING_PRE_DEFINED_CURVE_FONT('continuous');
#11778 = STYLED_ITEM('color',(#11779),#4066);
#11779 = PRESENTATION_STYLE_ASSIGNMENT((#11780,#11785));
#11780 = SURFACE_STYLE_USAGE(.BOTH.,#11781);
#11781 = SURFACE_SIDE_STYLE('',(#11782));
#11782 = SURFACE_STYLE_FILL_AREA(#11783);
#11783 = FILL_AREA_STYLE('',(#11784));
#11784 = FILL_AREA_STYLE_COLOUR('',#10123);
#11785 = CURVE_STYLE('',#11786,POSITIVE_LENGTH_MEASURE(0.1),#10123);
#11786 = DRAUGHTING_PRE_DEFINED_CURVE_FONT('continuous');
#11787 = STYLED_ITEM('color',(#11788),#4083);
#11788 = PRESENTATION_STYLE_ASSIGNMENT((#11789,#11794));
#11789 = SURFACE_STYLE_USAGE(.BOTH.,#11790);
#11790 = SURFACE_SIDE_STYLE('',(#11791));
#11791 = SURFACE_STYLE_FILL_AREA(#11792);
#11792 = FILL_AREA_STYLE('',(#11793));
#11793 = FILL_AREA_STYLE_COLOUR('',#10123);
#11794 = CURVE_STYLE('',#11795,POSITIVE_LENGTH_MEASURE(0.1),#10123);
#11795 = DRAUGHTING_PRE_DEFINED_CURVE_FONT('continuous');
#11796 = STYLED_ITEM('color',(#11797),#4100);
#11797 = PRESENTATION_STYLE_ASSIGNMENT((#11798,#11803));
#11798 = SURFACE_STYLE_USAGE(.BOTH.,#11799);
#11799 = SURFACE_SIDE_STYLE('',(#11800));
#11800 = SURFACE_STYLE_FILL_AREA(#11801);
#11801 = FILL_AREA_STYLE('',(#11802));
#11802 = FILL_AREA_STYLE_COLOUR('',#10123);
#11803 = CURVE_STYLE('',#11804,POSITIVE_LENGTH_MEASURE(0.1),#10123);
#11804 = DRAUGHTING_PRE_DEFINED_CURVE_FONT('continuous');
#11805 = STYLED_ITEM('color',(#11806),#4117);
#11806 = PRESENTATION_STYLE_ASSIGNMENT((#11807,#11812));
#11807 = SURFACE_STYLE_USAGE(.BOTH.,#11808);
#11808 = SURFACE_SIDE_STYLE('',(#11809));
#11809 = SURFACE_STYLE_FILL_AREA(#11810);
#11810 = FILL_AREA_STYLE('',(#11811));
#11811 = FILL_AREA_STYLE_COLOUR('',#10123);
#11812 = CURVE_STYLE('',#11813,POSITIVE_LENGTH_MEASURE(0.1),#10123);
#11813 = DRAUGHTING_PRE_DEFINED_CURVE_FONT('continuous');
#11814 = STYLED_ITEM('color',(#11815),#4129);
#11815 = PRESENTATION_STYLE_ASSIGNMENT((#11816,#11821));
#11816 = SURFACE_STYLE_USAGE(.BOTH.,#11817);
#11817 = SURFACE_SIDE_STYLE('',(#11818));
#11818 = SURFACE_STYLE_FILL_AREA(#11819);
#11819 = FILL_AREA_STYLE('',(#11820));
#11820 = FILL_AREA_STYLE_COLOUR('',#10123);
#11821 = CURVE_STYLE('',#11822,POSITIVE_LENGTH_MEASURE(0.1),#10123);
#11822 = DRAUGHTING_PRE_DEFINED_CURVE_FONT('continuous');
#11823 = STYLED_ITEM('color',(#11824),#4146);
#11824 = PRESENTATION_STYLE_ASSIGNMENT((#11825,#11830));
#11825 = SURFACE_STYLE_USAGE(.BOTH.,#11826);
#11826 = SURFACE_SIDE_STYLE('',(#11827));
#11827 = SURFACE_STYLE_FILL_AREA(#11828);
#11828 = FILL_AREA_STYLE('',(#11829));
#11829 = FILL_AREA_STYLE_COLOUR('',#10123);
#11830 = CURVE_STYLE('',#11831,POSITIVE_LENGTH_MEASURE(0.1),#10123);
#11831 = DRAUGHTING_PRE_DEFINED_CURVE_FONT('continuous');
#11832 = STYLED_ITEM('color',(#11833),#4163);
#11833 = PRESENTATION_STYLE_ASSIGNMENT((#11834,#11839));
#11834 = SURFACE_STYLE_USAGE(.BOTH.,#11835);
#11835 = SURFACE_SIDE_STYLE('',(#11836));
#11836 = SURFACE_STYLE_FILL_AREA(#11837);
#11837 = FILL_AREA_STYLE('',(#11838));
#11838 = FILL_AREA_STYLE_COLOUR('',#10123);
#11839 = CURVE_STYLE('',#11840,POSITIVE_LENGTH_MEASURE(0.1),#10123);
#11840 = DRAUGHTING_PRE_DEFINED_CURVE_FONT('continuous');
#11841 = STYLED_ITEM('color',(#11842),#4180);
#11842 = PRESENTATION_STYLE_ASSIGNMENT((#11843,#11848));
#11843 = SURFACE_STYLE_USAGE(.BOTH.,#11844);
#11844 = SURFACE_SIDE_STYLE('',(#11845));
#11845 = SURFACE_STYLE_FILL_AREA(#11846);
#11846 = FILL_AREA_STYLE('',(#11847));
#11847 = FILL_AREA_STYLE_COLOUR('',#10123);
#11848 = CURVE_STYLE('',#11849,POSITIVE_LENGTH_MEASURE(0.1),#10123);
#11849 = DRAUGHTING_PRE_DEFINED_CURVE_FONT('continuous');
#11850 = STYLED_ITEM('color',(#11851),#4197);
#11851 = PRESENTATION_STYLE_ASSIGNMENT((#11852,#11857));
#11852 = SURFACE_STYLE_USAGE(.BOTH.,#11853);
#11853 = SURFACE_SIDE_STYLE('',(#11854));
#11854 = SURFACE_STYLE_FILL_AREA(#11855);
#11855 = FILL_AREA_STYLE('',(#11856));
#11856 = FILL_AREA_STYLE_COLOUR('',#10123);
#11857 = CURVE_STYLE('',#11858,POSITIVE_LENGTH_MEASURE(0.1),#10123);
#11858 = DRAUGHTING_PRE_DEFINED_CURVE_FONT('continuous');
#11859 = STYLED_ITEM('color',(#11860),#4214);
#11860 = PRESENTATION_STYLE_ASSIGNMENT((#11861,#11866));
#11861 = SURFACE_STYLE_USAGE(.BOTH.,#11862);
#11862 = SURFACE_SIDE_STYLE('',(#11863));
#11863 = SURFACE_STYLE_FILL_AREA(#11864);
#11864 = FILL_AREA_STYLE('',(#11865));
#11865 = FILL_AREA_STYLE_COLOUR('',#10123);
#11866 = CURVE_STYLE('',#11867,POSITIVE_LENGTH_MEASURE(0.1),#10123);
#11867 = DRAUGHTING_PRE_DEFINED_CURVE_FONT('continuous');
#11868 = STYLED_ITEM('color',(#11869),#4231);
#11869 = PRESENTATION_STYLE_ASSIGNMENT((#11870,#11875));
#11870 = SURFACE_STYLE_USAGE(.BOTH.,#11871);
#11871 = SURFACE_SIDE_STYLE('',(#11872));
#11872 = SURFACE_STYLE_FILL_AREA(#11873);
#11873 = FILL_AREA_STYLE('',(#11874));
#11874 = FILL_AREA_STYLE_COLOUR('',#10123);
#11875 = CURVE_STYLE('',#11876,POSITIVE_LENGTH_MEASURE(0.1),#10123);
#11876 = DRAUGHTING_PRE_DEFINED_CURVE_FONT('continuous');
#11877 = STYLED_ITEM('color',(#11878),#4248);
#11878 = PRESENTATION_STYLE_ASSIGNMENT((#11879,#11884));
#11879 = SURFACE_STYLE_USAGE(.BOTH.,#11880);
#11880 = SURFACE_SIDE_STYLE('',(#11881));
#11881 = SURFACE_STYLE_FILL_AREA(#11882);
#11882 = FILL_AREA_STYLE('',(#11883));
#11883 = FILL_AREA_STYLE_COLOUR('',#10123);
#11884 = CURVE_STYLE('',#11885,POSITIVE_LENGTH_MEASURE(0.1),#10123);
#11885 = DRAUGHTING_PRE_DEFINED_CURVE_FONT('continuous');
#11886 = STYLED_ITEM('color',(#11887),#4260);
#11887 = PRESENTATION_STYLE_ASSIGNMENT((#11888,#11893));
#11888 = SURFACE_STYLE_USAGE(.BOTH.,#11889);
#11889 = SURFACE_SIDE_STYLE('',(#11890));
#11890 = SURFACE_STYLE_FILL_AREA(#11891);
#11891 = FILL_AREA_STYLE('',(#11892));
#11892 = FILL_AREA_STYLE_COLOUR('',#10123);
#11893 = CURVE_STYLE('',#11894,POSITIVE_LENGTH_MEASURE(0.1),#10123);
#11894 = DRAUGHTING_PRE_DEFINED_CURVE_FONT('continuous');
#11895 = STYLED_ITEM('color',(#11896),#4277);
#11896 = PRESENTATION_STYLE_ASSIGNMENT((#11897,#11902));
#11897 = SURFACE_STYLE_USAGE(.BOTH.,#11898);
#11898 = SURFACE_SIDE_STYLE('',(#11899));
#11899 = SURFACE_STYLE_FILL_AREA(#11900);
#11900 = FILL_AREA_STYLE('',(#11901));
#11901 = FILL_AREA_STYLE_COLOUR('',#10123);
#11902 = CURVE_STYLE('',#11903,POSITIVE_LENGTH_MEASURE(0.1),#10123);
#11903 = DRAUGHTING_PRE_DEFINED_CURVE_FONT('continuous');
#11904 = STYLED_ITEM('color',(#11905),#4294);
#11905 = PRESENTATION_STYLE_ASSIGNMENT((#11906,#11911));
#11906 = SURFACE_STYLE_USAGE(.BOTH.,#11907);
#11907 = SURFACE_SIDE_STYLE('',(#11908));
#11908 = SURFACE_STYLE_FILL_AREA(#11909);
#11909 = FILL_AREA_STYLE('',(#11910));
#11910 = FILL_AREA_STYLE_COLOUR('',#10123);
#11911 = CURVE_STYLE('',#11912,POSITIVE_LENGTH_MEASURE(0.1),#10123);
#11912 = DRAUGHTING_PRE_DEFINED_CURVE_FONT('continuous');
#11913 = STYLED_ITEM('color',(#11914),#4311);
#11914 = PRESENTATION_STYLE_ASSIGNMENT((#11915,#11920));
#11915 = SURFACE_STYLE_USAGE(.BOTH.,#11916);
#11916 = SURFACE_SIDE_STYLE('',(#11917));
#11917 = SURFACE_STYLE_FILL_AREA(#11918);
#11918 = FILL_AREA_STYLE('',(#11919));
#11919 = FILL_AREA_STYLE_COLOUR('',#10123);
#11920 = CURVE_STYLE('',#11921,POSITIVE_LENGTH_MEASURE(0.1),#10123);
#11921 = DRAUGHTING_PRE_DEFINED_CURVE_FONT('continuous');
#11922 = STYLED_ITEM('color',(#11923),#4328);
#11923 = PRESENTATION_STYLE_ASSIGNMENT((#11924,#11929));
#11924 = SURFACE_STYLE_USAGE(.BOTH.,#11925);
#11925 = SURFACE_SIDE_STYLE('',(#11926));
#11926 = SURFACE_STYLE_FILL_AREA(#11927);
#11927 = FILL_AREA_STYLE('',(#11928));
#11928 = FILL_AREA_STYLE_COLOUR('',#10123);
#11929 = CURVE_STYLE('',#11930,POSITIVE_LENGTH_MEASURE(0.1),#10123);
#11930 = DRAUGHTING_PRE_DEFINED_CURVE_FONT('continuous');
#11931 = STYLED_ITEM('color',(#11932),#4345);
#11932 = PRESENTATION_STYLE_ASSIGNMENT((#11933,#11938));
#11933 = SURFACE_STYLE_USAGE(.BOTH.,#11934);
#11934 = SURFACE_SIDE_STYLE('',(#11935));
#11935 = SURFACE_STYLE_FILL_AREA(#11936);
#11936 = FILL_AREA_STYLE('',(#11937));
#11937 = FILL_AREA_STYLE_COLOUR('',#10123);
#11938 = CURVE_STYLE('',#11939,POSITIVE_LENGTH_MEASURE(0.1),#10123);
#11939 = DRAUGHTING_PRE_DEFINED_CURVE_FONT('continuous');
#11940 = STYLED_ITEM('color',(#11941),#4362);
#11941 = PRESENTATION_STYLE_ASSIGNMENT((#11942,#11947));
#11942 = SURFACE_STYLE_USAGE(.BOTH.,#11943);
#11943 = SURFACE_SIDE_STYLE('',(#11944));
#11944 = SURFACE_STYLE_FILL_AREA(#11945);
#11945 = FILL_AREA_STYLE('',(#11946));
#11946 = FILL_AREA_STYLE_COLOUR('',#10123);
#11947 = CURVE_STYLE('',#11948,POSITIVE_LENGTH_MEASURE(0.1),#10123);
#11948 = DRAUGHTING_PRE_DEFINED_CURVE_FONT('continuous');
#11949 = STYLED_ITEM('color',(#11950),#4379);
#11950 = PRESENTATION_STYLE_ASSIGNMENT((#11951,#11956));
#11951 = SURFACE_STYLE_USAGE(.BOTH.,#11952);
#11952 = SURFACE_SIDE_STYLE('',(#11953));
#11953 = SURFACE_STYLE_FILL_AREA(#11954);
#11954 = FILL_AREA_STYLE('',(#11955));
#11955 = FILL_AREA_STYLE_COLOUR('',#10123);
#11956 = CURVE_STYLE('',#11957,POSITIVE_LENGTH_MEASURE(0.1),#10123);
#11957 = DRAUGHTING_PRE_DEFINED_CURVE_FONT('continuous');
#11958 = STYLED_ITEM('color',(#11959),#4391);
#11959 = PRESENTATION_STYLE_ASSIGNMENT((#11960,#11965));
#11960 = SURFACE_STYLE_USAGE(.BOTH.,#11961);
#11961 = SURFACE_SIDE_STYLE('',(#11962));
#11962 = SURFACE_STYLE_FILL_AREA(#11963);
#11963 = FILL_AREA_STYLE('',(#11964));
#11964 = FILL_AREA_STYLE_COLOUR('',#10123);
#11965 = CURVE_STYLE('',#11966,POSITIVE_LENGTH_MEASURE(0.1),#10123);
#11966 = DRAUGHTING_PRE_DEFINED_CURVE_FONT('continuous');
#11967 = STYLED_ITEM('color',(#11968),#4408);
#11968 = PRESENTATION_STYLE_ASSIGNMENT((#11969,#11974));
#11969 = SURFACE_STYLE_USAGE(.BOTH.,#11970);
#11970 = SURFACE_SIDE_STYLE('',(#11971));
#11971 = SURFACE_STYLE_FILL_AREA(#11972);
#11972 = FILL_AREA_STYLE('',(#11973));
#11973 = FILL_AREA_STYLE_COLOUR('',#10123);
#11974 = CURVE_STYLE('',#11975,POSITIVE_LENGTH_MEASURE(0.1),#10123);
#11975 = DRAUGHTING_PRE_DEFINED_CURVE_FONT('continuous');
#11976 = STYLED_ITEM('color',(#11977),#4425);
#11977 = PRESENTATION_STYLE_ASSIGNMENT((#11978,#11983));
#11978 = SURFACE_STYLE_USAGE(.BOTH.,#11979);
#11979 = SURFACE_SIDE_STYLE('',(#11980));
#11980 = SURFACE_STYLE_FILL_AREA(#11981);
#11981 = FILL_AREA_STYLE('',(#11982));
#11982 = FILL_AREA_STYLE_COLOUR('',#10123);
#11983 = CURVE_STYLE('',#11984,POSITIVE_LENGTH_MEASURE(0.1),#10123);
#11984 = DRAUGHTING_PRE_DEFINED_CURVE_FONT('continuous');
#11985 = STYLED_ITEM('color',(#11986),#4442);
#11986 = PRESENTATION_STYLE_ASSIGNMENT((#11987,#11992));
#11987 = SURFACE_STYLE_USAGE(.BOTH.,#11988);
#11988 = SURFACE_SIDE_STYLE('',(#11989));
#11989 = SURFACE_STYLE_FILL_AREA(#11990);
#11990 = FILL_AREA_STYLE('',(#11991));
#11991 = FILL_AREA_STYLE_COLOUR('',#10123);
#11992 = CURVE_STYLE('',#11993,POSITIVE_LENGTH_MEASURE(0.1),#10123);
#11993 = DRAUGHTING_PRE_DEFINED_CURVE_FONT('continuous');
#11994 = STYLED_ITEM('color',(#11995),#4459);
#11995 = PRESENTATION_STYLE_ASSIGNMENT((#11996,#12001));
#11996 = SURFACE_STYLE_USAGE(.BOTH.,#11997);
#11997 = SURFACE_SIDE_STYLE('',(#11998));
#11998 = SURFACE_STYLE_FILL_AREA(#11999);
#11999 = FILL_AREA_STYLE('',(#12000));
#12000 = FILL_AREA_STYLE_COLOUR('',#10123);
#12001 = CURVE_STYLE('',#12002,POSITIVE_LENGTH_MEASURE(0.1),#10123);
#12002 = DRAUGHTING_PRE_DEFINED_CURVE_FONT('continuous');
#12003 = STYLED_ITEM('color',(#12004),#4476);
#12004 = PRESENTATION_STYLE_ASSIGNMENT((#12005,#12010));
#12005 = SURFACE_STYLE_USAGE(.BOTH.,#12006);
#12006 = SURFACE_SIDE_STYLE('',(#12007));
#12007 = SURFACE_STYLE_FILL_AREA(#12008);
#12008 = FILL_AREA_STYLE('',(#12009));
#12009 = FILL_AREA_STYLE_COLOUR('',#10123);
#12010 = CURVE_STYLE('',#12011,POSITIVE_LENGTH_MEASURE(0.1),#10123);
#12011 = DRAUGHTING_PRE_DEFINED_CURVE_FONT('continuous');
#12012 = STYLED_ITEM('color',(#12013),#4493);
#12013 = PRESENTATION_STYLE_ASSIGNMENT((#12014,#12019));
#12014 = SURFACE_STYLE_USAGE(.BOTH.,#12015);
#12015 = SURFACE_SIDE_STYLE('',(#12016));
#12016 = SURFACE_STYLE_FILL_AREA(#12017);
#12017 = FILL_AREA_STYLE('',(#12018));
#12018 = FILL_AREA_STYLE_COLOUR('',#10123);
#12019 = CURVE_STYLE('',#12020,POSITIVE_LENGTH_MEASURE(0.1),#10123);
#12020 = DRAUGHTING_PRE_DEFINED_CURVE_FONT('continuous');
#12021 = STYLED_ITEM('color',(#12022),#4510);
#12022 = PRESENTATION_STYLE_ASSIGNMENT((#12023,#12028));
#12023 = SURFACE_STYLE_USAGE(.BOTH.,#12024);
#12024 = SURFACE_SIDE_STYLE('',(#12025));
#12025 = SURFACE_STYLE_FILL_AREA(#12026);
#12026 = FILL_AREA_STYLE('',(#12027));
#12027 = FILL_AREA_STYLE_COLOUR('',#10123);
#12028 = CURVE_STYLE('',#12029,POSITIVE_LENGTH_MEASURE(0.1),#10123);
#12029 = DRAUGHTING_PRE_DEFINED_CURVE_FONT('continuous');
#12030 = STYLED_ITEM('color',(#12031),#4522);
#12031 = PRESENTATION_STYLE_ASSIGNMENT((#12032,#12038));
#12032 = SURFACE_STYLE_USAGE(.BOTH.,#12033);
#12033 = SURFACE_SIDE_STYLE('',(#12034));
#12034 = SURFACE_STYLE_FILL_AREA(#12035);
#12035 = FILL_AREA_STYLE('',(#12036));
#12036 = FILL_AREA_STYLE_COLOUR('',#12037);
#12037 = COLOUR_RGB('',0.690999998585,0.664000007176,0.597999987832);
#12038 = CURVE_STYLE('',#12039,POSITIVE_LENGTH_MEASURE(0.1),#12037);
#12039 = DRAUGHTING_PRE_DEFINED_CURVE_FONT('continuous');
ENDSEC;
END-ISO-10303-21;
