ISO-10303-21;
HEADER;
/* Generated by software containing ST-Developer
 * from STEP Tools, Inc. (www.steptools.com) 
 */
/* OPTION: using custom renumber hook */

FILE_DESCRIPTION(
/* description */ ('STEP AP242 Edition 2',
'CAx-IF Rec.Pracs.---Representation and Presentation of Product Manufa
cturing Information (PMI)---4.0---2014-10-13',
'CAx-IF Rec.Pracs.---3D Tessellated Geometry---0.4---2014-09-14','2;1',
'CAx-IF Rec.Pracs.---User Defined Attributes---1.5---2016-08-15'),
/* implementation_level */ '2;1');

FILE_NAME(
/* name */ 'JST-XS-1x4-H - Part 47',
/* time_stamp */ '2026-05-24T21:01:45Z',
/* author */ (''),
/* organization */ (''),
/* preprocessor_version */ 'ST-DEVELOPER v20',
/* originating_system */ 'ONSHAPE BY PTC INC, 1.215',
/* authorisation */ '  ');

FILE_SCHEMA (('AP242_MANAGED_MODEL_BASED_3D_ENGINEERING_MIM_LF { 1 0 10303 442 3 1 4 }'));
ENDSEC;

DATA;
#10=SHAPE_REPRESENTATION_RELATIONSHIP('','',#1771,#11);
#11=ADVANCED_BREP_SHAPE_REPRESENTATION('',(#1769),#2783);
#12=ORIENTED_EDGE('',*,*,#500,.T.);
#13=ORIENTED_EDGE('',*,*,#501,.T.);
#14=ORIENTED_EDGE('',*,*,#502,.T.);
#15=ORIENTED_EDGE('',*,*,#503,.F.);
#16=ORIENTED_EDGE('',*,*,#504,.T.);
#17=ORIENTED_EDGE('',*,*,#505,.T.);
#18=ORIENTED_EDGE('',*,*,#506,.T.);
#19=ORIENTED_EDGE('',*,*,#507,.F.);
#20=ORIENTED_EDGE('',*,*,#500,.F.);
#21=ORIENTED_EDGE('',*,*,#508,.T.);
#22=ORIENTED_EDGE('',*,*,#509,.F.);
#23=ORIENTED_EDGE('',*,*,#510,.F.);
#24=ORIENTED_EDGE('',*,*,#506,.F.);
#25=ORIENTED_EDGE('',*,*,#511,.F.);
#26=ORIENTED_EDGE('',*,*,#512,.F.);
#27=ORIENTED_EDGE('',*,*,#513,.F.);
#28=ORIENTED_EDGE('',*,*,#514,.T.);
#29=ORIENTED_EDGE('',*,*,#515,.T.);
#30=ORIENTED_EDGE('',*,*,#516,.T.);
#31=ORIENTED_EDGE('',*,*,#517,.F.);
#32=ORIENTED_EDGE('',*,*,#518,.T.);
#33=ORIENTED_EDGE('',*,*,#519,.T.);
#34=ORIENTED_EDGE('',*,*,#520,.T.);
#35=ORIENTED_EDGE('',*,*,#521,.F.);
#36=ORIENTED_EDGE('',*,*,#514,.F.);
#37=ORIENTED_EDGE('',*,*,#522,.T.);
#38=ORIENTED_EDGE('',*,*,#523,.F.);
#39=ORIENTED_EDGE('',*,*,#524,.F.);
#40=ORIENTED_EDGE('',*,*,#520,.F.);
#41=ORIENTED_EDGE('',*,*,#525,.F.);
#42=ORIENTED_EDGE('',*,*,#526,.F.);
#43=ORIENTED_EDGE('',*,*,#527,.F.);
#44=ORIENTED_EDGE('',*,*,#528,.F.);
#45=ORIENTED_EDGE('',*,*,#529,.T.);
#46=ORIENTED_EDGE('',*,*,#530,.F.);
#47=ORIENTED_EDGE('',*,*,#531,.F.);
#48=ORIENTED_EDGE('',*,*,#530,.T.);
#49=ORIENTED_EDGE('',*,*,#532,.T.);
#50=ORIENTED_EDGE('',*,*,#533,.F.);
#51=ORIENTED_EDGE('',*,*,#534,.T.);
#52=ORIENTED_EDGE('',*,*,#535,.F.);
#53=ORIENTED_EDGE('',*,*,#536,.T.);
#54=ORIENTED_EDGE('',*,*,#537,.F.);
#55=ORIENTED_EDGE('',*,*,#538,.F.);
#56=ORIENTED_EDGE('',*,*,#539,.F.);
#57=ORIENTED_EDGE('',*,*,#540,.T.);
#58=ORIENTED_EDGE('',*,*,#541,.F.);
#59=ORIENTED_EDGE('',*,*,#542,.F.);
#60=ORIENTED_EDGE('',*,*,#543,.F.);
#61=ORIENTED_EDGE('',*,*,#544,.T.);
#62=ORIENTED_EDGE('',*,*,#545,.F.);
#63=ORIENTED_EDGE('',*,*,#546,.F.);
#64=ORIENTED_EDGE('',*,*,#547,.F.);
#65=ORIENTED_EDGE('',*,*,#548,.T.);
#66=ORIENTED_EDGE('',*,*,#532,.F.);
#67=ORIENTED_EDGE('',*,*,#529,.F.);
#68=ORIENTED_EDGE('',*,*,#549,.T.);
#69=ORIENTED_EDGE('',*,*,#550,.T.);
#70=ORIENTED_EDGE('',*,*,#551,.T.);
#71=ORIENTED_EDGE('',*,*,#552,.T.);
#72=ORIENTED_EDGE('',*,*,#531,.T.);
#73=ORIENTED_EDGE('',*,*,#534,.F.);
#74=ORIENTED_EDGE('',*,*,#553,.F.);
#75=ORIENTED_EDGE('',*,*,#554,.T.);
#76=ORIENTED_EDGE('',*,*,#528,.T.);
#77=ORIENTED_EDGE('',*,*,#554,.F.);
#78=ORIENTED_EDGE('',*,*,#555,.F.);
#79=ORIENTED_EDGE('',*,*,#547,.T.);
#80=ORIENTED_EDGE('',*,*,#548,.F.);
#81=ORIENTED_EDGE('',*,*,#555,.T.);
#82=ORIENTED_EDGE('',*,*,#553,.T.);
#83=ORIENTED_EDGE('',*,*,#533,.T.);
#84=ORIENTED_EDGE('',*,*,#556,.T.);
#85=ORIENTED_EDGE('',*,*,#557,.F.);
#86=ORIENTED_EDGE('',*,*,#550,.F.);
#87=ORIENTED_EDGE('',*,*,#558,.T.);
#88=ORIENTED_EDGE('',*,*,#559,.F.);
#89=ORIENTED_EDGE('',*,*,#538,.T.);
#90=ORIENTED_EDGE('',*,*,#560,.F.);
#91=ORIENTED_EDGE('',*,*,#561,.F.);
#92=ORIENTED_EDGE('',*,*,#562,.F.);
#93=ORIENTED_EDGE('',*,*,#563,.T.);
#94=ORIENTED_EDGE('',*,*,#564,.T.);
#95=ORIENTED_EDGE('',*,*,#558,.F.);
#96=ORIENTED_EDGE('',*,*,#549,.F.);
#97=ORIENTED_EDGE('',*,*,#565,.T.);
#98=ORIENTED_EDGE('',*,*,#566,.T.);
#99=ORIENTED_EDGE('',*,*,#567,.F.);
#100=ORIENTED_EDGE('',*,*,#568,.T.);
#101=ORIENTED_EDGE('',*,*,#541,.T.);
#102=ORIENTED_EDGE('',*,*,#569,.F.);
#103=ORIENTED_EDGE('',*,*,#570,.T.);
#104=ORIENTED_EDGE('',*,*,#571,.T.);
#105=ORIENTED_EDGE('',*,*,#572,.F.);
#106=ORIENTED_EDGE('',*,*,#573,.F.);
#107=ORIENTED_EDGE('',*,*,#543,.T.);
#108=ORIENTED_EDGE('',*,*,#574,.T.);
#109=ORIENTED_EDGE('',*,*,#565,.F.);
#110=ORIENTED_EDGE('',*,*,#552,.F.);
#111=ORIENTED_EDGE('',*,*,#575,.T.);
#112=ORIENTED_EDGE('',*,*,#540,.F.);
#113=ORIENTED_EDGE('',*,*,#576,.T.);
#114=ORIENTED_EDGE('',*,*,#577,.T.);
#115=ORIENTED_EDGE('',*,*,#569,.T.);
#116=ORIENTED_EDGE('',*,*,#536,.F.);
#117=ORIENTED_EDGE('',*,*,#578,.T.);
#118=ORIENTED_EDGE('',*,*,#579,.T.);
#119=ORIENTED_EDGE('',*,*,#580,.T.);
#120=ORIENTED_EDGE('',*,*,#581,.T.);
#121=ORIENTED_EDGE('',*,*,#545,.T.);
#122=ORIENTED_EDGE('',*,*,#582,.F.);
#123=ORIENTED_EDGE('',*,*,#583,.T.);
#124=ORIENTED_EDGE('',*,*,#584,.F.);
#125=ORIENTED_EDGE('',*,*,#542,.T.);
#126=ORIENTED_EDGE('',*,*,#568,.F.);
#127=ORIENTED_EDGE('',*,*,#585,.F.);
#128=ORIENTED_EDGE('',*,*,#544,.F.);
#129=ORIENTED_EDGE('',*,*,#573,.T.);
#130=ORIENTED_EDGE('',*,*,#586,.T.);
#131=ORIENTED_EDGE('',*,*,#582,.T.);
#132=ORIENTED_EDGE('',*,*,#587,.T.);
#133=ORIENTED_EDGE('',*,*,#588,.F.);
#134=ORIENTED_EDGE('',*,*,#589,.F.);
#135=ORIENTED_EDGE('',*,*,#590,.T.);
#136=ORIENTED_EDGE('',*,*,#591,.T.);
#137=ORIENTED_EDGE('',*,*,#575,.F.);
#138=ORIENTED_EDGE('',*,*,#551,.F.);
#139=ORIENTED_EDGE('',*,*,#557,.T.);
#140=ORIENTED_EDGE('',*,*,#560,.T.);
#141=ORIENTED_EDGE('',*,*,#537,.T.);
#142=ORIENTED_EDGE('',*,*,#580,.F.);
#143=ORIENTED_EDGE('',*,*,#592,.T.);
#144=ORIENTED_EDGE('',*,*,#571,.F.);
#145=ORIENTED_EDGE('',*,*,#546,.T.);
#146=ORIENTED_EDGE('',*,*,#581,.F.);
#147=ORIENTED_EDGE('',*,*,#593,.F.);
#148=ORIENTED_EDGE('',*,*,#559,.T.);
#149=ORIENTED_EDGE('',*,*,#594,.F.);
#150=ORIENTED_EDGE('',*,*,#578,.F.);
#151=ORIENTED_EDGE('',*,*,#535,.T.);
#152=ORIENTED_EDGE('',*,*,#584,.T.);
#153=ORIENTED_EDGE('',*,*,#595,.F.);
#154=ORIENTED_EDGE('',*,*,#576,.F.);
#155=ORIENTED_EDGE('',*,*,#539,.T.);
#156=ORIENTED_EDGE('',*,*,#596,.F.);
#157=ORIENTED_EDGE('',*,*,#597,.F.);
#158=ORIENTED_EDGE('',*,*,#587,.F.);
#159=ORIENTED_EDGE('',*,*,#556,.F.);
#160=ORIENTED_EDGE('',*,*,#564,.F.);
#161=ORIENTED_EDGE('',*,*,#598,.F.);
#162=ORIENTED_EDGE('',*,*,#599,.F.);
#163=ORIENTED_EDGE('',*,*,#600,.F.);
#164=ORIENTED_EDGE('',*,*,#566,.F.);
#165=ORIENTED_EDGE('',*,*,#574,.F.);
#166=ORIENTED_EDGE('',*,*,#591,.F.);
#167=ORIENTED_EDGE('',*,*,#601,.F.);
#168=ORIENTED_EDGE('',*,*,#602,.F.);
#169=ORIENTED_EDGE('',*,*,#603,.T.);
#170=ORIENTED_EDGE('',*,*,#604,.T.);
#171=ORIENTED_EDGE('',*,*,#605,.F.);
#172=ORIENTED_EDGE('',*,*,#606,.T.);
#173=ORIENTED_EDGE('',*,*,#607,.T.);
#174=ORIENTED_EDGE('',*,*,#608,.F.);
#175=ORIENTED_EDGE('',*,*,#609,.F.);
#176=ORIENTED_EDGE('',*,*,#610,.T.);
#177=ORIENTED_EDGE('',*,*,#611,.F.);
#178=ORIENTED_EDGE('',*,*,#612,.F.);
#179=ORIENTED_EDGE('',*,*,#613,.T.);
#180=ORIENTED_EDGE('',*,*,#561,.T.);
#181=ORIENTED_EDGE('',*,*,#592,.F.);
#182=ORIENTED_EDGE('',*,*,#579,.F.);
#183=ORIENTED_EDGE('',*,*,#594,.T.);
#184=ORIENTED_EDGE('',*,*,#562,.T.);
#185=ORIENTED_EDGE('',*,*,#614,.T.);
#186=ORIENTED_EDGE('',*,*,#615,.T.);
#187=ORIENTED_EDGE('',*,*,#616,.T.);
#188=ORIENTED_EDGE('',*,*,#600,.T.);
#189=ORIENTED_EDGE('',*,*,#617,.F.);
#190=ORIENTED_EDGE('',*,*,#614,.F.);
#191=ORIENTED_EDGE('',*,*,#567,.T.);
#192=ORIENTED_EDGE('',*,*,#598,.T.);
#193=ORIENTED_EDGE('',*,*,#563,.F.);
#194=ORIENTED_EDGE('',*,*,#616,.F.);
#195=ORIENTED_EDGE('',*,*,#618,.T.);
#196=ORIENTED_EDGE('',*,*,#585,.T.);
#197=ORIENTED_EDGE('',*,*,#570,.F.);
#198=ORIENTED_EDGE('',*,*,#577,.F.);
#199=ORIENTED_EDGE('',*,*,#595,.T.);
#200=ORIENTED_EDGE('',*,*,#593,.T.);
#201=ORIENTED_EDGE('',*,*,#583,.F.);
#202=ORIENTED_EDGE('',*,*,#586,.F.);
#203=ORIENTED_EDGE('',*,*,#572,.T.);
#204=ORIENTED_EDGE('',*,*,#619,.T.);
#205=ORIENTED_EDGE('',*,*,#620,.T.);
#206=ORIENTED_EDGE('',*,*,#621,.T.);
#207=ORIENTED_EDGE('',*,*,#589,.T.);
#208=ORIENTED_EDGE('',*,*,#601,.T.);
#209=ORIENTED_EDGE('',*,*,#590,.F.);
#210=ORIENTED_EDGE('',*,*,#621,.F.);
#211=ORIENTED_EDGE('',*,*,#622,.T.);
#212=ORIENTED_EDGE('',*,*,#597,.T.);
#213=ORIENTED_EDGE('',*,*,#623,.F.);
#214=ORIENTED_EDGE('',*,*,#619,.F.);
#215=ORIENTED_EDGE('',*,*,#588,.T.);
#216=ORIENTED_EDGE('',*,*,#624,.T.);
#217=ORIENTED_EDGE('',*,*,#625,.F.);
#218=ORIENTED_EDGE('',*,*,#626,.F.);
#219=ORIENTED_EDGE('',*,*,#608,.T.);
#220=ORIENTED_EDGE('',*,*,#596,.T.);
#221=ORIENTED_EDGE('',*,*,#622,.F.);
#222=ORIENTED_EDGE('',*,*,#620,.F.);
#223=ORIENTED_EDGE('',*,*,#623,.T.);
#224=ORIENTED_EDGE('',*,*,#627,.F.);
#225=ORIENTED_EDGE('',*,*,#605,.T.);
#226=ORIENTED_EDGE('',*,*,#628,.T.);
#227=ORIENTED_EDGE('',*,*,#629,.T.);
#228=ORIENTED_EDGE('',*,*,#630,.T.);
#229=ORIENTED_EDGE('',*,*,#631,.T.);
#230=ORIENTED_EDGE('',*,*,#632,.T.);
#231=ORIENTED_EDGE('',*,*,#633,.T.);
#232=ORIENTED_EDGE('',*,*,#634,.T.);
#233=ORIENTED_EDGE('',*,*,#635,.T.);
#234=ORIENTED_EDGE('',*,*,#636,.T.);
#235=ORIENTED_EDGE('',*,*,#613,.F.);
#236=ORIENTED_EDGE('',*,*,#637,.F.);
#237=ORIENTED_EDGE('',*,*,#638,.T.);
#238=ORIENTED_EDGE('',*,*,#639,.T.);
#239=ORIENTED_EDGE('',*,*,#640,.T.);
#240=ORIENTED_EDGE('',*,*,#516,.F.);
#241=ORIENTED_EDGE('',*,*,#641,.T.);
#242=ORIENTED_EDGE('',*,*,#523,.T.);
#243=ORIENTED_EDGE('',*,*,#642,.F.);
#244=ORIENTED_EDGE('',*,*,#643,.F.);
#245=ORIENTED_EDGE('',*,*,#644,.F.);
#246=ORIENTED_EDGE('',*,*,#645,.F.);
#247=ORIENTED_EDGE('',*,*,#646,.F.);
#248=ORIENTED_EDGE('',*,*,#606,.F.);
#249=ORIENTED_EDGE('',*,*,#627,.T.);
#250=ORIENTED_EDGE('',*,*,#647,.T.);
#251=ORIENTED_EDGE('',*,*,#648,.T.);
#252=ORIENTED_EDGE('',*,*,#632,.F.);
#253=ORIENTED_EDGE('',*,*,#649,.F.);
#254=ORIENTED_EDGE('',*,*,#650,.F.);
#255=ORIENTED_EDGE('',*,*,#651,.T.);
#256=ORIENTED_EDGE('',*,*,#652,.T.);
#257=ORIENTED_EDGE('',*,*,#653,.F.);
#258=ORIENTED_EDGE('',*,*,#654,.F.);
#259=ORIENTED_EDGE('',*,*,#655,.T.);
#260=ORIENTED_EDGE('',*,*,#656,.T.);
#261=ORIENTED_EDGE('',*,*,#657,.F.);
#262=ORIENTED_EDGE('',*,*,#502,.F.);
#263=ORIENTED_EDGE('',*,*,#658,.T.);
#264=ORIENTED_EDGE('',*,*,#509,.T.);
#265=ORIENTED_EDGE('',*,*,#659,.F.);
#266=ORIENTED_EDGE('',*,*,#660,.T.);
#267=ORIENTED_EDGE('',*,*,#602,.T.);
#268=ORIENTED_EDGE('',*,*,#636,.F.);
#269=ORIENTED_EDGE('',*,*,#661,.F.);
#270=ORIENTED_EDGE('',*,*,#662,.T.);
#271=ORIENTED_EDGE('',*,*,#663,.T.);
#272=ORIENTED_EDGE('',*,*,#609,.T.);
#273=ORIENTED_EDGE('',*,*,#626,.T.);
#274=ORIENTED_EDGE('',*,*,#664,.T.);
#275=ORIENTED_EDGE('',*,*,#665,.F.);
#276=ORIENTED_EDGE('',*,*,#666,.T.);
#277=ORIENTED_EDGE('',*,*,#667,.F.);
#278=ORIENTED_EDGE('',*,*,#668,.F.);
#279=ORIENTED_EDGE('',*,*,#669,.F.);
#280=ORIENTED_EDGE('',*,*,#670,.F.);
#281=ORIENTED_EDGE('',*,*,#603,.F.);
#282=ORIENTED_EDGE('',*,*,#660,.F.);
#283=ORIENTED_EDGE('',*,*,#671,.F.);
#284=ORIENTED_EDGE('',*,*,#672,.T.);
#285=ORIENTED_EDGE('',*,*,#637,.T.);
#286=ORIENTED_EDGE('',*,*,#612,.T.);
#287=ORIENTED_EDGE('',*,*,#673,.T.);
#288=ORIENTED_EDGE('',*,*,#674,.F.);
#289=ORIENTED_EDGE('',*,*,#675,.F.);
#290=ORIENTED_EDGE('',*,*,#676,.T.);
#291=ORIENTED_EDGE('',*,*,#677,.T.);
#292=ORIENTED_EDGE('',*,*,#646,.T.);
#293=ORIENTED_EDGE('',*,*,#678,.F.);
#294=ORIENTED_EDGE('',*,*,#624,.F.);
#295=ORIENTED_EDGE('',*,*,#607,.F.);
#296=ORIENTED_EDGE('',*,*,#679,.F.);
#297=ORIENTED_EDGE('',*,*,#680,.F.);
#298=ORIENTED_EDGE('',*,*,#673,.F.);
#299=ORIENTED_EDGE('',*,*,#611,.T.);
#300=ORIENTED_EDGE('',*,*,#681,.F.);
#301=ORIENTED_EDGE('',*,*,#682,.F.);
#302=ORIENTED_EDGE('',*,*,#683,.F.);
#303=ORIENTED_EDGE('',*,*,#684,.F.);
#304=ORIENTED_EDGE('',*,*,#643,.T.);
#305=ORIENTED_EDGE('',*,*,#685,.F.);
#306=ORIENTED_EDGE('',*,*,#686,.F.);
#307=ORIENTED_EDGE('',*,*,#687,.F.);
#308=ORIENTED_EDGE('',*,*,#599,.T.);
#309=ORIENTED_EDGE('',*,*,#618,.F.);
#310=ORIENTED_EDGE('',*,*,#615,.F.);
#311=ORIENTED_EDGE('',*,*,#617,.T.);
#312=ORIENTED_EDGE('',*,*,#610,.F.);
#313=ORIENTED_EDGE('',*,*,#663,.F.);
#314=ORIENTED_EDGE('',*,*,#688,.T.);
#315=ORIENTED_EDGE('',*,*,#681,.T.);
#316=ORIENTED_EDGE('',*,*,#628,.F.);
#317=ORIENTED_EDGE('',*,*,#604,.F.);
#318=ORIENTED_EDGE('',*,*,#670,.T.);
#319=ORIENTED_EDGE('',*,*,#689,.T.);
#320=ORIENTED_EDGE('',*,*,#645,.T.);
#321=ORIENTED_EDGE('',*,*,#664,.F.);
#322=ORIENTED_EDGE('',*,*,#625,.T.);
#323=ORIENTED_EDGE('',*,*,#678,.T.);
#324=ORIENTED_EDGE('',*,*,#669,.T.);
#325=ORIENTED_EDGE('',*,*,#647,.F.);
#326=ORIENTED_EDGE('',*,*,#629,.F.);
#327=ORIENTED_EDGE('',*,*,#689,.F.);
#328=ORIENTED_EDGE('',*,*,#640,.F.);
#329=ORIENTED_EDGE('',*,*,#690,.F.);
#330=ORIENTED_EDGE('',*,*,#691,.T.);
#331=ORIENTED_EDGE('',*,*,#692,.T.);
#332=ORIENTED_EDGE('',*,*,#639,.F.);
#333=ORIENTED_EDGE('',*,*,#693,.F.);
#334=ORIENTED_EDGE('',*,*,#694,.T.);
#335=ORIENTED_EDGE('',*,*,#690,.T.);
#336=ORIENTED_EDGE('',*,*,#638,.F.);
#337=ORIENTED_EDGE('',*,*,#672,.F.);
#338=ORIENTED_EDGE('',*,*,#695,.T.);
#339=ORIENTED_EDGE('',*,*,#693,.T.);
#340=ORIENTED_EDGE('',*,*,#667,.T.);
#341=ORIENTED_EDGE('',*,*,#696,.T.);
#342=ORIENTED_EDGE('',*,*,#634,.F.);
#343=ORIENTED_EDGE('',*,*,#697,.F.);
#344=ORIENTED_EDGE('',*,*,#630,.F.);
#345=ORIENTED_EDGE('',*,*,#692,.F.);
#346=ORIENTED_EDGE('',*,*,#698,.T.);
#347=ORIENTED_EDGE('',*,*,#699,.T.);
#348=ORIENTED_EDGE('',*,*,#671,.T.);
#349=ORIENTED_EDGE('',*,*,#661,.T.);
#350=ORIENTED_EDGE('',*,*,#635,.F.);
#351=ORIENTED_EDGE('',*,*,#696,.F.);
#352=ORIENTED_EDGE('',*,*,#668,.T.);
#353=ORIENTED_EDGE('',*,*,#697,.T.);
#354=ORIENTED_EDGE('',*,*,#633,.F.);
#355=ORIENTED_EDGE('',*,*,#648,.F.);
#356=ORIENTED_EDGE('',*,*,#700,.F.);
#357=ORIENTED_EDGE('',*,*,#665,.T.);
#358=ORIENTED_EDGE('',*,*,#644,.T.);
#359=ORIENTED_EDGE('',*,*,#684,.T.);
#360=ORIENTED_EDGE('',*,*,#701,.T.);
#361=ORIENTED_EDGE('',*,*,#702,.T.);
#362=ORIENTED_EDGE('',*,*,#650,.T.);
#363=ORIENTED_EDGE('',*,*,#703,.F.);
#364=ORIENTED_EDGE('',*,*,#704,.T.);
#365=ORIENTED_EDGE('',*,*,#705,.T.);
#366=ORIENTED_EDGE('',*,*,#656,.F.);
#367=ORIENTED_EDGE('',*,*,#706,.F.);
#368=ORIENTED_EDGE('',*,*,#707,.F.);
#369=ORIENTED_EDGE('',*,*,#708,.F.);
#370=ORIENTED_EDGE('',*,*,#709,.F.);
#371=ORIENTED_EDGE('',*,*,#710,.F.);
#372=ORIENTED_EDGE('',*,*,#658,.F.);
#373=ORIENTED_EDGE('',*,*,#501,.F.);
#374=ORIENTED_EDGE('',*,*,#507,.T.);
#375=ORIENTED_EDGE('',*,*,#510,.T.);
#376=ORIENTED_EDGE('',*,*,#711,.T.);
#377=ORIENTED_EDGE('',*,*,#712,.T.);
#378=ORIENTED_EDGE('',*,*,#654,.T.);
#379=ORIENTED_EDGE('',*,*,#713,.F.);
#380=ORIENTED_EDGE('',*,*,#714,.T.);
#381=ORIENTED_EDGE('',*,*,#715,.T.);
#382=ORIENTED_EDGE('',*,*,#655,.F.);
#383=ORIENTED_EDGE('',*,*,#712,.F.);
#384=ORIENTED_EDGE('',*,*,#716,.T.);
#385=ORIENTED_EDGE('',*,*,#706,.T.);
#386=ORIENTED_EDGE('',*,*,#652,.F.);
#387=ORIENTED_EDGE('',*,*,#717,.F.);
#388=ORIENTED_EDGE('',*,*,#718,.F.);
#389=ORIENTED_EDGE('',*,*,#719,.F.);
#390=ORIENTED_EDGE('',*,*,#720,.F.);
#391=ORIENTED_EDGE('',*,*,#721,.F.);
#392=ORIENTED_EDGE('',*,*,#651,.F.);
#393=ORIENTED_EDGE('',*,*,#702,.F.);
#394=ORIENTED_EDGE('',*,*,#722,.T.);
#395=ORIENTED_EDGE('',*,*,#717,.T.);
#396=ORIENTED_EDGE('',*,*,#641,.F.);
#397=ORIENTED_EDGE('',*,*,#515,.F.);
#398=ORIENTED_EDGE('',*,*,#521,.T.);
#399=ORIENTED_EDGE('',*,*,#524,.T.);
#400=ORIENTED_EDGE('',*,*,#688,.F.);
#401=ORIENTED_EDGE('',*,*,#662,.F.);
#402=ORIENTED_EDGE('',*,*,#723,.T.);
#403=ORIENTED_EDGE('',*,*,#682,.T.);
#404=ORIENTED_EDGE('',*,*,#723,.F.);
#405=ORIENTED_EDGE('',*,*,#666,.F.);
#406=ORIENTED_EDGE('',*,*,#700,.T.);
#407=ORIENTED_EDGE('',*,*,#683,.T.);
#408=ORIENTED_EDGE('',*,*,#724,.T.);
#409=ORIENTED_EDGE('',*,*,#725,.T.);
#410=ORIENTED_EDGE('',*,*,#726,.T.);
#411=ORIENTED_EDGE('',*,*,#727,.T.);
#412=ORIENTED_EDGE('',*,*,#675,.T.);
#413=ORIENTED_EDGE('',*,*,#728,.T.);
#414=ORIENTED_EDGE('',*,*,#694,.F.);
#415=ORIENTED_EDGE('',*,*,#695,.F.);
#416=ORIENTED_EDGE('',*,*,#677,.F.);
#417=ORIENTED_EDGE('',*,*,#729,.F.);
#418=ORIENTED_EDGE('',*,*,#698,.F.);
#419=ORIENTED_EDGE('',*,*,#691,.F.);
#420=ORIENTED_EDGE('',*,*,#680,.T.);
#421=ORIENTED_EDGE('',*,*,#730,.F.);
#422=ORIENTED_EDGE('',*,*,#728,.F.);
#423=ORIENTED_EDGE('',*,*,#674,.T.);
#424=ORIENTED_EDGE('',*,*,#686,.T.);
#425=ORIENTED_EDGE('',*,*,#731,.F.);
#426=ORIENTED_EDGE('',*,*,#726,.F.);
#427=ORIENTED_EDGE('',*,*,#732,.T.);
#428=ORIENTED_EDGE('',*,*,#687,.T.);
#429=ORIENTED_EDGE('',*,*,#732,.F.);
#430=ORIENTED_EDGE('',*,*,#725,.F.);
#431=ORIENTED_EDGE('',*,*,#733,.T.);
#432=ORIENTED_EDGE('',*,*,#679,.T.);
#433=ORIENTED_EDGE('',*,*,#733,.F.);
#434=ORIENTED_EDGE('',*,*,#724,.F.);
#435=ORIENTED_EDGE('',*,*,#730,.T.);
#436=ORIENTED_EDGE('',*,*,#718,.T.);
#437=ORIENTED_EDGE('',*,*,#722,.F.);
#438=ORIENTED_EDGE('',*,*,#701,.F.);
#439=ORIENTED_EDGE('',*,*,#734,.T.);
#440=ORIENTED_EDGE('',*,*,#707,.T.);
#441=ORIENTED_EDGE('',*,*,#716,.F.);
#442=ORIENTED_EDGE('',*,*,#711,.F.);
#443=ORIENTED_EDGE('',*,*,#735,.T.);
#444=ORIENTED_EDGE('',*,*,#713,.T.);
#445=ORIENTED_EDGE('',*,*,#653,.T.);
#446=ORIENTED_EDGE('',*,*,#721,.T.);
#447=ORIENTED_EDGE('',*,*,#736,.T.);
#448=ORIENTED_EDGE('',*,*,#703,.T.);
#449=ORIENTED_EDGE('',*,*,#649,.T.);
#450=ORIENTED_EDGE('',*,*,#631,.F.);
#451=ORIENTED_EDGE('',*,*,#699,.F.);
#452=ORIENTED_EDGE('',*,*,#729,.T.);
#453=ORIENTED_EDGE('',*,*,#676,.F.);
#454=ORIENTED_EDGE('',*,*,#727,.F.);
#455=ORIENTED_EDGE('',*,*,#731,.T.);
#456=ORIENTED_EDGE('',*,*,#685,.T.);
#457=ORIENTED_EDGE('',*,*,#642,.T.);
#458=ORIENTED_EDGE('',*,*,#527,.T.);
#459=ORIENTED_EDGE('',*,*,#737,.T.);
#460=ORIENTED_EDGE('',*,*,#517,.T.);
#461=ORIENTED_EDGE('',*,*,#659,.T.);
#462=ORIENTED_EDGE('',*,*,#513,.T.);
#463=ORIENTED_EDGE('',*,*,#738,.T.);
#464=ORIENTED_EDGE('',*,*,#503,.T.);
#465=ORIENTED_EDGE('',*,*,#657,.T.);
#466=ORIENTED_EDGE('',*,*,#710,.T.);
#467=ORIENTED_EDGE('',*,*,#739,.T.);
#468=ORIENTED_EDGE('',*,*,#511,.T.);
#469=ORIENTED_EDGE('',*,*,#508,.F.);
#470=ORIENTED_EDGE('',*,*,#505,.F.);
#471=ORIENTED_EDGE('',*,*,#740,.T.);
#472=ORIENTED_EDGE('',*,*,#512,.T.);
#473=ORIENTED_EDGE('',*,*,#740,.F.);
#474=ORIENTED_EDGE('',*,*,#504,.F.);
#475=ORIENTED_EDGE('',*,*,#738,.F.);
#476=ORIENTED_EDGE('',*,*,#719,.T.);
#477=ORIENTED_EDGE('',*,*,#734,.F.);
#478=ORIENTED_EDGE('',*,*,#705,.F.);
#479=ORIENTED_EDGE('',*,*,#741,.T.);
#480=ORIENTED_EDGE('',*,*,#720,.T.);
#481=ORIENTED_EDGE('',*,*,#741,.F.);
#482=ORIENTED_EDGE('',*,*,#704,.F.);
#483=ORIENTED_EDGE('',*,*,#736,.F.);
#484=ORIENTED_EDGE('',*,*,#525,.T.);
#485=ORIENTED_EDGE('',*,*,#522,.F.);
#486=ORIENTED_EDGE('',*,*,#519,.F.);
#487=ORIENTED_EDGE('',*,*,#742,.T.);
#488=ORIENTED_EDGE('',*,*,#526,.T.);
#489=ORIENTED_EDGE('',*,*,#742,.F.);
#490=ORIENTED_EDGE('',*,*,#518,.F.);
#491=ORIENTED_EDGE('',*,*,#737,.F.);
#492=ORIENTED_EDGE('',*,*,#709,.T.);
#493=ORIENTED_EDGE('',*,*,#743,.F.);
#494=ORIENTED_EDGE('',*,*,#714,.F.);
#495=ORIENTED_EDGE('',*,*,#739,.F.);
#496=ORIENTED_EDGE('',*,*,#708,.T.);
#497=ORIENTED_EDGE('',*,*,#735,.F.);
#498=ORIENTED_EDGE('',*,*,#715,.F.);
#499=ORIENTED_EDGE('',*,*,#743,.T.);
#500=EDGE_CURVE('',#744,#745,#906,.T.);
#501=EDGE_CURVE('',#745,#746,#907,.T.);
#502=EDGE_CURVE('',#746,#747,#908,.T.);
#503=EDGE_CURVE('',#748,#747,#909,.T.);
#504=EDGE_CURVE('',#748,#749,#910,.T.);
#505=EDGE_CURVE('',#749,#744,#911,.T.);
#506=EDGE_CURVE('',#750,#751,#912,.T.);
#507=EDGE_CURVE('',#745,#751,#913,.T.);
#508=EDGE_CURVE('',#744,#750,#914,.T.);
#509=EDGE_CURVE('',#752,#753,#915,.T.);
#510=EDGE_CURVE('',#751,#752,#916,.T.);
#511=EDGE_CURVE('',#754,#750,#917,.T.);
#512=EDGE_CURVE('',#755,#754,#918,.T.);
#513=EDGE_CURVE('',#753,#755,#919,.T.);
#514=EDGE_CURVE('',#756,#757,#920,.T.);
#515=EDGE_CURVE('',#757,#758,#921,.T.);
#516=EDGE_CURVE('',#758,#759,#922,.T.);
#517=EDGE_CURVE('',#760,#759,#923,.T.);
#518=EDGE_CURVE('',#760,#761,#924,.T.);
#519=EDGE_CURVE('',#761,#756,#925,.T.);
#520=EDGE_CURVE('',#762,#763,#926,.T.);
#521=EDGE_CURVE('',#757,#763,#927,.T.);
#522=EDGE_CURVE('',#756,#762,#928,.T.);
#523=EDGE_CURVE('',#764,#765,#929,.T.);
#524=EDGE_CURVE('',#763,#764,#930,.T.);
#525=EDGE_CURVE('',#766,#762,#931,.T.);
#526=EDGE_CURVE('',#767,#766,#932,.T.);
#527=EDGE_CURVE('',#765,#767,#933,.T.);
#528=EDGE_CURVE('',#768,#769,#934,.T.);
#529=EDGE_CURVE('',#768,#770,#935,.T.);
#530=EDGE_CURVE('',#771,#770,#936,.T.);
#531=EDGE_CURVE('',#769,#771,#937,.T.);
#532=EDGE_CURVE('',#770,#772,#938,.T.);
#533=EDGE_CURVE('',#773,#772,#939,.T.);
#534=EDGE_CURVE('',#773,#771,#940,.T.);
#535=EDGE_CURVE('',#774,#775,#941,.T.);
#536=EDGE_CURVE('',#774,#776,#942,.T.);
#537=EDGE_CURVE('',#777,#776,#943,.T.);
#538=EDGE_CURVE('',#775,#777,#944,.T.);
#539=EDGE_CURVE('',#778,#779,#945,.T.);
#540=EDGE_CURVE('',#778,#780,#946,.T.);
#541=EDGE_CURVE('',#781,#780,#947,.T.);
#542=EDGE_CURVE('',#779,#781,#948,.T.);
#543=EDGE_CURVE('',#782,#783,#949,.T.);
#544=EDGE_CURVE('',#782,#784,#950,.T.);
#545=EDGE_CURVE('',#785,#784,#951,.T.);
#546=EDGE_CURVE('',#783,#785,#952,.T.);
#547=EDGE_CURVE('',#786,#768,#953,.T.);
#548=EDGE_CURVE('',#786,#772,#954,.T.);
#549=EDGE_CURVE('',#787,#788,#955,.T.);
#550=EDGE_CURVE('',#788,#789,#956,.T.);
#551=EDGE_CURVE('',#789,#790,#957,.T.);
#552=EDGE_CURVE('',#790,#787,#958,.T.);
#553=EDGE_CURVE('',#791,#773,#959,.T.);
#554=EDGE_CURVE('',#791,#769,#960,.T.);
#555=EDGE_CURVE('',#786,#791,#961,.T.);
#556=EDGE_CURVE('',#792,#793,#962,.T.);
#557=EDGE_CURVE('',#789,#793,#963,.T.);
#558=EDGE_CURVE('',#788,#792,#964,.T.);
#559=EDGE_CURVE('',#775,#794,#965,.T.);
#560=EDGE_CURVE('',#795,#777,#966,.T.);
#561=EDGE_CURVE('',#794,#795,#967,.T.);
#562=EDGE_CURVE('',#796,#797,#968,.T.);
#563=EDGE_CURVE('',#796,#798,#969,.T.);
#564=EDGE_CURVE('',#798,#792,#970,.T.);
#565=EDGE_CURVE('',#787,#799,#971,.T.);
#566=EDGE_CURVE('',#799,#800,#972,.T.);
#567=EDGE_CURVE('',#797,#800,#973,.T.);
#568=EDGE_CURVE('',#801,#781,#974,.T.);
#569=EDGE_CURVE('',#802,#780,#975,.T.);
#570=EDGE_CURVE('',#802,#801,#976,.T.);
#571=EDGE_CURVE('',#783,#803,#977,.T.);
#572=EDGE_CURVE('',#804,#803,#978,.T.);
#573=EDGE_CURVE('',#782,#804,#979,.T.);
#574=EDGE_CURVE('',#805,#799,#980,.T.);
#575=EDGE_CURVE('',#790,#805,#981,.T.);
#576=EDGE_CURVE('',#778,#806,#982,.T.);
#577=EDGE_CURVE('',#806,#802,#983,.T.);
#578=EDGE_CURVE('',#774,#807,#984,.T.);
#579=EDGE_CURVE('',#807,#808,#985,.T.);
#580=EDGE_CURVE('',#808,#776,#986,.T.);
#581=EDGE_CURVE('',#809,#785,#987,.T.);
#582=EDGE_CURVE('',#810,#784,#988,.T.);
#583=EDGE_CURVE('',#810,#809,#989,.T.);
#584=EDGE_CURVE('',#779,#811,#990,.T.);
#585=EDGE_CURVE('',#811,#801,#991,.T.);
#586=EDGE_CURVE('',#804,#810,#992,.T.);
#587=EDGE_CURVE('',#793,#812,#993,.T.);
#588=EDGE_CURVE('',#813,#812,#994,.T.);
#589=EDGE_CURVE('',#814,#813,#995,.T.);
#590=EDGE_CURVE('',#814,#815,#996,.T.);
#591=EDGE_CURVE('',#815,#805,#997,.T.);
#592=EDGE_CURVE('',#808,#795,#998,.T.);
#593=EDGE_CURVE('',#803,#809,#999,.T.);
#594=EDGE_CURVE('',#807,#794,#1000,.T.);
#595=EDGE_CURVE('',#806,#811,#1001,.T.);
#596=EDGE_CURVE('',#816,#817,#1002,.T.);
#597=EDGE_CURVE('',#812,#816,#1003,.T.);
#598=EDGE_CURVE('',#818,#798,#1004,.T.);
#599=EDGE_CURVE('',#819,#818,#1005,.T.);
#600=EDGE_CURVE('',#800,#819,#1006,.T.);
#601=EDGE_CURVE('',#817,#815,#1007,.T.);
#602=EDGE_CURVE('',#820,#821,#1008,.T.);
#603=EDGE_CURVE('',#820,#822,#1009,.T.);
#604=EDGE_CURVE('',#822,#823,#1010,.T.);
#605=EDGE_CURVE('',#824,#823,#1011,.T.);
#606=EDGE_CURVE('',#824,#825,#1012,.T.);
#607=EDGE_CURVE('',#825,#826,#1013,.T.);
#608=EDGE_CURVE('',#827,#826,#1014,.T.);
#609=EDGE_CURVE('',#828,#827,#1015,.T.);
#610=EDGE_CURVE('',#828,#829,#1016,.T.);
#611=EDGE_CURVE('',#830,#829,#1017,.T.);
#612=EDGE_CURVE('',#831,#830,#1018,.T.);
#613=EDGE_CURVE('',#831,#821,#1019,.T.);
#614=EDGE_CURVE('',#797,#832,#1020,.T.);
#615=EDGE_CURVE('',#832,#833,#1021,.T.);
#616=EDGE_CURVE('',#833,#796,#1022,.T.);
#617=EDGE_CURVE('',#832,#819,#1023,.T.);
#618=EDGE_CURVE('',#833,#818,#1024,.T.);
#619=EDGE_CURVE('',#813,#834,#1025,.T.);
#620=EDGE_CURVE('',#834,#835,#1026,.T.);
#621=EDGE_CURVE('',#835,#814,#1027,.T.);
#622=EDGE_CURVE('',#835,#817,#1028,.T.);
#623=EDGE_CURVE('',#834,#816,#1029,.T.);
#624=EDGE_CURVE('',#826,#836,#1030,.T.);
#625=EDGE_CURVE('',#837,#836,#1031,.T.);
#626=EDGE_CURVE('',#827,#837,#1032,.T.);
#627=EDGE_CURVE('',#824,#838,#1033,.T.);
#628=EDGE_CURVE('',#823,#839,#1034,.T.);
#629=EDGE_CURVE('',#839,#838,#1035,.T.);
#630=EDGE_CURVE('',#840,#841,#1036,.T.);
#631=EDGE_CURVE('',#841,#842,#1037,.T.);
#632=EDGE_CURVE('',#842,#843,#1038,.T.);
#633=EDGE_CURVE('',#843,#844,#1039,.T.);
#634=EDGE_CURVE('',#844,#845,#1040,.T.);
#635=EDGE_CURVE('',#845,#846,#1041,.T.);
#636=EDGE_CURVE('',#846,#821,#1042,.T.);
#637=EDGE_CURVE('',#847,#831,#1043,.T.);
#638=EDGE_CURVE('',#847,#848,#1044,.T.);
#639=EDGE_CURVE('',#848,#849,#1045,.T.);
#640=EDGE_CURVE('',#849,#840,#1046,.T.);
#641=EDGE_CURVE('',#758,#764,#1047,.T.);
#642=EDGE_CURVE('',#850,#765,#1048,.T.);
#643=EDGE_CURVE('',#851,#850,#1049,.T.);
#644=EDGE_CURVE('',#852,#851,#1050,.T.);
#645=EDGE_CURVE('',#853,#852,#1051,.T.);
#646=EDGE_CURVE('',#825,#853,#1052,.T.);
#647=EDGE_CURVE('',#838,#854,#1053,.T.);
#648=EDGE_CURVE('',#854,#843,#1054,.T.);
#649=EDGE_CURVE('',#855,#842,#1055,.T.);
#650=EDGE_CURVE('',#856,#855,#1056,.T.);
#651=EDGE_CURVE('',#856,#857,#1057,.T.);
#652=EDGE_CURVE('',#857,#858,#1058,.T.);
#653=EDGE_CURVE('',#859,#858,#1059,.T.);
#654=EDGE_CURVE('',#860,#859,#1060,.T.);
#655=EDGE_CURVE('',#860,#861,#1061,.T.);
#656=EDGE_CURVE('',#861,#862,#1062,.T.);
#657=EDGE_CURVE('',#747,#862,#1063,.T.);
#658=EDGE_CURVE('',#746,#752,#1064,.T.);
#659=EDGE_CURVE('',#759,#753,#1065,.T.);
#660=EDGE_CURVE('',#863,#820,#1066,.T.);
#661=EDGE_CURVE('',#863,#846,#1067,.T.);
#662=EDGE_CURVE('',#864,#865,#1068,.T.);
#663=EDGE_CURVE('',#865,#828,#1069,.T.);
#664=EDGE_CURVE('',#837,#852,#1070,.T.);
#665=EDGE_CURVE('',#866,#852,#1071,.T.);
#666=EDGE_CURVE('',#866,#864,#1072,.T.);
#667=EDGE_CURVE('',#867,#868,#1073,.T.);
#668=EDGE_CURVE('',#854,#867,#1074,.T.);
#669=EDGE_CURVE('',#869,#854,#1075,.T.);
#670=EDGE_CURVE('',#822,#869,#1076,.T.);
#671=EDGE_CURVE('',#868,#863,#1077,.T.);
#672=EDGE_CURVE('',#870,#847,#1078,.T.);
#673=EDGE_CURVE('',#830,#871,#1079,.T.);
#674=EDGE_CURVE('',#872,#871,#1080,.T.);
#675=EDGE_CURVE('',#873,#872,#1081,.T.);
#676=EDGE_CURVE('',#873,#874,#1082,.T.);
#677=EDGE_CURVE('',#874,#870,#1083,.T.);
#678=EDGE_CURVE('',#836,#853,#1084,.T.);
#679=EDGE_CURVE('',#875,#876,#1085,.T.);
#680=EDGE_CURVE('',#871,#875,#1086,.T.);
#681=EDGE_CURVE('',#877,#829,#1087,.T.);
#682=EDGE_CURVE('',#878,#877,#1088,.T.);
#683=EDGE_CURVE('',#879,#878,#1089,.T.);
#684=EDGE_CURVE('',#851,#879,#1090,.T.);
#685=EDGE_CURVE('',#880,#850,#1091,.T.);
#686=EDGE_CURVE('',#881,#880,#1092,.T.);
#687=EDGE_CURVE('',#876,#881,#1093,.T.);
#688=EDGE_CURVE('',#865,#877,#1094,.T.);
#689=EDGE_CURVE('',#869,#839,#1095,.T.);
#690=EDGE_CURVE('',#882,#849,#1096,.T.);
#691=EDGE_CURVE('',#882,#883,#1097,.T.);
#692=EDGE_CURVE('',#883,#840,#1098,.T.);
#693=EDGE_CURVE('',#884,#848,#1099,.T.);
#694=EDGE_CURVE('',#884,#882,#1100,.T.);
#695=EDGE_CURVE('',#870,#884,#1101,.T.);
#696=EDGE_CURVE('',#868,#845,#1102,.T.);
#697=EDGE_CURVE('',#867,#844,#1103,.T.);
#698=EDGE_CURVE('',#883,#885,#1104,.T.);
#699=EDGE_CURVE('',#885,#841,#1105,.T.);
#700=EDGE_CURVE('',#866,#879,#1106,.T.);
#701=EDGE_CURVE('',#886,#887,#1107,.T.);
#702=EDGE_CURVE('',#887,#856,#1108,.T.);
#703=EDGE_CURVE('',#888,#855,#1109,.T.);
#704=EDGE_CURVE('',#888,#889,#1110,.T.);
#705=EDGE_CURVE('',#889,#886,#1111,.T.);
#706=EDGE_CURVE('',#890,#861,#1112,.T.);
#707=EDGE_CURVE('',#891,#890,#1113,.T.);
#708=EDGE_CURVE('',#892,#891,#1114,.T.);
#709=EDGE_CURVE('',#893,#892,#1115,.T.);
#710=EDGE_CURVE('',#862,#893,#1116,.T.);
#711=EDGE_CURVE('',#894,#895,#1117,.T.);
#712=EDGE_CURVE('',#895,#860,#1118,.T.);
#713=EDGE_CURVE('',#896,#859,#1119,.T.);
#714=EDGE_CURVE('',#896,#897,#1120,.T.);
#715=EDGE_CURVE('',#897,#894,#1121,.T.);
#716=EDGE_CURVE('',#895,#890,#1122,.T.);
#717=EDGE_CURVE('',#898,#857,#1123,.T.);
#718=EDGE_CURVE('',#899,#898,#1124,.T.);
#719=EDGE_CURVE('',#900,#899,#1125,.T.);
#720=EDGE_CURVE('',#901,#900,#1126,.T.);
#721=EDGE_CURVE('',#858,#901,#1127,.T.);
#722=EDGE_CURVE('',#887,#898,#1128,.T.);
#723=EDGE_CURVE('',#864,#878,#1129,.T.);
#724=EDGE_CURVE('',#902,#903,#1130,.T.);
#725=EDGE_CURVE('',#903,#904,#1131,.T.);
#726=EDGE_CURVE('',#904,#905,#1132,.T.);
#727=EDGE_CURVE('',#905,#873,#1133,.T.);
#728=EDGE_CURVE('',#872,#902,#1134,.T.);
#729=EDGE_CURVE('',#885,#874,#1135,.T.);
#730=EDGE_CURVE('',#902,#875,#1136,.T.);
#731=EDGE_CURVE('',#905,#880,#1137,.T.);
#732=EDGE_CURVE('',#904,#881,#1138,.T.);
#733=EDGE_CURVE('',#903,#876,#1139,.T.);
#734=EDGE_CURVE('',#886,#899,#1140,.T.);
#735=EDGE_CURVE('',#894,#891,#1141,.T.);
#736=EDGE_CURVE('',#901,#888,#1142,.T.);
#737=EDGE_CURVE('',#767,#760,#1143,.T.);
#738=EDGE_CURVE('',#755,#748,#1144,.T.);
#739=EDGE_CURVE('',#893,#896,#1145,.T.);
#740=EDGE_CURVE('',#749,#754,#1146,.T.);
#741=EDGE_CURVE('',#889,#900,#1147,.T.);
#742=EDGE_CURVE('',#761,#766,#1148,.T.);
#743=EDGE_CURVE('',#897,#892,#1149,.T.);
#744=VERTEX_POINT('',#2289);
#745=VERTEX_POINT('',#2290);
#746=VERTEX_POINT('',#2292);
#747=VERTEX_POINT('',#2294);
#748=VERTEX_POINT('',#2296);
#749=VERTEX_POINT('',#2298);
#750=VERTEX_POINT('',#2302);
#751=VERTEX_POINT('',#2303);
#752=VERTEX_POINT('',#2308);
#753=VERTEX_POINT('',#2309);
#754=VERTEX_POINT('',#2312);
#755=VERTEX_POINT('',#2314);
#756=VERTEX_POINT('',#2318);
#757=VERTEX_POINT('',#2319);
#758=VERTEX_POINT('',#2321);
#759=VERTEX_POINT('',#2323);
#760=VERTEX_POINT('',#2325);
#761=VERTEX_POINT('',#2327);
#762=VERTEX_POINT('',#2331);
#763=VERTEX_POINT('',#2332);
#764=VERTEX_POINT('',#2337);
#765=VERTEX_POINT('',#2338);
#766=VERTEX_POINT('',#2341);
#767=VERTEX_POINT('',#2343);
#768=VERTEX_POINT('',#2347);
#769=VERTEX_POINT('',#2348);
#770=VERTEX_POINT('',#2350);
#771=VERTEX_POINT('',#2352);
#772=VERTEX_POINT('',#2356);
#773=VERTEX_POINT('',#2358);
#774=VERTEX_POINT('',#2362);
#775=VERTEX_POINT('',#2363);
#776=VERTEX_POINT('',#2365);
#777=VERTEX_POINT('',#2367);
#778=VERTEX_POINT('',#2370);
#779=VERTEX_POINT('',#2371);
#780=VERTEX_POINT('',#2373);
#781=VERTEX_POINT('',#2375);
#782=VERTEX_POINT('',#2378);
#783=VERTEX_POINT('',#2379);
#784=VERTEX_POINT('',#2381);
#785=VERTEX_POINT('',#2383);
#786=VERTEX_POINT('',#2386);
#787=VERTEX_POINT('',#2389);
#788=VERTEX_POINT('',#2390);
#789=VERTEX_POINT('',#2392);
#790=VERTEX_POINT('',#2394);
#791=VERTEX_POINT('',#2398);
#792=VERTEX_POINT('',#2405);
#793=VERTEX_POINT('',#2406);
#794=VERTEX_POINT('',#2411);
#795=VERTEX_POINT('',#2413);
#796=VERTEX_POINT('',#2417);
#797=VERTEX_POINT('',#2418);
#798=VERTEX_POINT('',#2420);
#799=VERTEX_POINT('',#2423);
#800=VERTEX_POINT('',#2425);
#801=VERTEX_POINT('',#2429);
#802=VERTEX_POINT('',#2431);
#803=VERTEX_POINT('',#2435);
#804=VERTEX_POINT('',#2437);
#805=VERTEX_POINT('',#2441);
#806=VERTEX_POINT('',#2445);
#807=VERTEX_POINT('',#2449);
#808=VERTEX_POINT('',#2451);
#809=VERTEX_POINT('',#2455);
#810=VERTEX_POINT('',#2457);
#811=VERTEX_POINT('',#2461);
#812=VERTEX_POINT('',#2467);
#813=VERTEX_POINT('',#2469);
#814=VERTEX_POINT('',#2471);
#815=VERTEX_POINT('',#2473);
#816=VERTEX_POINT('',#2485);
#817=VERTEX_POINT('',#2486);
#818=VERTEX_POINT('',#2489);
#819=VERTEX_POINT('',#2491);
#820=VERTEX_POINT('',#2495);
#821=VERTEX_POINT('',#2496);
#822=VERTEX_POINT('',#2498);
#823=VERTEX_POINT('',#2500);
#824=VERTEX_POINT('',#2502);
#825=VERTEX_POINT('',#2504);
#826=VERTEX_POINT('',#2506);
#827=VERTEX_POINT('',#2508);
#828=VERTEX_POINT('',#2510);
#829=VERTEX_POINT('',#2512);
#830=VERTEX_POINT('',#2514);
#831=VERTEX_POINT('',#2516);
#832=VERTEX_POINT('',#2521);
#833=VERTEX_POINT('',#2523);
#834=VERTEX_POINT('',#2533);
#835=VERTEX_POINT('',#2535);
#836=VERTEX_POINT('',#2543);
#837=VERTEX_POINT('',#2545);
#838=VERTEX_POINT('',#2550);
#839=VERTEX_POINT('',#2552);
#840=VERTEX_POINT('',#2556);
#841=VERTEX_POINT('',#2557);
#842=VERTEX_POINT('',#2559);
#843=VERTEX_POINT('',#2561);
#844=VERTEX_POINT('',#2563);
#845=VERTEX_POINT('',#2565);
#846=VERTEX_POINT('',#2567);
#847=VERTEX_POINT('',#2570);
#848=VERTEX_POINT('',#2572);
#849=VERTEX_POINT('',#2574);
#850=VERTEX_POINT('',#2579);
#851=VERTEX_POINT('',#2581);
#852=VERTEX_POINT('',#2583);
#853=VERTEX_POINT('',#2585);
#854=VERTEX_POINT('',#2588);
#855=VERTEX_POINT('',#2591);
#856=VERTEX_POINT('',#2593);
#857=VERTEX_POINT('',#2595);
#858=VERTEX_POINT('',#2597);
#859=VERTEX_POINT('',#2599);
#860=VERTEX_POINT('',#2601);
#861=VERTEX_POINT('',#2603);
#862=VERTEX_POINT('',#2605);
#863=VERTEX_POINT('',#2611);
#864=VERTEX_POINT('',#2615);
#865=VERTEX_POINT('',#2616);
#866=VERTEX_POINT('',#2620);
#867=VERTEX_POINT('',#2624);
#868=VERTEX_POINT('',#2625);
#869=VERTEX_POINT('',#2628);
#870=VERTEX_POINT('',#2633);
#871=VERTEX_POINT('',#2635);
#872=VERTEX_POINT('',#2637);
#873=VERTEX_POINT('',#2639);
#874=VERTEX_POINT('',#2641);
#875=VERTEX_POINT('',#2647);
#876=VERTEX_POINT('',#2648);
#877=VERTEX_POINT('',#2651);
#878=VERTEX_POINT('',#2653);
#879=VERTEX_POINT('',#2655);
#880=VERTEX_POINT('',#2658);
#881=VERTEX_POINT('',#2660);
#882=VERTEX_POINT('',#2671);
#883=VERTEX_POINT('',#2673);
#884=VERTEX_POINT('',#2677);
#885=VERTEX_POINT('',#2686);
#886=VERTEX_POINT('',#2694);
#887=VERTEX_POINT('',#2695);
#888=VERTEX_POINT('',#2698);
#889=VERTEX_POINT('',#2700);
#890=VERTEX_POINT('',#2704);
#891=VERTEX_POINT('',#2706);
#892=VERTEX_POINT('',#2708);
#893=VERTEX_POINT('',#2710);
#894=VERTEX_POINT('',#2715);
#895=VERTEX_POINT('',#2716);
#896=VERTEX_POINT('',#2719);
#897=VERTEX_POINT('',#2721);
#898=VERTEX_POINT('',#2727);
#899=VERTEX_POINT('',#2729);
#900=VERTEX_POINT('',#2731);
#901=VERTEX_POINT('',#2733);
#902=VERTEX_POINT('',#2743);
#903=VERTEX_POINT('',#2744);
#904=VERTEX_POINT('',#2746);
#905=VERTEX_POINT('',#2748);
#906=LINE('',#2288,#1150);
#907=LINE('',#2291,#1151);
#908=LINE('',#2293,#1152);
#909=LINE('',#2295,#1153);
#910=LINE('',#2297,#1154);
#911=LINE('',#2299,#1155);
#912=LINE('',#2301,#1156);
#913=LINE('',#2304,#1157);
#914=LINE('',#2305,#1158);
#915=LINE('',#2307,#1159);
#916=LINE('',#2310,#1160);
#917=LINE('',#2311,#1161);
#918=LINE('',#2313,#1162);
#919=LINE('',#2315,#1163);
#920=LINE('',#2317,#1164);
#921=LINE('',#2320,#1165);
#922=LINE('',#2322,#1166);
#923=LINE('',#2324,#1167);
#924=LINE('',#2326,#1168);
#925=LINE('',#2328,#1169);
#926=LINE('',#2330,#1170);
#927=LINE('',#2333,#1171);
#928=LINE('',#2334,#1172);
#929=LINE('',#2336,#1173);
#930=LINE('',#2339,#1174);
#931=LINE('',#2340,#1175);
#932=LINE('',#2342,#1176);
#933=LINE('',#2344,#1177);
#934=LINE('',#2346,#1178);
#935=LINE('',#2349,#1179);
#936=LINE('',#2351,#1180);
#937=LINE('',#2353,#1181);
#938=LINE('',#2355,#1182);
#939=LINE('',#2357,#1183);
#940=LINE('',#2359,#1184);
#941=LINE('',#2361,#1185);
#942=LINE('',#2364,#1186);
#943=LINE('',#2366,#1187);
#944=LINE('',#2368,#1188);
#945=LINE('',#2369,#1189);
#946=LINE('',#2372,#1190);
#947=LINE('',#2374,#1191);
#948=LINE('',#2376,#1192);
#949=LINE('',#2377,#1193);
#950=LINE('',#2380,#1194);
#951=LINE('',#2382,#1195);
#952=LINE('',#2384,#1196);
#953=LINE('',#2385,#1197);
#954=LINE('',#2387,#1198);
#955=LINE('',#2388,#1199);
#956=LINE('',#2391,#1200);
#957=LINE('',#2393,#1201);
#958=LINE('',#2395,#1202);
#959=LINE('',#2397,#1203);
#960=LINE('',#2399,#1204);
#961=LINE('',#2401,#1205);
#962=LINE('',#2404,#1206);
#963=LINE('',#2407,#1207);
#964=LINE('',#2408,#1208);
#965=LINE('',#2410,#1209);
#966=LINE('',#2412,#1210);
#967=LINE('',#2414,#1211);
#968=LINE('',#2416,#1212);
#969=LINE('',#2419,#1213);
#970=LINE('',#2421,#1214);
#971=LINE('',#2422,#1215);
#972=LINE('',#2424,#1216);
#973=LINE('',#2426,#1217);
#974=LINE('',#2428,#1218);
#975=LINE('',#2430,#1219);
#976=LINE('',#2432,#1220);
#977=LINE('',#2434,#1221);
#978=LINE('',#2436,#1222);
#979=LINE('',#2438,#1223);
#980=LINE('',#2440,#1224);
#981=LINE('',#2442,#1225);
#982=LINE('',#2444,#1226);
#983=LINE('',#2446,#1227);
#984=LINE('',#2448,#1228);
#985=LINE('',#2450,#1229);
#986=LINE('',#2452,#1230);
#987=LINE('',#2454,#1231);
#988=LINE('',#2456,#1232);
#989=LINE('',#2458,#1233);
#990=LINE('',#2460,#1234);
#991=LINE('',#2462,#1235);
#992=LINE('',#2464,#1236);
#993=LINE('',#2466,#1237);
#994=LINE('',#2468,#1238);
#995=LINE('',#2470,#1239);
#996=LINE('',#2472,#1240);
#997=LINE('',#2474,#1241);
#998=LINE('',#2476,#1242);
#999=LINE('',#2478,#1243);
#1000=LINE('',#2480,#1244);
#1001=LINE('',#2482,#1245);
#1002=LINE('',#2484,#1246);
#1003=LINE('',#2487,#1247);
#1004=LINE('',#2488,#1248);
#1005=LINE('',#2490,#1249);
#1006=LINE('',#2492,#1250);
#1007=LINE('',#2493,#1251);
#1008=LINE('',#2494,#1252);
#1009=LINE('',#2497,#1253);
#1010=LINE('',#2499,#1254);
#1011=LINE('',#2501,#1255);
#1012=LINE('',#2503,#1256);
#1013=LINE('',#2505,#1257);
#1014=LINE('',#2507,#1258);
#1015=LINE('',#2509,#1259);
#1016=LINE('',#2511,#1260);
#1017=LINE('',#2513,#1261);
#1018=LINE('',#2515,#1262);
#1019=LINE('',#2517,#1263);
#1020=LINE('',#2520,#1264);
#1021=LINE('',#2522,#1265);
#1022=LINE('',#2524,#1266);
#1023=LINE('',#2526,#1267);
#1024=LINE('',#2528,#1268);
#1025=LINE('',#2532,#1269);
#1026=LINE('',#2534,#1270);
#1027=LINE('',#2536,#1271);
#1028=LINE('',#2538,#1272);
#1029=LINE('',#2540,#1273);
#1030=LINE('',#2542,#1274);
#1031=LINE('',#2544,#1275);
#1032=LINE('',#2546,#1276);
#1033=LINE('',#2549,#1277);
#1034=LINE('',#2551,#1278);
#1035=LINE('',#2553,#1279);
#1036=LINE('',#2555,#1280);
#1037=LINE('',#2558,#1281);
#1038=LINE('',#2560,#1282);
#1039=LINE('',#2562,#1283);
#1040=LINE('',#2564,#1284);
#1041=LINE('',#2566,#1285);
#1042=LINE('',#2568,#1286);
#1043=LINE('',#2569,#1287);
#1044=LINE('',#2571,#1288);
#1045=LINE('',#2573,#1289);
#1046=LINE('',#2575,#1290);
#1047=LINE('',#2577,#1291);
#1048=LINE('',#2578,#1292);
#1049=LINE('',#2580,#1293);
#1050=LINE('',#2582,#1294);
#1051=LINE('',#2584,#1295);
#1052=LINE('',#2586,#1296);
#1053=LINE('',#2587,#1297);
#1054=LINE('',#2589,#1298);
#1055=LINE('',#2590,#1299);
#1056=LINE('',#2592,#1300);
#1057=LINE('',#2594,#1301);
#1058=LINE('',#2596,#1302);
#1059=LINE('',#2598,#1303);
#1060=LINE('',#2600,#1304);
#1061=LINE('',#2602,#1305);
#1062=LINE('',#2604,#1306);
#1063=LINE('',#2606,#1307);
#1064=LINE('',#2607,#1308);
#1065=LINE('',#2608,#1309);
#1066=LINE('',#2610,#1310);
#1067=LINE('',#2612,#1311);
#1068=LINE('',#2614,#1312);
#1069=LINE('',#2617,#1313);
#1070=LINE('',#2618,#1314);
#1071=LINE('',#2619,#1315);
#1072=LINE('',#2621,#1316);
#1073=LINE('',#2623,#1317);
#1074=LINE('',#2626,#1318);
#1075=LINE('',#2627,#1319);
#1076=LINE('',#2629,#1320);
#1077=LINE('',#2630,#1321);
#1078=LINE('',#2632,#1322);
#1079=LINE('',#2634,#1323);
#1080=LINE('',#2636,#1324);
#1081=LINE('',#2638,#1325);
#1082=LINE('',#2640,#1326);
#1083=LINE('',#2642,#1327);
#1084=LINE('',#2644,#1328);
#1085=LINE('',#2646,#1329);
#1086=LINE('',#2649,#1330);
#1087=LINE('',#2650,#1331);
#1088=LINE('',#2652,#1332);
#1089=LINE('',#2654,#1333);
#1090=LINE('',#2656,#1334);
#1091=LINE('',#2657,#1335);
#1092=LINE('',#2659,#1336);
#1093=LINE('',#2661,#1337);
#1094=LINE('',#2664,#1338);
#1095=LINE('',#2666,#1339);
#1096=LINE('',#2670,#1340);
#1097=LINE('',#2672,#1341);
#1098=LINE('',#2674,#1342);
#1099=LINE('',#2676,#1343);
#1100=LINE('',#2678,#1344);
#1101=LINE('',#2680,#1345);
#1102=LINE('',#2682,#1346);
#1103=LINE('',#2683,#1347);
#1104=LINE('',#2685,#1348);
#1105=LINE('',#2687,#1349);
#1106=LINE('',#2691,#1350);
#1107=LINE('',#2693,#1351);
#1108=LINE('',#2696,#1352);
#1109=LINE('',#2697,#1353);
#1110=LINE('',#2699,#1354);
#1111=LINE('',#2701,#1355);
#1112=LINE('',#2703,#1356);
#1113=LINE('',#2705,#1357);
#1114=LINE('',#2707,#1358);
#1115=LINE('',#2709,#1359);
#1116=LINE('',#2711,#1360);
#1117=LINE('',#2714,#1361);
#1118=LINE('',#2717,#1362);
#1119=LINE('',#2718,#1363);
#1120=LINE('',#2720,#1364);
#1121=LINE('',#2722,#1365);
#1122=LINE('',#2724,#1366);
#1123=LINE('',#2726,#1367);
#1124=LINE('',#2728,#1368);
#1125=LINE('',#2730,#1369);
#1126=LINE('',#2732,#1370);
#1127=LINE('',#2734,#1371);
#1128=LINE('',#2736,#1372);
#1129=LINE('',#2739,#1373);
#1130=LINE('',#2742,#1374);
#1131=LINE('',#2745,#1375);
#1132=LINE('',#2747,#1376);
#1133=LINE('',#2749,#1377);
#1134=LINE('',#2750,#1378);
#1135=LINE('',#2752,#1379);
#1136=LINE('',#2754,#1380);
#1137=LINE('',#2756,#1381);
#1138=LINE('',#2757,#1382);
#1139=LINE('',#2759,#1383);
#1140=LINE('',#2762,#1384);
#1141=LINE('',#2764,#1385);
#1142=LINE('',#2766,#1386);
#1143=LINE('',#2767,#1387);
#1144=LINE('',#2768,#1388);
#1145=LINE('',#2769,#1389);
#1146=LINE('',#2771,#1390);
#1147=LINE('',#2774,#1391);
#1148=LINE('',#2777,#1392);
#1149=LINE('',#2780,#1393);
#1150=VECTOR('',#1866,1.);
#1151=VECTOR('',#1867,1.);
#1152=VECTOR('',#1868,1.);
#1153=VECTOR('',#1869,1.);
#1154=VECTOR('',#1870,1.);
#1155=VECTOR('',#1871,1.);
#1156=VECTOR('',#1874,1.);
#1157=VECTOR('',#1875,1.);
#1158=VECTOR('',#1876,1.);
#1159=VECTOR('',#1879,1.);
#1160=VECTOR('',#1880,1.);
#1161=VECTOR('',#1881,1.);
#1162=VECTOR('',#1882,1.);
#1163=VECTOR('',#1883,1.);
#1164=VECTOR('',#1886,1.);
#1165=VECTOR('',#1887,1.);
#1166=VECTOR('',#1888,1.);
#1167=VECTOR('',#1889,1.);
#1168=VECTOR('',#1890,1.);
#1169=VECTOR('',#1891,1.);
#1170=VECTOR('',#1894,1.);
#1171=VECTOR('',#1895,1.);
#1172=VECTOR('',#1896,1.);
#1173=VECTOR('',#1899,1.);
#1174=VECTOR('',#1900,1.);
#1175=VECTOR('',#1901,1.);
#1176=VECTOR('',#1902,1.);
#1177=VECTOR('',#1903,1.);
#1178=VECTOR('',#1906,1.);
#1179=VECTOR('',#1907,1.);
#1180=VECTOR('',#1908,1.);
#1181=VECTOR('',#1909,1.);
#1182=VECTOR('',#1912,1.);
#1183=VECTOR('',#1913,1.);
#1184=VECTOR('',#1914,1.);
#1185=VECTOR('',#1917,1.);
#1186=VECTOR('',#1918,1.);
#1187=VECTOR('',#1919,1.);
#1188=VECTOR('',#1920,1.);
#1189=VECTOR('',#1921,1.);
#1190=VECTOR('',#1922,1.);
#1191=VECTOR('',#1923,1.);
#1192=VECTOR('',#1924,1.);
#1193=VECTOR('',#1925,1.);
#1194=VECTOR('',#1926,1.);
#1195=VECTOR('',#1927,1.);
#1196=VECTOR('',#1928,1.);
#1197=VECTOR('',#1929,1.);
#1198=VECTOR('',#1930,1.);
#1199=VECTOR('',#1931,1.);
#1200=VECTOR('',#1932,1.);
#1201=VECTOR('',#1933,1.);
#1202=VECTOR('',#1934,1.);
#1203=VECTOR('',#1937,1.);
#1204=VECTOR('',#1938,1.);
#1205=VECTOR('',#1941,1.);
#1206=VECTOR('',#1946,1.);
#1207=VECTOR('',#1947,1.);
#1208=VECTOR('',#1948,1.);
#1209=VECTOR('',#1951,1.);
#1210=VECTOR('',#1952,1.);
#1211=VECTOR('',#1953,1.);
#1212=VECTOR('',#1956,1.);
#1213=VECTOR('',#1957,1.);
#1214=VECTOR('',#1958,1.);
#1215=VECTOR('',#1959,1.);
#1216=VECTOR('',#1960,1.);
#1217=VECTOR('',#1961,1.);
#1218=VECTOR('',#1964,1.);
#1219=VECTOR('',#1965,1.);
#1220=VECTOR('',#1966,1.);
#1221=VECTOR('',#1969,1.);
#1222=VECTOR('',#1970,1.);
#1223=VECTOR('',#1971,1.);
#1224=VECTOR('',#1974,1.);
#1225=VECTOR('',#1975,1.);
#1226=VECTOR('',#1978,1.);
#1227=VECTOR('',#1979,1.);
#1228=VECTOR('',#1982,1.);
#1229=VECTOR('',#1983,1.);
#1230=VECTOR('',#1984,1.);
#1231=VECTOR('',#1987,1.);
#1232=VECTOR('',#1988,1.);
#1233=VECTOR('',#1989,1.);
#1234=VECTOR('',#1992,1.);
#1235=VECTOR('',#1993,1.);
#1236=VECTOR('',#1996,1.);
#1237=VECTOR('',#1999,1.);
#1238=VECTOR('',#2000,1.);
#1239=VECTOR('',#2001,1.);
#1240=VECTOR('',#2002,1.);
#1241=VECTOR('',#2003,1.);
#1242=VECTOR('',#2006,1.);
#1243=VECTOR('',#2009,1.);
#1244=VECTOR('',#2012,1.);
#1245=VECTOR('',#2015,1.);
#1246=VECTOR('',#2018,1.);
#1247=VECTOR('',#2019,1.);
#1248=VECTOR('',#2020,1.);
#1249=VECTOR('',#2021,1.);
#1250=VECTOR('',#2022,1.);
#1251=VECTOR('',#2023,1.);
#1252=VECTOR('',#2024,1.);
#1253=VECTOR('',#2025,1.);
#1254=VECTOR('',#2026,1.);
#1255=VECTOR('',#2027,1.);
#1256=VECTOR('',#2028,1.);
#1257=VECTOR('',#2029,1.);
#1258=VECTOR('',#2030,1.);
#1259=VECTOR('',#2031,1.);
#1260=VECTOR('',#2032,1.);
#1261=VECTOR('',#2033,1.);
#1262=VECTOR('',#2034,1.);
#1263=VECTOR('',#2035,1.);
#1264=VECTOR('',#2040,1.);
#1265=VECTOR('',#2041,1.);
#1266=VECTOR('',#2042,1.);
#1267=VECTOR('',#2045,1.);
#1268=VECTOR('',#2048,1.);
#1269=VECTOR('',#2055,1.);
#1270=VECTOR('',#2056,1.);
#1271=VECTOR('',#2057,1.);
#1272=VECTOR('',#2060,1.);
#1273=VECTOR('',#2063,1.);
#1274=VECTOR('',#2066,1.);
#1275=VECTOR('',#2067,1.);
#1276=VECTOR('',#2068,1.);
#1277=VECTOR('',#2073,1.);
#1278=VECTOR('',#2074,1.);
#1279=VECTOR('',#2075,1.);
#1280=VECTOR('',#2078,1.);
#1281=VECTOR('',#2079,1.);
#1282=VECTOR('',#2080,1.);
#1283=VECTOR('',#2081,1.);
#1284=VECTOR('',#2082,1.);
#1285=VECTOR('',#2083,1.);
#1286=VECTOR('',#2084,1.);
#1287=VECTOR('',#2085,1.);
#1288=VECTOR('',#2086,1.);
#1289=VECTOR('',#2087,1.);
#1290=VECTOR('',#2088,1.);
#1291=VECTOR('',#2091,1.);
#1292=VECTOR('',#2092,1.);
#1293=VECTOR('',#2093,1.);
#1294=VECTOR('',#2094,1.);
#1295=VECTOR('',#2095,1.);
#1296=VECTOR('',#2096,1.);
#1297=VECTOR('',#2097,1.);
#1298=VECTOR('',#2098,1.);
#1299=VECTOR('',#2099,1.);
#1300=VECTOR('',#2100,1.);
#1301=VECTOR('',#2101,1.);
#1302=VECTOR('',#2102,1.);
#1303=VECTOR('',#2103,1.);
#1304=VECTOR('',#2104,1.);
#1305=VECTOR('',#2105,1.);
#1306=VECTOR('',#2106,1.);
#1307=VECTOR('',#2107,1.);
#1308=VECTOR('',#2108,1.);
#1309=VECTOR('',#2109,1.);
#1310=VECTOR('',#2112,1.);
#1311=VECTOR('',#2113,1.);
#1312=VECTOR('',#2116,1.);
#1313=VECTOR('',#2117,1.);
#1314=VECTOR('',#2118,1.);
#1315=VECTOR('',#2119,1.);
#1316=VECTOR('',#2120,1.);
#1317=VECTOR('',#2123,1.);
#1318=VECTOR('',#2124,1.);
#1319=VECTOR('',#2125,1.);
#1320=VECTOR('',#2126,1.);
#1321=VECTOR('',#2127,1.);
#1322=VECTOR('',#2130,1.);
#1323=VECTOR('',#2131,1.);
#1324=VECTOR('',#2132,1.);
#1325=VECTOR('',#2133,1.);
#1326=VECTOR('',#2134,1.);
#1327=VECTOR('',#2135,1.);
#1328=VECTOR('',#2138,1.);
#1329=VECTOR('',#2141,1.);
#1330=VECTOR('',#2142,1.);
#1331=VECTOR('',#2143,1.);
#1332=VECTOR('',#2144,1.);
#1333=VECTOR('',#2145,1.);
#1334=VECTOR('',#2146,1.);
#1335=VECTOR('',#2147,1.);
#1336=VECTOR('',#2148,1.);
#1337=VECTOR('',#2149,1.);
#1338=VECTOR('',#2154,1.);
#1339=VECTOR('',#2157,1.);
#1340=VECTOR('',#2164,1.);
#1341=VECTOR('',#2165,1.);
#1342=VECTOR('',#2166,1.);
#1343=VECTOR('',#2169,1.);
#1344=VECTOR('',#2170,1.);
#1345=VECTOR('',#2173,1.);
#1346=VECTOR('',#2176,1.);
#1347=VECTOR('',#2177,1.);
#1348=VECTOR('',#2180,1.);
#1349=VECTOR('',#2181,1.);
#1350=VECTOR('',#2188,1.);
#1351=VECTOR('',#2191,1.);
#1352=VECTOR('',#2192,1.);
#1353=VECTOR('',#2193,1.);
#1354=VECTOR('',#2194,1.);
#1355=VECTOR('',#2195,1.);
#1356=VECTOR('',#2198,1.);
#1357=VECTOR('',#2199,1.);
#1358=VECTOR('',#2200,1.);
#1359=VECTOR('',#2201,1.);
#1360=VECTOR('',#2202,1.);
#1361=VECTOR('',#2207,1.);
#1362=VECTOR('',#2208,1.);
#1363=VECTOR('',#2209,1.);
#1364=VECTOR('',#2210,1.);
#1365=VECTOR('',#2211,1.);
#1366=VECTOR('',#2214,1.);
#1367=VECTOR('',#2217,1.);
#1368=VECTOR('',#2218,1.);
#1369=VECTOR('',#2219,1.);
#1370=VECTOR('',#2220,1.);
#1371=VECTOR('',#2221,1.);
#1372=VECTOR('',#2224,1.);
#1373=VECTOR('',#2229,1.);
#1374=VECTOR('',#2234,1.);
#1375=VECTOR('',#2235,1.);
#1376=VECTOR('',#2236,1.);
#1377=VECTOR('',#2237,1.);
#1378=VECTOR('',#2238,1.);
#1379=VECTOR('',#2241,1.);
#1380=VECTOR('',#2244,1.);
#1381=VECTOR('',#2247,1.);
#1382=VECTOR('',#2248,1.);
#1383=VECTOR('',#2251,1.);
#1384=VECTOR('',#2256,1.);
#1385=VECTOR('',#2259,1.);
#1386=VECTOR('',#2262,1.);
#1387=VECTOR('',#2263,1.);
#1388=VECTOR('',#2264,1.);
#1389=VECTOR('',#2265,1.);
#1390=VECTOR('',#2268,1.);
#1391=VECTOR('',#2273,1.);
#1392=VECTOR('',#2278,1.);
#1393=VECTOR('',#2283,1.);
#1394=EDGE_LOOP('',(#12,#13,#14,#15,#16,#17));
#1395=EDGE_LOOP('',(#18,#19,#20,#21));
#1396=EDGE_LOOP('',(#22,#23,#24,#25,#26,#27));
#1397=EDGE_LOOP('',(#28,#29,#30,#31,#32,#33));
#1398=EDGE_LOOP('',(#34,#35,#36,#37));
#1399=EDGE_LOOP('',(#38,#39,#40,#41,#42,#43));
#1400=EDGE_LOOP('',(#44,#45,#46,#47));
#1401=EDGE_LOOP('',(#48,#49,#50,#51));
#1402=EDGE_LOOP('',(#52,#53,#54,#55));
#1403=EDGE_LOOP('',(#56,#57,#58,#59));
#1404=EDGE_LOOP('',(#60,#61,#62,#63));
#1405=EDGE_LOOP('',(#64,#65,#66,#67));
#1406=EDGE_LOOP('',(#68,#69,#70,#71));
#1407=EDGE_LOOP('',(#72,#73,#74,#75));
#1408=EDGE_LOOP('',(#76,#77,#78,#79));
#1409=EDGE_LOOP('',(#80,#81,#82,#83));
#1410=EDGE_LOOP('',(#84,#85,#86,#87));
#1411=EDGE_LOOP('',(#88,#89,#90,#91));
#1412=EDGE_LOOP('',(#92,#93,#94,#95,#96,#97,#98,#99));
#1413=EDGE_LOOP('',(#100,#101,#102,#103));
#1414=EDGE_LOOP('',(#104,#105,#106,#107));
#1415=EDGE_LOOP('',(#108,#109,#110,#111));
#1416=EDGE_LOOP('',(#112,#113,#114,#115));
#1417=EDGE_LOOP('',(#116,#117,#118,#119));
#1418=EDGE_LOOP('',(#120,#121,#122,#123));
#1419=EDGE_LOOP('',(#124,#125,#126,#127));
#1420=EDGE_LOOP('',(#128,#129,#130,#131));
#1421=EDGE_LOOP('',(#132,#133,#134,#135,#136,#137,#138,#139));
#1422=EDGE_LOOP('',(#140,#141,#142,#143));
#1423=EDGE_LOOP('',(#144,#145,#146,#147));
#1424=EDGE_LOOP('',(#148,#149,#150,#151));
#1425=EDGE_LOOP('',(#152,#153,#154,#155));
#1426=EDGE_LOOP('',(#156,#157,#158,#159,#160,#161,#162,#163,#164,#165,#166,
#167));
#1427=EDGE_LOOP('',(#168,#169,#170,#171,#172,#173,#174,#175,#176,#177,#178,
#179));
#1428=EDGE_LOOP('',(#180,#181,#182,#183));
#1429=EDGE_LOOP('',(#184,#185,#186,#187));
#1430=EDGE_LOOP('',(#188,#189,#190,#191));
#1431=EDGE_LOOP('',(#192,#193,#194,#195));
#1432=EDGE_LOOP('',(#196,#197,#198,#199));
#1433=EDGE_LOOP('',(#200,#201,#202,#203));
#1434=EDGE_LOOP('',(#204,#205,#206,#207));
#1435=EDGE_LOOP('',(#208,#209,#210,#211));
#1436=EDGE_LOOP('',(#212,#213,#214,#215));
#1437=EDGE_LOOP('',(#216,#217,#218,#219));
#1438=EDGE_LOOP('',(#220,#221,#222,#223));
#1439=EDGE_LOOP('',(#224,#225,#226,#227));
#1440=EDGE_LOOP('',(#228,#229,#230,#231,#232,#233,#234,#235,#236,#237,#238,
#239));
#1441=EDGE_LOOP('',(#240,#241,#242,#243,#244,#245,#246,#247,#248,#249,#250,
#251,#252,#253,#254,#255,#256,#257,#258,#259,#260,#261,#262,#263,#264,#265));
#1442=EDGE_LOOP('',(#266,#267,#268,#269));
#1443=EDGE_LOOP('',(#270,#271,#272,#273,#274,#275,#276));
#1444=EDGE_LOOP('',(#277,#278,#279,#280,#281,#282,#283));
#1445=EDGE_LOOP('',(#284,#285,#286,#287,#288,#289,#290,#291));
#1446=EDGE_LOOP('',(#292,#293,#294,#295));
#1447=EDGE_LOOP('',(#296,#297,#298,#299,#300,#301,#302,#303,#304,#305,#306,
#307));
#1448=EDGE_LOOP('',(#308,#309,#310,#311));
#1449=EDGE_LOOP('',(#312,#313,#314,#315));
#1450=EDGE_LOOP('',(#316,#317,#318,#319));
#1451=EDGE_LOOP('',(#320,#321,#322,#323));
#1452=EDGE_LOOP('',(#324,#325,#326,#327));
#1453=EDGE_LOOP('',(#328,#329,#330,#331));
#1454=EDGE_LOOP('',(#332,#333,#334,#335));
#1455=EDGE_LOOP('',(#336,#337,#338,#339));
#1456=EDGE_LOOP('',(#340,#341,#342,#343));
#1457=EDGE_LOOP('',(#344,#345,#346,#347));
#1458=EDGE_LOOP('',(#348,#349,#350,#351));
#1459=EDGE_LOOP('',(#352,#353,#354,#355));
#1460=EDGE_LOOP('',(#356,#357,#358,#359));
#1461=EDGE_LOOP('',(#360,#361,#362,#363,#364,#365));
#1462=EDGE_LOOP('',(#366,#367,#368,#369,#370,#371));
#1463=EDGE_LOOP('',(#372,#373,#374,#375));
#1464=EDGE_LOOP('',(#376,#377,#378,#379,#380,#381));
#1465=EDGE_LOOP('',(#382,#383,#384,#385));
#1466=EDGE_LOOP('',(#386,#387,#388,#389,#390,#391));
#1467=EDGE_LOOP('',(#392,#393,#394,#395));
#1468=EDGE_LOOP('',(#396,#397,#398,#399));
#1469=EDGE_LOOP('',(#400,#401,#402,#403));
#1470=EDGE_LOOP('',(#404,#405,#406,#407));
#1471=EDGE_LOOP('',(#408,#409,#410,#411,#412,#413));
#1472=EDGE_LOOP('',(#414,#415,#416,#417,#418,#419));
#1473=EDGE_LOOP('',(#420,#421,#422,#423));
#1474=EDGE_LOOP('',(#424,#425,#426,#427));
#1475=EDGE_LOOP('',(#428,#429,#430,#431));
#1476=EDGE_LOOP('',(#432,#433,#434,#435));
#1477=EDGE_LOOP('',(#436,#437,#438,#439));
#1478=EDGE_LOOP('',(#440,#441,#442,#443));
#1479=EDGE_LOOP('',(#444,#445,#446,#447,#448,#449,#450,#451,#452,#453,#454,
#455,#456,#457,#458,#459,#460,#461,#462,#463,#464,#465,#466,#467));
#1480=EDGE_LOOP('',(#468,#469,#470,#471));
#1481=EDGE_LOOP('',(#472,#473,#474,#475));
#1482=EDGE_LOOP('',(#476,#477,#478,#479));
#1483=EDGE_LOOP('',(#480,#481,#482,#483));
#1484=EDGE_LOOP('',(#484,#485,#486,#487));
#1485=EDGE_LOOP('',(#488,#489,#490,#491));
#1486=EDGE_LOOP('',(#492,#493,#494,#495));
#1487=EDGE_LOOP('',(#496,#497,#498,#499));
#1488=FACE_BOUND('',#1394,.T.);
#1489=FACE_BOUND('',#1395,.T.);
#1490=FACE_BOUND('',#1396,.T.);
#1491=FACE_BOUND('',#1397,.T.);
#1492=FACE_BOUND('',#1398,.T.);
#1493=FACE_BOUND('',#1399,.T.);
#1494=FACE_BOUND('',#1400,.T.);
#1495=FACE_BOUND('',#1401,.T.);
#1496=FACE_BOUND('',#1402,.T.);
#1497=FACE_BOUND('',#1403,.T.);
#1498=FACE_BOUND('',#1404,.T.);
#1499=FACE_BOUND('',#1405,.T.);
#1500=FACE_BOUND('',#1406,.T.);
#1501=FACE_BOUND('',#1407,.T.);
#1502=FACE_BOUND('',#1408,.T.);
#1503=FACE_BOUND('',#1409,.T.);
#1504=FACE_BOUND('',#1410,.T.);
#1505=FACE_BOUND('',#1411,.T.);
#1506=FACE_BOUND('',#1412,.T.);
#1507=FACE_BOUND('',#1413,.T.);
#1508=FACE_BOUND('',#1414,.T.);
#1509=FACE_BOUND('',#1415,.T.);
#1510=FACE_BOUND('',#1416,.T.);
#1511=FACE_BOUND('',#1417,.T.);
#1512=FACE_BOUND('',#1418,.T.);
#1513=FACE_BOUND('',#1419,.T.);
#1514=FACE_BOUND('',#1420,.T.);
#1515=FACE_BOUND('',#1421,.T.);
#1516=FACE_BOUND('',#1422,.T.);
#1517=FACE_BOUND('',#1423,.T.);
#1518=FACE_BOUND('',#1424,.T.);
#1519=FACE_BOUND('',#1425,.T.);
#1520=FACE_BOUND('',#1426,.T.);
#1521=FACE_BOUND('',#1427,.T.);
#1522=FACE_BOUND('',#1428,.T.);
#1523=FACE_BOUND('',#1429,.T.);
#1524=FACE_BOUND('',#1430,.T.);
#1525=FACE_BOUND('',#1431,.T.);
#1526=FACE_BOUND('',#1432,.T.);
#1527=FACE_BOUND('',#1433,.T.);
#1528=FACE_BOUND('',#1434,.T.);
#1529=FACE_BOUND('',#1435,.T.);
#1530=FACE_BOUND('',#1436,.T.);
#1531=FACE_BOUND('',#1437,.T.);
#1532=FACE_BOUND('',#1438,.T.);
#1533=FACE_BOUND('',#1439,.T.);
#1534=FACE_BOUND('',#1440,.T.);
#1535=FACE_BOUND('',#1441,.T.);
#1536=FACE_BOUND('',#1442,.T.);
#1537=FACE_BOUND('',#1443,.T.);
#1538=FACE_BOUND('',#1444,.T.);
#1539=FACE_BOUND('',#1445,.T.);
#1540=FACE_BOUND('',#1446,.T.);
#1541=FACE_BOUND('',#1447,.T.);
#1542=FACE_BOUND('',#1448,.T.);
#1543=FACE_BOUND('',#1449,.T.);
#1544=FACE_BOUND('',#1450,.T.);
#1545=FACE_BOUND('',#1451,.T.);
#1546=FACE_BOUND('',#1452,.T.);
#1547=FACE_BOUND('',#1453,.T.);
#1548=FACE_BOUND('',#1454,.T.);
#1549=FACE_BOUND('',#1455,.T.);
#1550=FACE_BOUND('',#1456,.T.);
#1551=FACE_BOUND('',#1457,.T.);
#1552=FACE_BOUND('',#1458,.T.);
#1553=FACE_BOUND('',#1459,.T.);
#1554=FACE_BOUND('',#1460,.T.);
#1555=FACE_BOUND('',#1461,.T.);
#1556=FACE_BOUND('',#1462,.T.);
#1557=FACE_BOUND('',#1463,.T.);
#1558=FACE_BOUND('',#1464,.T.);
#1559=FACE_BOUND('',#1465,.T.);
#1560=FACE_BOUND('',#1466,.T.);
#1561=FACE_BOUND('',#1467,.T.);
#1562=FACE_BOUND('',#1468,.T.);
#1563=FACE_BOUND('',#1469,.T.);
#1564=FACE_BOUND('',#1470,.T.);
#1565=FACE_BOUND('',#1471,.T.);
#1566=FACE_BOUND('',#1472,.T.);
#1567=FACE_BOUND('',#1473,.T.);
#1568=FACE_BOUND('',#1474,.T.);
#1569=FACE_BOUND('',#1475,.T.);
#1570=FACE_BOUND('',#1476,.T.);
#1571=FACE_BOUND('',#1477,.T.);
#1572=FACE_BOUND('',#1478,.T.);
#1573=FACE_BOUND('',#1479,.T.);
#1574=FACE_BOUND('',#1480,.T.);
#1575=FACE_BOUND('',#1481,.T.);
#1576=FACE_BOUND('',#1482,.T.);
#1577=FACE_BOUND('',#1483,.T.);
#1578=FACE_BOUND('',#1484,.T.);
#1579=FACE_BOUND('',#1485,.T.);
#1580=FACE_BOUND('',#1486,.T.);
#1581=FACE_BOUND('',#1487,.T.);
#1582=PLANE('',#1773);
#1583=PLANE('',#1774);
#1584=PLANE('',#1775);
#1585=PLANE('',#1776);
#1586=PLANE('',#1777);
#1587=PLANE('',#1778);
#1588=PLANE('',#1779);
#1589=PLANE('',#1780);
#1590=PLANE('',#1781);
#1591=PLANE('',#1782);
#1592=PLANE('',#1783);
#1593=PLANE('',#1784);
#1594=PLANE('',#1785);
#1595=PLANE('',#1786);
#1596=PLANE('',#1787);
#1597=PLANE('',#1788);
#1598=PLANE('',#1789);
#1599=PLANE('',#1790);
#1600=PLANE('',#1791);
#1601=PLANE('',#1792);
#1602=PLANE('',#1793);
#1603=PLANE('',#1794);
#1604=PLANE('',#1795);
#1605=PLANE('',#1796);
#1606=PLANE('',#1797);
#1607=PLANE('',#1798);
#1608=PLANE('',#1799);
#1609=PLANE('',#1800);
#1610=PLANE('',#1801);
#1611=PLANE('',#1802);
#1612=PLANE('',#1803);
#1613=PLANE('',#1804);
#1614=PLANE('',#1805);
#1615=PLANE('',#1806);
#1616=PLANE('',#1807);
#1617=PLANE('',#1808);
#1618=PLANE('',#1809);
#1619=PLANE('',#1810);
#1620=PLANE('',#1811);
#1621=PLANE('',#1812);
#1622=PLANE('',#1813);
#1623=PLANE('',#1814);
#1624=PLANE('',#1815);
#1625=PLANE('',#1816);
#1626=PLANE('',#1817);
#1627=PLANE('',#1818);
#1628=PLANE('',#1819);
#1629=PLANE('',#1820);
#1630=PLANE('',#1821);
#1631=PLANE('',#1822);
#1632=PLANE('',#1823);
#1633=PLANE('',#1824);
#1634=PLANE('',#1825);
#1635=PLANE('',#1826);
#1636=PLANE('',#1827);
#1637=PLANE('',#1828);
#1638=PLANE('',#1829);
#1639=PLANE('',#1830);
#1640=PLANE('',#1831);
#1641=PLANE('',#1832);
#1642=PLANE('',#1833);
#1643=PLANE('',#1834);
#1644=PLANE('',#1835);
#1645=PLANE('',#1836);
#1646=PLANE('',#1837);
#1647=PLANE('',#1838);
#1648=PLANE('',#1839);
#1649=PLANE('',#1840);
#1650=PLANE('',#1841);
#1651=PLANE('',#1842);
#1652=PLANE('',#1843);
#1653=PLANE('',#1844);
#1654=PLANE('',#1845);
#1655=PLANE('',#1846);
#1656=PLANE('',#1847);
#1657=PLANE('',#1848);
#1658=PLANE('',#1849);
#1659=PLANE('',#1850);
#1660=PLANE('',#1851);
#1661=PLANE('',#1852);
#1662=PLANE('',#1853);
#1663=PLANE('',#1854);
#1664=PLANE('',#1855);
#1665=PLANE('',#1856);
#1666=PLANE('',#1857);
#1667=PLANE('',#1858);
#1668=PLANE('',#1859);
#1669=PLANE('',#1860);
#1670=PLANE('',#1861);
#1671=ADVANCED_FACE('',(#1488),#1582,.T.);
#1672=ADVANCED_FACE('',(#1489),#1583,.T.);
#1673=ADVANCED_FACE('',(#1490),#1584,.T.);
#1674=ADVANCED_FACE('',(#1491),#1585,.T.);
#1675=ADVANCED_FACE('',(#1492),#1586,.T.);
#1676=ADVANCED_FACE('',(#1493),#1587,.T.);
#1677=ADVANCED_FACE('',(#1494),#1588,.T.);
#1678=ADVANCED_FACE('',(#1495),#1589,.T.);
#1679=ADVANCED_FACE('',(#1496,#1497,#1498,#1499,#1500),#1590,.T.);
#1680=ADVANCED_FACE('',(#1501),#1591,.T.);
#1681=ADVANCED_FACE('',(#1502),#1592,.T.);
#1682=ADVANCED_FACE('',(#1503),#1593,.T.);
#1683=ADVANCED_FACE('',(#1504),#1594,.T.);
#1684=ADVANCED_FACE('',(#1505),#1595,.T.);
#1685=ADVANCED_FACE('',(#1506),#1596,.T.);
#1686=ADVANCED_FACE('',(#1507),#1597,.T.);
#1687=ADVANCED_FACE('',(#1508),#1598,.T.);
#1688=ADVANCED_FACE('',(#1509),#1599,.T.);
#1689=ADVANCED_FACE('',(#1510),#1600,.T.);
#1690=ADVANCED_FACE('',(#1511),#1601,.T.);
#1691=ADVANCED_FACE('',(#1512),#1602,.T.);
#1692=ADVANCED_FACE('',(#1513),#1603,.T.);
#1693=ADVANCED_FACE('',(#1514),#1604,.T.);
#1694=ADVANCED_FACE('',(#1515),#1605,.T.);
#1695=ADVANCED_FACE('',(#1516),#1606,.T.);
#1696=ADVANCED_FACE('',(#1517),#1607,.T.);
#1697=ADVANCED_FACE('',(#1518),#1608,.T.);
#1698=ADVANCED_FACE('',(#1519),#1609,.T.);
#1699=ADVANCED_FACE('',(#1520,#1521),#1610,.T.);
#1700=ADVANCED_FACE('',(#1522),#1611,.T.);
#1701=ADVANCED_FACE('',(#1523),#1612,.T.);
#1702=ADVANCED_FACE('',(#1524),#1613,.T.);
#1703=ADVANCED_FACE('',(#1525),#1614,.T.);
#1704=ADVANCED_FACE('',(#1526),#1615,.T.);
#1705=ADVANCED_FACE('',(#1527),#1616,.T.);
#1706=ADVANCED_FACE('',(#1528),#1617,.T.);
#1707=ADVANCED_FACE('',(#1529),#1618,.T.);
#1708=ADVANCED_FACE('',(#1530),#1619,.T.);
#1709=ADVANCED_FACE('',(#1531),#1620,.T.);
#1710=ADVANCED_FACE('',(#1532),#1621,.T.);
#1711=ADVANCED_FACE('',(#1533),#1622,.F.);
#1712=ADVANCED_FACE('',(#1534),#1623,.T.);
#1713=ADVANCED_FACE('',(#1535),#1624,.T.);
#1714=ADVANCED_FACE('',(#1536),#1625,.T.);
#1715=ADVANCED_FACE('',(#1537),#1626,.T.);
#1716=ADVANCED_FACE('',(#1538),#1627,.T.);
#1717=ADVANCED_FACE('',(#1539),#1628,.T.);
#1718=ADVANCED_FACE('',(#1540),#1629,.F.);
#1719=ADVANCED_FACE('',(#1541),#1630,.T.);
#1720=ADVANCED_FACE('',(#1542),#1631,.T.);
#1721=ADVANCED_FACE('',(#1543),#1632,.T.);
#1722=ADVANCED_FACE('',(#1544),#1633,.T.);
#1723=ADVANCED_FACE('',(#1545),#1634,.F.);
#1724=ADVANCED_FACE('',(#1546),#1635,.F.);
#1725=ADVANCED_FACE('',(#1547),#1636,.T.);
#1726=ADVANCED_FACE('',(#1548),#1637,.T.);
#1727=ADVANCED_FACE('',(#1549),#1638,.T.);
#1728=ADVANCED_FACE('',(#1550),#1639,.T.);
#1729=ADVANCED_FACE('',(#1551),#1640,.T.);
#1730=ADVANCED_FACE('',(#1552),#1641,.T.);
#1731=ADVANCED_FACE('',(#1553),#1642,.T.);
#1732=ADVANCED_FACE('',(#1554),#1643,.T.);
#1733=ADVANCED_FACE('',(#1555),#1644,.T.);
#1734=ADVANCED_FACE('',(#1556),#1645,.T.);
#1735=ADVANCED_FACE('',(#1557),#1646,.T.);
#1736=ADVANCED_FACE('',(#1558),#1647,.T.);
#1737=ADVANCED_FACE('',(#1559),#1648,.T.);
#1738=ADVANCED_FACE('',(#1560),#1649,.T.);
#1739=ADVANCED_FACE('',(#1561),#1650,.T.);
#1740=ADVANCED_FACE('',(#1562),#1651,.T.);
#1741=ADVANCED_FACE('',(#1563),#1652,.T.);
#1742=ADVANCED_FACE('',(#1564),#1653,.T.);
#1743=ADVANCED_FACE('',(#1565),#1654,.T.);
#1744=ADVANCED_FACE('',(#1566),#1655,.T.);
#1745=ADVANCED_FACE('',(#1567),#1656,.T.);
#1746=ADVANCED_FACE('',(#1568),#1657,.T.);
#1747=ADVANCED_FACE('',(#1569),#1658,.T.);
#1748=ADVANCED_FACE('',(#1570),#1659,.T.);
#1749=ADVANCED_FACE('',(#1571),#1660,.T.);
#1750=ADVANCED_FACE('',(#1572),#1661,.T.);
#1751=ADVANCED_FACE('',(#1573),#1662,.T.);
#1752=ADVANCED_FACE('',(#1574),#1663,.T.);
#1753=ADVANCED_FACE('',(#1575),#1664,.T.);
#1754=ADVANCED_FACE('',(#1576),#1665,.T.);
#1755=ADVANCED_FACE('',(#1577),#1666,.T.);
#1756=ADVANCED_FACE('',(#1578),#1667,.T.);
#1757=ADVANCED_FACE('',(#1579),#1668,.T.);
#1758=ADVANCED_FACE('',(#1580),#1669,.T.);
#1759=ADVANCED_FACE('',(#1581),#1670,.T.);
#1760=CLOSED_SHELL('',(#1671,#1672,#1673,#1674,#1675,#1676,#1677,#1678,
#1679,#1680,#1681,#1682,#1683,#1684,#1685,#1686,#1687,#1688,#1689,#1690,
#1691,#1692,#1693,#1694,#1695,#1696,#1697,#1698,#1699,#1700,#1701,#1702,
#1703,#1704,#1705,#1706,#1707,#1708,#1709,#1710,#1711,#1712,#1713,#1714,
#1715,#1716,#1717,#1718,#1719,#1720,#1721,#1722,#1723,#1724,#1725,#1726,
#1727,#1728,#1729,#1730,#1731,#1732,#1733,#1734,#1735,#1736,#1737,#1738,
#1739,#1740,#1741,#1742,#1743,#1744,#1745,#1746,#1747,#1748,#1749,#1750,
#1751,#1752,#1753,#1754,#1755,#1756,#1757,#1758,#1759));
#1761=STYLED_ITEM('',(#1762),#1769);
#1762=PRESENTATION_STYLE_ASSIGNMENT((#1763));
#1763=SURFACE_STYLE_USAGE(.BOTH.,#1764);
#1764=SURFACE_SIDE_STYLE('',(#1765));
#1765=SURFACE_STYLE_FILL_AREA(#1766);
#1766=FILL_AREA_STYLE('',(#1767));
#1767=FILL_AREA_STYLE_COLOUR('',#1768);
#1768=DRAUGHTING_PRE_DEFINED_COLOUR('white');
#1769=MANIFOLD_SOLID_BREP('Part 47',#1760);
#1770=SHAPE_DEFINITION_REPRESENTATION(#2788,#1771);
#1771=SHAPE_REPRESENTATION('Part 47',(#1772),#2783);
#1772=AXIS2_PLACEMENT_3D('',#2286,#1862,#1863);
#1773=AXIS2_PLACEMENT_3D('',#2287,#1864,#1865);
#1774=AXIS2_PLACEMENT_3D('',#2300,#1872,#1873);
#1775=AXIS2_PLACEMENT_3D('',#2306,#1877,#1878);
#1776=AXIS2_PLACEMENT_3D('',#2316,#1884,#1885);
#1777=AXIS2_PLACEMENT_3D('',#2329,#1892,#1893);
#1778=AXIS2_PLACEMENT_3D('',#2335,#1897,#1898);
#1779=AXIS2_PLACEMENT_3D('',#2345,#1904,#1905);
#1780=AXIS2_PLACEMENT_3D('',#2354,#1910,#1911);
#1781=AXIS2_PLACEMENT_3D('',#2360,#1915,#1916);
#1782=AXIS2_PLACEMENT_3D('',#2396,#1935,#1936);
#1783=AXIS2_PLACEMENT_3D('',#2400,#1939,#1940);
#1784=AXIS2_PLACEMENT_3D('',#2402,#1942,#1943);
#1785=AXIS2_PLACEMENT_3D('',#2403,#1944,#1945);
#1786=AXIS2_PLACEMENT_3D('',#2409,#1949,#1950);
#1787=AXIS2_PLACEMENT_3D('',#2415,#1954,#1955);
#1788=AXIS2_PLACEMENT_3D('',#2427,#1962,#1963);
#1789=AXIS2_PLACEMENT_3D('',#2433,#1967,#1968);
#1790=AXIS2_PLACEMENT_3D('',#2439,#1972,#1973);
#1791=AXIS2_PLACEMENT_3D('',#2443,#1976,#1977);
#1792=AXIS2_PLACEMENT_3D('',#2447,#1980,#1981);
#1793=AXIS2_PLACEMENT_3D('',#2453,#1985,#1986);
#1794=AXIS2_PLACEMENT_3D('',#2459,#1990,#1991);
#1795=AXIS2_PLACEMENT_3D('',#2463,#1994,#1995);
#1796=AXIS2_PLACEMENT_3D('',#2465,#1997,#1998);
#1797=AXIS2_PLACEMENT_3D('',#2475,#2004,#2005);
#1798=AXIS2_PLACEMENT_3D('',#2477,#2007,#2008);
#1799=AXIS2_PLACEMENT_3D('',#2479,#2010,#2011);
#1800=AXIS2_PLACEMENT_3D('',#2481,#2013,#2014);
#1801=AXIS2_PLACEMENT_3D('',#2483,#2016,#2017);
#1802=AXIS2_PLACEMENT_3D('',#2518,#2036,#2037);
#1803=AXIS2_PLACEMENT_3D('',#2519,#2038,#2039);
#1804=AXIS2_PLACEMENT_3D('',#2525,#2043,#2044);
#1805=AXIS2_PLACEMENT_3D('',#2527,#2046,#2047);
#1806=AXIS2_PLACEMENT_3D('',#2529,#2049,#2050);
#1807=AXIS2_PLACEMENT_3D('',#2530,#2051,#2052);
#1808=AXIS2_PLACEMENT_3D('',#2531,#2053,#2054);
#1809=AXIS2_PLACEMENT_3D('',#2537,#2058,#2059);
#1810=AXIS2_PLACEMENT_3D('',#2539,#2061,#2062);
#1811=AXIS2_PLACEMENT_3D('',#2541,#2064,#2065);
#1812=AXIS2_PLACEMENT_3D('',#2547,#2069,#2070);
#1813=AXIS2_PLACEMENT_3D('',#2548,#2071,#2072);
#1814=AXIS2_PLACEMENT_3D('',#2554,#2076,#2077);
#1815=AXIS2_PLACEMENT_3D('',#2576,#2089,#2090);
#1816=AXIS2_PLACEMENT_3D('',#2609,#2110,#2111);
#1817=AXIS2_PLACEMENT_3D('',#2613,#2114,#2115);
#1818=AXIS2_PLACEMENT_3D('',#2622,#2121,#2122);
#1819=AXIS2_PLACEMENT_3D('',#2631,#2128,#2129);
#1820=AXIS2_PLACEMENT_3D('',#2643,#2136,#2137);
#1821=AXIS2_PLACEMENT_3D('',#2645,#2139,#2140);
#1822=AXIS2_PLACEMENT_3D('',#2662,#2150,#2151);
#1823=AXIS2_PLACEMENT_3D('',#2663,#2152,#2153);
#1824=AXIS2_PLACEMENT_3D('',#2665,#2155,#2156);
#1825=AXIS2_PLACEMENT_3D('',#2667,#2158,#2159);
#1826=AXIS2_PLACEMENT_3D('',#2668,#2160,#2161);
#1827=AXIS2_PLACEMENT_3D('',#2669,#2162,#2163);
#1828=AXIS2_PLACEMENT_3D('',#2675,#2167,#2168);
#1829=AXIS2_PLACEMENT_3D('',#2679,#2171,#2172);
#1830=AXIS2_PLACEMENT_3D('',#2681,#2174,#2175);
#1831=AXIS2_PLACEMENT_3D('',#2684,#2178,#2179);
#1832=AXIS2_PLACEMENT_3D('',#2688,#2182,#2183);
#1833=AXIS2_PLACEMENT_3D('',#2689,#2184,#2185);
#1834=AXIS2_PLACEMENT_3D('',#2690,#2186,#2187);
#1835=AXIS2_PLACEMENT_3D('',#2692,#2189,#2190);
#1836=AXIS2_PLACEMENT_3D('',#2702,#2196,#2197);
#1837=AXIS2_PLACEMENT_3D('',#2712,#2203,#2204);
#1838=AXIS2_PLACEMENT_3D('',#2713,#2205,#2206);
#1839=AXIS2_PLACEMENT_3D('',#2723,#2212,#2213);
#1840=AXIS2_PLACEMENT_3D('',#2725,#2215,#2216);
#1841=AXIS2_PLACEMENT_3D('',#2735,#2222,#2223);
#1842=AXIS2_PLACEMENT_3D('',#2737,#2225,#2226);
#1843=AXIS2_PLACEMENT_3D('',#2738,#2227,#2228);
#1844=AXIS2_PLACEMENT_3D('',#2740,#2230,#2231);
#1845=AXIS2_PLACEMENT_3D('',#2741,#2232,#2233);
#1846=AXIS2_PLACEMENT_3D('',#2751,#2239,#2240);
#1847=AXIS2_PLACEMENT_3D('',#2753,#2242,#2243);
#1848=AXIS2_PLACEMENT_3D('',#2755,#2245,#2246);
#1849=AXIS2_PLACEMENT_3D('',#2758,#2249,#2250);
#1850=AXIS2_PLACEMENT_3D('',#2760,#2252,#2253);
#1851=AXIS2_PLACEMENT_3D('',#2761,#2254,#2255);
#1852=AXIS2_PLACEMENT_3D('',#2763,#2257,#2258);
#1853=AXIS2_PLACEMENT_3D('',#2765,#2260,#2261);
#1854=AXIS2_PLACEMENT_3D('',#2770,#2266,#2267);
#1855=AXIS2_PLACEMENT_3D('',#2772,#2269,#2270);
#1856=AXIS2_PLACEMENT_3D('',#2773,#2271,#2272);
#1857=AXIS2_PLACEMENT_3D('',#2775,#2274,#2275);
#1858=AXIS2_PLACEMENT_3D('',#2776,#2276,#2277);
#1859=AXIS2_PLACEMENT_3D('',#2778,#2279,#2280);
#1860=AXIS2_PLACEMENT_3D('',#2779,#2281,#2282);
#1861=AXIS2_PLACEMENT_3D('',#2781,#2284,#2285);
#1862=DIRECTION('',(0.,0.,1.));
#1863=DIRECTION('',(1.,0.,0.));
#1864=DIRECTION('',(-1.,0.,0.));
#1865=DIRECTION('',(0.,0.,-1.));
#1866=DIRECTION('',(0.,-1.,-3.18484388167895E-15));
#1867=DIRECTION('',(0.,0.,1.));
#1868=DIRECTION('',(0.,1.,0.));
#1869=DIRECTION('',(0.,0.,-1.));
#1870=DIRECTION('',(0.,1.,3.94959362834143E-15));
#1871=DIRECTION('',(0.,0.,-1.));
#1872=DIRECTION('',(0.,0.,-1.));
#1873=DIRECTION('',(0.,-1.,0.));
#1874=DIRECTION('',(0.,-1.,0.));
#1875=DIRECTION('',(1.,0.,0.));
#1876=DIRECTION('',(1.,0.,0.));
#1877=DIRECTION('',(1.,0.,0.));
#1878=DIRECTION('',(0.,0.,1.));
#1879=DIRECTION('',(0.,1.,0.));
#1880=DIRECTION('',(0.,0.,1.));
#1881=DIRECTION('',(0.,0.,-1.));
#1882=DIRECTION('',(0.,1.,3.94959362834143E-15));
#1883=DIRECTION('',(0.,0.,1.));
#1884=DIRECTION('',(-1.,0.,0.));
#1885=DIRECTION('',(0.,0.,-1.));
#1886=DIRECTION('',(0.,-1.,-3.18484388167895E-15));
#1887=DIRECTION('',(0.,0.,1.));
#1888=DIRECTION('',(0.,1.,0.));
#1889=DIRECTION('',(0.,0.,-1.));
#1890=DIRECTION('',(0.,1.,3.94959362834143E-15));
#1891=DIRECTION('',(0.,0.,-1.));
#1892=DIRECTION('',(0.,0.,-1.));
#1893=DIRECTION('',(0.,-1.,0.));
#1894=DIRECTION('',(0.,-1.,0.));
#1895=DIRECTION('',(1.,0.,0.));
#1896=DIRECTION('',(1.,0.,0.));
#1897=DIRECTION('',(1.,0.,0.));
#1898=DIRECTION('',(0.,0.,1.));
#1899=DIRECTION('',(0.,1.,0.));
#1900=DIRECTION('',(0.,0.,1.));
#1901=DIRECTION('',(0.,0.,-1.));
#1902=DIRECTION('',(0.,1.,3.94959362834143E-15));
#1903=DIRECTION('',(0.,0.,1.));
#1904=DIRECTION('',(1.,0.,0.));
#1905=DIRECTION('',(0.,0.,1.));
#1906=DIRECTION('',(0.,-0.997252183705852,0.0740815907895518));
#1907=DIRECTION('',(0.,0.,1.));
#1908=DIRECTION('',(0.,1.,2.97381167310211E-15));
#1909=DIRECTION('',(0.,0.,1.));
#1910=DIRECTION('',(0.,0.,1.));
#1911=DIRECTION('',(0.,1.,0.));
#1912=DIRECTION('',(-1.,0.,0.));
#1913=DIRECTION('',(0.,1.,2.97381167310211E-15));
#1914=DIRECTION('',(1.,0.,0.));
#1915=DIRECTION('',(0.,-1.,0.));
#1916=DIRECTION('',(0.,0.,1.));
#1917=DIRECTION('',(1.,0.,0.));
#1918=DIRECTION('',(0.,0.,1.));
#1919=DIRECTION('',(-1.,0.,0.));
#1920=DIRECTION('',(0.,0.,1.));
#1921=DIRECTION('',(1.,0.,0.));
#1922=DIRECTION('',(0.,0.,1.));
#1923=DIRECTION('',(-1.,0.,0.));
#1924=DIRECTION('',(0.,0.,1.));
#1925=DIRECTION('',(1.,0.,0.));
#1926=DIRECTION('',(0.,0.,1.));
#1927=DIRECTION('',(-1.,0.,0.));
#1928=DIRECTION('',(0.,0.,1.));
#1929=DIRECTION('',(1.,0.,0.));
#1930=DIRECTION('',(0.,0.,1.));
#1931=DIRECTION('',(0.,0.,1.));
#1932=DIRECTION('',(-1.,0.,0.));
#1933=DIRECTION('',(0.,0.,-1.));
#1934=DIRECTION('',(1.,0.,0.));
#1935=DIRECTION('',(0.,-1.,0.));
#1936=DIRECTION('',(0.,0.,1.));
#1937=DIRECTION('',(0.,0.,1.));
#1938=DIRECTION('',(1.,0.,0.));
#1939=DIRECTION('',(1.2846213672373E-14,-0.0740815907895388,-0.997252183705853));
#1940=DIRECTION('',(0.,-0.997252183705852,0.0740815907895388));
#1941=DIRECTION('',(0.,-0.997252183705852,0.0740815907895518));
#1942=DIRECTION('',(-1.,0.,0.));
#1943=DIRECTION('',(0.,0.,-1.));
#1944=DIRECTION('',(0.,0.,-1.));
#1945=DIRECTION('',(1.,0.,0.));
#1946=DIRECTION('',(-1.,0.,0.));
#1947=DIRECTION('',(0.,-1.,-3.46944695195284E-15));
#1948=DIRECTION('',(0.,-1.,-3.46944695195284E-15));
#1949=DIRECTION('',(1.,0.,0.));
#1950=DIRECTION('',(0.,0.,1.));
#1951=DIRECTION('',(0.,-0.997252183705852,0.0740815907895518));
#1952=DIRECTION('',(0.,1.,2.97381167310211E-15));
#1953=DIRECTION('',(0.,0.,1.));
#1954=DIRECTION('',(-1.,0.,0.));
#1955=DIRECTION('',(0.,0.,-1.));
#1956=DIRECTION('',(0.,0.,-1.));
#1957=DIRECTION('',(0.,-1.,-4.24645850890056E-15));
#1958=DIRECTION('',(0.,0.,1.));
#1959=DIRECTION('',(0.,-1.,-3.80826013085773E-15));
#1960=DIRECTION('',(0.,-2.55351295663786E-12,1.));
#1961=DIRECTION('',(0.,-1.,-3.1622563364153E-15));
#1962=DIRECTION('',(0.,0.,1.));
#1963=DIRECTION('',(0.,1.,0.));
#1964=DIRECTION('',(0.,1.,2.97381167310211E-15));
#1965=DIRECTION('',(0.,1.,2.97381167310211E-15));
#1966=DIRECTION('',(1.,0.,0.));
#1967=DIRECTION('',(1.2846213672373E-14,-0.0740815907895388,-0.997252183705853));
#1968=DIRECTION('',(0.,-0.997252183705852,0.0740815907895388));
#1969=DIRECTION('',(0.,-0.997252183705852,0.0740815907895518));
#1970=DIRECTION('',(1.,0.,0.));
#1971=DIRECTION('',(0.,-0.997252183705852,0.0740815907895518));
#1972=DIRECTION('',(0.,0.,1.));
#1973=DIRECTION('',(-1.,0.,0.));
#1974=DIRECTION('',(1.,5.80343853781308E-13,0.));
#1975=DIRECTION('',(0.,-1.,-3.80826013085448E-15));
#1976=DIRECTION('',(-1.,0.,0.));
#1977=DIRECTION('',(0.,0.,-1.));
#1978=DIRECTION('',(0.,-0.997252183705852,0.0740815907895518));
#1979=DIRECTION('',(0.,0.,1.));
#1980=DIRECTION('',(-1.,0.,0.));
#1981=DIRECTION('',(0.,0.,-1.));
#1982=DIRECTION('',(0.,-0.997252183705852,0.0740815907895518));
#1983=DIRECTION('',(0.,0.,1.));
#1984=DIRECTION('',(0.,1.,2.97381167310211E-15));
#1985=DIRECTION('',(0.,0.,1.));
#1986=DIRECTION('',(0.,1.,0.));
#1987=DIRECTION('',(0.,1.,2.97381167310211E-15));
#1988=DIRECTION('',(0.,1.,2.97381167310211E-15));
#1989=DIRECTION('',(1.,0.,0.));
#1990=DIRECTION('',(1.,0.,0.));
#1991=DIRECTION('',(0.,0.,1.));
#1992=DIRECTION('',(0.,-0.997252183705852,0.0740815907895518));
#1993=DIRECTION('',(0.,0.,1.));
#1994=DIRECTION('',(-1.,0.,0.));
#1995=DIRECTION('',(0.,0.,-1.));
#1996=DIRECTION('',(0.,0.,1.));
#1997=DIRECTION('',(1.,0.,0.));
#1998=DIRECTION('',(0.,0.,1.));
#1999=DIRECTION('',(0.,0.,-1.));
#2000=DIRECTION('',(0.,-1.,-4.24645850890056E-15));
#2001=DIRECTION('',(0.,0.,1.));
#2002=DIRECTION('',(0.,-1.,-3.1622563364153E-15));
#2003=DIRECTION('',(0.,0.,-1.));
#2004=DIRECTION('',(0.,0.,1.));
#2005=DIRECTION('',(0.,1.,0.));
#2006=DIRECTION('',(1.,0.,0.));
#2007=DIRECTION('',(1.,0.,0.));
#2008=DIRECTION('',(0.,0.,1.));
#2009=DIRECTION('',(0.,0.,1.));
#2010=DIRECTION('',(1.2846213672373E-14,-0.0740815907895388,-0.997252183705853));
#2011=DIRECTION('',(0.,-0.997252183705852,0.0740815907895388));
#2012=DIRECTION('',(1.,0.,0.));
#2013=DIRECTION('',(1.2846213672373E-14,-0.0740815907895388,-0.997252183705853));
#2014=DIRECTION('',(0.,-0.997252183705852,0.0740815907895388));
#2015=DIRECTION('',(1.,0.,0.));
#2016=DIRECTION('',(0.,-1.,0.));
#2017=DIRECTION('',(1.,0.,0.));
#2018=DIRECTION('',(0.,0.,-1.));
#2019=DIRECTION('',(-1.,0.,0.));
#2020=DIRECTION('',(-1.,0.,0.));
#2021=DIRECTION('',(0.,-4.25585492772977E-12,1.));
#2022=DIRECTION('',(1.,7.29575130465726E-12,0.));
#2023=DIRECTION('',(1.,0.,0.));
#2024=DIRECTION('',(-1.,0.,0.));
#2025=DIRECTION('',(0.,0.,-1.));
#2026=DIRECTION('',(1.,0.,0.));
#2027=DIRECTION('',(0.,0.,-1.));
#2028=DIRECTION('',(1.,5.10702591327538E-13,0.));
#2029=DIRECTION('',(0.,0.,-1.));
#2030=DIRECTION('',(-1.,0.,0.));
#2031=DIRECTION('',(0.,0.,-1.));
#2032=DIRECTION('',(1.,0.,0.));
#2033=DIRECTION('',(0.,1.50206644508108E-12,-1.));
#2034=DIRECTION('',(1.,0.,0.));
#2035=DIRECTION('',(0.,0.,-1.));
#2036=DIRECTION('',(0.,-1.,0.));
#2037=DIRECTION('',(0.,0.,1.));
#2038=DIRECTION('',(0.,-1.,0.));
#2039=DIRECTION('',(0.,0.,1.));
#2040=DIRECTION('',(1.,0.,0.));
#2041=DIRECTION('',(0.,0.,1.));
#2042=DIRECTION('',(-1.,0.,0.));
#2043=DIRECTION('',(0.,0.,1.));
#2044=DIRECTION('',(-1.,0.,0.));
#2045=DIRECTION('',(0.,-1.,-3.16225633641867E-15));
#2046=DIRECTION('',(0.,0.,-1.));
#2047=DIRECTION('',(1.,0.,0.));
#2048=DIRECTION('',(0.,-1.,-4.24645850890056E-15));
#2049=DIRECTION('',(0.,-1.,0.));
#2050=DIRECTION('',(0.,0.,1.));
#2051=DIRECTION('',(0.,-1.,0.));
#2052=DIRECTION('',(0.,0.,1.));
#2053=DIRECTION('',(0.,-1.,0.));
#2054=DIRECTION('',(0.,0.,1.));
#2055=DIRECTION('',(-1.,0.,0.));
#2056=DIRECTION('',(0.,0.,-1.));
#2057=DIRECTION('',(1.,0.,0.));
#2058=DIRECTION('',(0.,0.,1.));
#2059=DIRECTION('',(-1.,0.,0.));
#2060=DIRECTION('',(0.,-1.,-4.24645850890056E-15));
#2061=DIRECTION('',(0.,0.,-1.));
#2062=DIRECTION('',(1.,0.,0.));
#2063=DIRECTION('',(0.,-1.,-4.24645850890056E-15));
#2064=DIRECTION('',(0.,0.,-1.));
#2065=DIRECTION('',(0.,-1.,0.));
#2066=DIRECTION('',(0.,1.,5.05961013826887E-15));
#2067=DIRECTION('',(-1.,0.,0.));
#2068=DIRECTION('',(0.,1.,5.05961013826887E-15));
#2069=DIRECTION('',(1.,0.,0.));
#2070=DIRECTION('',(0.,0.,1.));
#2071=DIRECTION('',(-1.,0.,0.));
#2072=DIRECTION('',(0.,0.,1.));
#2073=DIRECTION('',(0.,1.,5.0957502106764E-15));
#2074=DIRECTION('',(0.,1.,5.05961013826025E-15));
#2075=DIRECTION('',(0.,0.,1.));
#2076=DIRECTION('',(-1.,0.,0.));
#2077=DIRECTION('',(0.,0.,-1.));
#2078=DIRECTION('',(0.,1.,0.));
#2079=DIRECTION('',(0.,0.,-1.));
#2080=DIRECTION('',(0.,-1.,-3.68628738645187E-15));
#2081=DIRECTION('',(0.,0.,1.));
#2082=DIRECTION('',(0.,-1.,-5.58364118829414E-15));
#2083=DIRECTION('',(0.,0.,1.));
#2084=DIRECTION('',(0.,-1.,-4.98732999342833E-15));
#2085=DIRECTION('',(0.,-1.,0.));
#2086=DIRECTION('',(0.,0.499999999999259,-0.866025403784866));
#2087=DIRECTION('',(0.,1.,4.00320802148538E-15));
#2088=DIRECTION('',(0.,0.,-1.));
#2089=DIRECTION('',(0.,0.,-1.));
#2090=DIRECTION('',(1.,0.,0.));
#2091=DIRECTION('',(1.,0.,0.));
#2092=DIRECTION('',(-1.,0.,0.));
#2093=DIRECTION('',(0.,1.,3.68628738645187E-15));
#2094=DIRECTION('',(1.,0.,0.));
#2095=DIRECTION('',(1.,0.,0.));
#2096=DIRECTION('',(0.,1.,5.09575021068507E-15));
#2097=DIRECTION('',(-1.,0.,0.));
#2098=DIRECTION('',(-1.,0.,0.));
#2099=DIRECTION('',(-1.,0.,0.));
#2100=DIRECTION('',(0.,1.,0.));
#2101=DIRECTION('',(1.,0.,0.));
#2102=DIRECTION('',(0.,1.,0.));
#2103=DIRECTION('',(-1.,0.,0.));
#2104=DIRECTION('',(0.,1.,0.));
#2105=DIRECTION('',(1.,0.,0.));
#2106=DIRECTION('',(0.,1.,0.));
#2107=DIRECTION('',(-1.,0.,0.));
#2108=DIRECTION('',(1.,0.,0.));
#2109=DIRECTION('',(-1.,0.,0.));
#2110=DIRECTION('',(0.,0.,-1.));
#2111=DIRECTION('',(0.,-1.,0.));
#2112=DIRECTION('',(0.,-1.,-4.98732999342833E-15));
#2113=DIRECTION('',(-1.,0.,0.));
#2114=DIRECTION('',(1.,0.,0.));
#2115=DIRECTION('',(0.,0.,1.));
#2116=DIRECTION('',(0.,0.,1.));
#2117=DIRECTION('',(0.,-1.,-4.9873299934538E-15));
#2118=DIRECTION('',(0.,0.,1.));
#2119=DIRECTION('',(0.,0.,-1.));
#2120=DIRECTION('',(0.,-1.,-4.06575814681613E-15));
#2121=DIRECTION('',(-1.,0.,0.));
#2122=DIRECTION('',(0.,0.,1.));
#2123=DIRECTION('',(0.,-1.,-4.06575814681613E-15));
#2124=DIRECTION('',(0.,0.,1.));
#2125=DIRECTION('',(0.,0.,1.));
#2126=DIRECTION('',(0.,1.,5.05961013826025E-15));
#2127=DIRECTION('',(0.,0.,1.));
#2128=DIRECTION('',(0.,0.,1.));
#2129=DIRECTION('',(-1.,0.,0.));
#2130=DIRECTION('',(-1.,0.,0.));
#2131=DIRECTION('',(0.,1.,0.));
#2132=DIRECTION('',(1.,0.,0.));
#2133=DIRECTION('',(0.,-1.,0.));
#2134=DIRECTION('',(-1.,0.,0.));
#2135=DIRECTION('',(0.,-1.,0.));
#2136=DIRECTION('',(1.,0.,0.));
#2137=DIRECTION('',(0.,0.,1.));
#2138=DIRECTION('',(0.,0.,1.));
#2139=DIRECTION('',(1.,0.,0.));
#2140=DIRECTION('',(0.,1.,4.1690276387894E-15));
#2141=DIRECTION('',(0.,1.,4.00320802148538E-15));
#2142=DIRECTION('',(0.,0.499999999999259,-0.866025403784866));
#2143=DIRECTION('',(0.,-1.,-4.9873299934538E-15));
#2144=DIRECTION('',(0.,0.,1.));
#2145=DIRECTION('',(0.,-1.,-5.58364118829414E-15));
#2146=DIRECTION('',(0.,0.,1.));
#2147=DIRECTION('',(0.,0.,-1.));
#2148=DIRECTION('',(0.,1.,0.));
#2149=DIRECTION('',(0.,0.,-1.));
#2150=DIRECTION('',(-1.,0.,0.));
#2151=DIRECTION('',(0.,-1.,-4.15264778803589E-15));
#2152=DIRECTION('',(0.,0.,-1.));
#2153=DIRECTION('',(0.,-1.,0.));
#2154=DIRECTION('',(1.,0.,0.));
#2155=DIRECTION('',(0.,0.,-1.));
#2156=DIRECTION('',(0.,-1.,0.));
#2157=DIRECTION('',(1.,0.,0.));
#2158=DIRECTION('',(0.,-1.,0.));
#2159=DIRECTION('',(0.,0.,1.));
#2160=DIRECTION('',(0.,-1.,0.));
#2161=DIRECTION('',(0.,0.,1.));
#2162=DIRECTION('',(0.,1.,0.));
#2163=DIRECTION('',(0.,0.,-1.));
#2164=DIRECTION('',(-1.,0.,0.));
#2165=DIRECTION('',(0.,0.,-1.));
#2166=DIRECTION('',(-1.,0.,0.));
#2167=DIRECTION('',(0.,0.,1.));
#2168=DIRECTION('',(-1.,0.,0.));
#2169=DIRECTION('',(-1.,0.,0.));
#2170=DIRECTION('',(0.,1.,4.00320802148538E-15));
#2171=DIRECTION('',(0.,0.866025403783724,0.500000000001239));
#2172=DIRECTION('',(0.,0.500000000001239,-0.866025403783724));
#2173=DIRECTION('',(0.,0.499999999999259,-0.866025403784866));
#2174=DIRECTION('',(0.,0.,-1.));
#2175=DIRECTION('',(0.,-1.,0.));
#2176=DIRECTION('',(-1.,0.,0.));
#2177=DIRECTION('',(-1.,0.,0.));
#2178=DIRECTION('',(0.,0.,1.));
#2179=DIRECTION('',(-1.,0.,0.));
#2180=DIRECTION('',(0.,1.,0.));
#2181=DIRECTION('',(-1.,0.,0.));
#2182=DIRECTION('',(0.,-1.,0.));
#2183=DIRECTION('',(0.,0.,1.));
#2184=DIRECTION('',(0.,-1.,0.));
#2185=DIRECTION('',(0.,0.,1.));
#2186=DIRECTION('',(0.,-1.,0.));
#2187=DIRECTION('',(0.,0.,1.));
#2188=DIRECTION('',(1.,0.,0.));
#2189=DIRECTION('',(-1.,0.,0.));
#2190=DIRECTION('',(0.,0.,-1.));
#2191=DIRECTION('',(0.,-1.,-3.18484388167895E-15));
#2192=DIRECTION('',(0.,0.,1.));
#2193=DIRECTION('',(0.,0.,-1.));
#2194=DIRECTION('',(0.,1.,3.94959362834143E-15));
#2195=DIRECTION('',(0.,0.,-1.));
#2196=DIRECTION('',(1.,0.,0.));
#2197=DIRECTION('',(0.,0.,1.));
#2198=DIRECTION('',(0.,0.,1.));
#2199=DIRECTION('',(0.,-1.,0.));
#2200=DIRECTION('',(0.,0.,-1.));
#2201=DIRECTION('',(0.,1.,3.94959362834143E-15));
#2202=DIRECTION('',(0.,0.,1.));
#2203=DIRECTION('',(0.,-1.,0.));
#2204=DIRECTION('',(0.,0.,1.));
#2205=DIRECTION('',(-1.,0.,0.));
#2206=DIRECTION('',(0.,0.,-1.));
#2207=DIRECTION('',(0.,-1.,-3.18484388167895E-15));
#2208=DIRECTION('',(0.,0.,1.));
#2209=DIRECTION('',(0.,0.,-1.));
#2210=DIRECTION('',(0.,1.,3.94959362834143E-15));
#2211=DIRECTION('',(0.,0.,-1.));
#2212=DIRECTION('',(0.,-1.,0.));
#2213=DIRECTION('',(0.,0.,1.));
#2214=DIRECTION('',(1.,0.,0.));
#2215=DIRECTION('',(1.,0.,0.));
#2216=DIRECTION('',(0.,0.,1.));
#2217=DIRECTION('',(0.,0.,1.));
#2218=DIRECTION('',(0.,-1.,0.));
#2219=DIRECTION('',(0.,0.,-1.));
#2220=DIRECTION('',(0.,1.,3.94959362834143E-15));
#2221=DIRECTION('',(0.,0.,1.));
#2222=DIRECTION('',(0.,-1.,0.));
#2223=DIRECTION('',(0.,0.,1.));
#2224=DIRECTION('',(1.,0.,0.));
#2225=DIRECTION('',(0.,-1.,0.));
#2226=DIRECTION('',(0.,0.,1.));
#2227=DIRECTION('',(0.,-1.,0.));
#2228=DIRECTION('',(0.,0.,1.));
#2229=DIRECTION('',(1.,0.,0.));
#2230=DIRECTION('',(0.,0.,-1.));
#2231=DIRECTION('',(0.,-1.,0.));
#2232=DIRECTION('',(1.,0.,0.));
#2233=DIRECTION('',(0.,0.,1.));
#2234=DIRECTION('',(0.,1.,4.00320802148538E-15));
#2235=DIRECTION('',(0.,0.,-1.));
#2236=DIRECTION('',(0.,1.,0.));
#2237=DIRECTION('',(0.,0.,1.));
#2238=DIRECTION('',(0.,0.499999999999259,-0.866025403784866));
#2239=DIRECTION('',(-1.,0.,0.));
#2240=DIRECTION('',(0.,0.,1.));
#2241=DIRECTION('',(0.,0.,1.));
#2242=DIRECTION('',(0.,0.866025403783724,0.500000000001239));
#2243=DIRECTION('',(0.,0.500000000001239,-0.866025403783724));
#2244=DIRECTION('',(1.,0.,0.));
#2245=DIRECTION('',(0.,0.,1.));
#2246=DIRECTION('',(-1.,0.,0.));
#2247=DIRECTION('',(1.,0.,0.));
#2248=DIRECTION('',(1.,0.,0.));
#2249=DIRECTION('',(0.,1.,0.));
#2250=DIRECTION('',(0.,0.,-1.));
#2251=DIRECTION('',(1.,0.,0.));
#2252=DIRECTION('',(0.,0.,1.));
#2253=DIRECTION('',(-1.,0.,0.));
#2254=DIRECTION('',(0.,0.,-1.));
#2255=DIRECTION('',(0.,-1.,0.));
#2256=DIRECTION('',(1.,0.,0.));
#2257=DIRECTION('',(0.,0.,-1.));
#2258=DIRECTION('',(0.,-1.,0.));
#2259=DIRECTION('',(1.,0.,0.));
#2260=DIRECTION('',(0.,1.,0.));
#2261=DIRECTION('',(-1.,0.,0.));
#2262=DIRECTION('',(-1.,0.,0.));
#2263=DIRECTION('',(-1.,0.,0.));
#2264=DIRECTION('',(-1.,0.,0.));
#2265=DIRECTION('',(-1.,0.,0.));
#2266=DIRECTION('',(0.,1.,0.));
#2267=DIRECTION('',(0.,0.,-1.));
#2268=DIRECTION('',(1.,0.,0.));
#2269=DIRECTION('',(0.,0.,1.));
#2270=DIRECTION('',(0.,1.,0.));
#2271=DIRECTION('',(0.,1.,0.));
#2272=DIRECTION('',(0.,0.,-1.));
#2273=DIRECTION('',(1.,0.,0.));
#2274=DIRECTION('',(0.,0.,1.));
#2275=DIRECTION('',(0.,1.,0.));
#2276=DIRECTION('',(0.,1.,0.));
#2277=DIRECTION('',(0.,0.,-1.));
#2278=DIRECTION('',(1.,0.,0.));
#2279=DIRECTION('',(0.,0.,1.));
#2280=DIRECTION('',(0.,1.,0.));
#2281=DIRECTION('',(0.,0.,1.));
#2282=DIRECTION('',(0.,1.,0.));
#2283=DIRECTION('',(1.,0.,0.));
#2284=DIRECTION('',(0.,1.,0.));
#2285=DIRECTION('',(0.,0.,-1.));
#2286=CARTESIAN_POINT('',(0.,0.,0.));
#2287=CARTESIAN_POINT('',(0.000399999999829537,0.000796714882773442,0.002081));
#2288=CARTESIAN_POINT('',(0.000400000000083556,0.00234571488302538,-6.0000000253998E-5));
#2289=CARTESIAN_POINT('',(0.000399999999998513,0.0027457148829409,-6.00000001693315E-5));
#2290=CARTESIAN_POINT('',(0.000399999999998513,0.00194571488294188,-6.00000001693325E-5));
#2291=CARTESIAN_POINT('',(0.000400000000083556,0.00194571488302636,-3.0000000253999E-5));
#2292=CARTESIAN_POINT('',(0.000399999999998513,0.00194571488294188,-1.69333460014326E-13));
#2293=CARTESIAN_POINT('',(0.000400000000083556,0.00199571488302641,-2.54000000286108E-13));
#2294=CARTESIAN_POINT('',(0.000399999999998513,0.00204571488294192,-1.69333460014326E-13));
#2295=CARTESIAN_POINT('',(0.000400000000083556,0.00204571488302641,6.9999999746E-5));
#2296=CARTESIAN_POINT('',(0.000399999999998513,0.00204571488294192,0.000139999999830665));
#2297=CARTESIAN_POINT('',(0.000400000000083556,0.00239571488302537,0.000139999999746));
#2298=CARTESIAN_POINT('',(0.000399999999998513,0.0027457148829409,0.000139999999830668));
#2299=CARTESIAN_POINT('',(0.000400000000083556,0.00274571488302539,3.99999997460011E-5));
#2300=CARTESIAN_POINT('',(-0.00139900000016946,0.00274671488277345,-5.9999999999996E-5));
#2301=CARTESIAN_POINT('',(0.000600000000085532,0.00234571488302538,-6.0000000254001E-5));
#2302=CARTESIAN_POINT('',(0.000600000000000489,0.0027457148829409,-6.0000000169333E-5));
#2303=CARTESIAN_POINT('',(0.000600000000000489,0.00194571488294188,-6.0000000169333E-5));
#2304=CARTESIAN_POINT('',(0.000500000000084544,0.00194571488302636,-6.0000000253999E-5));
#2305=CARTESIAN_POINT('',(0.000500000000084544,0.00274571488302539,-6.0000000253999E-5));
#2306=CARTESIAN_POINT('',(0.000599999999831513,0.000796714882773442,0.001599));
#2307=CARTESIAN_POINT('',(0.000600000000085532,0.00199571488302641,-2.54000000286108E-13));
#2308=CARTESIAN_POINT('',(0.000600000000000489,0.00194571488294188,-1.69333460014326E-13));
#2309=CARTESIAN_POINT('',(0.000600000000000489,0.00204571488294192,-1.69333460014326E-13));
#2310=CARTESIAN_POINT('',(0.000600000000085532,0.00194571488302636,-3.0000000253999E-5));
#2311=CARTESIAN_POINT('',(0.000600000000085532,0.00274571488302539,3.99999997460011E-5));
#2312=CARTESIAN_POINT('',(0.000600000000000489,0.0027457148829409,0.000139999999830668));
#2313=CARTESIAN_POINT('',(0.000600000000085532,0.00239571488302537,0.000139999999746));
#2314=CARTESIAN_POINT('',(0.000600000000000489,0.00204571488294192,0.000139999999830665));
#2315=CARTESIAN_POINT('',(0.000600000000085532,0.00204571488302641,6.9999999746E-5));
#2316=CARTESIAN_POINT('',(0.00139999999983054,0.000796714882773442,0.002081));
#2317=CARTESIAN_POINT('',(0.00140000000008456,0.00234571488302538,-6.0000000253998E-5));
#2318=CARTESIAN_POINT('',(0.00139999999999951,0.0027457148829409,-6.00000001693315E-5));
#2319=CARTESIAN_POINT('',(0.00139999999999951,0.00194571488294188,-6.00000001693325E-5));
#2320=CARTESIAN_POINT('',(0.00140000000008456,0.00194571488302636,-3.0000000253999E-5));
#2321=CARTESIAN_POINT('',(0.00139999999999951,0.00194571488294188,-1.69333460014326E-13));
#2322=CARTESIAN_POINT('',(0.00140000000008456,0.00199571488302641,-2.54000000286108E-13));
#2323=CARTESIAN_POINT('',(0.00139999999999951,0.00204571488294192,-1.69333460014326E-13));
#2324=CARTESIAN_POINT('',(0.00140000000008456,0.00204571488302641,6.9999999746E-5));
#2325=CARTESIAN_POINT('',(0.00139999999999951,0.00204571488294192,0.000139999999830665));
#2326=CARTESIAN_POINT('',(0.00140000000008456,0.00239571488302537,0.000139999999746));
#2327=CARTESIAN_POINT('',(0.00139999999999951,0.0027457148829409,0.000139999999830668));
#2328=CARTESIAN_POINT('',(0.00140000000008456,0.00274571488302539,3.99999997460011E-5));
#2329=CARTESIAN_POINT('',(-0.00139900000016946,0.00274671488277345,-5.9999999999996E-5));
#2330=CARTESIAN_POINT('',(0.00160000000008354,0.00234571488302538,-6.0000000254001E-5));
#2331=CARTESIAN_POINT('',(0.00159999999999849,0.0027457148829409,-6.0000000169333E-5));
#2332=CARTESIAN_POINT('',(0.00159999999999849,0.00194571488294188,-6.0000000169333E-5));
#2333=CARTESIAN_POINT('',(0.00150000000008354,0.00194571488302636,-6.0000000253999E-5));
#2334=CARTESIAN_POINT('',(0.00150000000008354,0.00274571488302539,-6.0000000253999E-5));
#2335=CARTESIAN_POINT('',(0.00159999999982952,0.000796714882773442,0.001599));
#2336=CARTESIAN_POINT('',(0.00160000000008354,0.00199571488302641,-2.54000000286108E-13));
#2337=CARTESIAN_POINT('',(0.00159999999999849,0.00194571488294188,-1.69333460014326E-13));
#2338=CARTESIAN_POINT('',(0.00159999999999849,0.00204571488294192,-1.69333460014326E-13));
#2339=CARTESIAN_POINT('',(0.00160000000008354,0.00194571488302636,-3.0000000253999E-5));
#2340=CARTESIAN_POINT('',(0.00160000000008354,0.00274571488302539,3.99999997460011E-5));
#2341=CARTESIAN_POINT('',(0.00159999999999849,0.0027457148829409,0.000139999999830668));
#2342=CARTESIAN_POINT('',(0.00160000000008354,0.00239571488302537,0.000139999999746));
#2343=CARTESIAN_POINT('',(0.00159999999999849,0.00204571488294192,0.000139999999830665));
#2344=CARTESIAN_POINT('',(0.00160000000008354,0.00204571488302641,6.9999999746E-5));
#2345=CARTESIAN_POINT('',(0.00159999999982952,0.000796714882773442,0.001599));
#2346=CARTESIAN_POINT('',(0.00160000000008354,-7.92851169746367E-5,0.00166500000025399));
#2347=CARTESIAN_POINT('',(0.00159999999999849,0.000795714882947884,0.0016000000001751));
#2348=CARTESIAN_POINT('',(0.00159999999999849,-0.000954285117052589,0.00173000000017511));
#2349=CARTESIAN_POINT('',(0.00160000000008354,0.000795714883025378,0.001840000000254));
#2350=CARTESIAN_POINT('',(0.00159999999999849,0.00079571488294089,0.00208000000016933));
#2351=CARTESIAN_POINT('',(0.00160000000008354,-7.92851169746367E-5,0.00208000000025399));
#2352=CARTESIAN_POINT('',(0.00159999999999849,-0.000954285117059084,0.00208000000016933));
#2353=CARTESIAN_POINT('',(0.00160000000008354,-0.000954285116974596,0.00190500000025399));
#2354=CARTESIAN_POINT('',(-0.00139900000016946,-0.000955285117227589,0.00208));
#2355=CARTESIAN_POINT('',(0.00150000000008354,0.000795714883025378,0.00208000000025399));
#2356=CARTESIAN_POINT('',(0.00139999999999951,0.00079571488294089,0.00208000000016933));
#2357=CARTESIAN_POINT('',(0.00140000000008456,-7.92851169746367E-5,0.00208000000025399));
#2358=CARTESIAN_POINT('',(0.00139999999999951,-0.000954285117059084,0.00208000000016933));
#2359=CARTESIAN_POINT('',(0.00150000000008354,-0.000954285116974596,0.00208000000025399));
#2360=CARTESIAN_POINT('',(0.00220099999983147,0.000795714882772414,0.000398999999999995));
#2361=CARTESIAN_POINT('',(-0.00149999999991546,0.000795714883025378,0.001600000000254));
#2362=CARTESIAN_POINT('',(-0.00160000000017047,0.000795714882772414,0.0016));
#2363=CARTESIAN_POINT('',(-0.00140000000016849,0.000795714882772414,0.0016));
#2364=CARTESIAN_POINT('',(-0.00159999999991645,0.000795714883025378,0.001840000000254));
#2365=CARTESIAN_POINT('',(-0.00160000000000149,0.00079571488294089,0.00208000000016933));
#2366=CARTESIAN_POINT('',(-0.00149999999991546,0.000795714883025378,0.00208000000025399));
#2367=CARTESIAN_POINT('',(-0.00139999999999951,0.00079571488294089,0.00208000000016933));
#2368=CARTESIAN_POINT('',(-0.00139999999991447,0.000795714883025378,0.001840000000254));
#2369=CARTESIAN_POINT('',(-0.000499999999915457,0.000795714883025378,0.001600000000254));
#2370=CARTESIAN_POINT('',(-0.000600000000000489,0.000795714882947884,0.0016000000001751));
#2371=CARTESIAN_POINT('',(-0.000400000000001511,0.000795714882947884,0.0016000000001751));
#2372=CARTESIAN_POINT('',(-0.000599999999915446,0.000795714883025378,0.001840000000254));
#2373=CARTESIAN_POINT('',(-0.000600000000000489,0.00079571488294089,0.00208000000016933));
#2374=CARTESIAN_POINT('',(-0.000499999999915457,0.000795714883025378,0.00208000000025399));
#2375=CARTESIAN_POINT('',(-0.000400000000001511,0.00079571488294089,0.00208000000016933));
#2376=CARTESIAN_POINT('',(-0.000399999999916467,0.000795714883025378,0.001840000000254));
#2377=CARTESIAN_POINT('',(0.000500000000084544,0.000795714883025378,0.001600000000254));
#2378=CARTESIAN_POINT('',(0.000399999999998513,0.000795714882947884,0.0016000000001751));
#2379=CARTESIAN_POINT('',(0.000600000000000489,0.000795714882947884,0.0016000000001751));
#2380=CARTESIAN_POINT('',(0.000400000000083556,0.000795714883025378,0.001840000000254));
#2381=CARTESIAN_POINT('',(0.000399999999998513,0.00079571488294089,0.00208000000016933));
#2382=CARTESIAN_POINT('',(0.000500000000084544,0.000795714883025378,0.00208000000025399));
#2383=CARTESIAN_POINT('',(0.000600000000000489,0.00079571488294089,0.00208000000016933));
#2384=CARTESIAN_POINT('',(0.000600000000085532,0.000795714883025378,0.001840000000254));
#2385=CARTESIAN_POINT('',(0.00150000000008354,0.000795714883025378,0.001600000000254));
#2386=CARTESIAN_POINT('',(0.00139999999999951,0.000795714882947884,0.0016000000001751));
#2387=CARTESIAN_POINT('',(0.00140000000008456,0.000795714883025378,0.001840000000254));
#2388=CARTESIAN_POINT('',(0.00220000000008347,0.000795714883025378,0.00145000000025399));
#2389=CARTESIAN_POINT('',(0.00219999999999843,0.00079571488294089,0.00040000000016933));
#2390=CARTESIAN_POINT('',(0.00219999999999843,0.00079571488294089,0.00250000000016934));
#2391=CARTESIAN_POINT('',(8.34887714518118E-14,0.000795714883025378,0.002500000000254));
#2392=CARTESIAN_POINT('',(-0.00220000000000153,0.00079571488294089,0.00250000000016934));
#2393=CARTESIAN_POINT('',(-0.00219999999991649,0.000795714883025378,0.00145000000025399));
#2394=CARTESIAN_POINT('',(-0.00220000000000153,0.00079571488294089,0.00040000000016933));
#2395=CARTESIAN_POINT('',(8.34887714518118E-14,0.000795714883025378,0.000400000000253996));
#2396=CARTESIAN_POINT('',(-0.00139900000016946,-0.000954285117228559,0.001729));
#2397=CARTESIAN_POINT('',(0.00140000000008456,-0.000954285116974596,0.00190500000025399));
#2398=CARTESIAN_POINT('',(0.00139999999999951,-0.000954285117052589,0.00173000000017511));
#2399=CARTESIAN_POINT('',(0.00150000000008354,-0.000954285116974596,0.00173000000025399));
#2400=CARTESIAN_POINT('',(-0.00139900000016946,0.000796712134955413,0.00159992591840921));
#2401=CARTESIAN_POINT('',(0.00140000000008456,-7.92851169746367E-5,0.00166500000025399));
#2402=CARTESIAN_POINT('',(0.00139999999983054,0.000796714882773442,0.002081));
#2403=CARTESIAN_POINT('',(-0.00220100000016954,0.000796714882773442,0.0025));
#2404=CARTESIAN_POINT('',(8.34887714518118E-14,-0.00220428511697562,0.00250000000025399));
#2405=CARTESIAN_POINT('',(0.00219999999999843,-0.00220428511706011,0.00250000000016932));
#2406=CARTESIAN_POINT('',(-0.00220000000000153,-0.00220428511706011,0.00250000000016932));
#2407=CARTESIAN_POINT('',(-0.00219999999991649,-0.000704285116974623,0.00250000000025399));
#2408=CARTESIAN_POINT('',(0.00220000000008347,-0.000704285116974623,0.00250000000025399));
#2409=CARTESIAN_POINT('',(-0.00140000000016849,0.000796714882773442,0.001599));
#2410=CARTESIAN_POINT('',(-0.00139999999991447,-7.92851169746367E-5,0.00166500000025399));
#2411=CARTESIAN_POINT('',(-0.00140000000016849,-0.000954285117228559,0.00173));
#2412=CARTESIAN_POINT('',(-0.00139999999991447,-7.92851169746367E-5,0.00208000000025399));
#2413=CARTESIAN_POINT('',(-0.00139999999999951,-0.000954285117059084,0.00208000000016933));
#2414=CARTESIAN_POINT('',(-0.00139999999991447,-0.000954285116974596,0.00190500000025399));
#2415=CARTESIAN_POINT('',(0.00219999999982945,0.000796714882773442,0.002501));
#2416=CARTESIAN_POINT('',(0.00220000000008347,0.000195714883025389,0.00170000000025399));
#2417=CARTESIAN_POINT('',(0.00219999999999843,0.000195714882940901,0.00200000000016934));
#2418=CARTESIAN_POINT('',(0.00219999999999843,0.000195714882940901,0.00140000000016932));
#2419=CARTESIAN_POINT('',(0.00220000000008347,-0.00100428511697459,0.00200000000025399));
#2420=CARTESIAN_POINT('',(0.00219999999999843,-0.00220428511706011,0.00200000000016932));
#2421=CARTESIAN_POINT('',(0.00220000000008347,-0.00220428511697562,0.00225000000025399));
#2422=CARTESIAN_POINT('',(0.00220000000008347,-0.000704285116973624,0.00040000000025399));
#2423=CARTESIAN_POINT('',(0.00219999999999843,-0.00220428511705711,0.000400000000169318));
#2424=CARTESIAN_POINT('',(0.00220000000008347,-0.00220428511697362,0.000900000000253985));
#2425=CARTESIAN_POINT('',(0.00219999999999843,-0.00220428511705961,0.00140000000016932));
#2426=CARTESIAN_POINT('',(0.00220000000008347,-0.00100428511697459,0.00140000000025398));
#2427=CARTESIAN_POINT('',(-0.00139900000016946,-0.000955285117227589,0.00208));
#2428=CARTESIAN_POINT('',(-0.000399999999916467,-7.92851169746367E-5,0.00208000000025399));
#2429=CARTESIAN_POINT('',(-0.000400000000001511,-0.000954285117059084,0.00208000000016933));
#2430=CARTESIAN_POINT('',(-0.000599999999915446,-7.92851169746367E-5,0.00208000000025399));
#2431=CARTESIAN_POINT('',(-0.000600000000000489,-0.000954285117059084,0.00208000000016933));
#2432=CARTESIAN_POINT('',(-0.000499999999915457,-0.000954285116974596,0.00208000000025399));
#2433=CARTESIAN_POINT('',(-0.00139900000016946,0.000796712134955413,0.00159992591840921));
#2434=CARTESIAN_POINT('',(0.000600000000085532,-7.92851169746367E-5,0.00166500000025399));
#2435=CARTESIAN_POINT('',(0.000600000000000489,-0.000954285117052589,0.00173000000017511));
#2436=CARTESIAN_POINT('',(0.000500000000084544,-0.000954285116974596,0.00173000000025399));
#2437=CARTESIAN_POINT('',(0.000399999999998513,-0.000954285117052589,0.00173000000017511));
#2438=CARTESIAN_POINT('',(0.000400000000083556,-7.92851169746367E-5,0.00166500000025399));
#2439=CARTESIAN_POINT('',(0.00220099999983147,0.000796714882773442,0.0004));
#2440=CARTESIAN_POINT('',(8.34887714518118E-14,-0.00220428511697362,0.000400000000253985));
#2441=CARTESIAN_POINT('',(-0.00220000000000153,-0.00220428511705961,0.000400000000169318));
#2442=CARTESIAN_POINT('',(-0.00219999999991649,-0.000704285116974623,0.00040000000025399));
#2443=CARTESIAN_POINT('',(-0.000600000000169465,0.000796714882773442,0.002081));
#2444=CARTESIAN_POINT('',(-0.000599999999915446,-7.92851169746367E-5,0.00166500000025399));
#2445=CARTESIAN_POINT('',(-0.000600000000000489,-0.000954285117052589,0.00173000000017511));
#2446=CARTESIAN_POINT('',(-0.000599999999915446,-0.000954285116974596,0.00190500000025399));
#2447=CARTESIAN_POINT('',(-0.00160000000017047,0.000796714882773442,0.002081));
#2448=CARTESIAN_POINT('',(-0.00159999999991645,-7.92851169746367E-5,0.00166500000025399));
#2449=CARTESIAN_POINT('',(-0.00160000000017047,-0.000954285117228559,0.00173));
#2450=CARTESIAN_POINT('',(-0.00159999999991645,-0.000954285116974596,0.00190500000025399));
#2451=CARTESIAN_POINT('',(-0.00160000000000149,-0.000954285117059084,0.00208000000016933));
#2452=CARTESIAN_POINT('',(-0.00159999999991645,-7.92851169746367E-5,0.00208000000025399));
#2453=CARTESIAN_POINT('',(-0.00139900000016946,-0.000955285117227589,0.00208));
#2454=CARTESIAN_POINT('',(0.000600000000085532,-7.92851169746367E-5,0.00208000000025399));
#2455=CARTESIAN_POINT('',(0.000600000000000489,-0.000954285117059084,0.00208000000016933));
#2456=CARTESIAN_POINT('',(0.000400000000083556,-7.92851169746367E-5,0.00208000000025399));
#2457=CARTESIAN_POINT('',(0.000399999999998513,-0.000954285117059084,0.00208000000016933));
#2458=CARTESIAN_POINT('',(0.000500000000084544,-0.000954285116974596,0.00208000000025399));
#2459=CARTESIAN_POINT('',(-0.000400000000170486,0.000796714882773442,0.001599));
#2460=CARTESIAN_POINT('',(-0.000399999999916467,-7.92851169746367E-5,0.00166500000025399));
#2461=CARTESIAN_POINT('',(-0.000400000000001511,-0.000954285117052589,0.00173000000017511));
#2462=CARTESIAN_POINT('',(-0.000399999999916467,-0.000954285116974596,0.00190500000025399));
#2463=CARTESIAN_POINT('',(0.000399999999829537,0.000796714882773442,0.002081));
#2464=CARTESIAN_POINT('',(0.000400000000083556,-0.000954285116974596,0.00190500000025399));
#2465=CARTESIAN_POINT('',(-0.00220000000017051,0.000796714882773442,0.000398999999999995));
#2466=CARTESIAN_POINT('',(-0.00219999999991649,-0.00220428511697562,0.00225000000025399));
#2467=CARTESIAN_POINT('',(-0.00220000000000153,-0.00220428511706011,0.00200000000016932));
#2468=CARTESIAN_POINT('',(-0.00219999999991649,-0.00100428511697459,0.00200000000025399));
#2469=CARTESIAN_POINT('',(-0.00220000000000153,0.000195714882940901,0.00200000000016934));
#2470=CARTESIAN_POINT('',(-0.00219999999991649,0.000195714883025389,0.00170000000025399));
#2471=CARTESIAN_POINT('',(-0.00220000000000153,0.000195714882940901,0.00140000000016932));
#2472=CARTESIAN_POINT('',(-0.00219999999991649,-0.00100428511697459,0.00140000000025398));
#2473=CARTESIAN_POINT('',(-0.00220000000000153,-0.00220428511706011,0.00140000000016932));
#2474=CARTESIAN_POINT('',(-0.00219999999991649,-0.00220428511697562,0.000900000000253985));
#2475=CARTESIAN_POINT('',(-0.00139900000016946,-0.000955285117227589,0.00208));
#2476=CARTESIAN_POINT('',(-0.00149999999991546,-0.000954285116974596,0.00208000000025399));
#2477=CARTESIAN_POINT('',(0.000599999999831513,0.000796714882773442,0.001599));
#2478=CARTESIAN_POINT('',(0.000600000000085532,-0.000954285116974596,0.00190500000025399));
#2479=CARTESIAN_POINT('',(-0.00139900000016946,0.000796712134955413,0.00159992591840921));
#2480=CARTESIAN_POINT('',(-0.00149999999991546,-0.000954285116974596,0.00173000000025399));
#2481=CARTESIAN_POINT('',(-0.00139900000016946,0.000796712134955413,0.00159992591840921));
#2482=CARTESIAN_POINT('',(-0.000499999999915457,-0.000954285116974596,0.00173000000025399));
#2483=CARTESIAN_POINT('',(-0.00300100000016857,-0.00220428511722859,-5.1000000000014E-5));
#2484=CARTESIAN_POINT('',(-0.00254999999991545,-0.00220428511697562,0.00170000000025398));
#2485=CARTESIAN_POINT('',(-0.0025500000000005,-0.00220428511706011,0.00200000000016932));
#2486=CARTESIAN_POINT('',(-0.0025500000000005,-0.00220428511706011,0.00140000000016932));
#2487=CARTESIAN_POINT('',(-0.00237499999991553,-0.00220428511697562,0.00200000000025399));
#2488=CARTESIAN_POINT('',(0.0023750000000845,-0.00220428511697562,0.00200000000025399));
#2489=CARTESIAN_POINT('',(0.00254999999999949,-0.00220428511705961,0.00200000000016932));
#2490=CARTESIAN_POINT('',(0.00255000000008454,-0.00220428511697362,0.00170000000025398));
#2491=CARTESIAN_POINT('',(0.00254999999999949,-0.00220428511705711,0.00140000000016932));
#2492=CARTESIAN_POINT('',(0.0023750000000845,-0.00220428511697362,0.00140000000025398));
#2493=CARTESIAN_POINT('',(-0.00237499999991553,-0.00220428511697562,0.00140000000025398));
#2494=CARTESIAN_POINT('',(-0.00284999999991553,-0.00220428511697562,0.00120000000025398));
#2495=CARTESIAN_POINT('',(-0.00269999999999959,-0.00220428511706011,0.00120000000016932));
#2496=CARTESIAN_POINT('',(-0.00300000000000056,-0.00220428511706011,0.00120000000016932));
#2497=CARTESIAN_POINT('',(-0.00269999999991455,-0.00220428511697562,0.000574999999999985));
#2498=CARTESIAN_POINT('',(-0.00269999999999959,-0.00220428511706011,-5.00000001693495E-5));
#2499=CARTESIAN_POINT('',(-0.00259999999991445,-0.00220428511697562,-5.0000000254016E-5));
#2500=CARTESIAN_POINT('',(-0.0025000000000005,-0.00220428511706011,-5.00000001693495E-5));
#2501=CARTESIAN_POINT('',(-0.00249999999991546,-0.00220428511697562,-2.5000000254016E-5));
#2502=CARTESIAN_POINT('',(-0.0025000000000005,-0.00220428511705961,-1.69349506206479E-13));
#2503=CARTESIAN_POINT('',(8.44879721739744E-14,-0.00220428511697362,-2.54015992268153E-13));
#2504=CARTESIAN_POINT('',(0.0025000000000005,-0.00220428511705711,-1.69349506206479E-13));
#2505=CARTESIAN_POINT('',(0.00250000000008554,-0.00220428511697263,-2.5000000254016E-5));
#2506=CARTESIAN_POINT('',(0.0025000000000005,-0.00220428511705711,-5.00000001693495E-5));
#2507=CARTESIAN_POINT('',(0.00260000000008453,-0.00220428511697263,-5.0000000254016E-5));
#2508=CARTESIAN_POINT('',(0.00269999999999948,-0.00220428511705711,-5.00000001693495E-5));
#2509=CARTESIAN_POINT('',(0.00270000000008452,-0.00220428511697263,0.000574999999999985));
#2510=CARTESIAN_POINT('',(0.00269999999999948,-0.00220428511705711,0.00120000000016932));
#2511=CARTESIAN_POINT('',(0.00285000000008551,-0.00220428511697263,0.00120000000025398));
#2512=CARTESIAN_POINT('',(0.00300000000000045,-0.00220428511705711,0.00120000000016932));
#2513=CARTESIAN_POINT('',(0.00300000000008549,-0.00220428511697362,0.00205000000025399));
#2514=CARTESIAN_POINT('',(0.00300000000000045,-0.00220428511705961,0.00290000000016933));
#2515=CARTESIAN_POINT('',(8.44879721739744E-14,-0.00220428511697562,0.00290000000025399));
#2516=CARTESIAN_POINT('',(-0.00300000000000056,-0.00220428511706011,0.00290000000016933));
#2517=CARTESIAN_POINT('',(-0.00299999999991552,-0.00220428511697562,0.00205000000025399));
#2518=CARTESIAN_POINT('',(-0.00139900000016946,-0.000954285117228559,0.001729));
#2519=CARTESIAN_POINT('',(-0.00219900000016849,0.000195714882771425,0.001399));
#2520=CARTESIAN_POINT('',(0.0023750000000845,0.000195714883025389,0.00140000000025399));
#2521=CARTESIAN_POINT('',(0.00254999999999949,0.000195714882940901,0.00140000000016932));
#2522=CARTESIAN_POINT('',(0.00255000000008454,0.000195714883025389,0.00170000000025399));
#2523=CARTESIAN_POINT('',(0.00254999999999949,0.000195714882940901,0.00200000000016934));
#2524=CARTESIAN_POINT('',(0.0023750000000845,0.000195714883025389,0.002000000000254));
#2525=CARTESIAN_POINT('',(-0.00219900000016849,0.000196714882772397,0.0014));
#2526=CARTESIAN_POINT('',(0.00255000000008454,-0.00100428511697259,0.00140000000025398));
#2527=CARTESIAN_POINT('',(-0.0025510000001705,0.000196714882772397,0.002));
#2528=CARTESIAN_POINT('',(0.00255000000008454,-0.00100428511697459,0.00200000000025399));
#2529=CARTESIAN_POINT('',(-0.00139900000016946,-0.000954285117228559,0.001729));
#2530=CARTESIAN_POINT('',(-0.00139900000016946,-0.000954285117228559,0.001729));
#2531=CARTESIAN_POINT('',(-0.00219900000016849,0.000195714882771425,0.001399));
#2532=CARTESIAN_POINT('',(-0.00237499999991553,0.000195714883025389,0.002000000000254));
#2533=CARTESIAN_POINT('',(-0.0025500000000005,0.000195714882940901,0.00200000000016934));
#2534=CARTESIAN_POINT('',(-0.00254999999991545,0.000195714883025389,0.00170000000025399));
#2535=CARTESIAN_POINT('',(-0.0025500000000005,0.000195714882940901,0.00140000000016933));
#2536=CARTESIAN_POINT('',(-0.00237499999991553,0.000195714883025389,0.00140000000025399));
#2537=CARTESIAN_POINT('',(-0.00219900000016849,0.000196714882772397,0.0014));
#2538=CARTESIAN_POINT('',(-0.00254999999991545,-0.00100428511697459,0.00140000000025398));
#2539=CARTESIAN_POINT('',(-0.0025510000001705,0.000196714882772397,0.002));
#2540=CARTESIAN_POINT('',(-0.00254999999991545,-0.00100428511697459,0.00200000000025399));
#2541=CARTESIAN_POINT('',(-0.00249900000017056,-0.000703285117228558,-5.00000000000079E-5));
#2542=CARTESIAN_POINT('',(0.00250000000008554,-0.0014542851169726,-5.0000000254012E-5));
#2543=CARTESIAN_POINT('',(0.0025000000000005,-0.000704285117058112,-5.00000001693415E-5));
#2544=CARTESIAN_POINT('',(0.00260000000008453,-0.000704285116973624,-5.00000002540079E-5));
#2545=CARTESIAN_POINT('',(0.00269999999999948,-0.000704285117058112,-5.00000001693415E-5));
#2546=CARTESIAN_POINT('',(0.00270000000008452,-0.0014542851169726,-5.0000000254012E-5));
#2547=CARTESIAN_POINT('',(-0.00255000000016948,0.000196714882772397,0.001399));
#2548=CARTESIAN_POINT('',(-0.00250000000016948,0.000556039748178416,0.001399));
#2549=CARTESIAN_POINT('',(-0.00249999999991546,-0.0014542851169736,-2.54011980720115E-13));
#2550=CARTESIAN_POINT('',(-0.0025000000000005,-0.000704285117058112,-1.69341483110402E-13));
#2551=CARTESIAN_POINT('',(-0.00249999999991546,-0.0014542851169736,-5.0000000254012E-5));
#2552=CARTESIAN_POINT('',(-0.0025000000000005,-0.000704285117058112,-5.00000001693415E-5));
#2553=CARTESIAN_POINT('',(-0.00249999999991546,-0.000704285116973624,-2.5000000254008E-5));
#2554=CARTESIAN_POINT('',(-0.00300000000016954,0.00204671488277342,0.002901));
#2555=CARTESIAN_POINT('',(-0.00299999999991552,0.00177071488302538,0.001400000000254));
#2556=CARTESIAN_POINT('',(-0.00300000000000056,0.00149571488294092,0.00140000000016934));
#2557=CARTESIAN_POINT('',(-0.00300000000000056,0.00204571488294192,0.00140000000016934));
#2558=CARTESIAN_POINT('',(-0.00299999999991552,0.00204571488302641,0.0007));
#2559=CARTESIAN_POINT('',(-0.00300000000000056,0.00204571488294192,-1.69333460014326E-13));
#2560=CARTESIAN_POINT('',(-0.00299999999991552,0.000670714883026391,-2.54004987616102E-13));
#2561=CARTESIAN_POINT('',(-0.00300000000000056,-0.000704285117058112,-1.6934197100138E-13));
#2562=CARTESIAN_POINT('',(-0.00299999999991552,-0.000704285116973624,0.000274999999999991));
#2563=CARTESIAN_POINT('',(-0.00300000000000056,-0.000704285117058112,0.000550000000169325));
#2564=CARTESIAN_POINT('',(-0.00299999999991552,-0.00120428511697462,0.00055000000025399));
#2565=CARTESIAN_POINT('',(-0.00300000000000056,-0.00170428511705911,0.000550000000169321));
#2566=CARTESIAN_POINT('',(-0.00299999999991552,-0.00170428511697462,0.000875000000253985));
#2567=CARTESIAN_POINT('',(-0.00300000000000056,-0.00170428511705911,0.00120000000016932));
#2568=CARTESIAN_POINT('',(-0.00299999999991552,-0.00195428511697459,0.00120000000025399));
#2569=CARTESIAN_POINT('',(-0.00299999999991552,-0.000823622684271608,0.00290000000025399));
#2570=CARTESIAN_POINT('',(-0.00300000000016954,0.000557039748177446,0.0029));
#2571=CARTESIAN_POINT('',(-0.00299999999991552,0.000701377315728391,0.002650000000254));
#2572=CARTESIAN_POINT('',(-0.00300000000000056,0.000845714882956372,0.00240000000022718));
#2573=CARTESIAN_POINT('',(-0.00299999999991552,0.00117071488302539,0.002400000000254));
#2574=CARTESIAN_POINT('',(-0.00300000000000056,0.00149571488294092,0.00240000000016934));
#2575=CARTESIAN_POINT('',(-0.00299999999991552,0.00149571488302541,0.00190000000025399));
#2576=CARTESIAN_POINT('',(-0.00300100000016857,0.00204671488277342,0.));
#2577=CARTESIAN_POINT('',(0.00150000000008354,0.00194571488302636,-2.54000000286108E-13));
#2578=CARTESIAN_POINT('',(0.00230000000008445,0.00204571488302641,-2.54000000286108E-13));
#2579=CARTESIAN_POINT('',(0.00300000000000045,0.00204571488294192,-1.69333460014326E-13));
#2580=CARTESIAN_POINT('',(0.00300000000008549,0.000670714883026391,-2.54004987616102E-13));
#2581=CARTESIAN_POINT('',(0.00300000000000045,-0.000704285117058112,-1.6934197100138E-13));
#2582=CARTESIAN_POINT('',(0.00285000000008551,-0.000704285116973624,-2.54007969172076E-13));
#2583=CARTESIAN_POINT('',(0.00269999999995752,-0.000704285116973624,-1.27007996134076E-13));
#2584=CARTESIAN_POINT('',(0.00260000000008453,-0.000704285116973624,-2.54007969172076E-13));
#2585=CARTESIAN_POINT('',(0.0025000000000005,-0.000704285117058112,-1.69341483110402E-13));
#2586=CARTESIAN_POINT('',(0.00250000000008554,-0.0014542851169726,-2.54011980720115E-13));
#2587=CARTESIAN_POINT('',(-0.00259999999991445,-0.000704285116973624,-2.54007969172076E-13));
#2588=CARTESIAN_POINT('',(-0.00270000000004156,-0.000704285116973624,-1.27007996134076E-13));
#2589=CARTESIAN_POINT('',(-0.00284999999991553,-0.000704285116973624,-2.54007969172076E-13));
#2590=CARTESIAN_POINT('',(-0.00229999999991648,0.00204571488302641,-2.54000000286108E-13));
#2591=CARTESIAN_POINT('',(-0.00160000000000149,0.00204571488294192,-1.69333460014326E-13));
#2592=CARTESIAN_POINT('',(-0.00159999999991645,0.00199571488302641,-2.54000000286108E-13));
#2593=CARTESIAN_POINT('',(-0.00160000000000149,0.00194571488294188,-1.69333460014326E-13));
#2594=CARTESIAN_POINT('',(-0.00149999999991546,0.00194571488302636,-2.54000000286108E-13));
#2595=CARTESIAN_POINT('',(-0.00139999999999951,0.00194571488294188,-1.69333460014326E-13));
#2596=CARTESIAN_POINT('',(-0.00139999999991447,0.00199571488302641,-2.54000000286108E-13));
#2597=CARTESIAN_POINT('',(-0.00139999999999951,0.00204571488294192,-1.69333460014326E-13));
#2598=CARTESIAN_POINT('',(-0.000999999999914514,0.00204571488302641,-2.54000000286108E-13));
#2599=CARTESIAN_POINT('',(-0.000600000000000489,0.00204571488294192,-1.69333460014326E-13));
#2600=CARTESIAN_POINT('',(-0.000599999999915446,0.00199571488302641,-2.54000000286108E-13));
#2601=CARTESIAN_POINT('',(-0.000600000000000489,0.00194571488294188,-1.69333460014326E-13));
#2602=CARTESIAN_POINT('',(-0.000499999999915457,0.00194571488302636,-2.54000000286108E-13));
#2603=CARTESIAN_POINT('',(-0.000400000000001511,0.00194571488294188,-1.69333460014326E-13));
#2604=CARTESIAN_POINT('',(-0.000399999999916467,0.00199571488302641,-2.54000000286108E-13));
#2605=CARTESIAN_POINT('',(-0.000400000000001511,0.00204571488294192,-1.69333460014326E-13));
#2606=CARTESIAN_POINT('',(8.34887714518118E-14,0.00204571488302641,-2.54000000286108E-13));
#2607=CARTESIAN_POINT('',(0.000500000000084544,0.00194571488302636,-2.54000000286108E-13));
#2608=CARTESIAN_POINT('',(0.00100000000008449,0.00204571488302641,-2.54000000286108E-13));
#2609=CARTESIAN_POINT('',(-0.00269900000016954,-0.00170328511722656,0.00119999999999999));
#2610=CARTESIAN_POINT('',(-0.00269999999991455,-0.00195428511697459,0.00120000000025399));
#2611=CARTESIAN_POINT('',(-0.00269999999999959,-0.00170428511705911,0.00120000000016932));
#2612=CARTESIAN_POINT('',(-0.00284999999991553,-0.00170428511697462,0.00120000000025398));
#2613=CARTESIAN_POINT('',(0.00269999999983051,-0.000703285117228558,-5.1000000000007E-5));
#2614=CARTESIAN_POINT('',(0.00270000000008452,-0.00170428511697462,0.000875000000253988));
#2615=CARTESIAN_POINT('',(0.00269999999999948,-0.00170428511705911,0.000550000000169321));
#2616=CARTESIAN_POINT('',(0.00269999999999948,-0.00170428511705911,0.00120000000016932));
#2617=CARTESIAN_POINT('',(0.00270000000008452,-0.0019542851169736,0.00120000000025399));
#2618=CARTESIAN_POINT('',(0.00270000000008452,-0.000704285116973624,-2.5000000254008E-5));
#2619=CARTESIAN_POINT('',(0.00270000000008452,-0.000704285116973624,0.000274999999999991));
#2620=CARTESIAN_POINT('',(0.00269999999999948,-0.000704285117058112,0.000550000000169325));
#2621=CARTESIAN_POINT('',(0.00270000000008452,-0.00120428511697462,0.000550000000253989));
#2622=CARTESIAN_POINT('',(-0.00270000000016857,-0.00220528511722756,-5.1000000000014E-5));
#2623=CARTESIAN_POINT('',(-0.00269999999991455,-0.00120428511697462,0.000550000000253989));
#2624=CARTESIAN_POINT('',(-0.00269999999999959,-0.000704285117058112,0.000550000000169325));
#2625=CARTESIAN_POINT('',(-0.00269999999999959,-0.00170428511705911,0.000550000000169321));
#2626=CARTESIAN_POINT('',(-0.00269999999991455,-0.000704285116973624,0.000274999999999993));
#2627=CARTESIAN_POINT('',(-0.00269999999991455,-0.000704285116973624,-2.5000000254008E-5));
#2628=CARTESIAN_POINT('',(-0.00269999999999959,-0.000704285117058112,-5.00000001693415E-5));
#2629=CARTESIAN_POINT('',(-0.00269999999991455,-0.0014542851169736,-5.0000000254012E-5));
#2630=CARTESIAN_POINT('',(-0.00269999999991455,-0.00170428511697462,0.000875000000253988));
#2631=CARTESIAN_POINT('',(0.0030009999998305,0.00204671488277342,0.0029));
#2632=CARTESIAN_POINT('',(-0.00274999999991554,0.000557039748431409,0.00290000000025399));
#2633=CARTESIAN_POINT('',(-0.00250000000016948,0.000557039748177446,0.0029));
#2634=CARTESIAN_POINT('',(0.00300000000008549,-0.000823622684271608,0.00290000000025399));
#2635=CARTESIAN_POINT('',(0.00300000000000045,0.000557039748362409,0.00290000000022714));
#2636=CARTESIAN_POINT('',(0.00275000000008552,0.000557039748431409,0.00290000000025399));
#2637=CARTESIAN_POINT('',(0.0025000000000005,0.000557039748362409,0.00290000000022714));
#2638=CARTESIAN_POINT('',(0.00250000000008454,0.00130137731572838,0.00290000000025399));
#2639=CARTESIAN_POINT('',(0.00249999999983153,0.00204571488277245,0.0029));
#2640=CARTESIAN_POINT('',(8.44879721739744E-14,0.00204571488302641,0.00290000000025399));
#2641=CARTESIAN_POINT('',(-0.00250000000016948,0.00204571488277245,0.0029));
#2642=CARTESIAN_POINT('',(-0.00249999999991546,0.00130137731572838,0.00290000000025399));
#2643=CARTESIAN_POINT('',(0.00249999999983153,0.00204671488277342,0.001399));
#2644=CARTESIAN_POINT('',(0.00250000000008554,-0.000704285116973624,-2.5000000254008E-5));
#2645=CARTESIAN_POINT('',(0.00299999999983147,-0.00220528511722756,-1.00000000001596E-6));
#2646=CARTESIAN_POINT('',(0.00300000000008549,0.00117071488302539,0.002400000000254));
#2647=CARTESIAN_POINT('',(0.00300000000000045,0.000845714882956372,0.00240000000022718));
#2648=CARTESIAN_POINT('',(0.00300000000000045,0.00149571488294092,0.00240000000016934));
#2649=CARTESIAN_POINT('',(0.00300000000008549,0.000701377315728391,0.002650000000254));
#2650=CARTESIAN_POINT('',(0.00300000000008549,-0.0019542851169736,0.00120000000025399));
#2651=CARTESIAN_POINT('',(0.00300000000000045,-0.00170428511705911,0.00120000000016932));
#2652=CARTESIAN_POINT('',(0.00300000000008549,-0.00170428511697462,0.000875000000253985));
#2653=CARTESIAN_POINT('',(0.00300000000000045,-0.00170428511705911,0.000550000000169321));
#2654=CARTESIAN_POINT('',(0.00300000000008549,-0.00120428511697462,0.00055000000025399));
#2655=CARTESIAN_POINT('',(0.00300000000000045,-0.000704285117058112,0.000550000000169325));
#2656=CARTESIAN_POINT('',(0.00300000000008549,-0.000704285116973624,0.000274999999999991));
#2657=CARTESIAN_POINT('',(0.00300000000008549,0.00204571488302641,0.0007));
#2658=CARTESIAN_POINT('',(0.00300000000000045,0.00204571488294192,0.00140000000016934));
#2659=CARTESIAN_POINT('',(0.00300000000008549,0.00177071488302538,0.001400000000254));
#2660=CARTESIAN_POINT('',(0.00300000000000045,0.00149571488294092,0.00140000000016934));
#2661=CARTESIAN_POINT('',(0.00300000000008549,0.00149571488302541,0.00190000000025399));
#2662=CARTESIAN_POINT('',(0.00254999999983052,0.000196714882772397,0.001399));
#2663=CARTESIAN_POINT('',(-0.00269900000016954,-0.00170328511722656,0.00119999999999999));
#2664=CARTESIAN_POINT('',(0.00285000000008551,-0.00170428511697462,0.00120000000025398));
#2665=CARTESIAN_POINT('',(-0.00249900000017056,-0.000703285117228558,-5.00000000000079E-5));
#2666=CARTESIAN_POINT('',(-0.00259999999991445,-0.000704285116973624,-5.00000002540079E-5));
#2667=CARTESIAN_POINT('',(-0.00269900000016954,-0.000704285117226589,-1.00000000000897E-6));
#2668=CARTESIAN_POINT('',(-0.00269900000016954,-0.000704285117226589,-1.00000000000897E-6));
#2669=CARTESIAN_POINT('',(-0.00249900000017056,0.00149571488277145,0.002401));
#2670=CARTESIAN_POINT('',(-0.00274999999991554,0.00149571488302541,0.002400000000254));
#2671=CARTESIAN_POINT('',(-0.0025000000000005,0.00149571488294092,0.00240000000016934));
#2672=CARTESIAN_POINT('',(-0.00249999999991546,0.00149571488302541,0.00190000000025399));
#2673=CARTESIAN_POINT('',(-0.0025000000000005,0.00149571488294092,0.00140000000016934));
#2674=CARTESIAN_POINT('',(-0.00274999999991554,0.00149571488302541,0.001400000000254));
#2675=CARTESIAN_POINT('',(-0.00249900000017056,0.00149671488277342,0.0024));
#2676=CARTESIAN_POINT('',(-0.00274999999991554,0.000845714883025373,0.002400000000254));
#2677=CARTESIAN_POINT('',(-0.0025000000000005,0.000845714882956372,0.00240000000022718));
#2678=CARTESIAN_POINT('',(-0.00249999999991546,0.00117071488302539,0.002400000000254));
#2679=CARTESIAN_POINT('',(-0.00249900000017056,0.000556539748176432,0.00290086602540378));
#2680=CARTESIAN_POINT('',(-0.00249999999991546,0.000701377315728391,0.002650000000254));
#2681=CARTESIAN_POINT('',(-0.00269900000016954,-0.000703285117228558,0.000549999999999992));
#2682=CARTESIAN_POINT('',(-0.00284999999991553,-0.00170428511697462,0.000550000000253987));
#2683=CARTESIAN_POINT('',(-0.00284999999991553,-0.000704285116973624,0.000550000000253991));
#2684=CARTESIAN_POINT('',(-0.00219900000016849,0.000196714882772397,0.0014));
#2685=CARTESIAN_POINT('',(-0.00249999999991546,0.00177071488302538,0.001400000000254));
#2686=CARTESIAN_POINT('',(-0.0025000000000005,0.00204571488294192,0.00140000000016934));
#2687=CARTESIAN_POINT('',(-0.00274999999991554,0.00204571488302641,0.001400000000254));
#2688=CARTESIAN_POINT('',(-0.00269900000016954,-0.00170428511722859,0.000548999999999985));
#2689=CARTESIAN_POINT('',(-0.00269900000016954,-0.000704285117226589,-1.00000000000897E-6));
#2690=CARTESIAN_POINT('',(-0.00269900000016954,-0.000704285117226589,-1.00000000000897E-6));
#2691=CARTESIAN_POINT('',(0.00285000000008551,-0.000704285116973624,0.000550000000253991));
#2692=CARTESIAN_POINT('',(-0.00160000000017047,0.000796714882773442,0.002081));
#2693=CARTESIAN_POINT('',(-0.00159999999991645,0.00234571488302538,-6.0000000254E-5));
#2694=CARTESIAN_POINT('',(-0.00160000000000149,0.0027457148829409,-6.00000001693325E-5));
#2695=CARTESIAN_POINT('',(-0.00160000000000149,0.00194571488294188,-6.0000000169333E-5));
#2696=CARTESIAN_POINT('',(-0.00159999999991645,0.00194571488302636,-3.0000000253999E-5));
#2697=CARTESIAN_POINT('',(-0.00159999999991645,0.00204571488302641,6.9999999746E-5));
#2698=CARTESIAN_POINT('',(-0.00160000000000149,0.00204571488294192,0.000139999999830665));
#2699=CARTESIAN_POINT('',(-0.00159999999991645,0.00239571488302537,0.000139999999746));
#2700=CARTESIAN_POINT('',(-0.00160000000000149,0.0027457148829409,0.000139999999830668));
#2701=CARTESIAN_POINT('',(-0.00159999999991645,0.00274571488302539,3.99999997460011E-5));
#2702=CARTESIAN_POINT('',(-0.000400000000170486,0.000796714882773442,0.001599));
#2703=CARTESIAN_POINT('',(-0.000399999999916467,0.00194571488302636,-3.0000000253999E-5));
#2704=CARTESIAN_POINT('',(-0.000400000000001511,0.00194571488294188,-6.0000000169333E-5));
#2705=CARTESIAN_POINT('',(-0.000399999999916467,0.00234571488302538,-6.0000000254001E-5));
#2706=CARTESIAN_POINT('',(-0.000400000000001511,0.0027457148829409,-6.0000000169333E-5));
#2707=CARTESIAN_POINT('',(-0.000399999999916467,0.00274571488302539,3.99999997460011E-5));
#2708=CARTESIAN_POINT('',(-0.000400000000001511,0.0027457148829409,0.000139999999830668));
#2709=CARTESIAN_POINT('',(-0.000399999999916467,0.00239571488302537,0.000139999999746));
#2710=CARTESIAN_POINT('',(-0.000400000000001511,0.00204571488294192,0.000139999999830665));
#2711=CARTESIAN_POINT('',(-0.000399999999916467,0.00204571488302641,6.9999999746E-5));
#2712=CARTESIAN_POINT('',(-0.00139900000016946,0.0019457148827724,-6.1E-5));
#2713=CARTESIAN_POINT('',(-0.000600000000169465,0.000796714882773442,0.002081));
#2714=CARTESIAN_POINT('',(-0.000599999999915446,0.00234571488302538,-6.0000000254E-5));
#2715=CARTESIAN_POINT('',(-0.000600000000000489,0.0027457148829409,-6.00000001693325E-5));
#2716=CARTESIAN_POINT('',(-0.000600000000000489,0.00194571488294188,-6.0000000169333E-5));
#2717=CARTESIAN_POINT('',(-0.000599999999915446,0.00194571488302636,-3.0000000253999E-5));
#2718=CARTESIAN_POINT('',(-0.000599999999915446,0.00204571488302641,6.9999999746E-5));
#2719=CARTESIAN_POINT('',(-0.000600000000000489,0.00204571488294192,0.000139999999830665));
#2720=CARTESIAN_POINT('',(-0.000599999999915446,0.00239571488302537,0.000139999999746));
#2721=CARTESIAN_POINT('',(-0.000600000000000489,0.0027457148829409,0.000139999999830668));
#2722=CARTESIAN_POINT('',(-0.000599999999915446,0.00274571488302539,3.99999997460011E-5));
#2723=CARTESIAN_POINT('',(-0.00139900000016946,0.0019457148827724,-6.1E-5));
#2724=CARTESIAN_POINT('',(-0.000499999999915457,0.00194571488302636,-6.0000000253999E-5));
#2725=CARTESIAN_POINT('',(-0.00140000000016849,0.000796714882773442,0.001599));
#2726=CARTESIAN_POINT('',(-0.00139999999991447,0.00194571488302636,-3.0000000253999E-5));
#2727=CARTESIAN_POINT('',(-0.00139999999999951,0.00194571488294188,-6.0000000169333E-5));
#2728=CARTESIAN_POINT('',(-0.00139999999991447,0.00234571488302538,-6.0000000254001E-5));
#2729=CARTESIAN_POINT('',(-0.00139999999999951,0.0027457148829409,-6.0000000169333E-5));
#2730=CARTESIAN_POINT('',(-0.00139999999991447,0.00274571488302539,3.99999997460011E-5));
#2731=CARTESIAN_POINT('',(-0.00139999999999951,0.0027457148829409,0.000139999999830668));
#2732=CARTESIAN_POINT('',(-0.00139999999991447,0.00239571488302537,0.000139999999746));
#2733=CARTESIAN_POINT('',(-0.00139999999999951,0.00204571488294192,0.000139999999830665));
#2734=CARTESIAN_POINT('',(-0.00139999999991447,0.00204571488302641,6.9999999746E-5));
#2735=CARTESIAN_POINT('',(-0.00139900000016946,0.0019457148827724,-6.1E-5));
#2736=CARTESIAN_POINT('',(-0.00149999999991546,0.00194571488302636,-6.0000000253999E-5));
#2737=CARTESIAN_POINT('',(-0.00139900000016946,0.0019457148827724,-6.1E-5));
#2738=CARTESIAN_POINT('',(-0.00269900000016954,-0.00170428511722859,0.000548999999999985));
#2739=CARTESIAN_POINT('',(0.00285000000008551,-0.00170428511697462,0.000550000000253987));
#2740=CARTESIAN_POINT('',(-0.00269900000016954,-0.000703285117228558,0.000549999999999992));
#2741=CARTESIAN_POINT('',(0.00249999999983153,0.00204671488277342,0.001399));
#2742=CARTESIAN_POINT('',(0.00250000000008554,0.00117071488302539,0.002400000000254));
#2743=CARTESIAN_POINT('',(0.0025000000000005,0.000845714882956372,0.00240000000022718));
#2744=CARTESIAN_POINT('',(0.0025000000000005,0.00149571488294092,0.00240000000016934));
#2745=CARTESIAN_POINT('',(0.00250000000008554,0.00149571488302541,0.00190000000025399));
#2746=CARTESIAN_POINT('',(0.0025000000000005,0.00149571488294092,0.00140000000016934));
#2747=CARTESIAN_POINT('',(0.00250000000008554,0.00177071488302538,0.001400000000254));
#2748=CARTESIAN_POINT('',(0.0025000000000005,0.00204571488294192,0.00140000000016934));
#2749=CARTESIAN_POINT('',(0.00250000000008554,0.00204571488302641,0.002150000000254));
#2750=CARTESIAN_POINT('',(0.00250000000008554,0.000701377315728391,0.002650000000254));
#2751=CARTESIAN_POINT('',(-0.00250000000016948,0.000556039748178416,0.001399));
#2752=CARTESIAN_POINT('',(-0.00249999999991546,0.00204571488302641,0.002150000000254));
#2753=CARTESIAN_POINT('',(-0.00249900000017056,0.000556539748176432,0.00290086602540378));
#2754=CARTESIAN_POINT('',(0.00275000000008552,0.000845714883025373,0.002400000000254));
#2755=CARTESIAN_POINT('',(-0.00219900000016849,0.000196714882772397,0.0014));
#2756=CARTESIAN_POINT('',(0.00275000000008552,0.00204571488302641,0.001400000000254));
#2757=CARTESIAN_POINT('',(0.00275000000008552,0.00149571488302541,0.001400000000254));
#2758=CARTESIAN_POINT('',(-0.00249900000017056,0.00149571488277145,0.002401));
#2759=CARTESIAN_POINT('',(0.00275000000008552,0.00149571488302541,0.002400000000254));
#2760=CARTESIAN_POINT('',(-0.00249900000017056,0.00149671488277342,0.0024));
#2761=CARTESIAN_POINT('',(-0.00139900000016946,0.00274671488277345,-5.9999999999996E-5));
#2762=CARTESIAN_POINT('',(-0.00149999999991546,0.00274571488302539,-6.0000000253999E-5));
#2763=CARTESIAN_POINT('',(-0.00139900000016946,0.00274671488277345,-5.9999999999996E-5));
#2764=CARTESIAN_POINT('',(-0.000499999999915457,0.00274571488302539,-6.0000000253999E-5));
#2765=CARTESIAN_POINT('',(0.0030009999998305,0.00204571488277245,-9.99999999997964E-7));
#2766=CARTESIAN_POINT('',(-0.00149999999991546,0.00204571488302641,0.000139999999745998));
#2767=CARTESIAN_POINT('',(0.00150000000008354,0.00204571488302641,0.000139999999745998));
#2768=CARTESIAN_POINT('',(0.000500000000084544,0.00204571488302641,0.000139999999745998));
#2769=CARTESIAN_POINT('',(-0.000499999999915457,0.00204571488302641,0.000139999999745998));
#2770=CARTESIAN_POINT('',(-0.00139900000016946,0.00274571488277142,0.000141000000000002));
#2771=CARTESIAN_POINT('',(0.000500000000084544,0.00274571488302539,0.000139999999746002));
#2772=CARTESIAN_POINT('',(-0.00139900000016946,0.00204471488277342,0.000139999999999998));
#2773=CARTESIAN_POINT('',(-0.00139900000016946,0.00274571488277142,0.000141000000000002));
#2774=CARTESIAN_POINT('',(-0.00149999999991546,0.00274571488302539,0.000139999999746002));
#2775=CARTESIAN_POINT('',(-0.00139900000016946,0.00204471488277342,0.000139999999999998));
#2776=CARTESIAN_POINT('',(-0.00139900000016946,0.00274571488277142,0.000141000000000002));
#2777=CARTESIAN_POINT('',(0.00150000000008354,0.00274571488302539,0.000139999999746002));
#2778=CARTESIAN_POINT('',(-0.00139900000016946,0.00204471488277342,0.000139999999999998));
#2779=CARTESIAN_POINT('',(-0.00139900000016946,0.00204471488277342,0.000139999999999998));
#2780=CARTESIAN_POINT('',(-0.000499999999915457,0.00274571488302539,0.000139999999746002));
#2781=CARTESIAN_POINT('',(-0.00139900000016946,0.00274571488277142,0.000141000000000002));
#2782=MECHANICAL_DESIGN_GEOMETRIC_PRESENTATION_REPRESENTATION('',(#1761),
#2783);
#2783=(
GEOMETRIC_REPRESENTATION_CONTEXT(3)
GLOBAL_UNCERTAINTY_ASSIGNED_CONTEXT((#2784))
GLOBAL_UNIT_ASSIGNED_CONTEXT((#2787,#2786,#2785))
REPRESENTATION_CONTEXT('Part 47','TOP_LEVEL_ASSEMBLY_PART')
);
#2784=UNCERTAINTY_MEASURE_WITH_UNIT(LENGTH_MEASURE(1.E-6),#2787,
'DISTANCE_ACCURACY_VALUE','Maximum Tolerance applied to model');
#2785=(
NAMED_UNIT(*)
SI_UNIT($,.STERADIAN.)
SOLID_ANGLE_UNIT()
);
#2786=(
NAMED_UNIT(*)
PLANE_ANGLE_UNIT()
SI_UNIT($,.RADIAN.)
);
#2787=(
LENGTH_UNIT()
NAMED_UNIT(*)
SI_UNIT($,.METRE.)
);
#2788=PRODUCT_DEFINITION_SHAPE('','',#2789);
#2789=PRODUCT_DEFINITION('','',#2791,#2790);
#2790=PRODUCT_DEFINITION_CONTEXT('',#2797,'design');
#2791=PRODUCT_DEFINITION_FORMATION_WITH_SPECIFIED_SOURCE('','',#2793,
 .NOT_KNOWN.);
#2792=PRODUCT_RELATED_PRODUCT_CATEGORY('','',(#2793));
#2793=PRODUCT('Part 47','Part 47','Part 47',(#2795));
#2794=PRODUCT_CATEGORY('','');
#2795=PRODUCT_CONTEXT('',#2797,'mechanical');
#2796=APPLICATION_PROTOCOL_DEFINITION('international standard',
'ap242_managed_model_based_3d_engineering',2020,#2797);
#2797=APPLICATION_CONTEXT('managed model based 3d engineering');
ENDSEC;
END-ISO-10303-21;
